Mono path[0] = 'C:/Dev/nebula-virtualworld/Builds/Win64/Nebula_Data/Managed'
Mono config path = 'C:/Dev/nebula-virtualworld/Builds/Win64/MonoBleedingEdge/etc'
CodeReloadManager initialized
Found 1 interfaces on host : 0) 192.168.4.54
Player connection [44364]  Target information:

Player connection [44364]  * "[IP] 192.168.4.54 [Port] 55008 [Flags] 2 [Guid] 1352902106 [EditorId] 1773059659 [Version] 1048832 [Id] WindowsPlayer(2,Atlas) [Debug] 0 [PackageName] WindowsPlayer [ProjectName] nebula-virtualworld" 

Player connection [44364] Started UDP target info broadcast (1) on [225.0.0.222:54997].

Input System module state changed to: Initialized.
[Physics::Module] Initialized fallback backend.
[Physics::Module] Id: 0xdecafbad
Initialize engine version: 6000.6.0f1 (f7f8ed4d1e24)
[EntityIdStore] init: VM path (explicit commit), pageSize=4096, blockCount=1048576, entitiesPerBlock=256, slots reserved=4294967296 bytes
[Subsystems] Discovering subsystems at path C:/Dev/nebula-virtualworld/Builds/Win64/Nebula_Data/UnitySubsystems
Forcing GfxDevice: Null
GfxDevice: creating device client; kGfxThreadingModeNonThreaded
NullGfxDevice:
    Version:  NULL 1.0 [1.0]
    Renderer: Null Device
    Vendor:   Unity Technologies
Begin MonoManager ReloadAssembly
- Finished resetting the current domain, in  0.007 seconds
[Physics::Module] Selected backend.
[Physics::Module] Name: PhysX
[Physics::Module] Id: 0xf2b8ea05
[Physics::Module] SDK Version: 4.1.2
[Physics::Module] Integration Version: 1.0.0
[Physics::Module] Threading Mode: Multi-Threaded
Microsoft Media Foundation video decoding to texture disabled: graphics device is Null, only Direct3D 11 and Direct3D 12 (only on desktop) are supported for hardware-accelerated video decoding.
UnloadTime: 0.479400 ms
[nebula] boot roles=Worker scene=World tickRate=60
[nebula] containers: 0 (runtime world)
[nebula] control plane: mirroring http://127.0.0.1:7180/api/control-plane
[nebula] persistence: remote store at http://127.0.0.1:7180/api/store
[nebula] interest: radius 48 m (+16 exit), grid(64x64x64 @ 0,0,0, planar), eval 4 Hz
[nebula] persistence: remote store, checkpoint every 5s
[nebula] worker w1 (index 1) listening on udp/7301; telemetry to http://127.0.0.1:7180/api/telemetry
[nebula] chunked world: cell (64.00, 512.00, 64.00) (planar), near 2 cell(s), allocator ring 3, retire after 30s
[nebula] w1: per-gateway filtering costs 2.41 ms per tick (over PartitionWarnFilterMs=2). Interest management bounds who hears about entities, not who simulates them: partition this container.
[nebula] profile 1 ticks/5s 1 frames avg 22.4ms max 22.4ms dup 0 skip 0 gc 17 auth 0 ghosts 0 | poll=0.22 ghosts=0.65 physics.sync=0.13 simulate=0.00 poses=0.00 containers=0.10 band=4.89 publish=1.46 gap=0.00 interest=3.67
[nebula] control plane: connected to http://127.0.0.1:7180 (version 9)
[nebula] persistence: connected to http://127.0.0.1:7180 (0 record(s) on the orchestrator)
[nebula] registered with control plane as w1
[nebula] dialing peer w4 at 127.0.0.1:7304
[nebula] dialing peer w2 at 127.0.0.1:7302
[nebula] dialing peer w3 at 127.0.0.1:7303
[nebula] peer worker w3 (index 3) connected
[nebula] gateway gw1 (incarnation 35152336) connected as interest link 0
[nebula] peer worker w2 (index 2) connected
[nebula] peer worker w4 (index 4) connected
[nebula] spawned player Player bot3 (3825002173356310530)#281474976710657(e1,rt_4398046511105,auth) for client 3825002173356310530 in rt_4398046511105
[nebula] spawned player Player bot4 (3825002173356310532)#281474976710658(e1,rt_0,auth) for client 3825002173356310532 in rt_0
[nebula] 0 entity object(s) were destroyed without a despawn; forgetting them
[nebula] 0 entity object(s) were destroyed without a despawn; forgetting them
[nebula] 0 entity object(s) were destroyed without a despawn; forgetting them
[nebula] spawned Prop(Clone)#281474976710659(e1,rt_4398046511105,auth)
[nebula] 0 entity object(s) were destroyed without a despawn; forgetting them
[nebula] 0 entity object(s) were destroyed without a despawn; forgetting them
[nebula] 0 entity object(s) were destroyed without a despawn; forgetting them
[nebula] 0 entity object(s) were destroyed without a despawn; forgetting them
[nebula] 0 entity object(s) were destroyed without a despawn; forgetting them
[nebula] 0 entity object(s) were destroyed without a despawn; forgetting them
[nebula] 0 entity object(s) were destroyed without a despawn; forgetting them
[nebula] 0 entity object(s) were destroyed without a despawn; forgetting them
[nebula] 0 entity object(s) were destroyed without a despawn; forgetting them
[nebula] 0 entity object(s) were destroyed without a despawn; forgetting them
[nebula] 0 entity object(s) were destroyed without a despawn; forgetting them
[nebula] 0 entity object(s) were destroyed without a despawn; forgetting them
[nebula] 0 entity object(s) were destroyed without a despawn; forgetting them
[nebula] 0 entity object(s) were destroyed without a despawn; forgetting them
[nebula] 0 entity object(s) were destroyed without a despawn; forgetting them
[nebula] 0 entity object(s) were destroyed without a despawn; forgetting them
[nebula] 0 entity object(s) were destroyed without a despawn; forgetting them
[nebula] 0 entity object(s) were destroyed without a despawn; forgetting them
[nebula] 0 entity object(s) were destroyed without a despawn; forgetting them
[nebula] 0 entity object(s) were destroyed without a despawn; forgetting them
[nebula] 0 entity object(s) were destroyed without a despawn; forgetting them
[nebula] 0 entity object(s) were destroyed without a despawn; forgetting them
[nebula] 0 entity object(s) were destroyed without a despawn; forgetting them
[nebula] 0 entity object(s) were destroyed without a despawn; forgetting them
[nebula] 0 entity object(s) were destroyed without a despawn; forgetting them
[nebula] 0 entity object(s) were destroyed without a despawn; forgetting them
[nebula] 0 entity object(s) were destroyed without a despawn; forgetting them
[nebula] 0 entity object(s) were destroyed without a despawn; forgetting them
[nebula] 0 entity object(s) were destroyed without a despawn; forgetting them
[nebula] 0 entity object(s) were destroyed without a despawn; forgetting them
[nebula] 0 entity object(s) were destroyed without a despawn; forgetting them
[nebula] 0 entity object(s) were destroyed without a despawn; forgetting them
[nebula] 0 entity object(s) were destroyed without a despawn; forgetting them
[nebula] 0 entity object(s) were destroyed without a despawn; forgetting them
[nebula] 0 entity object(s) were destroyed without a despawn; forgetting them
[nebula] 0 entity object(s) were destroyed without a despawn; forgetting them
[nebula] 0 entity object(s) were destroyed without a despawn; forgetting them
[nebula] 0 entity object(s) were destroyed without a despawn; forgetting them
[nebula] 0 entity object(s) were destroyed without a despawn; forgetting them
[nebula] 0 entity object(s) were destroyed without a despawn; forgetting them
[nebula] 0 entity object(s) were destroyed without a despawn; forgetting them
[nebula] 0 entity object(s) were destroyed without a despawn; forgetting them
[nebula] 0 entity object(s) were destroyed without a despawn; forgetting them
[nebula] 0 entity object(s) were destroyed without a despawn; forgetting them
[nebula] 0 entity object(s) were destroyed without a despawn; forgetting them
[nebula] 0 entity object(s) were destroyed without a despawn; forgetting them
[nebula] 0 entity object(s) were destroyed without a despawn; forgetting them
[nebula] 0 entity object(s) were destroyed without a despawn; forgetting them
[nebula] 0 entity object(s) were destroyed without a despawn; forgetting them
[nebula] 0 entity object(s) were destroyed without a despawn; forgetting them
[nebula] 0 entity object(s) were destroyed without a despawn; forgetting them
[nebula] 0 entity object(s) were destroyed without a despawn; forgetting them
[nebula] 0 entity object(s) were destroyed without a despawn; forgetting them
[nebula] 0 entity object(s) were destroyed without a despawn; forgetting them
[nebula] 0 entity object(s) were destroyed without a despawn; forgetting them
[nebula] 0 entity object(s) were destroyed without a despawn; forgetting them
[nebula] 0 entity object(s) were destroyed without a despawn; forgetting them
[nebula] 0 entity object(s) were destroyed without a despawn; forgetting them
[nebula] 0 entity object(s) were destroyed without a despawn; forgetting them
[nebula] 0 entity object(s) were destroyed without a despawn; forgetting them
[nebula] 0 entity object(s) were destroyed without a despawn; forgetting them
[nebula] 0 entity object(s) were destroyed without a despawn; forgetting them
[nebula] 0 entity object(s) were destroyed without a despawn; forgetting them
[nebula] 0 entity object(s) were destroyed without a despawn; forgetting them
[nebula] 0 entity object(s) were destroyed without a despawn; forgetting them
[nebula] 0 entity object(s) were destroyed without a despawn; forgetting them
[nebula] 0 entity object(s) were destroyed without a despawn; forgetting them
[nebula] 0 entity object(s) were destroyed without a despawn; forgetting them
[nebula] 0 entity object(s) were destroyed without a despawn; forgetting them
[nebula] 0 entity object(s) were destroyed without a despawn; forgetting them
[nebula] 0 entity object(s) were destroyed without a despawn; forgetting them
[nebula] 0 entity object(s) were destroyed without a despawn; forgetting them
[nebula] 0 entity object(s) were destroyed without a despawn; forgetting them
[nebula] 0 entity object(s) were destroyed without a despawn; forgetting them
[nebula] 0 entity object(s) were destroyed without a despawn; forgetting them
[nebula] 0 entity object(s) were destroyed without a despawn; forgetting them
[nebula] 0 entity object(s) were destroyed without a despawn; forgetting them
[nebula] 0 entity object(s) were destroyed without a despawn; forgetting them
[nebula] 0 entity object(s) were destroyed without a despawn; forgetting them
[nebula] 0 entity object(s) were destroyed without a despawn; forgetting them
[nebula] 0 entity object(s) were destroyed without a despawn; forgetting them
[nebula] 0 entity object(s) were destroyed without a despawn; forgetting them
[nebula] 0 entity object(s) were destroyed without a despawn; forgetting them
[nebula] 0 entity object(s) were destroyed without a despawn; forgetting them
[nebula] 0 entity object(s) were destroyed without a despawn; forgetting them
[nebula] 0 entity object(s) were destroyed without a despawn; forgetting them
[nebula] 0 entity object(s) were destroyed without a despawn; forgetting them
[nebula] 0 entity object(s) were destroyed without a despawn; forgetting them
[nebula] 0 entity object(s) were destroyed without a despawn; forgetting them
[nebula] 0 entity object(s) were destroyed without a despawn; forgetting them
[nebula] 0 entity object(s) were destroyed without a despawn; forgetting them
[nebula] 0 entity object(s) were destroyed without a despawn; forgetting them
[nebula] 0 entity object(s) were destroyed without a despawn; forgetting them
[nebula] 0 entity object(s) were destroyed without a despawn; forgetting them
[nebula] profile 281 ticks/5s 280 frames avg 0.2ms max 7.2ms dup 0 skip 2 gc 21 auth 3 ghosts 0 | poll=0.11(280) ghosts=0.00 physics.sync=0.00 simulate=0.02 poses=0.01 containers=0.03 band=0.01 publish=0.02 gap=16.53 interest=0.01
[nebula] 0 entity object(s) were destroyed without a despawn; forgetting them
[nebula] 0 entity object(s) were destroyed without a despawn; forgetting them
[nebula] 0 entity object(s) were destroyed without a despawn; forgetting them
[nebula] 0 entity object(s) were destroyed without a despawn; forgetting them
[nebula] 0 entity object(s) were destroyed without a despawn; forgetting them
[nebula] 0 entity object(s) were destroyed without a despawn; forgetting them
[nebula] 0 entity object(s) were destroyed without a despawn; forgetting them
[nebula] 0 entity object(s) were destroyed without a despawn; forgetting them
[nebula] 0 entity object(s) were destroyed without a despawn; forgetting them
[nebula] 0 entity object(s) were destroyed without a despawn; forgetting them
[nebula] 0 entity object(s) were destroyed without a despawn; forgetting them
[nebula] 0 entity object(s) were destroyed without a despawn; forgetting them
[nebula] 0 entity object(s) were destroyed without a despawn; forgetting them
[nebula] 0 entity object(s) were destroyed without a despawn; forgetting them
[nebula] 0 entity object(s) were destroyed without a despawn; forgetting them
[nebula] 0 entity object(s) were destroyed without a despawn; forgetting them
[nebula] 0 entity object(s) were destroyed without a despawn; forgetting them
[nebula] 0 entity object(s) were destroyed without a despawn; forgetting them
[nebula] 0 entity object(s) were destroyed without a despawn; forgetting them
[nebula] 0 entity object(s) were destroyed without a despawn; forgetting them
[nebula] 0 entity object(s) were destroyed without a despawn; forgetting them
[nebula] 0 entity object(s) were destroyed without a despawn; forgetting them
[nebula] 0 entity object(s) were destroyed without a despawn; forgetting them
[nebula] 0 entity object(s) were destroyed without a despawn; forgetting them
[nebula] 0 entity object(s) were destroyed without a despawn; forgetting them
[nebula] 0 entity object(s) were destroyed without a despawn; forgetting them
[nebula] 0 entity object(s) were destroyed without a despawn; forgetting them
[nebula] 0 entity object(s) were destroyed without a despawn; forgetting them
[nebula] 0 entity object(s) were destroyed without a despawn; forgetting them
[nebula] 0 entity object(s) were destroyed without a despawn; forgetting them
[nebula] ghost Player bot3 (3825002173356310530)#281474976710657(e1,rt_4398046511105,auth) -> w4
[nebula] 0 entity object(s) were destroyed without a despawn; forgetting them
[nebula] 0 entity object(s) were destroyed without a despawn; forgetting them
[nebula] 0 entity object(s) were destroyed without a despawn; forgetting them
[nebula] 0 entity object(s) were destroyed without a despawn; forgetting them
[nebula] 0 entity object(s) were destroyed without a despawn; forgetting them
[nebula] 0 entity object(s) were destroyed without a despawn; forgetting them
[nebula] 0 entity object(s) were destroyed without a despawn; forgetting them
[nebula] 0 entity object(s) were destroyed without a despawn; forgetting them
[nebula] 0 entity object(s) were destroyed without a despawn; forgetting them
[nebula] 0 entity object(s) were destroyed without a despawn; forgetting them
[nebula] 0 entity object(s) were destroyed without a despawn; forgetting them
[nebula] 0 entity object(s) were destroyed without a despawn; forgetting them
[nebula] 0 entity object(s) were destroyed without a despawn; forgetting them
[nebula] 0 entity object(s) were destroyed without a despawn; forgetting them
[nebula] 0 entity object(s) were destroyed without a despawn; forgetting them
[nebula] 0 entity object(s) were destroyed without a despawn; forgetting them
[nebula] 0 entity object(s) were destroyed without a despawn; forgetting them
[nebula] 0 entity object(s) were destroyed without a despawn; forgetting them
[nebula] 0 entity object(s) were destroyed without a despawn; forgetting them
[nebula] 0 entity object(s) were destroyed without a despawn; forgetting them
[nebula] 0 entity object(s) were destroyed without a despawn; forgetting them
[nebula] 0 entity object(s) were destroyed without a despawn; forgetting them
[nebula] 0 entity object(s) were destroyed without a despawn; forgetting them
[nebula] 0 entity object(s) were destroyed without a despawn; forgetting them
[nebula] 0 entity object(s) were destroyed without a despawn; forgetting them
[nebula] 0 entity object(s) were destroyed without a despawn; forgetting them
[nebula] 0 entity object(s) were destroyed without a despawn; forgetting them
[nebula] 0 entity object(s) were destroyed without a despawn; forgetting them
[nebula] 0 entity object(s) were destroyed without a despawn; forgetting them
[nebula] 0 entity object(s) were destroyed without a despawn; forgetting them
[nebula] 0 entity object(s) were destroyed without a despawn; forgetting them
[nebula] 0 entity object(s) were destroyed without a despawn; forgetting them
[nebula] 0 entity object(s) were destroyed without a despawn; forgetting them
[nebula] 0 entity object(s) were destroyed without a despawn; forgetting them
[nebula] 0 entity object(s) were destroyed without a despawn; forgetting them
[nebula] 0 entity object(s) were destroyed without a despawn; forgetting them
[nebula] 0 entity object(s) were destroyed without a despawn; forgetting them
[nebula] 0 entity object(s) were destroyed without a despawn; forgetting them
[nebula] 0 entity object(s) were destroyed without a despawn; forgetting them
[nebula] 0 entity object(s) were destroyed without a despawn; forgetting them
[nebula] 0 entity object(s) were destroyed without a despawn; forgetting them
[nebula] 0 entity object(s) were destroyed without a despawn; forgetting them
[nebula] 0 entity object(s) were destroyed without a despawn; forgetting them
[nebula] 0 entity object(s) were destroyed without a despawn; forgetting them
[nebula] 0 entity object(s) were destroyed without a despawn; forgetting them
[nebula] 0 entity object(s) were destroyed without a despawn; forgetting them
[nebula] 0 entity object(s) were destroyed without a despawn; forgetting them
[nebula] 0 entity object(s) were destroyed without a despawn; forgetting them
[nebula] 0 entity object(s) were destroyed without a despawn; forgetting them
[nebula] 0 entity object(s) were destroyed without a despawn; forgetting them
[nebula] 0 entity object(s) were destroyed without a despawn; forgetting them
[nebula] 0 entity object(s) were destroyed without a despawn; forgetting them
[nebula] 0 entity object(s) were destroyed without a despawn; forgetting them
[nebula] 0 entity object(s) were destroyed without a despawn; forgetting them
[nebula] 0 entity object(s) were destroyed without a despawn; forgetting them
[nebula] 0 entity object(s) were destroyed without a despawn; forgetting them
[nebula] 0 entity object(s) were destroyed without a despawn; forgetting them
[nebula] 0 entity object(s) were destroyed without a despawn; forgetting them
[nebula] 0 entity object(s) were destroyed without a despawn; forgetting them
[nebula] 0 entity object(s) were destroyed without a despawn; forgetting them
[nebula] 0 entity object(s) were destroyed without a despawn; forgetting them
[nebula] 0 entity object(s) were destroyed without a despawn; forgetting them
[nebula] 0 entity object(s) were destroyed without a despawn; forgetting them
[nebula] 0 entity object(s) were destroyed without a despawn; forgetting them
[nebula] 0 entity object(s) were destroyed without a despawn; forgetting them
[nebula] 0 entity object(s) were destroyed without a despawn; forgetting them
[nebula] 0 entity object(s) were destroyed without a despawn; forgetting them
[nebula] 0 entity object(s) were destroyed without a despawn; forgetting them
[nebula] 0 entity object(s) were destroyed without a despawn; forgetting them
[nebula] 0 entity object(s) were destroyed without a despawn; forgetting them
[nebula] 0 entity object(s) were destroyed without a despawn; forgetting them
[nebula] 0 entity object(s) were destroyed without a despawn; forgetting them
[nebula] 0 entity object(s) were destroyed without a despawn; forgetting them
[nebula] 0 entity object(s) were destroyed without a despawn; forgetting them
[nebula] 0 entity object(s) were destroyed without a despawn; forgetting them
[nebula] 0 entity object(s) were destroyed without a despawn; forgetting them
[nebula] 0 entity object(s) were destroyed without a despawn; forgetting them
[nebula] 0 entity object(s) were destroyed without a despawn; forgetting them
[nebula] 0 entity object(s) were destroyed without a despawn; forgetting them
[nebula] 0 entity object(s) were destroyed without a despawn; forgetting them
[nebula] 0 entity object(s) were destroyed without a despawn; forgetting them
[nebula] 0 entity object(s) were destroyed without a despawn; forgetting them
[nebula] 0 entity object(s) were destroyed without a despawn; forgetting them
[nebula] 0 entity object(s) were destroyed without a despawn; forgetting them
[nebula] 0 entity object(s) were destroyed without a despawn; forgetting them
[nebula] 0 entity object(s) were destroyed without a despawn; forgetting them
[nebula] 0 entity object(s) were destroyed without a despawn; forgetting them
[nebula] 0 entity object(s) were destroyed without a despawn; forgetting them
[nebula] 0 entity object(s) were destroyed without a despawn; forgetting them
[nebula] 0 entity object(s) were destroyed without a despawn; forgetting them
[nebula] 0 entity object(s) were destroyed without a despawn; forgetting them
[nebula] 0 entity object(s) were destroyed without a despawn; forgetting them
[nebula] 0 entity object(s) were destroyed without a despawn; forgetting them
[nebula] 0 entity object(s) were destroyed without a despawn; forgetting them
[nebula] 0 entity object(s) were destroyed without a despawn; forgetting them
[nebula] 0 entity object(s) were destroyed without a despawn; forgetting them
[nebula] 0 entity object(s) were destroyed without a despawn; forgetting them
[nebula] 0 entity object(s) were destroyed without a despawn; forgetting them
[nebula] 0 entity object(s) were destroyed without a despawn; forgetting them
[nebula] 0 entity object(s) were destroyed without a despawn; forgetting them
[nebula] 0 entity object(s) were destroyed without a despawn; forgetting them
[nebula] 0 entity object(s) were destroyed without a despawn; forgetting them
[nebula] 0 entity object(s) were destroyed without a despawn; forgetting them
[nebula] 0 entity object(s) were destroyed without a despawn; forgetting them
[nebula] 0 entity object(s) were destroyed without a despawn; forgetting them
[nebula] 0 entity object(s) were destroyed without a despawn; forgetting them
[nebula] 0 entity object(s) were destroyed without a despawn; forgetting them
[nebula] 0 entity object(s) were destroyed without a despawn; forgetting them
[nebula] 0 entity object(s) were destroyed without a despawn; forgetting them
[nebula] 0 entity object(s) were destroyed without a despawn; forgetting them
[nebula] 0 entity object(s) were destroyed without a despawn; forgetting them
[nebula] 0 entity object(s) were destroyed without a despawn; forgetting them
[nebula] 0 entity object(s) were destroyed without a despawn; forgetting them
[nebula] 0 entity object(s) were destroyed without a despawn; forgetting them
[nebula] 0 entity object(s) were destroyed without a despawn; forgetting them
[nebula] 0 entity object(s) were destroyed without a despawn; forgetting them
[nebula] 0 entity object(s) were destroyed without a despawn; forgetting them
[nebula] handover OUT Player bot3 (3825002173356310530)#281474976710657(e2,rt_4398046511106,ghost) -> w4 (epoch 2, tick 1365004170)
[nebula] 0 entity object(s) were destroyed without a despawn; forgetting them
[nebula] 0 entity object(s) were destroyed without a despawn; forgetting them
[nebula] 0 entity object(s) were destroyed without a despawn; forgetting them
[nebula] 0 entity object(s) were destroyed without a despawn; forgetting them
[nebula] 0 entity object(s) were destroyed without a despawn; forgetting them
[nebula] 0 entity object(s) were destroyed without a despawn; forgetting them
[nebula] 0 entity object(s) were destroyed without a despawn; forgetting them
[nebula] 0 entity object(s) were destroyed without a despawn; forgetting them
[nebula] 0 entity object(s) were destroyed without a despawn; forgetting them
[nebula] 0 entity object(s) were destroyed without a despawn; forgetting them
[nebula] 0 entity object(s) were destroyed without a despawn; forgetting them
[nebula] 0 entity object(s) were destroyed without a despawn; forgetting them
[nebula] 0 entity object(s) were destroyed without a despawn; forgetting them
[nebula] 0 entity object(s) were destroyed without a despawn; forgetting them
[nebula] 0 entity object(s) were destroyed without a despawn; forgetting them
[nebula] 0 entity object(s) were destroyed without a despawn; forgetting them
[nebula] 0 entity object(s) were destroyed without a despawn; forgetting them
[nebula] 0 entity object(s) were destroyed without a despawn; forgetting them
[nebula] 0 entity object(s) were destroyed without a despawn; forgetting them
[nebula] 0 entity object(s) were destroyed without a despawn; forgetting them
[nebula] 0 entity object(s) were destroyed without a despawn; forgetting them
[nebula] 0 entity object(s) were destroyed without a despawn; forgetting them
[nebula] 0 entity object(s) were destroyed without a despawn; forgetting them
[nebula] 0 entity object(s) were destroyed without a despawn; forgetting them
[nebula] 0 entity object(s) were destroyed without a despawn; forgetting them
[nebula] 0 entity object(s) were destroyed without a despawn; forgetting them
[nebula] 0 entity object(s) were destroyed without a despawn; forgetting them
[nebula] 0 entity object(s) were destroyed without a despawn; forgetting them
[nebula] 0 entity object(s) were destroyed without a despawn; forgetting them
[nebula] 0 entity object(s) were destroyed without a despawn; forgetting them
[nebula] 0 entity object(s) were destroyed without a despawn; forgetting them
[nebula] 0 entity object(s) were destroyed without a despawn; forgetting them
[nebula] 0 entity object(s) were destroyed without a despawn; forgetting them
[nebula] 0 entity object(s) were destroyed without a despawn; forgetting them
[nebula] 0 entity object(s) were destroyed without a despawn; forgetting them
[nebula] 0 entity object(s) were destroyed without a despawn; forgetting them
[nebula] 0 entity object(s) were destroyed without a despawn; forgetting them
[nebula] 0 entity object(s) were destroyed without a despawn; forgetting them
[nebula] 0 entity object(s) were destroyed without a despawn; forgetting them
[nebula] 0 entity object(s) were destroyed without a despawn; forgetting them
[nebula] 0 entity object(s) were destroyed without a despawn; forgetting them
[nebula] 0 entity object(s) were destroyed without a despawn; forgetting them
[nebula] 0 entity object(s) were destroyed without a despawn; forgetting them
[nebula] 0 entity object(s) were destroyed without a despawn; forgetting them
[nebula] 0 entity object(s) were destroyed without a despawn; forgetting them
[nebula] 0 entity object(s) were destroyed without a despawn; forgetting them
[nebula] 0 entity object(s) were destroyed without a despawn; forgetting them
[nebula] 0 entity object(s) were destroyed without a despawn; forgetting them
[nebula] 0 entity object(s) were destroyed without a despawn; forgetting them
[nebula] 0 entity object(s) were destroyed without a despawn; forgetting them
[nebula] 0 entity object(s) were destroyed without a despawn; forgetting them
[nebula] 0 entity object(s) were destroyed without a despawn; forgetting them
[nebula] 0 entity object(s) were destroyed without a despawn; forgetting them
[nebula] 0 entity object(s) were destroyed without a despawn; forgetting them
[nebula] 0 entity object(s) were destroyed without a despawn; forgetting them
[nebula] 0 entity object(s) were destroyed without a despawn; forgetting them
[nebula] 0 entity object(s) were destroyed without a despawn; forgetting them
[nebula] 0 entity object(s) were destroyed without a despawn; forgetting them
[nebula] 0 entity object(s) were destroyed without a despawn; forgetting them
[nebula] 0 entity object(s) were destroyed without a despawn; forgetting them
[nebula] 0 entity object(s) were destroyed without a despawn; forgetting them
[nebula] 0 entity object(s) were destroyed without a despawn; forgetting them
[nebula] 0 entity object(s) were destroyed without a despawn; forgetting them
[nebula] 0 entity object(s) were destroyed without a despawn; forgetting them
[nebula] 0 entity object(s) were destroyed without a despawn; forgetting them
[nebula] 0 entity object(s) were destroyed without a despawn; forgetting them
[nebula] 0 entity object(s) were destroyed without a despawn; forgetting them
[nebula] 0 entity object(s) were destroyed without a despawn; forgetting them
[nebula] 0 entity object(s) were destroyed without a despawn; forgetting them
[nebula] 0 entity object(s) were destroyed without a despawn; forgetting them
[nebula] 0 entity object(s) were destroyed without a despawn; forgetting them
[nebula] 0 entity object(s) were destroyed without a despawn; forgetting them
[nebula] 0 entity object(s) were destroyed without a despawn; forgetting them
[nebula] 0 entity object(s) were destroyed without a despawn; forgetting them
[nebula] 0 entity object(s) were destroyed without a despawn; forgetting them
[nebula] 0 entity object(s) were destroyed without a despawn; forgetting them
[nebula] 0 entity object(s) were destroyed without a despawn; forgetting them
[nebula] 0 entity object(s) were destroyed without a despawn; forgetting them
[nebula] 0 entity object(s) were destroyed without a despawn; forgetting them
[nebula] 0 entity object(s) were destroyed without a despawn; forgetting them
[nebula] 0 entity object(s) were destroyed without a despawn; forgetting them
[nebula] 0 entity object(s) were destroyed without a despawn; forgetting them
[nebula] 0 entity object(s) were destroyed without a despawn; forgetting them
[nebula] 0 entity object(s) were destroyed without a despawn; forgetting them
[nebula] 0 entity object(s) were destroyed without a despawn; forgetting them
[nebula] 0 entity object(s) were destroyed without a despawn; forgetting them
[nebula] 0 entity object(s) were destroyed without a despawn; forgetting them
[nebula] 0 entity object(s) were destroyed without a despawn; forgetting them
[nebula] 0 entity object(s) were destroyed without a despawn; forgetting them
[nebula] 0 entity object(s) were destroyed without a despawn; forgetting them
[nebula] 0 entity object(s) were destroyed without a despawn; forgetting them
[nebula] 0 entity object(s) were destroyed without a despawn; forgetting them
[nebula] 0 entity object(s) were destroyed without a despawn; forgetting them
[nebula] 0 entity object(s) were destroyed without a despawn; forgetting them
[nebula] 0 entity object(s) were destroyed without a despawn; forgetting them
[nebula] 0 entity object(s) were destroyed without a despawn; forgetting them
[nebula] 0 entity object(s) were destroyed without a despawn; forgetting them
[nebula] 0 entity object(s) were destroyed without a despawn; forgetting them
[nebula] 0 entity object(s) were destroyed without a despawn; forgetting them
[nebula] 0 entity object(s) were destroyed without a despawn; forgetting them
[nebula] 0 entity object(s) were destroyed without a despawn; forgetting them
[nebula] 0 entity object(s) were destroyed without a despawn; forgetting them
[nebula] 0 entity object(s) were destroyed without a despawn; forgetting them
[nebula] 0 entity object(s) were destroyed without a despawn; forgetting them
[nebula] 0 entity object(s) were destroyed without a despawn; forgetting them
[nebula] 0 entity object(s) were destroyed without a despawn; forgetting them
[nebula] 0 entity object(s) were destroyed without a despawn; forgetting them
[nebula] 0 entity object(s) were destroyed without a despawn; forgetting them
[nebula] 0 entity object(s) were destroyed without a despawn; forgetting them
[nebula] 0 entity object(s) were destroyed without a despawn; forgetting them
[nebula] 0 entity object(s) were destroyed without a despawn; forgetting them
[nebula] 0 entity object(s) were destroyed without a despawn; forgetting them
[nebula] 0 entity object(s) were destroyed without a despawn; forgetting them
[nebula] 0 entity object(s) were destroyed without a despawn; forgetting them
[nebula] 0 entity object(s) were destroyed without a despawn; forgetting them
[nebula] 0 entity object(s) were destroyed without a despawn; forgetting them
[nebula] 0 entity object(s) were destroyed without a despawn; forgetting them
[nebula] 0 entity object(s) were destroyed without a despawn; forgetting them
[nebula] 0 entity object(s) were destroyed without a despawn; forgetting them
[nebula] 0 entity object(s) were destroyed without a despawn; forgetting them
[nebula] 0 entity object(s) were destroyed without a despawn; forgetting them
[nebula] 0 entity object(s) were destroyed without a despawn; forgetting them
[nebula] 0 entity object(s) were destroyed without a despawn; forgetting them
[nebula] 0 entity object(s) were destroyed without a despawn; forgetting them
[nebula] 0 entity object(s) were destroyed without a despawn; forgetting them
[nebula] 0 entity object(s) were destroyed without a despawn; forgetting them
[nebula] 0 entity object(s) were destroyed without a despawn; forgetting them
[nebula] 0 entity object(s) were destroyed without a despawn; forgetting them
[nebula] 0 entity object(s) were destroyed without a despawn; forgetting them
[nebula] 0 entity object(s) were destroyed without a despawn; forgetting them
[nebula] 0 entity object(s) were destroyed without a despawn; forgetting them
[nebula] 0 entity object(s) were destroyed without a despawn; forgetting them
[nebula] 0 entity object(s) were destroyed without a despawn; forgetting them
[nebula] 0 entity object(s) were destroyed without a despawn; forgetting them
[nebula] 0 entity object(s) were destroyed without a despawn; forgetting them
[nebula] 0 entity object(s) were destroyed without a despawn; forgetting them
[nebula] 0 entity object(s) were destroyed without a despawn; forgetting them
[nebula] 0 entity object(s) were destroyed without a despawn; forgetting them
[nebula] 0 entity object(s) were destroyed without a despawn; forgetting them
[nebula] 0 entity object(s) were destroyed without a despawn; forgetting them
[nebula] 0 entity object(s) were destroyed without a despawn; forgetting them
[nebula] 0 entity object(s) were destroyed without a despawn; forgetting them
[nebula] 0 entity object(s) were destroyed without a despawn; forgetting them
[nebula] 0 entity object(s) were destroyed without a despawn; forgetting them
[nebula] 0 entity object(s) were destroyed without a despawn; forgetting them
[nebula] 0 entity object(s) were destroyed without a despawn; forgetting them
[nebula] 0 entity object(s) were destroyed without a despawn; forgetting them
[nebula] 0 entity object(s) were destroyed without a despawn; forgetting them
[nebula] 0 entity object(s) were destroyed without a despawn; forgetting them
[nebula] 0 entity object(s) were destroyed without a despawn; forgetting them
[nebula] 0 entity object(s) were destroyed without a despawn; forgetting them
[nebula] 0 entity object(s) were destroyed without a despawn; forgetting them
[nebula] 0 entity object(s) were destroyed without a despawn; forgetting them
[nebula] profile 300 ticks/5s 300 frames avg 0.3ms max 3.9ms dup 0 skip 0 gc 20 auth 2 ghosts 1 | poll=0.02 ghosts=0.01 physics.sync=0.00 simulate=0.00 poses=0.03 containers=0.09 band=0.01 publish=0.02 gap=16.40 interest=0.01
[nebula] 0 entity object(s) were destroyed without a despawn; forgetting them
[nebula] 0 entity object(s) were destroyed without a despawn; forgetting them
[nebula] 0 entity object(s) were destroyed without a despawn; forgetting them
[nebula] 0 entity object(s) were destroyed without a despawn; forgetting them
[nebula] 0 entity object(s) were destroyed without a despawn; forgetting them
[nebula] 0 entity object(s) were destroyed without a despawn; forgetting them
[nebula] 0 entity object(s) were destroyed without a despawn; forgetting them
[nebula] 0 entity object(s) were destroyed without a despawn; forgetting them
[nebula] 0 entity object(s) were destroyed without a despawn; forgetting them
[nebula] 0 entity object(s) were destroyed without a despawn; forgetting them
[nebula] 0 entity object(s) were destroyed without a despawn; forgetting them
[nebula] ghost Player(Clone)#1125899906842625(e2,rt_2,auth) -> w4
[nebula] handover IN  Player(Clone)#1125899906842625(e2,rt_2,auth) <- w4 (epoch 2, tick 1365004334)
[nebula] ghost Prop(Clone)#1125899906842627(e2,rt_4398046511106,auth) -> w4
[nebula] handover IN  Prop(Clone)#1125899906842627(e2,rt_4398046511106,auth) <- w4 (epoch 2, tick 1365004334)
[nebula] ghost Player bot3 (3825002173356310530)#281474976710657(e3,rt_4398046511106,auth) -> w4
[nebula] handover IN  Player bot3 (3825002173356310530)#281474976710657(e3,rt_4398046511106,auth) <- w4 (epoch 3, tick 1365004334)
[nebula] ghost Player(Clone)#844424930131969(e2,rt_9223358842715242496,auth) -> w3
[nebula] handover IN  Player(Clone)#844424930131969(e2,rt_9223358842715242496,auth) <- w3 (epoch 2, tick 1365004334)
[nebula] ghost Prop(Clone)#844424930131973(e2,rt_9223358842715242496,auth) -> w3
[nebula] handover IN  Prop(Clone)#844424930131973(e2,rt_9223358842715242496,auth) <- w3 (epoch 2, tick 1365004334)
[nebula] 0 entity object(s) were destroyed without a despawn; forgetting them
[nebula] 0 entity object(s) were destroyed without a despawn; forgetting them
[nebula] 0 entity object(s) were destroyed without a despawn; forgetting them
[nebula] 0 entity object(s) were destroyed without a despawn; forgetting them
[nebula] 0 entity object(s) were destroyed without a despawn; forgetting them
[nebula] 0 entity object(s) were destroyed without a despawn; forgetting them
[nebula] 0 entity object(s) were destroyed without a despawn; forgetting them
[nebula] 0 entity object(s) were destroyed without a despawn; forgetting them
[nebula] 0 entity object(s) were destroyed without a despawn; forgetting them
[nebula] 0 entity object(s) were destroyed without a despawn; forgetting them
[nebula] 0 entity object(s) were destroyed without a despawn; forgetting them
[nebula] 0 entity object(s) were destroyed without a despawn; forgetting them
[nebula] 0 entity object(s) were destroyed without a despawn; forgetting them
[nebula] 0 entity object(s) were destroyed without a despawn; forgetting them
[nebula] 0 entity object(s) were destroyed without a despawn; forgetting them
[nebula] 0 entity object(s) were destroyed without a despawn; forgetting them
[nebula] 0 entity object(s) were destroyed without a despawn; forgetting them
[nebula] 0 entity object(s) were destroyed without a despawn; forgetting them
[nebula] 0 entity object(s) were destroyed without a despawn; forgetting them
[nebula] 0 entity object(s) were destroyed without a despawn; forgetting them
[nebula] 0 entity object(s) were destroyed without a despawn; forgetting them
[nebula] 0 entity object(s) were destroyed without a despawn; forgetting them
[nebula] 0 entity object(s) were destroyed without a despawn; forgetting them
[nebula] 0 entity object(s) were destroyed without a despawn; forgetting them
[nebula] 0 entity object(s) were destroyed without a despawn; forgetting them
[nebula] 0 entity object(s) were destroyed without a despawn; forgetting them
[nebula] 0 entity object(s) were destroyed without a despawn; forgetting them
[nebula] 0 entity object(s) were destroyed without a despawn; forgetting them
[nebula] 0 entity object(s) were destroyed without a despawn; forgetting them
[nebula] 0 entity object(s) were destroyed without a despawn; forgetting them
[nebula] 0 entity object(s) were destroyed without a despawn; forgetting them
[nebula] 0 entity object(s) were destroyed without a despawn; forgetting them
[nebula] 0 entity object(s) were destroyed without a despawn; forgetting them
[nebula] 0 entity object(s) were destroyed without a despawn; forgetting them
[nebula] 0 entity object(s) were destroyed without a despawn; forgetting them
[nebula] 0 entity object(s) were destroyed without a despawn; forgetting them
[nebula] 0 entity object(s) were destroyed without a despawn; forgetting them
[nebula] 0 entity object(s) were destroyed without a despawn; forgetting them
[nebula] 0 entity object(s) were destroyed without a despawn; forgetting them
[nebula] 0 entity object(s) were destroyed without a despawn; forgetting them
[nebula] 0 entity object(s) were destroyed without a despawn; forgetting them
[nebula] 0 entity object(s) were destroyed without a despawn; forgetting them
[nebula] 0 entity object(s) were destroyed without a despawn; forgetting them
[nebula] 0 entity object(s) were destroyed without a despawn; forgetting them
[nebula] 0 entity object(s) were destroyed without a despawn; forgetting them
[nebula] 0 entity object(s) were destroyed without a despawn; forgetting them
[nebula] 0 entity object(s) were destroyed without a despawn; forgetting them
[nebula] 0 entity object(s) were destroyed without a despawn; forgetting them
[nebula] 0 entity object(s) were destroyed without a despawn; forgetting them
[nebula] 0 entity object(s) were destroyed without a despawn; forgetting them
[nebula] 0 entity object(s) were destroyed without a despawn; forgetting them
[nebula] 0 entity object(s) were destroyed without a despawn; forgetting them
[nebula] 0 entity object(s) were destroyed without a despawn; forgetting them
[nebula] 0 entity object(s) were destroyed without a despawn; forgetting them
[nebula] 0 entity object(s) were destroyed without a despawn; forgetting them
[nebula] 0 entity object(s) were destroyed without a despawn; forgetting them
[nebula] 0 entity object(s) were destroyed without a despawn; forgetting them
[nebula] 0 entity object(s) were destroyed without a despawn; forgetting them
[nebula] 0 entity object(s) were destroyed without a despawn; forgetting them
[nebula] 0 entity object(s) were destroyed without a despawn; forgetting them
[nebula] 0 entity object(s) were destroyed without a despawn; forgetting them
[nebula] 0 entity object(s) were destroyed without a despawn; forgetting them
[nebula] 0 entity object(s) were destroyed without a despawn; forgetting them
[nebula] 0 entity object(s) were destroyed without a despawn; forgetting them
[nebula] 0 entity object(s) were destroyed without a despawn; forgetting them
[nebula] 0 entity object(s) were destroyed without a despawn; forgetting them
[nebula] 0 entity object(s) were destroyed without a despawn; forgetting them
[nebula] 0 entity object(s) were destroyed without a despawn; forgetting them
[nebula] 0 entity object(s) were destroyed without a despawn; forgetting them
[nebula] 0 entity object(s) were destroyed without a despawn; forgetting them
[nebula] spawned Prop(Clone)#281474976710660(e1,rt_4398046511106,auth)
[nebula] 0 entity object(s) were destroyed without a despawn; forgetting them
[nebula] ghost Prop(Clone)#281474976710660(e1,rt_4398046511106,auth) -> w4
[nebula] 0 entity object(s) were destroyed without a despawn; forgetting them
[nebula] 0 entity object(s) were destroyed without a despawn; forgetting them
[nebula] 0 entity object(s) were destroyed without a despawn; forgetting them
[nebula] 0 entity object(s) were destroyed without a despawn; forgetting them
[nebula] 0 entity object(s) were destroyed without a despawn; forgetting them
[nebula] 0 entity object(s) were destroyed without a despawn; forgetting them
[nebula] 0 entity object(s) were destroyed without a despawn; forgetting them
[nebula] 0 entity object(s) were destroyed without a despawn; forgetting them
[nebula] 0 entity object(s) were destroyed without a despawn; forgetting them
[nebula] 0 entity object(s) were destroyed without a despawn; forgetting them
[nebula] 0 entity object(s) were destroyed without a despawn; forgetting them
[nebula] 0 entity object(s) were destroyed without a despawn; forgetting them
[nebula] 0 entity object(s) were destroyed without a despawn; forgetting them
[nebula] 0 entity object(s) were destroyed without a despawn; forgetting them
[nebula] 0 entity object(s) were destroyed without a despawn; forgetting them
[nebula] 0 entity object(s) were destroyed without a despawn; forgetting them
[nebula] 0 entity object(s) were destroyed without a despawn; forgetting them
[nebula] 0 entity object(s) were destroyed without a despawn; forgetting them
[nebula] 0 entity object(s) were destroyed without a despawn; forgetting them
[nebula] 0 entity object(s) were destroyed without a despawn; forgetting them
[nebula] 0 entity object(s) were destroyed without a despawn; forgetting them
[nebula] 0 entity object(s) were destroyed without a despawn; forgetting them
[nebula] 0 entity object(s) were destroyed without a despawn; forgetting them
[nebula] 0 entity object(s) were destroyed without a despawn; forgetting them
[nebula] 0 entity object(s) were destroyed without a despawn; forgetting them
[nebula] 0 entity object(s) were destroyed without a despawn; forgetting them
[nebula] 0 entity object(s) were destroyed without a despawn; forgetting them
[nebula] 0 entity object(s) were destroyed without a despawn; forgetting them
[nebula] 0 entity object(s) were destroyed without a despawn; forgetting them
[nebula] 0 entity object(s) were destroyed without a despawn; forgetting them
[nebula] 0 entity object(s) were destroyed without a despawn; forgetting them
[nebula] 0 entity object(s) were destroyed without a despawn; forgetting them
[nebula] 0 entity object(s) were destroyed without a despawn; forgetting them
[nebula] 0 entity object(s) were destroyed without a despawn; forgetting them
[nebula] 0 entity object(s) were destroyed without a despawn; forgetting them
[nebula] 0 entity object(s) were destroyed without a despawn; forgetting them
[nebula] 0 entity object(s) were destroyed without a despawn; forgetting them
[nebula] 0 entity object(s) were destroyed without a despawn; forgetting them
[nebula] 0 entity object(s) were destroyed without a despawn; forgetting them
[nebula] 0 entity object(s) were destroyed without a despawn; forgetting them
[nebula] 0 entity object(s) were destroyed without a despawn; forgetting them
[nebula] 0 entity object(s) were destroyed without a despawn; forgetting them
[nebula] 0 entity object(s) were destroyed without a despawn; forgetting them
[nebula] 0 entity object(s) were destroyed without a despawn; forgetting them
[nebula] 0 entity object(s) were destroyed without a despawn; forgetting them
[nebula] spawned Prop(Clone)#281474976710661(e1,rt_2,auth)
[nebula] 0 entity object(s) were destroyed without a despawn; forgetting them
[nebula] 0 entity object(s) were destroyed without a despawn; forgetting them
[nebula] 0 entity object(s) were destroyed without a despawn; forgetting them
[nebula] 0 entity object(s) were destroyed without a despawn; forgetting them
[nebula] 0 entity object(s) were destroyed without a despawn; forgetting them
[nebula] 0 entity object(s) were destroyed without a despawn; forgetting them
[nebula] 0 entity object(s) were destroyed without a despawn; forgetting them
[nebula] 0 entity object(s) were destroyed without a despawn; forgetting them
[nebula] 0 entity object(s) were destroyed without a despawn; forgetting them
[nebula] 0 entity object(s) were destroyed without a despawn; forgetting them
[nebula] 0 entity object(s) were destroyed without a despawn; forgetting them
[nebula] 0 entity object(s) were destroyed without a despawn; forgetting them
[nebula] 0 entity object(s) were destroyed without a despawn; forgetting them
[nebula] 0 entity object(s) were destroyed without a despawn; forgetting them
[nebula] 0 entity object(s) were destroyed without a despawn; forgetting them
[nebula] 0 entity object(s) were destroyed without a despawn; forgetting them
[nebula] 0 entity object(s) were destroyed without a despawn; forgetting them
[nebula] 0 entity object(s) were destroyed without a despawn; forgetting them
[nebula] 0 entity object(s) were destroyed without a despawn; forgetting them
[nebula] 0 entity object(s) were destroyed without a despawn; forgetting them
[nebula] 0 entity object(s) were destroyed without a despawn; forgetting them
[nebula] 0 entity object(s) were destroyed without a despawn; forgetting them
[nebula] 0 entity object(s) were destroyed without a despawn; forgetting them
[nebula] 0 entity object(s) were destroyed without a despawn; forgetting them
[nebula] 0 entity object(s) were destroyed without a despawn; forgetting them
[nebula] 0 entity object(s) were destroyed without a despawn; forgetting them
[nebula] 0 entity object(s) were destroyed without a despawn; forgetting them
[nebula] 0 entity object(s) were destroyed without a despawn; forgetting them
[nebula] 0 entity object(s) were destroyed without a despawn; forgetting them
[nebula] 0 entity object(s) were destroyed without a despawn; forgetting them
[nebula] 0 entity object(s) were destroyed without a despawn; forgetting them
[nebula] 0 entity object(s) were destroyed without a despawn; forgetting them
[nebula] 0 entity object(s) were destroyed without a despawn; forgetting them
[nebula] 0 entity object(s) were destroyed without a despawn; forgetting them
[nebula] 0 entity object(s) were destroyed without a despawn; forgetting them
[nebula] 0 entity object(s) were destroyed without a despawn; forgetting them
[nebula] 0 entity object(s) were destroyed without a despawn; forgetting them
[nebula] 0 entity object(s) were destroyed without a despawn; forgetting them
[nebula] 0 entity object(s) were destroyed without a despawn; forgetting them
[nebula] 0 entity object(s) were destroyed without a despawn; forgetting them
[nebula] 0 entity object(s) were destroyed without a despawn; forgetting them
[nebula] 0 entity object(s) were destroyed without a despawn; forgetting them
[nebula] 0 entity object(s) were destroyed without a despawn; forgetting them
[nebula] 0 entity object(s) were destroyed without a despawn; forgetting them
[nebula] 0 entity object(s) were destroyed without a despawn; forgetting them
[nebula] 0 entity object(s) were destroyed without a despawn; forgetting them
[nebula] 0 entity object(s) were destroyed without a despawn; forgetting them
[nebula] 0 entity object(s) were destroyed without a despawn; forgetting them
[nebula] 0 entity object(s) were destroyed without a despawn; forgetting them
[nebula] 0 entity object(s) were destroyed without a despawn; forgetting them
[nebula] 0 entity object(s) were destroyed without a despawn; forgetting them
[nebula] 0 entity object(s) were destroyed without a despawn; forgetting them
[nebula] 0 entity object(s) were destroyed without a despawn; forgetting them
[nebula] 0 entity object(s) were destroyed without a despawn; forgetting them
[nebula] 0 entity object(s) were destroyed without a despawn; forgetting them
[nebula] 0 entity object(s) were destroyed without a despawn; forgetting them
[nebula] 0 entity object(s) were destroyed without a despawn; forgetting them
[nebula] 0 entity object(s) were destroyed without a despawn; forgetting them
[nebula] 0 entity object(s) were destroyed without a despawn; forgetting them
[nebula] local handover Player bot3 (3825002173356310530)#281474976710657(e3,rt_4398046511105,auth) rt_4398046511106 -> rt_4398046511105
[nebula] 0 entity object(s) were destroyed without a despawn; forgetting them
[nebula] 0 entity object(s) were destroyed without a despawn; forgetting them
[nebula] 0 entity object(s) were destroyed without a despawn; forgetting them
[nebula] 0 entity object(s) were destroyed without a despawn; forgetting them
[nebula] 0 entity object(s) were destroyed without a despawn; forgetting them
[nebula] 0 entity object(s) were destroyed without a despawn; forgetting them
[nebula] 0 entity object(s) were destroyed without a despawn; forgetting them
[nebula] 0 entity object(s) were destroyed without a despawn; forgetting them
[nebula] 0 entity object(s) were destroyed without a despawn; forgetting them
[nebula] 0 entity object(s) were destroyed without a despawn; forgetting them
[nebula] 0 entity object(s) were destroyed without a despawn; forgetting them
[nebula] 0 entity object(s) were destroyed without a despawn; forgetting them
[nebula] 0 entity object(s) were destroyed without a despawn; forgetting them
[nebula] 0 entity object(s) were destroyed without a despawn; forgetting them
[nebula] 0 entity object(s) were destroyed without a despawn; forgetting them
[nebula] 0 entity object(s) were destroyed without a despawn; forgetting them
[nebula] 0 entity object(s) were destroyed without a despawn; forgetting them
[nebula] 0 entity object(s) were destroyed without a despawn; forgetting them
[nebula] 0 entity object(s) were destroyed without a despawn; forgetting them
[nebula] 0 entity object(s) were destroyed without a despawn; forgetting them
[nebula] 0 entity object(s) were destroyed without a despawn; forgetting them
[nebula] 0 entity object(s) were destroyed without a despawn; forgetting them
[nebula] 0 entity object(s) were destroyed without a despawn; forgetting them
[nebula] 0 entity object(s) were destroyed without a despawn; forgetting them
[nebula] 0 entity object(s) were destroyed without a despawn; forgetting them
[nebula] 0 entity object(s) were destroyed without a despawn; forgetting them
[nebula] 0 entity object(s) were destroyed without a despawn; forgetting them
[nebula] 0 entity object(s) were destroyed without a despawn; forgetting them
[nebula] 0 entity object(s) were destroyed without a despawn; forgetting them
[nebula] 0 entity object(s) were destroyed without a despawn; forgetting them
[nebula] 0 entity object(s) were destroyed without a despawn; forgetting them
[nebula] 0 entity object(s) were destroyed without a despawn; forgetting them
[nebula] 0 entity object(s) were destroyed without a despawn; forgetting them
[nebula] 0 entity object(s) were destroyed without a despawn; forgetting them
[nebula] 0 entity object(s) were destroyed without a despawn; forgetting them
[nebula] 0 entity object(s) were destroyed without a despawn; forgetting them
[nebula] 0 entity object(s) were destroyed without a despawn; forgetting them
[nebula] 0 entity object(s) were destroyed without a despawn; forgetting them
[nebula] 0 entity object(s) were destroyed without a despawn; forgetting them
[nebula] 0 entity object(s) were destroyed without a despawn; forgetting them
[nebula] 0 entity object(s) were destroyed without a despawn; forgetting them
[nebula] 0 entity object(s) were destroyed without a despawn; forgetting them
[nebula] 0 entity object(s) were destroyed without a despawn; forgetting them
[nebula] 0 entity object(s) were destroyed without a despawn; forgetting them
[nebula] 0 entity object(s) were destroyed without a despawn; forgetting them
[nebula] 0 entity object(s) were destroyed without a despawn; forgetting them
[nebula] 0 entity object(s) were destroyed without a despawn; forgetting them
[nebula] 0 entity object(s) were destroyed without a despawn; forgetting them
[nebula] 0 entity object(s) were destroyed without a despawn; forgetting them
[nebula] 0 entity object(s) were destroyed without a despawn; forgetting them
[nebula] 0 entity object(s) were destroyed without a despawn; forgetting them
[nebula] 0 entity object(s) were destroyed without a despawn; forgetting them
[nebula] 0 entity object(s) were destroyed without a despawn; forgetting them
[nebula] 0 entity object(s) were destroyed without a despawn; forgetting them
[nebula] 0 entity object(s) were destroyed without a despawn; forgetting them
[nebula] 0 entity object(s) were destroyed without a despawn; forgetting them
[nebula] 0 entity object(s) were destroyed without a despawn; forgetting them
[nebula] 0 entity object(s) were destroyed without a despawn; forgetting them
[nebula] 0 entity object(s) were destroyed without a despawn; forgetting them
[nebula] 0 entity object(s) were destroyed without a despawn; forgetting them
[nebula] 0 entity object(s) were destroyed without a despawn; forgetting them
[nebula] 0 entity object(s) were destroyed without a despawn; forgetting them
[nebula] 0 entity object(s) were destroyed without a despawn; forgetting them
[nebula] 0 entity object(s) were destroyed without a despawn; forgetting them
[nebula] 0 entity object(s) were destroyed without a despawn; forgetting them
[nebula] 0 entity object(s) were destroyed without a despawn; forgetting them
[nebula] 0 entity object(s) were destroyed without a despawn; forgetting them
[nebula] 0 entity object(s) were destroyed without a despawn; forgetting them
[nebula] 0 entity object(s) were destroyed without a despawn; forgetting them
[nebula] 0 entity object(s) were destroyed without a despawn; forgetting them
[nebula] 0 entity object(s) were destroyed without a despawn; forgetting them
[nebula] 0 entity object(s) were destroyed without a despawn; forgetting them
[nebula] 0 entity object(s) were destroyed without a despawn; forgetting them
[nebula] 0 entity object(s) were destroyed without a despawn; forgetting them
[nebula] 0 entity object(s) were destroyed without a despawn; forgetting them
[nebula] 0 entity object(s) were destroyed without a despawn; forgetting them
[nebula] 0 entity object(s) were destroyed without a despawn; forgetting them
[nebula] 0 entity object(s) were destroyed without a despawn; forgetting them
[nebula] 0 entity object(s) were destroyed without a despawn; forgetting them
[nebula] 0 entity object(s) were destroyed without a despawn; forgetting them
[nebula] 0 entity object(s) were destroyed without a despawn; forgetting them
[nebula] 0 entity object(s) were destroyed without a despawn; forgetting them
[nebula] 0 entity object(s) were destroyed without a despawn; forgetting them
[nebula] 0 entity object(s) were destroyed without a despawn; forgetting them
[nebula] 0 entity object(s) were destroyed without a despawn; forgetting them
[nebula] 0 entity object(s) were destroyed without a despawn; forgetting them
[nebula] 0 entity object(s) were destroyed without a despawn; forgetting them
[nebula] 0 entity object(s) were destroyed without a despawn; forgetting them
[nebula] 0 entity object(s) were destroyed without a despawn; forgetting them
[nebula] 0 entity object(s) were destroyed without a despawn; forgetting them
[nebula] 0 entity object(s) were destroyed without a despawn; forgetting them
[nebula] 0 entity object(s) were destroyed without a despawn; forgetting them
[nebula] local handover Player bot4 (3825002173356310532)#281474976710658(e1,rt_4398046511104,auth) rt_0 -> rt_4398046511104
[nebula] 0 entity object(s) were destroyed without a despawn; forgetting them
[nebula] 0 entity object(s) were destroyed without a despawn; forgetting them
[nebula] 0 entity object(s) were destroyed without a despawn; forgetting them
[nebula] 0 entity object(s) were destroyed without a despawn; forgetting them
[nebula] 0 entity object(s) were destroyed without a despawn; forgetting them
[nebula] 0 entity object(s) were destroyed without a despawn; forgetting them
[nebula] 0 entity object(s) were destroyed without a despawn; forgetting them
[nebula] 0 entity object(s) were destroyed without a despawn; forgetting them
[nebula] 0 entity object(s) were destroyed without a despawn; forgetting them
[nebula] 0 entity object(s) were destroyed without a despawn; forgetting them
[nebula] 0 entity object(s) were destroyed without a despawn; forgetting them
[nebula] 0 entity object(s) were destroyed without a despawn; forgetting them
[nebula] 0 entity object(s) were destroyed without a despawn; forgetting them
[nebula] 0 entity object(s) were destroyed without a despawn; forgetting them
[nebula] 0 entity object(s) were destroyed without a despawn; forgetting them
[nebula] 0 entity object(s) were destroyed without a despawn; forgetting them
[nebula] 0 entity object(s) were destroyed without a despawn; forgetting them
[nebula] 0 entity object(s) were destroyed without a despawn; forgetting them
[nebula] 0 entity object(s) were destroyed without a despawn; forgetting them
[nebula] 0 entity object(s) were destroyed without a despawn; forgetting them
[nebula] 0 entity object(s) were destroyed without a despawn; forgetting them
[nebula] 0 entity object(s) were destroyed without a despawn; forgetting them
[nebula] profile 300 ticks/5s 300 frames avg 0.4ms max 2.3ms dup 0 skip 0 gc 23 auth 9 ghosts 0 | poll=0.03 ghosts=0.00 physics.sync=0.00 simulate=0.01 poses=0.04 containers=0.22 band=0.02 publish=0.02 gap=16.24 interest=0.01
[nebula] 0 entity object(s) were destroyed without a despawn; forgetting them
[nebula] 0 entity object(s) were destroyed without a despawn; forgetting them
[nebula] 0 entity object(s) were destroyed without a despawn; forgetting them
[nebula] 0 entity object(s) were destroyed without a despawn; forgetting them
[nebula] 0 entity object(s) were destroyed without a despawn; forgetting them
[nebula] 0 entity object(s) were destroyed without a despawn; forgetting them
[nebula] 0 entity object(s) were destroyed without a despawn; forgetting them
[nebula] 0 entity object(s) were destroyed without a despawn; forgetting them
[nebula] 0 entity object(s) were destroyed without a despawn; forgetting them
[nebula] 0 entity object(s) were destroyed without a despawn; forgetting them
[nebula] 0 entity object(s) were destroyed without a despawn; forgetting them
[nebula] 0 entity object(s) were destroyed without a despawn; forgetting them
[nebula] 0 entity object(s) were destroyed without a despawn; forgetting them
[nebula] 0 entity object(s) were destroyed without a despawn; forgetting them
[nebula] 0 entity object(s) were destroyed without a despawn; forgetting them
[nebula] 0 entity object(s) were destroyed without a despawn; forgetting them
[nebula] 0 entity object(s) were destroyed without a despawn; forgetting them
[nebula] 0 entity object(s) were destroyed without a despawn; forgetting them
[nebula] 0 entity object(s) were destroyed without a despawn; forgetting them
[nebula] 0 entity object(s) were destroyed without a despawn; forgetting them
[nebula] 0 entity object(s) were destroyed without a despawn; forgetting them
[nebula] 0 entity object(s) were destroyed without a despawn; forgetting them
[nebula] 0 entity object(s) were destroyed without a despawn; forgetting them
[nebula] 0 entity object(s) were destroyed without a despawn; forgetting them
[nebula] 0 entity object(s) were destroyed without a despawn; forgetting them
[nebula] 0 entity object(s) were destroyed without a despawn; forgetting them
[nebula] 0 entity object(s) were destroyed without a despawn; forgetting them
[nebula] 0 entity object(s) were destroyed without a despawn; forgetting them
[nebula] 0 entity object(s) were destroyed without a despawn; forgetting them
[nebula] 0 entity object(s) were destroyed without a despawn; forgetting them
[nebula] 0 entity object(s) were destroyed without a despawn; forgetting them
[nebula] 0 entity object(s) were destroyed without a despawn; forgetting them
[nebula] 0 entity object(s) were destroyed without a despawn; forgetting them
[nebula] 0 entity object(s) were destroyed without a despawn; forgetting them
[nebula] 0 entity object(s) were destroyed without a despawn; forgetting them
[nebula] 0 entity object(s) were destroyed without a despawn; forgetting them
[nebula] 0 entity object(s) were destroyed without a despawn; forgetting them
[nebula] 0 entity object(s) were destroyed without a despawn; forgetting them
[nebula] 0 entity object(s) were destroyed without a despawn; forgetting them
[nebula] 0 entity object(s) were destroyed without a despawn; forgetting them
[nebula] 0 entity object(s) were destroyed without a despawn; forgetting them
[nebula] 0 entity object(s) were destroyed without a despawn; forgetting them
[nebula] 0 entity object(s) were destroyed without a despawn; forgetting them
[nebula] 0 entity object(s) were destroyed without a despawn; forgetting them
[nebula] 0 entity object(s) were destroyed without a despawn; forgetting them
[nebula] 0 entity object(s) were destroyed without a despawn; forgetting them
[nebula] 0 entity object(s) were destroyed without a despawn; forgetting them
[nebula] 0 entity object(s) were destroyed without a despawn; forgetting them
[nebula] 0 entity object(s) were destroyed without a despawn; forgetting them
[nebula] 0 entity object(s) were destroyed without a despawn; forgetting them
[nebula] 0 entity object(s) were destroyed without a despawn; forgetting them
[nebula] 0 entity object(s) were destroyed without a despawn; forgetting them
[nebula] 0 entity object(s) were destroyed without a despawn; forgetting them
[nebula] 0 entity object(s) were destroyed without a despawn; forgetting them
[nebula] 0 entity object(s) were destroyed without a despawn; forgetting them
[nebula] 0 entity object(s) were destroyed without a despawn; forgetting them
[nebula] 0 entity object(s) were destroyed without a despawn; forgetting them
[nebula] 0 entity object(s) were destroyed without a despawn; forgetting them
[nebula] 0 entity object(s) were destroyed without a despawn; forgetting them
[nebula] 0 entity object(s) were destroyed without a despawn; forgetting them
[nebula] 0 entity object(s) were destroyed without a despawn; forgetting them
[nebula] 0 entity object(s) were destroyed without a despawn; forgetting them
[nebula] 0 entity object(s) were destroyed without a despawn; forgetting them
[nebula] 0 entity object(s) were destroyed without a despawn; forgetting them
[nebula] spawned Prop(Clone)#281474976710662(e1,rt_4398046511105,auth)
[nebula] 0 entity object(s) were destroyed without a despawn; forgetting them
[nebula] 0 entity object(s) were destroyed without a despawn; forgetting them
[nebula] 0 entity object(s) were destroyed without a despawn; forgetting them
[nebula] 0 entity object(s) were destroyed without a despawn; forgetting them
[nebula] 0 entity object(s) were destroyed without a despawn; forgetting them
[nebula] 0 entity object(s) were destroyed without a despawn; forgetting them
[nebula] 0 entity object(s) were destroyed without a despawn; forgetting them
[nebula] 0 entity object(s) were destroyed without a despawn; forgetting them
[nebula] 0 entity object(s) were destroyed without a despawn; forgetting them
[nebula] 0 entity object(s) were destroyed without a despawn; forgetting them
[nebula] 0 entity object(s) were destroyed without a despawn; forgetting them
[nebula] 0 entity object(s) were destroyed without a despawn; forgetting them
[nebula] 0 entity object(s) were destroyed without a despawn; forgetting them
[nebula] 0 entity object(s) were destroyed without a despawn; forgetting them
[nebula] 0 entity object(s) were destroyed without a despawn; forgetting them
[nebula] 0 entity object(s) were destroyed without a despawn; forgetting them
[nebula] 0 entity object(s) were destroyed without a despawn; forgetting them
[nebula] 0 entity object(s) were destroyed without a despawn; forgetting them
[nebula] 0 entity object(s) were destroyed without a despawn; forgetting them
[nebula] 0 entity object(s) were destroyed without a despawn; forgetting them
[nebula] 0 entity object(s) were destroyed without a despawn; forgetting them
[nebula] 0 entity object(s) were destroyed without a despawn; forgetting them
[nebula] 0 entity object(s) were destroyed without a despawn; forgetting them
[nebula] 0 entity object(s) were destroyed without a despawn; forgetting them
[nebula] 0 entity object(s) were destroyed without a despawn; forgetting them
[nebula] 0 entity object(s) were destroyed without a despawn; forgetting them
[nebula] 0 entity object(s) were destroyed without a despawn; forgetting them
[nebula] 0 entity object(s) were destroyed without a despawn; forgetting them
[nebula] 0 entity object(s) were destroyed without a despawn; forgetting them
[nebula] 0 entity object(s) were destroyed without a despawn; forgetting them
[nebula] 0 entity object(s) were destroyed without a despawn; forgetting them
[nebula] 0 entity object(s) were destroyed without a despawn; forgetting them
[nebula] 0 entity object(s) were destroyed without a despawn; forgetting them
[nebula] 0 entity object(s) were destroyed without a despawn; forgetting them
[nebula] 0 entity object(s) were destroyed without a despawn; forgetting them
[nebula] spawned Prop(Clone)#281474976710663(e1,rt_4398046511104,auth)
[nebula] 0 entity object(s) were destroyed without a despawn; forgetting them
[nebula] 0 entity object(s) were destroyed without a despawn; forgetting them
[nebula] 0 entity object(s) were destroyed without a despawn; forgetting them
[nebula] 0 entity object(s) were destroyed without a despawn; forgetting them
[nebula] 0 entity object(s) were destroyed without a despawn; forgetting them
[nebula] 0 entity object(s) were destroyed without a despawn; forgetting them
[nebula] 0 entity object(s) were destroyed without a despawn; forgetting them
[nebula] 0 entity object(s) were destroyed without a despawn; forgetting them
[nebula] 0 entity object(s) were destroyed without a despawn; forgetting them
[nebula] 0 entity object(s) were destroyed without a despawn; forgetting them
[nebula] 0 entity object(s) were destroyed without a despawn; forgetting them
[nebula] 0 entity object(s) were destroyed without a despawn; forgetting them
[nebula] spawned Prop(Clone)#281474976710664(e1,rt_9223358842715242496,auth)
[nebula] 0 entity object(s) were destroyed without a despawn; forgetting them
[nebula] 0 entity object(s) were destroyed without a despawn; forgetting them
[nebula] 0 entity object(s) were destroyed without a despawn; forgetting them
[nebula] 0 entity object(s) were destroyed without a despawn; forgetting them
[nebula] 0 entity object(s) were destroyed without a despawn; forgetting them
[nebula] 0 entity object(s) were destroyed without a despawn; forgetting them
[nebula] 0 entity object(s) were destroyed without a despawn; forgetting them
[nebula] 0 entity object(s) were destroyed without a despawn; forgetting them
[nebula] 0 entity object(s) were destroyed without a despawn; forgetting them
[nebula] 0 entity object(s) were destroyed without a despawn; forgetting them
[nebula] 0 entity object(s) were destroyed without a despawn; forgetting them
[nebula] 0 entity object(s) were destroyed without a despawn; forgetting them
[nebula] 0 entity object(s) were destroyed without a despawn; forgetting them
[nebula] 0 entity object(s) were destroyed without a despawn; forgetting them
[nebula] 0 entity object(s) were destroyed without a despawn; forgetting them
[nebula] 0 entity object(s) were destroyed without a despawn; forgetting them
[nebula] 0 entity object(s) were destroyed without a despawn; forgetting them
[nebula] 0 entity object(s) were destroyed without a despawn; forgetting them
[nebula] 0 entity object(s) were destroyed without a despawn; forgetting them
[nebula] 0 entity object(s) were destroyed without a despawn; forgetting them
[nebula] 0 entity object(s) were destroyed without a despawn; forgetting them
[nebula] 0 entity object(s) were destroyed without a despawn; forgetting them
[nebula] 0 entity object(s) were destroyed without a despawn; forgetting them
[nebula] 0 entity object(s) were destroyed without a despawn; forgetting them
[nebula] 0 entity object(s) were destroyed without a despawn; forgetting them
[nebula] 0 entity object(s) were destroyed without a despawn; forgetting them
[nebula] 0 entity object(s) were destroyed without a despawn; forgetting them
[nebula] 0 entity object(s) were destroyed without a despawn; forgetting them
[nebula] 0 entity object(s) were destroyed without a despawn; forgetting them
[nebula] 0 entity object(s) were destroyed without a despawn; forgetting them
[nebula] 0 entity object(s) were destroyed without a despawn; forgetting them
[nebula] 0 entity object(s) were destroyed without a despawn; forgetting them
[nebula] 0 entity object(s) were destroyed without a despawn; forgetting them
[nebula] 0 entity object(s) were destroyed without a despawn; forgetting them
[nebula] 0 entity object(s) were destroyed without a despawn; forgetting them
[nebula] 0 entity object(s) were destroyed without a despawn; forgetting them
[nebula] 0 entity object(s) were destroyed without a despawn; forgetting them
[nebula] 0 entity object(s) were destroyed without a despawn; forgetting them
[nebula] 0 entity object(s) were destroyed without a despawn; forgetting them
[nebula] 0 entity object(s) were destroyed without a despawn; forgetting them
[nebula] 0 entity object(s) were destroyed without a despawn; forgetting them
[nebula] 0 entity object(s) were destroyed without a despawn; forgetting them
[nebula] 0 entity object(s) were destroyed without a despawn; forgetting them
[nebula] 0 entity object(s) were destroyed without a despawn; forgetting them
[nebula] 0 entity object(s) were destroyed without a despawn; forgetting them
[nebula] 0 entity object(s) were destroyed without a despawn; forgetting them
[nebula] 0 entity object(s) were destroyed without a despawn; forgetting them
[nebula] 0 entity object(s) were destroyed without a despawn; forgetting them
[nebula] 0 entity object(s) were destroyed without a despawn; forgetting them
[nebula] 0 entity object(s) were destroyed without a despawn; forgetting them
[nebula] 0 entity object(s) were destroyed without a despawn; forgetting them
[nebula] 0 entity object(s) were destroyed without a despawn; forgetting them
[nebula] 0 entity object(s) were destroyed without a despawn; forgetting them
[nebula] 0 entity object(s) were destroyed without a despawn; forgetting them
[nebula] 0 entity object(s) were destroyed without a despawn; forgetting them
[nebula] 0 entity object(s) were destroyed without a despawn; forgetting them
[nebula] 0 entity object(s) were destroyed without a despawn; forgetting them
[nebula] 0 entity object(s) were destroyed without a despawn; forgetting them
[nebula] 0 entity object(s) were destroyed without a despawn; forgetting them
[nebula] 0 entity object(s) were destroyed without a despawn; forgetting them
[nebula] 0 entity object(s) were destroyed without a despawn; forgetting them
[nebula] 0 entity object(s) were destroyed without a despawn; forgetting them
[nebula] 0 entity object(s) were destroyed without a despawn; forgetting them
[nebula] 0 entity object(s) were destroyed without a despawn; forgetting them
[nebula] 0 entity object(s) were destroyed without a despawn; forgetting them
[nebula] 0 entity object(s) were destroyed without a despawn; forgetting them
[nebula] 0 entity object(s) were destroyed without a despawn; forgetting them
[nebula] 0 entity object(s) were destroyed without a despawn; forgetting them
[nebula] 0 entity object(s) were destroyed without a despawn; forgetting them
[nebula] 0 entity object(s) were destroyed without a despawn; forgetting them
[nebula] 0 entity object(s) were destroyed without a despawn; forgetting them
[nebula] 0 entity object(s) were destroyed without a despawn; forgetting them
[nebula] 0 entity object(s) were destroyed without a despawn; forgetting them
[nebula] 0 entity object(s) were destroyed without a despawn; forgetting them
[nebula] 0 entity object(s) were destroyed without a despawn; forgetting them
[nebula] 0 entity object(s) were destroyed without a despawn; forgetting them
[nebula] 0 entity object(s) were destroyed without a despawn; forgetting them
[nebula] 0 entity object(s) were destroyed without a despawn; forgetting them
[nebula] 0 entity object(s) were destroyed without a despawn; forgetting them
[nebula] 0 entity object(s) were destroyed without a despawn; forgetting them
[nebula] 0 entity object(s) were destroyed without a despawn; forgetting them
[nebula] 0 entity object(s) were destroyed without a despawn; forgetting them
[nebula] 0 entity object(s) were destroyed without a despawn; forgetting them
[nebula] 0 entity object(s) were destroyed without a despawn; forgetting them
[nebula] 0 entity object(s) were destroyed without a despawn; forgetting them
[nebula] 0 entity object(s) were destroyed without a despawn; forgetting them
[nebula] 0 entity object(s) were destroyed without a despawn; forgetting them
[nebula] 0 entity object(s) were destroyed without a despawn; forgetting them
[nebula] 0 entity object(s) were destroyed without a despawn; forgetting them
[nebula] 0 entity object(s) were destroyed without a despawn; forgetting them
[nebula] 0 entity object(s) were destroyed without a despawn; forgetting them
[nebula] 0 entity object(s) were destroyed without a despawn; forgetting them
[nebula] 0 entity object(s) were destroyed without a despawn; forgetting them
[nebula] 0 entity object(s) were destroyed without a despawn; forgetting them
[nebula] 0 entity object(s) were destroyed without a despawn; forgetting them
[nebula] 0 entity object(s) were destroyed without a despawn; forgetting them
[nebula] 0 entity object(s) were destroyed without a despawn; forgetting them
[nebula] 0 entity object(s) were destroyed without a despawn; forgetting them
[nebula] 0 entity object(s) were destroyed without a despawn; forgetting them
[nebula] 0 entity object(s) were destroyed without a despawn; forgetting them
[nebula] 0 entity object(s) were destroyed without a despawn; forgetting them
[nebula] 0 entity object(s) were destroyed without a despawn; forgetting them
[nebula] 0 entity object(s) were destroyed without a despawn; forgetting them
[nebula] 0 entity object(s) were destroyed without a despawn; forgetting them
[nebula] 0 entity object(s) were destroyed without a despawn; forgetting them
[nebula] 0 entity object(s) were destroyed without a despawn; forgetting them
[nebula] 0 entity object(s) were destroyed without a despawn; forgetting them
[nebula] 0 entity object(s) were destroyed without a despawn; forgetting them
[nebula] 0 entity object(s) were destroyed without a despawn; forgetting them
[nebula] 0 entity object(s) were destroyed without a despawn; forgetting them
[nebula] 0 entity object(s) were destroyed without a despawn; forgetting them
[nebula] 0 entity object(s) were destroyed without a despawn; forgetting them
[nebula] 0 entity object(s) were destroyed without a despawn; forgetting them
[nebula] 0 entity object(s) were destroyed without a despawn; forgetting them
[nebula] 0 entity object(s) were destroyed without a despawn; forgetting them
[nebula] 0 entity object(s) were destroyed without a despawn; forgetting them
[nebula] 0 entity object(s) were destroyed without a despawn; forgetting them
[nebula] 0 entity object(s) were destroyed without a despawn; forgetting them
[nebula] 0 entity object(s) were destroyed without a despawn; forgetting them
[nebula] 0 entity object(s) were destroyed without a despawn; forgetting them
[nebula] 0 entity object(s) were destroyed without a despawn; forgetting them
[nebula] 0 entity object(s) were destroyed without a despawn; forgetting them
[nebula] 0 entity object(s) were destroyed without a despawn; forgetting them
[nebula] 0 entity object(s) were destroyed without a despawn; forgetting them
[nebula] 0 entity object(s) were destroyed without a despawn; forgetting them
[nebula] 0 entity object(s) were destroyed without a despawn; forgetting them
[nebula] 0 entity object(s) were destroyed without a despawn; forgetting them
[nebula] 0 entity object(s) were destroyed without a despawn; forgetting them
[nebula] 0 entity object(s) were destroyed without a despawn; forgetting them
[nebula] 0 entity object(s) were destroyed without a despawn; forgetting them
[nebula] 0 entity object(s) were destroyed without a despawn; forgetting them
[nebula] 0 entity object(s) were destroyed without a despawn; forgetting them
[nebula] 0 entity object(s) were destroyed without a despawn; forgetting them
[nebula] 0 entity object(s) were destroyed without a despawn; forgetting them
[nebula] 0 entity object(s) were destroyed without a despawn; forgetting them
[nebula] 0 entity object(s) were destroyed without a despawn; forgetting them
[nebula] 0 entity object(s) were destroyed without a despawn; forgetting them
[nebula] 0 entity object(s) were destroyed without a despawn; forgetting them
[nebula] 0 entity object(s) were destroyed without a despawn; forgetting them
[nebula] 0 entity object(s) were destroyed without a despawn; forgetting them
[nebula] 0 entity object(s) were destroyed without a despawn; forgetting them
[nebula] 0 entity object(s) were destroyed without a despawn; forgetting them
[nebula] 0 entity object(s) were destroyed without a despawn; forgetting them
[nebula] 0 entity object(s) were destroyed without a despawn; forgetting them
[nebula] 0 entity object(s) were destroyed without a despawn; forgetting them
[nebula] 0 entity object(s) were destroyed without a despawn; forgetting them
[nebula] 0 entity object(s) were destroyed without a despawn; forgetting them
[nebula] 0 entity object(s) were destroyed without a despawn; forgetting them
[nebula] 0 entity object(s) were destroyed without a despawn; forgetting them
[nebula] 0 entity object(s) were destroyed without a despawn; forgetting them
[nebula] 0 entity object(s) were destroyed without a despawn; forgetting them
[nebula] 0 entity object(s) were destroyed without a despawn; forgetting them
[nebula] 0 entity object(s) were destroyed without a despawn; forgetting them
[nebula] 0 entity object(s) were destroyed without a despawn; forgetting them
[nebula] 0 entity object(s) were destroyed without a despawn; forgetting them
[nebula] 0 entity object(s) were destroyed without a despawn; forgetting them
[nebula] 0 entity object(s) were destroyed without a despawn; forgetting them
[nebula] 0 entity object(s) were destroyed without a despawn; forgetting them
[nebula] 0 entity object(s) were destroyed without a despawn; forgetting them
[nebula] 0 entity object(s) were destroyed without a despawn; forgetting them
[nebula] 0 entity object(s) were destroyed without a despawn; forgetting them
[nebula] 0 entity object(s) were destroyed without a despawn; forgetting them
[nebula] 0 entity object(s) were destroyed without a despawn; forgetting them
[nebula] 0 entity object(s) were destroyed without a despawn; forgetting them
[nebula] 0 entity object(s) were destroyed without a despawn; forgetting them
[nebula] 0 entity object(s) were destroyed without a despawn; forgetting them
[nebula] 0 entity object(s) were destroyed without a despawn; forgetting them
[nebula] 0 entity object(s) were destroyed without a despawn; forgetting them
[nebula] 0 entity object(s) were destroyed without a despawn; forgetting them
[nebula] 0 entity object(s) were destroyed without a despawn; forgetting them
[nebula] 0 entity object(s) were destroyed without a despawn; forgetting them
[nebula] 0 entity object(s) were destroyed without a despawn; forgetting them
[nebula] 0 entity object(s) were destroyed without a despawn; forgetting them
[nebula] 0 entity object(s) were destroyed without a despawn; forgetting them
[nebula] 0 entity object(s) were destroyed without a despawn; forgetting them
[nebula] 0 entity object(s) were destroyed without a despawn; forgetting them
[nebula] 0 entity object(s) were destroyed without a despawn; forgetting them
[nebula] 0 entity object(s) were destroyed without a despawn; forgetting them
[nebula] 0 entity object(s) were destroyed without a despawn; forgetting them
[nebula] 0 entity object(s) were destroyed without a despawn; forgetting them
[nebula] 0 entity object(s) were destroyed without a despawn; forgetting them
[nebula] 0 entity object(s) were destroyed without a despawn; forgetting them
[nebula] 0 entity object(s) were destroyed without a despawn; forgetting them
[nebula] 0 entity object(s) were destroyed without a despawn; forgetting them
[nebula] 0 entity object(s) were destroyed without a despawn; forgetting them
[nebula] 0 entity object(s) were destroyed without a despawn; forgetting them
[nebula] 0 entity object(s) were destroyed without a despawn; forgetting them
[nebula] 0 entity object(s) were destroyed without a despawn; forgetting them
[nebula] 0 entity object(s) were destroyed without a despawn; forgetting them
[nebula] profile 300 ticks/5s 300 frames avg 0.5ms max 2.2ms dup 0 skip 0 gc 33 auth 12 ghosts 0 | poll=0.01 ghosts=0.00 physics.sync=0.00 simulate=0.01 poses=0.03 containers=0.28 band=0.02 publish=0.02 gap=16.21 interest=0.01
[nebula] 0 entity object(s) were destroyed without a despawn; forgetting them
[nebula] 0 entity object(s) were destroyed without a despawn; forgetting them
[nebula] 0 entity object(s) were destroyed without a despawn; forgetting them
[nebula] 0 entity object(s) were destroyed without a despawn; forgetting them
[nebula] 0 entity object(s) were destroyed without a despawn; forgetting them
[nebula] 0 entity object(s) were destroyed without a despawn; forgetting them
[nebula] 0 entity object(s) were destroyed without a despawn; forgetting them
[nebula] 0 entity object(s) were destroyed without a despawn; forgetting them
[nebula] 0 entity object(s) were destroyed without a despawn; forgetting them
[nebula] 0 entity object(s) were destroyed without a despawn; forgetting them
[nebula] 0 entity object(s) were destroyed without a despawn; forgetting them
[nebula] 0 entity object(s) were destroyed without a despawn; forgetting them
[nebula] 0 entity object(s) were destroyed without a despawn; forgetting them
[nebula] 0 entity object(s) were destroyed without a despawn; forgetting them
[nebula] 0 entity object(s) were destroyed without a despawn; forgetting them
[nebula] 0 entity object(s) were destroyed without a despawn; forgetting them
[nebula] 0 entity object(s) were destroyed without a despawn; forgetting them
[nebula] 0 entity object(s) were destroyed without a despawn; forgetting them
[nebula] 0 entity object(s) were destroyed without a despawn; forgetting them
[nebula] 0 entity object(s) were destroyed without a despawn; forgetting them
[nebula] 0 entity object(s) were destroyed without a despawn; forgetting them
[nebula] 0 entity object(s) were destroyed without a despawn; forgetting them
[nebula] 0 entity object(s) were destroyed without a despawn; forgetting them
[nebula] 0 entity object(s) were destroyed without a despawn; forgetting them
[nebula] 0 entity object(s) were destroyed without a despawn; forgetting them
[nebula] 0 entity object(s) were destroyed without a despawn; forgetting them
[nebula] 0 entity object(s) were destroyed without a despawn; forgetting them
[nebula] 0 entity object(s) were destroyed without a despawn; forgetting them
[nebula] 0 entity object(s) were destroyed without a despawn; forgetting them
[nebula] 0 entity object(s) were destroyed without a despawn; forgetting them
[nebula] 0 entity object(s) were destroyed without a despawn; forgetting them
[nebula] 0 entity object(s) were destroyed without a despawn; forgetting them
[nebula] 0 entity object(s) were destroyed without a despawn; forgetting them
[nebula] 0 entity object(s) were destroyed without a despawn; forgetting them
[nebula] 0 entity object(s) were destroyed without a despawn; forgetting them
[nebula] 0 entity object(s) were destroyed without a despawn; forgetting them
[nebula] 0 entity object(s) were destroyed without a despawn; forgetting them
[nebula] 0 entity object(s) were destroyed without a despawn; forgetting them
[nebula] 0 entity object(s) were destroyed without a despawn; forgetting them
[nebula] 0 entity object(s) were destroyed without a despawn; forgetting them
[nebula] 0 entity object(s) were destroyed without a despawn; forgetting them
[nebula] 0 entity object(s) were destroyed without a despawn; forgetting them
[nebula] 0 entity object(s) were destroyed without a despawn; forgetting them
[nebula] 0 entity object(s) were destroyed without a despawn; forgetting them
[nebula] 0 entity object(s) were destroyed without a despawn; forgetting them
[nebula] 0 entity object(s) were destroyed without a despawn; forgetting them
[nebula] 0 entity object(s) were destroyed without a despawn; forgetting them
[nebula] 0 entity object(s) were destroyed without a despawn; forgetting them
[nebula] 0 entity object(s) were destroyed without a despawn; forgetting them
[nebula] 0 entity object(s) were destroyed without a despawn; forgetting them
[nebula] 0 entity object(s) were destroyed without a despawn; forgetting them
[nebula] 0 entity object(s) were destroyed without a despawn; forgetting them
[nebula] 0 entity object(s) were destroyed without a despawn; forgetting them
[nebula] 0 entity object(s) were destroyed without a despawn; forgetting them
[nebula] spawned Prop(Clone)#281474976710665(e1,rt_4398046511105,auth)
[nebula] 0 entity object(s) were destroyed without a despawn; forgetting them
[nebula] 0 entity object(s) were destroyed without a despawn; forgetting them
[nebula] 0 entity object(s) were destroyed without a despawn; forgetting them
[nebula] 0 entity object(s) were destroyed without a despawn; forgetting them
[nebula] 0 entity object(s) were destroyed without a despawn; forgetting them
[nebula] 0 entity object(s) were destroyed without a despawn; forgetting them
[nebula] 0 entity object(s) were destroyed without a despawn; forgetting them
[nebula] 0 entity object(s) were destroyed without a despawn; forgetting them
[nebula] 0 entity object(s) were destroyed without a despawn; forgetting them
[nebula] 0 entity object(s) were destroyed without a despawn; forgetting them
[nebula] 0 entity object(s) were destroyed without a despawn; forgetting them
[nebula] 0 entity object(s) were destroyed without a despawn; forgetting them
[nebula] 0 entity object(s) were destroyed without a despawn; forgetting them
[nebula] 0 entity object(s) were destroyed without a despawn; forgetting them
[nebula] 0 entity object(s) were destroyed without a despawn; forgetting them
[nebula] 0 entity object(s) were destroyed without a despawn; forgetting them
[nebula] 0 entity object(s) were destroyed without a despawn; forgetting them
[nebula] 0 entity object(s) were destroyed without a despawn; forgetting them
[nebula] 0 entity object(s) were destroyed without a despawn; forgetting them
[nebula] 0 entity object(s) were destroyed without a despawn; forgetting them
[nebula] 0 entity object(s) were destroyed without a despawn; forgetting them
[nebula] 0 entity object(s) were destroyed without a despawn; forgetting them
[nebula] 0 entity object(s) were destroyed without a despawn; forgetting them
[nebula] 0 entity object(s) were destroyed without a despawn; forgetting them
[nebula] 0 entity object(s) were destroyed without a despawn; forgetting them
[nebula] 0 entity object(s) were destroyed without a despawn; forgetting them
[nebula] 0 entity object(s) were destroyed without a despawn; forgetting them
[nebula] 0 entity object(s) were destroyed without a despawn; forgetting them
[nebula] 0 entity object(s) were destroyed without a despawn; forgetting them
[nebula] 0 entity object(s) were destroyed without a despawn; forgetting them
[nebula] 0 entity object(s) were destroyed without a despawn; forgetting them
[nebula] 0 entity object(s) were destroyed without a despawn; forgetting them
[nebula] 0 entity object(s) were destroyed without a despawn; forgetting them
[nebula] 0 entity object(s) were destroyed without a despawn; forgetting them
[nebula] 0 entity object(s) were destroyed without a despawn; forgetting them
[nebula] 0 entity object(s) were destroyed without a despawn; forgetting them
[nebula] 0 entity object(s) were destroyed without a despawn; forgetting them
[nebula] 0 entity object(s) were destroyed without a despawn; forgetting them
[nebula] 0 entity object(s) were destroyed without a despawn; forgetting them
[nebula] 0 entity object(s) were destroyed without a despawn; forgetting them
[nebula] 0 entity object(s) were destroyed without a despawn; forgetting them
[nebula] 0 entity object(s) were destroyed without a despawn; forgetting them
[nebula] 0 entity object(s) were destroyed without a despawn; forgetting them
[nebula] 0 entity object(s) were destroyed without a despawn; forgetting them
[nebula] 0 entity object(s) were destroyed without a despawn; forgetting them
[nebula] 0 entity object(s) were destroyed without a despawn; forgetting them
[nebula] 0 entity object(s) were destroyed without a despawn; forgetting them
[nebula] 0 entity object(s) were destroyed without a despawn; forgetting them
[nebula] 0 entity object(s) were destroyed without a despawn; forgetting them
[nebula] 0 entity object(s) were destroyed without a despawn; forgetting them
[nebula] 0 entity object(s) were destroyed without a despawn; forgetting them
[nebula] 0 entity object(s) were destroyed without a despawn; forgetting them
[nebula] 0 entity object(s) were destroyed without a despawn; forgetting them
[nebula] 0 entity object(s) were destroyed without a despawn; forgetting them
[nebula] 0 entity object(s) were destroyed without a despawn; forgetting them
[nebula] 0 entity object(s) were destroyed without a despawn; forgetting them
[nebula] 0 entity object(s) were destroyed without a despawn; forgetting them
[nebula] 0 entity object(s) were destroyed without a despawn; forgetting them
[nebula] 0 entity object(s) were destroyed without a despawn; forgetting them
[nebula] 0 entity object(s) were destroyed without a despawn; forgetting them
[nebula] 0 entity object(s) were destroyed without a despawn; forgetting them
[nebula] 0 entity object(s) were destroyed without a despawn; forgetting them
[nebula] 0 entity object(s) were destroyed without a despawn; forgetting them
[nebula] 0 entity object(s) were destroyed without a despawn; forgetting them
[nebula] 0 entity object(s) were destroyed without a despawn; forgetting them
[nebula] 0 entity object(s) were destroyed without a despawn; forgetting them
[nebula] 0 entity object(s) were destroyed without a despawn; forgetting them
[nebula] 0 entity object(s) were destroyed without a despawn; forgetting them
[nebula] 0 entity object(s) were destroyed without a despawn; forgetting them
[nebula] 0 entity object(s) were destroyed without a despawn; forgetting them
[nebula] 0 entity object(s) were destroyed without a despawn; forgetting them
[nebula] 0 entity object(s) were destroyed without a despawn; forgetting them
[nebula] 0 entity object(s) were destroyed without a despawn; forgetting them
[nebula] 0 entity object(s) were destroyed without a despawn; forgetting them
[nebula] 0 entity object(s) were destroyed without a despawn; forgetting them
[nebula] 0 entity object(s) were destroyed without a despawn; forgetting them
[nebula] 0 entity object(s) were destroyed without a despawn; forgetting them
[nebula] 0 entity object(s) were destroyed without a despawn; forgetting them
[nebula] 0 entity object(s) were destroyed without a despawn; forgetting them
[nebula] 0 entity object(s) were destroyed without a despawn; forgetting them
[nebula] 0 entity object(s) were destroyed without a despawn; forgetting them
[nebula] 0 entity object(s) were destroyed without a despawn; forgetting them
[nebula] 0 entity object(s) were destroyed without a despawn; forgetting them
[nebula] 0 entity object(s) were destroyed without a despawn; forgetting them
[nebula] 0 entity object(s) were destroyed without a despawn; forgetting them
[nebula] 0 entity object(s) were destroyed without a despawn; forgetting them
[nebula] 0 entity object(s) were destroyed without a despawn; forgetting them
[nebula] 0 entity object(s) were destroyed without a despawn; forgetting them
[nebula] 0 entity object(s) were destroyed without a despawn; forgetting them
[nebula] 0 entity object(s) were destroyed without a despawn; forgetting them
[nebula] 0 entity object(s) were destroyed without a despawn; forgetting them
[nebula] 0 entity object(s) were destroyed without a despawn; forgetting them
[nebula] 0 entity object(s) were destroyed without a despawn; forgetting them
[nebula] 0 entity object(s) were destroyed without a despawn; forgetting them
[nebula] 0 entity object(s) were destroyed without a despawn; forgetting them
[nebula] 0 entity object(s) were destroyed without a despawn; forgetting them
[nebula] 0 entity object(s) were destroyed without a despawn; forgetting them
[nebula] 0 entity object(s) were destroyed without a despawn; forgetting them
[nebula] 0 entity object(s) were destroyed without a despawn; forgetting them
[nebula] 0 entity object(s) were destroyed without a despawn; forgetting them
[nebula] 0 entity object(s) were destroyed without a despawn; forgetting them
[nebula] 0 entity object(s) were destroyed without a despawn; forgetting them
[nebula] 0 entity object(s) were destroyed without a despawn; forgetting them
[nebula] 0 entity object(s) were destroyed without a despawn; forgetting them
[nebula] 0 entity object(s) were destroyed without a despawn; forgetting them
[nebula] 0 entity object(s) were destroyed without a despawn; forgetting them
[nebula] 0 entity object(s) were destroyed without a despawn; forgetting them
[nebula] 0 entity object(s) were destroyed without a despawn; forgetting them
[nebula] 0 entity object(s) were destroyed without a despawn; forgetting them
[nebula] 0 entity object(s) were destroyed without a despawn; forgetting them
[nebula] 0 entity object(s) were destroyed without a despawn; forgetting them
[nebula] 0 entity object(s) were destroyed without a despawn; forgetting them
[nebula] 0 entity object(s) were destroyed without a despawn; forgetting them
[nebula] 0 entity object(s) were destroyed without a despawn; forgetting them
[nebula] 0 entity object(s) were destroyed without a despawn; forgetting them
[nebula] 0 entity object(s) were destroyed without a despawn; forgetting them
[nebula] 0 entity object(s) were destroyed without a despawn; forgetting them
[nebula] 0 entity object(s) were destroyed without a despawn; forgetting them
[nebula] 0 entity object(s) were destroyed without a despawn; forgetting them
[nebula] 0 entity object(s) were destroyed without a despawn; forgetting them
[nebula] 0 entity object(s) were destroyed without a despawn; forgetting them
[nebula] 0 entity object(s) were destroyed without a despawn; forgetting them
[nebula] 0 entity object(s) were destroyed without a despawn; forgetting them
[nebula] 0 entity object(s) were destroyed without a despawn; forgetting them
[nebula] 0 entity object(s) were destroyed without a despawn; forgetting them
[nebula] 0 entity object(s) were destroyed without a despawn; forgetting them
[nebula] 0 entity object(s) were destroyed without a despawn; forgetting them
[nebula] 0 entity object(s) were destroyed without a despawn; forgetting them
[nebula] 0 entity object(s) were destroyed without a despawn; forgetting them
[nebula] 0 entity object(s) were destroyed without a despawn; forgetting them
[nebula] 0 entity object(s) were destroyed without a despawn; forgetting them
[nebula] 0 entity object(s) were destroyed without a despawn; forgetting them
[nebula] 0 entity object(s) were destroyed without a despawn; forgetting them
[nebula] 0 entity object(s) were destroyed without a despawn; forgetting them
[nebula] 0 entity object(s) were destroyed without a despawn; forgetting them
[nebula] 0 entity object(s) were destroyed without a despawn; forgetting them
[nebula] 0 entity object(s) were destroyed without a despawn; forgetting them
[nebula] 0 entity object(s) were destroyed without a despawn; forgetting them
[nebula] 0 entity object(s) were destroyed without a despawn; forgetting them
[nebula] 0 entity object(s) were destroyed without a despawn; forgetting them
[nebula] 0 entity object(s) were destroyed without a despawn; forgetting them
[nebula] 0 entity object(s) were destroyed without a despawn; forgetting them
[nebula] 0 entity object(s) were destroyed without a despawn; forgetting them
[nebula] 0 entity object(s) were destroyed without a despawn; forgetting them
[nebula] 0 entity object(s) were destroyed without a despawn; forgetting them
[nebula] 0 entity object(s) were destroyed without a despawn; forgetting them
[nebula] 0 entity object(s) were destroyed without a despawn; forgetting them
[nebula] 0 entity object(s) were destroyed without a despawn; forgetting them
[nebula] 0 entity object(s) were destroyed without a despawn; forgetting them
[nebula] 0 entity object(s) were destroyed without a despawn; forgetting them
[nebula] 0 entity object(s) were destroyed without a despawn; forgetting them
[nebula] 0 entity object(s) were destroyed without a despawn; forgetting them
[nebula] 0 entity object(s) were destroyed without a despawn; forgetting them
[nebula] 0 entity object(s) were destroyed without a despawn; forgetting them
[nebula] 0 entity object(s) were destroyed without a despawn; forgetting them
[nebula] 0 entity object(s) were destroyed without a despawn; forgetting them
[nebula] 0 entity object(s) were destroyed without a despawn; forgetting them
[nebula] 0 entity object(s) were destroyed without a despawn; forgetting them
[nebula] 0 entity object(s) were destroyed without a despawn; forgetting them
[nebula] 0 entity object(s) were destroyed without a despawn; forgetting them
[nebula] 0 entity object(s) were destroyed without a despawn; forgetting them
[nebula] 0 entity object(s) were destroyed without a despawn; forgetting them
[nebula] 0 entity object(s) were destroyed without a despawn; forgetting them
[nebula] 0 entity object(s) were destroyed without a despawn; forgetting them
[nebula] 0 entity object(s) were destroyed without a despawn; forgetting them
[nebula] 0 entity object(s) were destroyed without a despawn; forgetting them
[nebula] 0 entity object(s) were destroyed without a despawn; forgetting them
[nebula] 0 entity object(s) were destroyed without a despawn; forgetting them
[nebula] 0 entity object(s) were destroyed without a despawn; forgetting them
[nebula] 0 entity object(s) were destroyed without a despawn; forgetting them
[nebula] 0 entity object(s) were destroyed without a despawn; forgetting them
[nebula] 0 entity object(s) were destroyed without a despawn; forgetting them
[nebula] 0 entity object(s) were destroyed without a despawn; forgetting them
[nebula] 0 entity object(s) were destroyed without a despawn; forgetting them
[nebula] 0 entity object(s) were destroyed without a despawn; forgetting them
[nebula] 0 entity object(s) were destroyed without a despawn; forgetting them
[nebula] 0 entity object(s) were destroyed without a despawn; forgetting them
[nebula] 0 entity object(s) were destroyed without a despawn; forgetting them
[nebula] 0 entity object(s) were destroyed without a despawn; forgetting them
[nebula] 0 entity object(s) were destroyed without a despawn; forgetting them
[nebula] 0 entity object(s) were destroyed without a despawn; forgetting them
[nebula] 0 entity object(s) were destroyed without a despawn; forgetting them
[nebula] 0 entity object(s) were destroyed without a despawn; forgetting them
[nebula] 0 entity object(s) were destroyed without a despawn; forgetting them
[nebula] 0 entity object(s) were destroyed without a despawn; forgetting them
[nebula] 0 entity object(s) were destroyed without a despawn; forgetting them
[nebula] 0 entity object(s) were destroyed without a despawn; forgetting them
[nebula] 0 entity object(s) were destroyed without a despawn; forgetting them
[nebula] 0 entity object(s) were destroyed without a despawn; forgetting them
[nebula] 0 entity object(s) were destroyed without a despawn; forgetting them
[nebula] 0 entity object(s) were destroyed without a despawn; forgetting them
[nebula] 0 entity object(s) were destroyed without a despawn; forgetting them
[nebula] local handover Player(Clone)#844424930131969(e2,rt_9223363240761753600,auth) rt_9223358842715242496 -> rt_9223363240761753600
[nebula] 0 entity object(s) were destroyed without a despawn; forgetting them
[nebula] 0 entity object(s) were destroyed without a despawn; forgetting them
[nebula] 0 entity object(s) were destroyed without a despawn; forgetting them
[nebula] 0 entity object(s) were destroyed without a despawn; forgetting them
[nebula] 0 entity object(s) were destroyed without a despawn; forgetting them
[nebula] 0 entity object(s) were destroyed without a despawn; forgetting them
[nebula] 0 entity object(s) were destroyed without a despawn; forgetting them
[nebula] 0 entity object(s) were destroyed without a despawn; forgetting them
[nebula] 0 entity object(s) were destroyed without a despawn; forgetting them
[nebula] 0 entity object(s) were destroyed without a despawn; forgetting them
[nebula] 0 entity object(s) were destroyed without a despawn; forgetting them
[nebula] 0 entity object(s) were destroyed without a despawn; forgetting them
[nebula] 0 entity object(s) were destroyed without a despawn; forgetting them
[nebula] 0 entity object(s) were destroyed without a despawn; forgetting them
[nebula] 0 entity object(s) were destroyed without a despawn; forgetting them
[nebula] 0 entity object(s) were destroyed without a despawn; forgetting them
[nebula] 0 entity object(s) were destroyed without a despawn; forgetting them
[nebula] 0 entity object(s) were destroyed without a despawn; forgetting them
[nebula] 0 entity object(s) were destroyed without a despawn; forgetting them
[nebula] 0 entity object(s) were destroyed without a despawn; forgetting them
[nebula] 0 entity object(s) were destroyed without a despawn; forgetting them
[nebula] 0 entity object(s) were destroyed without a despawn; forgetting them
[nebula] 0 entity object(s) were destroyed without a despawn; forgetting them
[nebula] 0 entity object(s) were destroyed without a despawn; forgetting them
[nebula] 0 entity object(s) were destroyed without a despawn; forgetting them
[nebula] 0 entity object(s) were destroyed without a despawn; forgetting them
[nebula] 0 entity object(s) were destroyed without a despawn; forgetting them
[nebula] 0 entity object(s) were destroyed without a despawn; forgetting them
[nebula] 0 entity object(s) were destroyed without a despawn; forgetting them
[nebula] 0 entity object(s) were destroyed without a despawn; forgetting them
[nebula] 0 entity object(s) were destroyed without a despawn; forgetting them
[nebula] 0 entity object(s) were destroyed without a despawn; forgetting them
[nebula] 0 entity object(s) were destroyed without a despawn; forgetting them
[nebula] 0 entity object(s) were destroyed without a despawn; forgetting them
[nebula] 0 entity object(s) were destroyed without a despawn; forgetting them
[nebula] 0 entity object(s) were destroyed without a despawn; forgetting them
[nebula] 0 entity object(s) were destroyed without a despawn; forgetting them
[nebula] 0 entity object(s) were destroyed without a despawn; forgetting them
[nebula] 0 entity object(s) were destroyed without a despawn; forgetting them
[nebula] local handover Player bot4 (3825002173356310532)#281474976710658(e1,rt_0,auth) rt_4398046511104 -> rt_0
[nebula] 0 entity object(s) were destroyed without a despawn; forgetting them
[nebula] 0 entity object(s) were destroyed without a despawn; forgetting them
[nebula] 0 entity object(s) were destroyed without a despawn; forgetting them
[nebula] 0 entity object(s) were destroyed without a despawn; forgetting them
[nebula] 0 entity object(s) were destroyed without a despawn; forgetting them
[nebula] 0 entity object(s) were destroyed without a despawn; forgetting them
[nebula] 0 entity object(s) were destroyed without a despawn; forgetting them
[nebula] 0 entity object(s) were destroyed without a despawn; forgetting them
[nebula] 0 entity object(s) were destroyed without a despawn; forgetting them
[nebula] 0 entity object(s) were destroyed without a despawn; forgetting them
[nebula] 0 entity object(s) were destroyed without a despawn; forgetting them
[nebula] 0 entity object(s) were destroyed without a despawn; forgetting them
[nebula] 0 entity object(s) were destroyed without a despawn; forgetting them
[nebula] 0 entity object(s) were destroyed without a despawn; forgetting them
[nebula] 0 entity object(s) were destroyed without a despawn; forgetting them
[nebula] profile 300 ticks/5s 300 frames avg 0.5ms max 0.8ms dup 0 skip 0 gc 19 auth 13 ghosts 0 | poll=0.02 ghosts=0.00 physics.sync=0.00 simulate=0.01 poses=0.03 containers=0.32 band=0.02 publish=0.02 gap=16.17 interest=0.01
[nebula] 0 entity object(s) were destroyed without a despawn; forgetting them
[nebula] 0 entity object(s) were destroyed without a despawn; forgetting them
[nebula] 0 entity object(s) were destroyed without a despawn; forgetting them
[nebula] 0 entity object(s) were destroyed without a despawn; forgetting them
[nebula] 0 entity object(s) were destroyed without a despawn; forgetting them
[nebula] 0 entity object(s) were destroyed without a despawn; forgetting them
[nebula] 0 entity object(s) were destroyed without a despawn; forgetting them
[nebula] 0 entity object(s) were destroyed without a despawn; forgetting them
[nebula] 0 entity object(s) were destroyed without a despawn; forgetting them
[nebula] 0 entity object(s) were destroyed without a despawn; forgetting them
[nebula] 0 entity object(s) were destroyed without a despawn; forgetting them
[nebula] 0 entity object(s) were destroyed without a despawn; forgetting them
[nebula] 0 entity object(s) were destroyed without a despawn; forgetting them
[nebula] 0 entity object(s) were destroyed without a despawn; forgetting them
[nebula] 0 entity object(s) were destroyed without a despawn; forgetting them
[nebula] 0 entity object(s) were destroyed without a despawn; forgetting them
[nebula] 0 entity object(s) were destroyed without a despawn; forgetting them
[nebula] 0 entity object(s) were destroyed without a despawn; forgetting them
[nebula] 0 entity object(s) were destroyed without a despawn; forgetting them
[nebula] 0 entity object(s) were destroyed without a despawn; forgetting them
[nebula] 0 entity object(s) were destroyed without a despawn; forgetting them
[nebula] 0 entity object(s) were destroyed without a despawn; forgetting them
[nebula] 0 entity object(s) were destroyed without a despawn; forgetting them
[nebula] 0 entity object(s) were destroyed without a despawn; forgetting them
[nebula] 0 entity object(s) were destroyed without a despawn; forgetting them
[nebula] 0 entity object(s) were destroyed without a despawn; forgetting them
[nebula] 0 entity object(s) were destroyed without a despawn; forgetting them
[nebula] 0 entity object(s) were destroyed without a despawn; forgetting them
[nebula] 0 entity object(s) were destroyed without a despawn; forgetting them
[nebula] 0 entity object(s) were destroyed without a despawn; forgetting them
[nebula] 0 entity object(s) were destroyed without a despawn; forgetting them
[nebula] 0 entity object(s) were destroyed without a despawn; forgetting them
[nebula] 0 entity object(s) were destroyed without a despawn; forgetting them
[nebula] 0 entity object(s) were destroyed without a despawn; forgetting them
[nebula] 0 entity object(s) were destroyed without a despawn; forgetting them
[nebula] 0 entity object(s) were destroyed without a despawn; forgetting them
[nebula] 0 entity object(s) were destroyed without a despawn; forgetting them
[nebula] 0 entity object(s) were destroyed without a despawn; forgetting them
[nebula] 0 entity object(s) were destroyed without a despawn; forgetting them
[nebula] 0 entity object(s) were destroyed without a despawn; forgetting them
[nebula] 0 entity object(s) were destroyed without a despawn; forgetting them
[nebula] 0 entity object(s) were destroyed without a despawn; forgetting them
[nebula] 0 entity object(s) were destroyed without a despawn; forgetting them
[nebula] 0 entity object(s) were destroyed without a despawn; forgetting them
[nebula] 0 entity object(s) were destroyed without a despawn; forgetting them
[nebula] 0 entity object(s) were destroyed without a despawn; forgetting them
[nebula] 0 entity object(s) were destroyed without a despawn; forgetting them
[nebula] 0 entity object(s) were destroyed without a despawn; forgetting them
[nebula] 0 entity object(s) were destroyed without a despawn; forgetting them
[nebula] 0 entity object(s) were destroyed without a despawn; forgetting them
[nebula] 0 entity object(s) were destroyed without a despawn; forgetting them
[nebula] 0 entity object(s) were destroyed without a despawn; forgetting them
[nebula] 0 entity object(s) were destroyed without a despawn; forgetting them
[nebula] 0 entity object(s) were destroyed without a despawn; forgetting them
[nebula] 0 entity object(s) were destroyed without a despawn; forgetting them
[nebula] 0 entity object(s) were destroyed without a despawn; forgetting them
[nebula] 0 entity object(s) were destroyed without a despawn; forgetting them
[nebula] 0 entity object(s) were destroyed without a despawn; forgetting them
[nebula] 0 entity object(s) were destroyed without a despawn; forgetting them
[nebula] 0 entity object(s) were destroyed without a despawn; forgetting them
[nebula] 0 entity object(s) were destroyed without a despawn; forgetting them
[nebula] 0 entity object(s) were destroyed without a despawn; forgetting them
[nebula] 0 entity object(s) were destroyed without a despawn; forgetting them
[nebula] 0 entity object(s) were destroyed without a despawn; forgetting them
[nebula] 0 entity object(s) were destroyed without a despawn; forgetting them
[nebula] 0 entity object(s) were destroyed without a despawn; forgetting them
[nebula] 0 entity object(s) were destroyed without a despawn; forgetting them
[nebula] 0 entity object(s) were destroyed without a despawn; forgetting them
[nebula] 0 entity object(s) were destroyed without a despawn; forgetting them
[nebula] 0 entity object(s) were destroyed without a despawn; forgetting them
[nebula] 0 entity object(s) were destroyed without a despawn; forgetting them
[nebula] 0 entity object(s) were destroyed without a despawn; forgetting them
[nebula] 0 entity object(s) were destroyed without a despawn; forgetting them
[nebula] 0 entity object(s) were destroyed without a despawn; forgetting them
[nebula] 0 entity object(s) were destroyed without a despawn; forgetting them
[nebula] 0 entity object(s) were destroyed without a despawn; forgetting them
[nebula] 0 entity object(s) were destroyed without a despawn; forgetting them
[nebula] 0 entity object(s) were destroyed without a despawn; forgetting them
[nebula] 0 entity object(s) were destroyed without a despawn; forgetting them
[nebula] 0 entity object(s) were destroyed without a despawn; forgetting them
[nebula] 0 entity object(s) were destroyed without a despawn; forgetting them
[nebula] 0 entity object(s) were destroyed without a despawn; forgetting them
[nebula] 0 entity object(s) were destroyed without a despawn; forgetting them
[nebula] 0 entity object(s) were destroyed without a despawn; forgetting them
[nebula] 0 entity object(s) were destroyed without a despawn; forgetting them
[nebula] 0 entity object(s) were destroyed without a despawn; forgetting them
[nebula] 0 entity object(s) were destroyed without a despawn; forgetting them
[nebula] 0 entity object(s) were destroyed without a despawn; forgetting them
[nebula] 0 entity object(s) were destroyed without a despawn; forgetting them
[nebula] 0 entity object(s) were destroyed without a despawn; forgetting them
[nebula] 0 entity object(s) were destroyed without a despawn; forgetting them
[nebula] 0 entity object(s) were destroyed without a despawn; forgetting them
[nebula] 0 entity object(s) were destroyed without a despawn; forgetting them
[nebula] 0 entity object(s) were destroyed without a despawn; forgetting them
[nebula] 0 entity object(s) were destroyed without a despawn; forgetting them
[nebula] 0 entity object(s) were destroyed without a despawn; forgetting them
[nebula] 0 entity object(s) were destroyed without a despawn; forgetting them
[nebula] 0 entity object(s) were destroyed without a despawn; forgetting them
[nebula] 0 entity object(s) were destroyed without a despawn; forgetting them
[nebula] 0 entity object(s) were destroyed without a despawn; forgetting them
[nebula] 0 entity object(s) were destroyed without a despawn; forgetting them
[nebula] 0 entity object(s) were destroyed without a despawn; forgetting them
[nebula] 0 entity object(s) were destroyed without a despawn; forgetting them
[nebula] 0 entity object(s) were destroyed without a despawn; forgetting them
[nebula] 0 entity object(s) were destroyed without a despawn; forgetting them
[nebula] 0 entity object(s) were destroyed without a despawn; forgetting them
[nebula] 0 entity object(s) were destroyed without a despawn; forgetting them
[nebula] 0 entity object(s) were destroyed without a despawn; forgetting them
[nebula] 0 entity object(s) were destroyed without a despawn; forgetting them
[nebula] 0 entity object(s) were destroyed without a despawn; forgetting them
[nebula] 0 entity object(s) were destroyed without a despawn; forgetting them
[nebula] 0 entity object(s) were destroyed without a despawn; forgetting them
[nebula] 0 entity object(s) were destroyed without a despawn; forgetting them
[nebula] 0 entity object(s) were destroyed without a despawn; forgetting them
[nebula] 0 entity object(s) were destroyed without a despawn; forgetting them
[nebula] 0 entity object(s) were destroyed without a despawn; forgetting them
[nebula] 0 entity object(s) were destroyed without a despawn; forgetting them
[nebula] 0 entity object(s) were destroyed without a despawn; forgetting them
[nebula] 0 entity object(s) were destroyed without a despawn; forgetting them
[nebula] 0 entity object(s) were destroyed without a despawn; forgetting them
[nebula] 0 entity object(s) were destroyed without a despawn; forgetting them
[nebula] 0 entity object(s) were destroyed without a despawn; forgetting them
[nebula] 0 entity object(s) were destroyed without a despawn; forgetting them
[nebula] 0 entity object(s) were destroyed without a despawn; forgetting them
[nebula] 0 entity object(s) were destroyed without a despawn; forgetting them
[nebula] 0 entity object(s) were destroyed without a despawn; forgetting them
[nebula] 0 entity object(s) were destroyed without a despawn; forgetting them
[nebula] 0 entity object(s) were destroyed without a despawn; forgetting them
[nebula] 0 entity object(s) were destroyed without a despawn; forgetting them
[nebula] 0 entity object(s) were destroyed without a despawn; forgetting them
[nebula] 0 entity object(s) were destroyed without a despawn; forgetting them
[nebula] 0 entity object(s) were destroyed without a despawn; forgetting them
[nebula] 0 entity object(s) were destroyed without a despawn; forgetting them
[nebula] 0 entity object(s) were destroyed without a despawn; forgetting them
[nebula] 0 entity object(s) were destroyed without a despawn; forgetting them
[nebula] 0 entity object(s) were destroyed without a despawn; forgetting them
[nebula] 0 entity object(s) were destroyed without a despawn; forgetting them
[nebula] 0 entity object(s) were destroyed without a despawn; forgetting them
[nebula] 0 entity object(s) were destroyed without a despawn; forgetting them
[nebula] 0 entity object(s) were destroyed without a despawn; forgetting them
[nebula] 0 entity object(s) were destroyed without a despawn; forgetting them
[nebula] 0 entity object(s) were destroyed without a despawn; forgetting them
[nebula] 0 entity object(s) were destroyed without a despawn; forgetting them
[nebula] 0 entity object(s) were destroyed without a despawn; forgetting them
[nebula] 0 entity object(s) were destroyed without a despawn; forgetting them
[nebula] 0 entity object(s) were destroyed without a despawn; forgetting them
[nebula] 0 entity object(s) were destroyed without a despawn; forgetting them
[nebula] 0 entity object(s) were destroyed without a despawn; forgetting them
[nebula] 0 entity object(s) were destroyed without a despawn; forgetting them
[nebula] 0 entity object(s) were destroyed without a despawn; forgetting them
[nebula] 0 entity object(s) were destroyed without a despawn; forgetting them
[nebula] 0 entity object(s) were destroyed without a despawn; forgetting them
[nebula] 0 entity object(s) were destroyed without a despawn; forgetting them
[nebula] 0 entity object(s) were destroyed without a despawn; forgetting them
[nebula] 0 entity object(s) were destroyed without a despawn; forgetting them
[nebula] 0 entity object(s) were destroyed without a despawn; forgetting them
[nebula] 0 entity object(s) were destroyed without a despawn; forgetting them
[nebula] 0 entity object(s) were destroyed without a despawn; forgetting them
[nebula] 0 entity object(s) were destroyed without a despawn; forgetting them
[nebula] 0 entity object(s) were destroyed without a despawn; forgetting them
[nebula] 0 entity object(s) were destroyed without a despawn; forgetting them
[nebula] 0 entity object(s) were destroyed without a despawn; forgetting them
[nebula] 0 entity object(s) were destroyed without a despawn; forgetting them
[nebula] 0 entity object(s) were destroyed without a despawn; forgetting them
[nebula] 0 entity object(s) were destroyed without a despawn; forgetting them
[nebula] 0 entity object(s) were destroyed without a despawn; forgetting them
[nebula] 0 entity object(s) were destroyed without a despawn; forgetting them
[nebula] 0 entity object(s) were destroyed without a despawn; forgetting them
[nebula] 0 entity object(s) were destroyed without a despawn; forgetting them
[nebula] 0 entity object(s) were destroyed without a despawn; forgetting them
[nebula] 0 entity object(s) were destroyed without a despawn; forgetting them
[nebula] 0 entity object(s) were destroyed without a despawn; forgetting them
[nebula] 0 entity object(s) were destroyed without a despawn; forgetting them
[nebula] 0 entity object(s) were destroyed without a despawn; forgetting them
[nebula] 0 entity object(s) were destroyed without a despawn; forgetting them
[nebula] 0 entity object(s) were destroyed without a despawn; forgetting them
[nebula] 0 entity object(s) were destroyed without a despawn; forgetting them
[nebula] 0 entity object(s) were destroyed without a despawn; forgetting them
[nebula] 0 entity object(s) were destroyed without a despawn; forgetting them
[nebula] 0 entity object(s) were destroyed without a despawn; forgetting them
[nebula] 0 entity object(s) were destroyed without a despawn; forgetting them
[nebula] 0 entity object(s) were destroyed without a despawn; forgetting them
[nebula] 0 entity object(s) were destroyed without a despawn; forgetting them
[nebula] 0 entity object(s) were destroyed without a despawn; forgetting them
[nebula] 0 entity object(s) were destroyed without a despawn; forgetting them
[nebula] 0 entity object(s) were destroyed without a despawn; forgetting them
[nebula] 0 entity object(s) were destroyed without a despawn; forgetting them
[nebula] 0 entity object(s) were destroyed without a despawn; forgetting them
[nebula] 0 entity object(s) were destroyed without a despawn; forgetting them
[nebula] 0 entity object(s) were destroyed without a despawn; forgetting them
[nebula] 0 entity object(s) were destroyed without a despawn; forgetting them
[nebula] 0 entity object(s) were destroyed without a despawn; forgetting them
[nebula] 0 entity object(s) were destroyed without a despawn; forgetting them
[nebula] 0 entity object(s) were destroyed without a despawn; forgetting them
[nebula] 0 entity object(s) were destroyed without a despawn; forgetting them
[nebula] 0 entity object(s) were destroyed without a despawn; forgetting them
[nebula] 0 entity object(s) were destroyed without a despawn; forgetting them
[nebula] 0 entity object(s) were destroyed without a despawn; forgetting them
[nebula] 0 entity object(s) were destroyed without a despawn; forgetting them
[nebula] 0 entity object(s) were destroyed without a despawn; forgetting them
[nebula] 0 entity object(s) were destroyed without a despawn; forgetting them
[nebula] 0 entity object(s) were destroyed without a despawn; forgetting them
[nebula] 0 entity object(s) were destroyed without a despawn; forgetting them
[nebula] 0 entity object(s) were destroyed without a despawn; forgetting them
[nebula] 0 entity object(s) were destroyed without a despawn; forgetting them
[nebula] 0 entity object(s) were destroyed without a despawn; forgetting them
[nebula] 0 entity object(s) were destroyed without a despawn; forgetting them
[nebula] 0 entity object(s) were destroyed without a despawn; forgetting them
[nebula] 0 entity object(s) were destroyed without a despawn; forgetting them
[nebula] 0 entity object(s) were destroyed without a despawn; forgetting them
[nebula] 0 entity object(s) were destroyed without a despawn; forgetting them
[nebula] 0 entity object(s) were destroyed without a despawn; forgetting them
[nebula] 0 entity object(s) were destroyed without a despawn; forgetting them
[nebula] 0 entity object(s) were destroyed without a despawn; forgetting them
[nebula] 0 entity object(s) were destroyed without a despawn; forgetting them
[nebula] 0 entity object(s) were destroyed without a despawn; forgetting them
[nebula] 0 entity object(s) were destroyed without a despawn; forgetting them
[nebula] 0 entity object(s) were destroyed without a despawn; forgetting them
[nebula] 0 entity object(s) were destroyed without a despawn; forgetting them
[nebula] 0 entity object(s) were destroyed without a despawn; forgetting them
[nebula] 0 entity object(s) were destroyed without a despawn; forgetting them
[nebula] 0 entity object(s) were destroyed without a despawn; forgetting them
[nebula] 0 entity object(s) were destroyed without a despawn; forgetting them
[nebula] 0 entity object(s) were destroyed without a despawn; forgetting them
[nebula] 0 entity object(s) were destroyed without a despawn; forgetting them
[nebula] 0 entity object(s) were destroyed without a despawn; forgetting them
[nebula] 0 entity object(s) were destroyed without a despawn; forgetting them
[nebula] 0 entity object(s) were destroyed without a despawn; forgetting them
[nebula] 0 entity object(s) were destroyed without a despawn; forgetting them
[nebula] 0 entity object(s) were destroyed without a despawn; forgetting them
[nebula] 0 entity object(s) were destroyed without a despawn; forgetting them
[nebula] 0 entity object(s) were destroyed without a despawn; forgetting them
[nebula] 0 entity object(s) were destroyed without a despawn; forgetting them
[nebula] 0 entity object(s) were destroyed without a despawn; forgetting them
[nebula] 0 entity object(s) were destroyed without a despawn; forgetting them
[nebula] spawned Prop(Clone)#281474976710666(e1,rt_0,auth)
[nebula] 0 entity object(s) were destroyed without a despawn; forgetting them
[nebula] 0 entity object(s) were destroyed without a despawn; forgetting them
[nebula] 0 entity object(s) were destroyed without a despawn; forgetting them
[nebula] 0 entity object(s) were destroyed without a despawn; forgetting them
[nebula] 0 entity object(s) were destroyed without a despawn; forgetting them
[nebula] 0 entity object(s) were destroyed without a despawn; forgetting them
[nebula] 0 entity object(s) were destroyed without a despawn; forgetting them
[nebula] 0 entity object(s) were destroyed without a despawn; forgetting them
[nebula] 0 entity object(s) were destroyed without a despawn; forgetting them
[nebula] 0 entity object(s) were destroyed without a despawn; forgetting them
[nebula] 0 entity object(s) were destroyed without a despawn; forgetting them
[nebula] 0 entity object(s) were destroyed without a despawn; forgetting them
[nebula] 0 entity object(s) were destroyed without a despawn; forgetting them
[nebula] 0 entity object(s) were destroyed without a despawn; forgetting them
[nebula] 0 entity object(s) were destroyed without a despawn; forgetting them
[nebula] 0 entity object(s) were destroyed without a despawn; forgetting them
[nebula] 0 entity object(s) were destroyed without a despawn; forgetting them
[nebula] 0 entity object(s) were destroyed without a despawn; forgetting them
[nebula] 0 entity object(s) were destroyed without a despawn; forgetting them
[nebula] 0 entity object(s) were destroyed without a despawn; forgetting them
[nebula] 0 entity object(s) were destroyed without a despawn; forgetting them
[nebula] 0 entity object(s) were destroyed without a despawn; forgetting them
[nebula] 0 entity object(s) were destroyed without a despawn; forgetting them
[nebula] 0 entity object(s) were destroyed without a despawn; forgetting them
[nebula] 0 entity object(s) were destroyed without a despawn; forgetting them
[nebula] 0 entity object(s) were destroyed without a despawn; forgetting them
[nebula] 0 entity object(s) were destroyed without a despawn; forgetting them
[nebula] 0 entity object(s) were destroyed without a despawn; forgetting them
[nebula] 0 entity object(s) were destroyed without a despawn; forgetting them
[nebula] 0 entity object(s) were destroyed without a despawn; forgetting them
[nebula] 0 entity object(s) were destroyed without a despawn; forgetting them
[nebula] 0 entity object(s) were destroyed without a despawn; forgetting them
[nebula] 0 entity object(s) were destroyed without a despawn; forgetting them
[nebula] 0 entity object(s) were destroyed without a despawn; forgetting them
[nebula] 0 entity object(s) were destroyed without a despawn; forgetting them
[nebula] 0 entity object(s) were destroyed without a despawn; forgetting them
[nebula] 0 entity object(s) were destroyed without a despawn; forgetting them
[nebula] 0 entity object(s) were destroyed without a despawn; forgetting them
[nebula] 0 entity object(s) were destroyed without a despawn; forgetting them
[nebula] 0 entity object(s) were destroyed without a despawn; forgetting them
[nebula] 0 entity object(s) were destroyed without a despawn; forgetting them
[nebula] 0 entity object(s) were destroyed without a despawn; forgetting them
[nebula] 0 entity object(s) were destroyed without a despawn; forgetting them
[nebula] 0 entity object(s) were destroyed without a despawn; forgetting them
[nebula] 0 entity object(s) were destroyed without a despawn; forgetting them
[nebula] 0 entity object(s) were destroyed without a despawn; forgetting them
[nebula] 0 entity object(s) were destroyed without a despawn; forgetting them
[nebula] 0 entity object(s) were destroyed without a despawn; forgetting them
[nebula] 0 entity object(s) were destroyed without a despawn; forgetting them
[nebula] 0 entity object(s) were destroyed without a despawn; forgetting them
[nebula] 0 entity object(s) were destroyed without a despawn; forgetting them
[nebula] 0 entity object(s) were destroyed without a despawn; forgetting them
[nebula] 0 entity object(s) were destroyed without a despawn; forgetting them
[nebula] 0 entity object(s) were destroyed without a despawn; forgetting them
[nebula] 0 entity object(s) were destroyed without a despawn; forgetting them
[nebula] 0 entity object(s) were destroyed without a despawn; forgetting them
[nebula] 0 entity object(s) were destroyed without a despawn; forgetting them
[nebula] 0 entity object(s) were destroyed without a despawn; forgetting them
[nebula] 0 entity object(s) were destroyed without a despawn; forgetting them
[nebula] 0 entity object(s) were destroyed without a despawn; forgetting them
[nebula] 0 entity object(s) were destroyed without a despawn; forgetting them
[nebula] 0 entity object(s) were destroyed without a despawn; forgetting them
[nebula] 0 entity object(s) were destroyed without a despawn; forgetting them
[nebula] 0 entity object(s) were destroyed without a despawn; forgetting them
[nebula] 0 entity object(s) were destroyed without a despawn; forgetting them
[nebula] profile 300 ticks/5s 300 frames avg 0.5ms max 0.8ms dup 0 skip 0 gc 24 auth 14 ghosts 2 | poll=0.01 ghosts=0.00 physics.sync=0.00 simulate=0.01 poses=0.03 containers=0.33 band=0.02 publish=0.02 gap=16.14 interest=0.01
[nebula] 0 entity object(s) were destroyed without a despawn; forgetting them
[nebula] 0 entity object(s) were destroyed without a despawn; forgetting them
[nebula] 0 entity object(s) were destroyed without a despawn; forgetting them
[nebula] 0 entity object(s) were destroyed without a despawn; forgetting them
[nebula] 0 entity object(s) were destroyed without a despawn; forgetting them
[nebula] 0 entity object(s) were destroyed without a despawn; forgetting them
[nebula] 0 entity object(s) were destroyed without a despawn; forgetting them
[nebula] 0 entity object(s) were destroyed without a despawn; forgetting them
[nebula] 0 entity object(s) were destroyed without a despawn; forgetting them
[nebula] 0 entity object(s) were destroyed without a despawn; forgetting them
[nebula] 0 entity object(s) were destroyed without a despawn; forgetting them
[nebula] 0 entity object(s) were destroyed without a despawn; forgetting them
[nebula] 0 entity object(s) were destroyed without a despawn; forgetting them
[nebula] 0 entity object(s) were destroyed without a despawn; forgetting them
[nebula] 0 entity object(s) were destroyed without a despawn; forgetting them
[nebula] 0 entity object(s) were destroyed without a despawn; forgetting them
[nebula] 0 entity object(s) were destroyed without a despawn; forgetting them
[nebula] 0 entity object(s) were destroyed without a despawn; forgetting them
[nebula] 0 entity object(s) were destroyed without a despawn; forgetting them
[nebula] 0 entity object(s) were destroyed without a despawn; forgetting them
[nebula] 0 entity object(s) were destroyed without a despawn; forgetting them
[nebula] 0 entity object(s) were destroyed without a despawn; forgetting them
[nebula] 0 entity object(s) were destroyed without a despawn; forgetting them
[nebula] 0 entity object(s) were destroyed without a despawn; forgetting them
[nebula] 0 entity object(s) were destroyed without a despawn; forgetting them
[nebula] 0 entity object(s) were destroyed without a despawn; forgetting them
[nebula] 0 entity object(s) were destroyed without a despawn; forgetting them
[nebula] 0 entity object(s) were destroyed without a despawn; forgetting them
[nebula] 0 entity object(s) were destroyed without a despawn; forgetting them
[nebula] local handover Player bot3 (3825002173356310530)#281474976710657(e3,rt_4398046511104,auth) rt_4398046511105 -> rt_4398046511104
[nebula] 0 entity object(s) were destroyed without a despawn; forgetting them
[nebula] 0 entity object(s) were destroyed without a despawn; forgetting them
[nebula] ghost Player(Clone)#1125899906842626(e2,rt_4398046511105,auth) -> w4
[nebula] handover IN  Player(Clone)#1125899906842626(e2,rt_4398046511105,auth) <- w4 (epoch 2, tick 1365005554)
[nebula] 0 entity object(s) were destroyed without a despawn; forgetting them
[nebula] 0 entity object(s) were destroyed without a despawn; forgetting them
[nebula] 0 entity object(s) were destroyed without a despawn; forgetting them
[nebula] 0 entity object(s) were destroyed without a despawn; forgetting them
[nebula] 0 entity object(s) were destroyed without a despawn; forgetting them
[nebula] 0 entity object(s) were destroyed without a despawn; forgetting them
[nebula] 0 entity object(s) were destroyed without a despawn; forgetting them
[nebula] 0 entity object(s) were destroyed without a despawn; forgetting them
[nebula] 0 entity object(s) were destroyed without a despawn; forgetting them
[nebula] 0 entity object(s) were destroyed without a despawn; forgetting them
[nebula] 0 entity object(s) were destroyed without a despawn; forgetting them
[nebula] 0 entity object(s) were destroyed without a despawn; forgetting them
[nebula] 0 entity object(s) were destroyed without a despawn; forgetting them
[nebula] 0 entity object(s) were destroyed without a despawn; forgetting them
[nebula] 0 entity object(s) were destroyed without a despawn; forgetting them
[nebula] 0 entity object(s) were destroyed without a despawn; forgetting them
[nebula] 0 entity object(s) were destroyed without a despawn; forgetting them
[nebula] 0 entity object(s) were destroyed without a despawn; forgetting them
[nebula] 0 entity object(s) were destroyed without a despawn; forgetting them
[nebula] 0 entity object(s) were destroyed without a despawn; forgetting them
[nebula] 0 entity object(s) were destroyed without a despawn; forgetting them
[nebula] 0 entity object(s) were destroyed without a despawn; forgetting them
[nebula] 0 entity object(s) were destroyed without a despawn; forgetting them
[nebula] 0 entity object(s) were destroyed without a despawn; forgetting them
[nebula] spawned Prop(Clone)#281474976710667(e1,rt_9223363240761753600,auth)
[nebula] 0 entity object(s) were destroyed without a despawn; forgetting them
[nebula] 0 entity object(s) were destroyed without a despawn; forgetting them
[nebula] 0 entity object(s) were destroyed without a despawn; forgetting them
[nebula] 0 entity object(s) were destroyed without a despawn; forgetting them
[nebula] 0 entity object(s) were destroyed without a despawn; forgetting them
[nebula] 0 entity object(s) were destroyed without a despawn; forgetting them
[nebula] 0 entity object(s) were destroyed without a despawn; forgetting them
[nebula] 0 entity object(s) were destroyed without a despawn; forgetting them
[nebula] 0 entity object(s) were destroyed without a despawn; forgetting them
[nebula] 0 entity object(s) were destroyed without a despawn; forgetting them
[nebula] 0 entity object(s) were destroyed without a despawn; forgetting them
[nebula] 0 entity object(s) were destroyed without a despawn; forgetting them
[nebula] 0 entity object(s) were destroyed without a despawn; forgetting them
[nebula] 0 entity object(s) were destroyed without a despawn; forgetting them
[nebula] 0 entity object(s) were destroyed without a despawn; forgetting them
[nebula] 0 entity object(s) were destroyed without a despawn; forgetting them
[nebula] 0 entity object(s) were destroyed without a despawn; forgetting them
[nebula] 0 entity object(s) were destroyed without a despawn; forgetting them
[nebula] 0 entity object(s) were destroyed without a despawn; forgetting them
[nebula] 0 entity object(s) were destroyed without a despawn; forgetting them
[nebula] 0 entity object(s) were destroyed without a despawn; forgetting them
[nebula] 0 entity object(s) were destroyed without a despawn; forgetting them
[nebula] 0 entity object(s) were destroyed without a despawn; forgetting them
[nebula] 0 entity object(s) were destroyed without a despawn; forgetting them
[nebula] 0 entity object(s) were destroyed without a despawn; forgetting them
[nebula] 0 entity object(s) were destroyed without a despawn; forgetting them
[nebula] 0 entity object(s) were destroyed without a despawn; forgetting them
[nebula] 0 entity object(s) were destroyed without a despawn; forgetting them
[nebula] 0 entity object(s) were destroyed without a despawn; forgetting them
[nebula] 0 entity object(s) were destroyed without a despawn; forgetting them
[nebula] 0 entity object(s) were destroyed without a despawn; forgetting them
[nebula] 0 entity object(s) were destroyed without a despawn; forgetting them
[nebula] 0 entity object(s) were destroyed without a despawn; forgetting them
[nebula] 0 entity object(s) were destroyed without a despawn; forgetting them
[nebula] 0 entity object(s) were destroyed without a despawn; forgetting them
[nebula] 0 entity object(s) were destroyed without a despawn; forgetting them
[nebula] 0 entity object(s) were destroyed without a despawn; forgetting them
[nebula] 0 entity object(s) were destroyed without a despawn; forgetting them
[nebula] 0 entity object(s) were destroyed without a despawn; forgetting them
[nebula] 0 entity object(s) were destroyed without a despawn; forgetting them
[nebula] 0 entity object(s) were destroyed without a despawn; forgetting them
[nebula] 0 entity object(s) were destroyed without a despawn; forgetting them
[nebula] 0 entity object(s) were destroyed without a despawn; forgetting them
[nebula] 0 entity object(s) were destroyed without a despawn; forgetting them
[nebula] 0 entity object(s) were destroyed without a despawn; forgetting them
[nebula] 0 entity object(s) were destroyed without a despawn; forgetting them
[nebula] 0 entity object(s) were destroyed without a despawn; forgetting them
[nebula] 0 entity object(s) were destroyed without a despawn; forgetting them
[nebula] 0 entity object(s) were destroyed without a despawn; forgetting them
[nebula] 0 entity object(s) were destroyed without a despawn; forgetting them
[nebula] 0 entity object(s) were destroyed without a despawn; forgetting them
[nebula] 0 entity object(s) were destroyed without a despawn; forgetting them
[nebula] 0 entity object(s) were destroyed without a despawn; forgetting them
[nebula] 0 entity object(s) were destroyed without a despawn; forgetting them
[nebula] 0 entity object(s) were destroyed without a despawn; forgetting them
[nebula] 0 entity object(s) were destroyed without a despawn; forgetting them
[nebula] 0 entity object(s) were destroyed without a despawn; forgetting them
[nebula] 0 entity object(s) were destroyed without a despawn; forgetting them
[nebula] 0 entity object(s) were destroyed without a despawn; forgetting them
[nebula] 0 entity object(s) were destroyed without a despawn; forgetting them
[nebula] 0 entity object(s) were destroyed without a despawn; forgetting them
[nebula] 0 entity object(s) were destroyed without a despawn; forgetting them
[nebula] 0 entity object(s) were destroyed without a despawn; forgetting them
[nebula] 0 entity object(s) were destroyed without a despawn; forgetting them
[nebula] 0 entity object(s) were destroyed without a despawn; forgetting them
[nebula] 0 entity object(s) were destroyed without a despawn; forgetting them
[nebula] 0 entity object(s) were destroyed without a despawn; forgetting them
[nebula] 0 entity object(s) were destroyed without a despawn; forgetting them
[nebula] 0 entity object(s) were destroyed without a despawn; forgetting them
[nebula] 0 entity object(s) were destroyed without a despawn; forgetting them
[nebula] 0 entity object(s) were destroyed without a despawn; forgetting them
[nebula] local handover Player bot4 (3825002173356310532)#281474976710658(e1,rt_1,auth) rt_0 -> rt_1
[nebula] 0 entity object(s) were destroyed without a despawn; forgetting them
[nebula] 0 entity object(s) were destroyed without a despawn; forgetting them
[nebula] 0 entity object(s) were destroyed without a despawn; forgetting them
[nebula] 0 entity object(s) were destroyed without a despawn; forgetting them
[nebula] 0 entity object(s) were destroyed without a despawn; forgetting them
[nebula] 0 entity object(s) were destroyed without a despawn; forgetting them
[nebula] 0 entity object(s) were destroyed without a despawn; forgetting them
[nebula] 0 entity object(s) were destroyed without a despawn; forgetting them
[nebula] 0 entity object(s) were destroyed without a despawn; forgetting them
[nebula] 0 entity object(s) were destroyed without a despawn; forgetting them
[nebula] 0 entity object(s) were destroyed without a despawn; forgetting them
[nebula] 0 entity object(s) were destroyed without a despawn; forgetting them
[nebula] 0 entity object(s) were destroyed without a despawn; forgetting them
[nebula] 0 entity object(s) were destroyed without a despawn; forgetting them
[nebula] 0 entity object(s) were destroyed without a despawn; forgetting them
[nebula] 0 entity object(s) were destroyed without a despawn; forgetting them
[nebula] 0 entity object(s) were destroyed without a despawn; forgetting them
[nebula] 0 entity object(s) were destroyed without a despawn; forgetting them
[nebula] 0 entity object(s) were destroyed without a despawn; forgetting them
[nebula] 0 entity object(s) were destroyed without a despawn; forgetting them
[nebula] 0 entity object(s) were destroyed without a despawn; forgetting them
[nebula] 0 entity object(s) were destroyed without a despawn; forgetting them
[nebula] 0 entity object(s) were destroyed without a despawn; forgetting them
[nebula] 0 entity object(s) were destroyed without a despawn; forgetting them
[nebula] 0 entity object(s) were destroyed without a despawn; forgetting them
[nebula] 0 entity object(s) were destroyed without a despawn; forgetting them
[nebula] 0 entity object(s) were destroyed without a despawn; forgetting them
[nebula] 0 entity object(s) were destroyed without a despawn; forgetting them
[nebula] 0 entity object(s) were destroyed without a despawn; forgetting them
[nebula] 0 entity object(s) were destroyed without a despawn; forgetting them
[nebula] 0 entity object(s) were destroyed without a despawn; forgetting them
[nebula] 0 entity object(s) were destroyed without a despawn; forgetting them
[nebula] 0 entity object(s) were destroyed without a despawn; forgetting them
[nebula] 0 entity object(s) were destroyed without a despawn; forgetting them
[nebula] 0 entity object(s) were destroyed without a despawn; forgetting them
[nebula] 0 entity object(s) were destroyed without a despawn; forgetting them
[nebula] 0 entity object(s) were destroyed without a despawn; forgetting them
[nebula] 0 entity object(s) were destroyed without a despawn; forgetting them
[nebula] 0 entity object(s) were destroyed without a despawn; forgetting them
[nebula] 0 entity object(s) were destroyed without a despawn; forgetting them
[nebula] 0 entity object(s) were destroyed without a despawn; forgetting them
[nebula] 0 entity object(s) were destroyed without a despawn; forgetting them
[nebula] 0 entity object(s) were destroyed without a despawn; forgetting them
[nebula] 0 entity object(s) were destroyed without a despawn; forgetting them
[nebula] 0 entity object(s) were destroyed without a despawn; forgetting them
[nebula] 0 entity object(s) were destroyed without a despawn; forgetting them
[nebula] 0 entity object(s) were destroyed without a despawn; forgetting them
[nebula] 0 entity object(s) were destroyed without a despawn; forgetting them
[nebula] 0 entity object(s) were destroyed without a despawn; forgetting them
[nebula] 0 entity object(s) were destroyed without a despawn; forgetting them
[nebula] 0 entity object(s) were destroyed without a despawn; forgetting them
[nebula] 0 entity object(s) were destroyed without a despawn; forgetting them
[nebula] 0 entity object(s) were destroyed without a despawn; forgetting them
[nebula] 0 entity object(s) were destroyed without a despawn; forgetting them
[nebula] 0 entity object(s) were destroyed without a despawn; forgetting them
[nebula] 0 entity object(s) were destroyed without a despawn; forgetting them
[nebula] 0 entity object(s) were destroyed without a despawn; forgetting them
[nebula] 0 entity object(s) were destroyed without a despawn; forgetting them
[nebula] 0 entity object(s) were destroyed without a despawn; forgetting them
[nebula] 0 entity object(s) were destroyed without a despawn; forgetting them
[nebula] 0 entity object(s) were destroyed without a despawn; forgetting them
[nebula] 0 entity object(s) were destroyed without a despawn; forgetting them
[nebula] 0 entity object(s) were destroyed without a despawn; forgetting them
[nebula] 0 entity object(s) were destroyed without a despawn; forgetting them
[nebula] 0 entity object(s) were destroyed without a despawn; forgetting them
[nebula] 0 entity object(s) were destroyed without a despawn; forgetting them
[nebula] 0 entity object(s) were destroyed without a despawn; forgetting them
[nebula] 0 entity object(s) were destroyed without a despawn; forgetting them
[nebula] 0 entity object(s) were destroyed without a despawn; forgetting them
[nebula] 0 entity object(s) were destroyed without a despawn; forgetting them
[nebula] 0 entity object(s) were destroyed without a despawn; forgetting them
[nebula] 0 entity object(s) were destroyed without a despawn; forgetting them
[nebula] 0 entity object(s) were destroyed without a despawn; forgetting them
[nebula] 0 entity object(s) were destroyed without a despawn; forgetting them
[nebula] 0 entity object(s) were destroyed without a despawn; forgetting them
[nebula] 0 entity object(s) were destroyed without a despawn; forgetting them
[nebula] 0 entity object(s) were destroyed without a despawn; forgetting them
[nebula] 0 entity object(s) were destroyed without a despawn; forgetting them
[nebula] 0 entity object(s) were destroyed without a despawn; forgetting them
[nebula] 0 entity object(s) were destroyed without a despawn; forgetting them
[nebula] 0 entity object(s) were destroyed without a despawn; forgetting them
[nebula] 0 entity object(s) were destroyed without a despawn; forgetting them
[nebula] 0 entity object(s) were destroyed without a despawn; forgetting them
[nebula] 0 entity object(s) were destroyed without a despawn; forgetting them
[nebula] 0 entity object(s) were destroyed without a despawn; forgetting them
[nebula] 0 entity object(s) were destroyed without a despawn; forgetting them
[nebula] 0 entity object(s) were destroyed without a despawn; forgetting them
[nebula] 0 entity object(s) were destroyed without a despawn; forgetting them
[nebula] 0 entity object(s) were destroyed without a despawn; forgetting them
[nebula] 0 entity object(s) were destroyed without a despawn; forgetting them
[nebula] 0 entity object(s) were destroyed without a despawn; forgetting them
[nebula] 0 entity object(s) were destroyed without a despawn; forgetting them
[nebula] 0 entity object(s) were destroyed without a despawn; forgetting them
[nebula] 0 entity object(s) were destroyed without a despawn; forgetting them
[nebula] 0 entity object(s) were destroyed without a despawn; forgetting them
[nebula] 0 entity object(s) were destroyed without a despawn; forgetting them
[nebula] 0 entity object(s) were destroyed without a despawn; forgetting them
[nebula] 0 entity object(s) were destroyed without a despawn; forgetting them
[nebula] 0 entity object(s) were destroyed without a despawn; forgetting them
[nebula] 0 entity object(s) were destroyed without a despawn; forgetting them
[nebula] 0 entity object(s) were destroyed without a despawn; forgetting them
[nebula] 0 entity object(s) were destroyed without a despawn; forgetting them
[nebula] 0 entity object(s) were destroyed without a despawn; forgetting them
[nebula] 0 entity object(s) were destroyed without a despawn; forgetting them
[nebula] 0 entity object(s) were destroyed without a despawn; forgetting them
[nebula] 0 entity object(s) were destroyed without a despawn; forgetting them
[nebula] 0 entity object(s) were destroyed without a despawn; forgetting them
[nebula] 0 entity object(s) were destroyed without a despawn; forgetting them
[nebula] 0 entity object(s) were destroyed without a despawn; forgetting them
[nebula] 0 entity object(s) were destroyed without a despawn; forgetting them
[nebula] 0 entity object(s) were destroyed without a despawn; forgetting them
[nebula] 0 entity object(s) were destroyed without a despawn; forgetting them
[nebula] 0 entity object(s) were destroyed without a despawn; forgetting them
[nebula] 0 entity object(s) were destroyed without a despawn; forgetting them
[nebula] 0 entity object(s) were destroyed without a despawn; forgetting them
[nebula] 0 entity object(s) were destroyed without a despawn; forgetting them
[nebula] 0 entity object(s) were destroyed without a despawn; forgetting them
[nebula] 0 entity object(s) were destroyed without a despawn; forgetting them
[nebula] spawned Prop(Clone)#281474976710668(e1,rt_1,auth)
[nebula] 0 entity object(s) were destroyed without a despawn; forgetting them
[nebula] 0 entity object(s) were destroyed without a despawn; forgetting them
[nebula] 0 entity object(s) were destroyed without a despawn; forgetting them
[nebula] 0 entity object(s) were destroyed without a despawn; forgetting them
[nebula] 0 entity object(s) were destroyed without a despawn; forgetting them
[nebula] 0 entity object(s) were destroyed without a despawn; forgetting them
[nebula] 0 entity object(s) were destroyed without a despawn; forgetting them
[nebula] 0 entity object(s) were destroyed without a despawn; forgetting them
[nebula] 0 entity object(s) were destroyed without a despawn; forgetting them
[nebula] 0 entity object(s) were destroyed without a despawn; forgetting them
[nebula] 0 entity object(s) were destroyed without a despawn; forgetting them
[nebula] 0 entity object(s) were destroyed without a despawn; forgetting them
[nebula] 0 entity object(s) were destroyed without a despawn; forgetting them
[nebula] 0 entity object(s) were destroyed without a despawn; forgetting them
[nebula] 0 entity object(s) were destroyed without a despawn; forgetting them
[nebula] 0 entity object(s) were destroyed without a despawn; forgetting them
[nebula] 0 entity object(s) were destroyed without a despawn; forgetting them
[nebula] 0 entity object(s) were destroyed without a despawn; forgetting them
[nebula] 0 entity object(s) were destroyed without a despawn; forgetting them
[nebula] 0 entity object(s) were destroyed without a despawn; forgetting them
[nebula] 0 entity object(s) were destroyed without a despawn; forgetting them
[nebula] 0 entity object(s) were destroyed without a despawn; forgetting them
[nebula] 0 entity object(s) were destroyed without a despawn; forgetting them
[nebula] 0 entity object(s) were destroyed without a despawn; forgetting them
[nebula] 0 entity object(s) were destroyed without a despawn; forgetting them
[nebula] 0 entity object(s) were destroyed without a despawn; forgetting them
[nebula] 0 entity object(s) were destroyed without a despawn; forgetting them
[nebula] 0 entity object(s) were destroyed without a despawn; forgetting them
[nebula] 0 entity object(s) were destroyed without a despawn; forgetting them
[nebula] 0 entity object(s) were destroyed without a despawn; forgetting them
[nebula] 0 entity object(s) were destroyed without a despawn; forgetting them
[nebula] 0 entity object(s) were destroyed without a despawn; forgetting them
[nebula] 0 entity object(s) were destroyed without a despawn; forgetting them
[nebula] 0 entity object(s) were destroyed without a despawn; forgetting them
[nebula] 0 entity object(s) were destroyed without a despawn; forgetting them
[nebula] 0 entity object(s) were destroyed without a despawn; forgetting them
[nebula] 0 entity object(s) were destroyed without a despawn; forgetting them
[nebula] 0 entity object(s) were destroyed without a despawn; forgetting them
[nebula] 0 entity object(s) were destroyed without a despawn; forgetting them
[nebula] 0 entity object(s) were destroyed without a despawn; forgetting them
[nebula] 0 entity object(s) were destroyed without a despawn; forgetting them
[nebula] 0 entity object(s) were destroyed without a despawn; forgetting them
[nebula] 0 entity object(s) were destroyed without a despawn; forgetting them
[nebula] 0 entity object(s) were destroyed without a despawn; forgetting them
[nebula] 0 entity object(s) were destroyed without a despawn; forgetting them
[nebula] 0 entity object(s) were destroyed without a despawn; forgetting them
[nebula] 0 entity object(s) were destroyed without a despawn; forgetting them
[nebula] spawned Prop(Clone)#281474976710669(e1,rt_4398046511104,auth)
[nebula] 0 entity object(s) were destroyed without a despawn; forgetting them
[nebula] 0 entity object(s) were destroyed without a despawn; forgetting them
[nebula] 0 entity object(s) were destroyed without a despawn; forgetting them
[nebula] 0 entity object(s) were destroyed without a despawn; forgetting them
[nebula] 0 entity object(s) were destroyed without a despawn; forgetting them
[nebula] 0 entity object(s) were destroyed without a despawn; forgetting them
[nebula] local handover Player(Clone)#844424930131969(e2,rt_9223363240761753601,auth) rt_9223363240761753600 -> rt_9223363240761753601
[nebula] 0 entity object(s) were destroyed without a despawn; forgetting them
[nebula] 0 entity object(s) were destroyed without a despawn; forgetting them
[nebula] 0 entity object(s) were destroyed without a despawn; forgetting them
[nebula] profile 300 ticks/5s 300 frames avg 0.6ms max 1.3ms dup 0 skip 0 gc 38 auth 18 ghosts 1 | poll=0.01 ghosts=0.00 physics.sync=0.00 simulate=0.01 poses=0.03 containers=0.40 band=0.02 publish=0.02 gap=16.05 interest=0.01
[nebula] 0 entity object(s) were destroyed without a despawn; forgetting them
[nebula] 0 entity object(s) were destroyed without a despawn; forgetting them
[nebula] 0 entity object(s) were destroyed without a despawn; forgetting them
[nebula] 0 entity object(s) were destroyed without a despawn; forgetting them
[nebula] spawned Prop(Clone)#281474976710670(e1,rt_2,auth)
[nebula] 0 entity object(s) were destroyed without a despawn; forgetting them
[nebula] 0 entity object(s) were destroyed without a despawn; forgetting them
[nebula] 0 entity object(s) were destroyed without a despawn; forgetting them
[nebula] 0 entity object(s) were destroyed without a despawn; forgetting them
[nebula] 0 entity object(s) were destroyed without a despawn; forgetting them
[nebula] 0 entity object(s) were destroyed without a despawn; forgetting them
[nebula] 0 entity object(s) were destroyed without a despawn; forgetting them
[nebula] 0 entity object(s) were destroyed without a despawn; forgetting them
[nebula] 0 entity object(s) were destroyed without a despawn; forgetting them
[nebula] 0 entity object(s) were destroyed without a despawn; forgetting them
[nebula] 0 entity object(s) were destroyed without a despawn; forgetting them
[nebula] 0 entity object(s) were destroyed without a despawn; forgetting them
[nebula] 0 entity object(s) were destroyed without a despawn; forgetting them
[nebula] 0 entity object(s) were destroyed without a despawn; forgetting them
[nebula] 0 entity object(s) were destroyed without a despawn; forgetting them
[nebula] 0 entity object(s) were destroyed without a despawn; forgetting them
[nebula] 0 entity object(s) were destroyed without a despawn; forgetting them
[nebula] 0 entity object(s) were destroyed without a despawn; forgetting them
[nebula] 0 entity object(s) were destroyed without a despawn; forgetting them
[nebula] 0 entity object(s) were destroyed without a despawn; forgetting them
[nebula] 0 entity object(s) were destroyed without a despawn; forgetting them
[nebula] 0 entity object(s) were destroyed without a despawn; forgetting them
[nebula] 0 entity object(s) were destroyed without a despawn; forgetting them
[nebula] 0 entity object(s) were destroyed without a despawn; forgetting them
[nebula] 0 entity object(s) were destroyed without a despawn; forgetting them
[nebula] 0 entity object(s) were destroyed without a despawn; forgetting them
[nebula] 0 entity object(s) were destroyed without a despawn; forgetting them
[nebula] 0 entity object(s) were destroyed without a despawn; forgetting them
[nebula] 0 entity object(s) were destroyed without a despawn; forgetting them
[nebula] 0 entity object(s) were destroyed without a despawn; forgetting them
[nebula] 0 entity object(s) were destroyed without a despawn; forgetting them
[nebula] 0 entity object(s) were destroyed without a despawn; forgetting them
[nebula] 0 entity object(s) were destroyed without a despawn; forgetting them
[nebula] 0 entity object(s) were destroyed without a despawn; forgetting them
[nebula] 0 entity object(s) were destroyed without a despawn; forgetting them
[nebula] 0 entity object(s) were destroyed without a despawn; forgetting them
[nebula] 0 entity object(s) were destroyed without a despawn; forgetting them
[nebula] 0 entity object(s) were destroyed without a despawn; forgetting them
[nebula] 0 entity object(s) were destroyed without a despawn; forgetting them
[nebula] 0 entity object(s) were destroyed without a despawn; forgetting them
[nebula] 0 entity object(s) were destroyed without a despawn; forgetting them
[nebula] 0 entity object(s) were destroyed without a despawn; forgetting them
[nebula] 0 entity object(s) were destroyed without a despawn; forgetting them
[nebula] 0 entity object(s) were destroyed without a despawn; forgetting them
[nebula] 0 entity object(s) were destroyed without a despawn; forgetting them
[nebula] 0 entity object(s) were destroyed without a despawn; forgetting them
[nebula] 0 entity object(s) were destroyed without a despawn; forgetting them
[nebula] 0 entity object(s) were destroyed without a despawn; forgetting them
[nebula] 0 entity object(s) were destroyed without a despawn; forgetting them
[nebula] 0 entity object(s) were destroyed without a despawn; forgetting them
[nebula] 0 entity object(s) were destroyed without a despawn; forgetting them
[nebula] 0 entity object(s) were destroyed without a despawn; forgetting them
[nebula] 0 entity object(s) were destroyed without a despawn; forgetting them
[nebula] 0 entity object(s) were destroyed without a despawn; forgetting them
[nebula] 0 entity object(s) were destroyed without a despawn; forgetting them
[nebula] 0 entity object(s) were destroyed without a despawn; forgetting them
[nebula] 0 entity object(s) were destroyed without a despawn; forgetting them
[nebula] 0 entity object(s) were destroyed without a despawn; forgetting them
[nebula] 0 entity object(s) were destroyed without a despawn; forgetting them
[nebula] 0 entity object(s) were destroyed without a despawn; forgetting them
[nebula] 0 entity object(s) were destroyed without a despawn; forgetting them
[nebula] 0 entity object(s) were destroyed without a despawn; forgetting them
[nebula] 0 entity object(s) were destroyed without a despawn; forgetting them
[nebula] 0 entity object(s) were destroyed without a despawn; forgetting them
[nebula] 0 entity object(s) were destroyed without a despawn; forgetting them
[nebula] 0 entity object(s) were destroyed without a despawn; forgetting them
[nebula] spawned Prop(Clone)#281474976710671(e1,rt_4398046511105,auth)
[nebula] 0 entity object(s) were destroyed without a despawn; forgetting them
[nebula] 0 entity object(s) were destroyed without a despawn; forgetting them
[nebula] 0 entity object(s) were destroyed without a despawn; forgetting them
[nebula] 0 entity object(s) were destroyed without a despawn; forgetting them
[nebula] 0 entity object(s) were destroyed without a despawn; forgetting them
[nebula] 0 entity object(s) were destroyed without a despawn; forgetting them
[nebula] 0 entity object(s) were destroyed without a despawn; forgetting them
[nebula] 0 entity object(s) were destroyed without a despawn; forgetting them
[nebula] 0 entity object(s) were destroyed without a despawn; forgetting them
[nebula] 0 entity object(s) were destroyed without a despawn; forgetting them
[nebula] 0 entity object(s) were destroyed without a despawn; forgetting them
[nebula] 0 entity object(s) were destroyed without a despawn; forgetting them
[nebula] 0 entity object(s) were destroyed without a despawn; forgetting them
[nebula] 0 entity object(s) were destroyed without a despawn; forgetting them
[nebula] 0 entity object(s) were destroyed without a despawn; forgetting them
[nebula] 0 entity object(s) were destroyed without a despawn; forgetting them
[nebula] 0 entity object(s) were destroyed without a despawn; forgetting them
[nebula] 0 entity object(s) were destroyed without a despawn; forgetting them
[nebula] 0 entity object(s) were destroyed without a despawn; forgetting them
[nebula] 0 entity object(s) were destroyed without a despawn; forgetting them
[nebula] 0 entity object(s) were destroyed without a despawn; forgetting them
[nebula] 0 entity object(s) were destroyed without a despawn; forgetting them
[nebula] 0 entity object(s) were destroyed without a despawn; forgetting them
[nebula] 0 entity object(s) were destroyed without a despawn; forgetting them
[nebula] 0 entity object(s) were destroyed without a despawn; forgetting them
[nebula] 0 entity object(s) were destroyed without a despawn; forgetting them
[nebula] 0 entity object(s) were destroyed without a despawn; forgetting them
[nebula] 0 entity object(s) were destroyed without a despawn; forgetting them
[nebula] 0 entity object(s) were destroyed without a despawn; forgetting them
[nebula] 0 entity object(s) were destroyed without a despawn; forgetting them
[nebula] local handover Player bot4 (3825002173356310532)#281474976710658(e1,rt_0,auth) rt_1 -> rt_0
[nebula] 0 entity object(s) were destroyed without a despawn; forgetting them
[nebula] 0 entity object(s) were destroyed without a despawn; forgetting them
[nebula] 0 entity object(s) were destroyed without a despawn; forgetting them
[nebula] 0 entity object(s) were destroyed without a despawn; forgetting them
[nebula] 0 entity object(s) were destroyed without a despawn; forgetting them
[nebula] 0 entity object(s) were destroyed without a despawn; forgetting them
[nebula] 0 entity object(s) were destroyed without a despawn; forgetting them
[nebula] 0 entity object(s) were destroyed without a despawn; forgetting them
[nebula] 0 entity object(s) were destroyed without a despawn; forgetting them
[nebula] 0 entity object(s) were destroyed without a despawn; forgetting them
[nebula] 0 entity object(s) were destroyed without a despawn; forgetting them
[nebula] 0 entity object(s) were destroyed without a despawn; forgetting them
[nebula] 0 entity object(s) were destroyed without a despawn; forgetting them
[nebula] 0 entity object(s) were destroyed without a despawn; forgetting them
[nebula] 0 entity object(s) were destroyed without a despawn; forgetting them
[nebula] 0 entity object(s) were destroyed without a despawn; forgetting them
[nebula] 0 entity object(s) were destroyed without a despawn; forgetting them
[nebula] 0 entity object(s) were destroyed without a despawn; forgetting them
[nebula] 0 entity object(s) were destroyed without a despawn; forgetting them
[nebula] 0 entity object(s) were destroyed without a despawn; forgetting them
[nebula] 0 entity object(s) were destroyed without a despawn; forgetting them
[nebula] 0 entity object(s) were destroyed without a despawn; forgetting them
[nebula] 0 entity object(s) were destroyed without a despawn; forgetting them
[nebula] 0 entity object(s) were destroyed without a despawn; forgetting them
[nebula] 0 entity object(s) were destroyed without a despawn; forgetting them
[nebula] 0 entity object(s) were destroyed without a despawn; forgetting them
[nebula] 0 entity object(s) were destroyed without a despawn; forgetting them
[nebula] 0 entity object(s) were destroyed without a despawn; forgetting them
[nebula] 0 entity object(s) were destroyed without a despawn; forgetting them
[nebula] 0 entity object(s) were destroyed without a despawn; forgetting them
[nebula] 0 entity object(s) were destroyed without a despawn; forgetting them
[nebula] 0 entity object(s) were destroyed without a despawn; forgetting them
[nebula] 0 entity object(s) were destroyed without a despawn; forgetting them
[nebula] 0 entity object(s) were destroyed without a despawn; forgetting them
[nebula] 0 entity object(s) were destroyed without a despawn; forgetting them
[nebula] 0 entity object(s) were destroyed without a despawn; forgetting them
[nebula] 0 entity object(s) were destroyed without a despawn; forgetting them
[nebula] 0 entity object(s) were destroyed without a despawn; forgetting them
[nebula] 0 entity object(s) were destroyed without a despawn; forgetting them
[nebula] 0 entity object(s) were destroyed without a despawn; forgetting them
[nebula] 0 entity object(s) were destroyed without a despawn; forgetting them
[nebula] 0 entity object(s) were destroyed without a despawn; forgetting them
[nebula] 0 entity object(s) were destroyed without a despawn; forgetting them
[nebula] 0 entity object(s) were destroyed without a despawn; forgetting them
[nebula] 0 entity object(s) were destroyed without a despawn; forgetting them
[nebula] 0 entity object(s) were destroyed without a despawn; forgetting them
[nebula] 0 entity object(s) were destroyed without a despawn; forgetting them
[nebula] 0 entity object(s) were destroyed without a despawn; forgetting them
[nebula] 0 entity object(s) were destroyed without a despawn; forgetting them
[nebula] 0 entity object(s) were destroyed without a despawn; forgetting them
[nebula] 0 entity object(s) were destroyed without a despawn; forgetting them
[nebula] 0 entity object(s) were destroyed without a despawn; forgetting them
[nebula] 0 entity object(s) were destroyed without a despawn; forgetting them
[nebula] 0 entity object(s) were destroyed without a despawn; forgetting them
[nebula] 0 entity object(s) were destroyed without a despawn; forgetting them
[nebula] 0 entity object(s) were destroyed without a despawn; forgetting them
[nebula] 0 entity object(s) were destroyed without a despawn; forgetting them
[nebula] 0 entity object(s) were destroyed without a despawn; forgetting them
[nebula] 0 entity object(s) were destroyed without a despawn; forgetting them
[nebula] 0 entity object(s) were destroyed without a despawn; forgetting them
[nebula] 0 entity object(s) were destroyed without a despawn; forgetting them
[nebula] 0 entity object(s) were destroyed without a despawn; forgetting them
[nebula] 0 entity object(s) were destroyed without a despawn; forgetting them
[nebula] 0 entity object(s) were destroyed without a despawn; forgetting them
[nebula] 0 entity object(s) were destroyed without a despawn; forgetting them
[nebula] 0 entity object(s) were destroyed without a despawn; forgetting them
[nebula] 0 entity object(s) were destroyed without a despawn; forgetting them
[nebula] 0 entity object(s) were destroyed without a despawn; forgetting them
[nebula] 0 entity object(s) were destroyed without a despawn; forgetting them
[nebula] 0 entity object(s) were destroyed without a despawn; forgetting them
[nebula] 0 entity object(s) were destroyed without a despawn; forgetting them
[nebula] 0 entity object(s) were destroyed without a despawn; forgetting them
[nebula] 0 entity object(s) were destroyed without a despawn; forgetting them
[nebula] 0 entity object(s) were destroyed without a despawn; forgetting them
[nebula] 0 entity object(s) were destroyed without a despawn; forgetting them
[nebula] 0 entity object(s) were destroyed without a despawn; forgetting them
[nebula] 0 entity object(s) were destroyed without a despawn; forgetting them
[nebula] 0 entity object(s) were destroyed without a despawn; forgetting them
[nebula] 0 entity object(s) were destroyed without a despawn; forgetting them
[nebula] 0 entity object(s) were destroyed without a despawn; forgetting them
[nebula] 0 entity object(s) were destroyed without a despawn; forgetting them
[nebula] 0 entity object(s) were destroyed without a despawn; forgetting them
[nebula] 0 entity object(s) were destroyed without a despawn; forgetting them
[nebula] 0 entity object(s) were destroyed without a despawn; forgetting them
[nebula] 0 entity object(s) were destroyed without a despawn; forgetting them
[nebula] 0 entity object(s) were destroyed without a despawn; forgetting them
[nebula] 0 entity object(s) were destroyed without a despawn; forgetting them
[nebula] 0 entity object(s) were destroyed without a despawn; forgetting them
[nebula] 0 entity object(s) were destroyed without a despawn; forgetting them
[nebula] 0 entity object(s) were destroyed without a despawn; forgetting them
[nebula] 0 entity object(s) were destroyed without a despawn; forgetting them
[nebula] 0 entity object(s) were destroyed without a despawn; forgetting them
[nebula] 0 entity object(s) were destroyed without a despawn; forgetting them
[nebula] 0 entity object(s) were destroyed without a despawn; forgetting them
[nebula] 0 entity object(s) were destroyed without a despawn; forgetting them
[nebula] 0 entity object(s) were destroyed without a despawn; forgetting them
[nebula] 0 entity object(s) were destroyed without a despawn; forgetting them
[nebula] 0 entity object(s) were destroyed without a despawn; forgetting them
[nebula] 0 entity object(s) were destroyed without a despawn; forgetting them
[nebula] 0 entity object(s) were destroyed without a despawn; forgetting them
[nebula] 0 entity object(s) were destroyed without a despawn; forgetting them
[nebula] 0 entity object(s) were destroyed without a despawn; forgetting them
[nebula] 0 entity object(s) were destroyed without a despawn; forgetting them
[nebula] 0 entity object(s) were destroyed without a despawn; forgetting them
[nebula] 0 entity object(s) were destroyed without a despawn; forgetting them
[nebula] 0 entity object(s) were destroyed without a despawn; forgetting them
[nebula] 0 entity object(s) were destroyed without a despawn; forgetting them
[nebula] 0 entity object(s) were destroyed without a despawn; forgetting them
[nebula] 0 entity object(s) were destroyed without a despawn; forgetting them
[nebula] 0 entity object(s) were destroyed without a despawn; forgetting them
[nebula] 0 entity object(s) were destroyed without a despawn; forgetting them
[nebula] 0 entity object(s) were destroyed without a despawn; forgetting them
[nebula] 0 entity object(s) were destroyed without a despawn; forgetting them
[nebula] 0 entity object(s) were destroyed without a despawn; forgetting them
[nebula] 0 entity object(s) were destroyed without a despawn; forgetting them
[nebula] 0 entity object(s) were destroyed without a despawn; forgetting them
[nebula] 0 entity object(s) were destroyed without a despawn; forgetting them
[nebula] 0 entity object(s) were destroyed without a despawn; forgetting them
[nebula] 0 entity object(s) were destroyed without a despawn; forgetting them
[nebula] 0 entity object(s) were destroyed without a despawn; forgetting them
[nebula] 0 entity object(s) were destroyed without a despawn; forgetting them
[nebula] 0 entity object(s) were destroyed without a despawn; forgetting them
[nebula] 0 entity object(s) were destroyed without a despawn; forgetting them
[nebula] 0 entity object(s) were destroyed without a despawn; forgetting them
[nebula] 0 entity object(s) were destroyed without a despawn; forgetting them
[nebula] 0 entity object(s) were destroyed without a despawn; forgetting them
[nebula] 0 entity object(s) were destroyed without a despawn; forgetting them
[nebula] 0 entity object(s) were destroyed without a despawn; forgetting them
[nebula] 0 entity object(s) were destroyed without a despawn; forgetting them
[nebula] 0 entity object(s) were destroyed without a despawn; forgetting them
[nebula] 0 entity object(s) were destroyed without a despawn; forgetting them
[nebula] 0 entity object(s) were destroyed without a despawn; forgetting them
[nebula] 0 entity object(s) were destroyed without a despawn; forgetting them
[nebula] 0 entity object(s) were destroyed without a despawn; forgetting them
[nebula] 0 entity object(s) were destroyed without a despawn; forgetting them
[nebula] 0 entity object(s) were destroyed without a despawn; forgetting them
[nebula] 0 entity object(s) were destroyed without a despawn; forgetting them
[nebula] 0 entity object(s) were destroyed without a despawn; forgetting them
[nebula] 0 entity object(s) were destroyed without a despawn; forgetting them
[nebula] 0 entity object(s) were destroyed without a despawn; forgetting them
[nebula] 0 entity object(s) were destroyed without a despawn; forgetting them
[nebula] 0 entity object(s) were destroyed without a despawn; forgetting them
[nebula] 0 entity object(s) were destroyed without a despawn; forgetting them
[nebula] 0 entity object(s) were destroyed without a despawn; forgetting them
[nebula] 0 entity object(s) were destroyed without a despawn; forgetting them
[nebula] 0 entity object(s) were destroyed without a despawn; forgetting them
[nebula] 0 entity object(s) were destroyed without a despawn; forgetting them
[nebula] 0 entity object(s) were destroyed without a despawn; forgetting them
[nebula] 0 entity object(s) were destroyed without a despawn; forgetting them
[nebula] 0 entity object(s) were destroyed without a despawn; forgetting them
[nebula] 0 entity object(s) were destroyed without a despawn; forgetting them
[nebula] 0 entity object(s) were destroyed without a despawn; forgetting them
[nebula] 0 entity object(s) were destroyed without a despawn; forgetting them
[nebula] 0 entity object(s) were destroyed without a despawn; forgetting them
[nebula] 0 entity object(s) were destroyed without a despawn; forgetting them
[nebula] 0 entity object(s) were destroyed without a despawn; forgetting them
[nebula] 0 entity object(s) were destroyed without a despawn; forgetting them
[nebula] 0 entity object(s) were destroyed without a despawn; forgetting them
[nebula] 0 entity object(s) were destroyed without a despawn; forgetting them
[nebula] 0 entity object(s) were destroyed without a despawn; forgetting them
[nebula] 0 entity object(s) were destroyed without a despawn; forgetting them
[nebula] 0 entity object(s) were destroyed without a despawn; forgetting them
[nebula] 0 entity object(s) were destroyed without a despawn; forgetting them
[nebula] 0 entity object(s) were destroyed without a despawn; forgetting them
[nebula] 0 entity object(s) were destroyed without a despawn; forgetting them
[nebula] 0 entity object(s) were destroyed without a despawn; forgetting them
[nebula] 0 entity object(s) were destroyed without a despawn; forgetting them
[nebula] 0 entity object(s) were destroyed without a despawn; forgetting them
[nebula] 0 entity object(s) were destroyed without a despawn; forgetting them
[nebula] 0 entity object(s) were destroyed without a despawn; forgetting them
[nebula] 0 entity object(s) were destroyed without a despawn; forgetting them
[nebula] 0 entity object(s) were destroyed without a despawn; forgetting them
[nebula] 0 entity object(s) were destroyed without a despawn; forgetting them
[nebula] 0 entity object(s) were destroyed without a despawn; forgetting them
[nebula] 0 entity object(s) were destroyed without a despawn; forgetting them
[nebula] 0 entity object(s) were destroyed without a despawn; forgetting them
[nebula] 0 entity object(s) were destroyed without a despawn; forgetting them
[nebula] 0 entity object(s) were destroyed without a despawn; forgetting them
[nebula] 0 entity object(s) were destroyed without a despawn; forgetting them
[nebula] 0 entity object(s) were destroyed without a despawn; forgetting them
[nebula] 0 entity object(s) were destroyed without a despawn; forgetting them
[nebula] 0 entity object(s) were destroyed without a despawn; forgetting them
[nebula] 0 entity object(s) were destroyed without a despawn; forgetting them
[nebula] 0 entity object(s) were destroyed without a despawn; forgetting them
[nebula] 0 entity object(s) were destroyed without a despawn; forgetting them
[nebula] 0 entity object(s) were destroyed without a despawn; forgetting them
[nebula] 0 entity object(s) were destroyed without a despawn; forgetting them
[nebula] 0 entity object(s) were destroyed without a despawn; forgetting them
[nebula] 0 entity object(s) were destroyed without a despawn; forgetting them
[nebula] 0 entity object(s) were destroyed without a despawn; forgetting them
[nebula] 0 entity object(s) were destroyed without a despawn; forgetting them
[nebula] 0 entity object(s) were destroyed without a despawn; forgetting them
[nebula] 0 entity object(s) were destroyed without a despawn; forgetting them
[nebula] 0 entity object(s) were destroyed without a despawn; forgetting them
[nebula] 0 entity object(s) were destroyed without a despawn; forgetting them
[nebula] 0 entity object(s) were destroyed without a despawn; forgetting them
[nebula] 0 entity object(s) were destroyed without a despawn; forgetting them
[nebula] 0 entity object(s) were destroyed without a despawn; forgetting them
[nebula] 0 entity object(s) were destroyed without a despawn; forgetting them
[nebula] 0 entity object(s) were destroyed without a despawn; forgetting them
[nebula] profile 300 ticks/5s 300 frames avg 0.7ms max 1.6ms dup 0 skip 0 gc 19 auth 20 ghosts 1 | poll=0.01 ghosts=0.00 physics.sync=0.00 simulate=0.01 poses=0.03 containers=0.51 band=0.02 publish=0.02 gap=15.94 interest=0.01
[nebula] 0 entity object(s) were destroyed without a despawn; forgetting them
[nebula] 0 entity object(s) were destroyed without a despawn; forgetting them
[nebula] 0 entity object(s) were destroyed without a despawn; forgetting them
[nebula] 0 entity object(s) were destroyed without a despawn; forgetting them
[nebula] 0 entity object(s) were destroyed without a despawn; forgetting them
[nebula] 0 entity object(s) were destroyed without a despawn; forgetting them
[nebula] 0 entity object(s) were destroyed without a despawn; forgetting them
[nebula] 0 entity object(s) were destroyed without a despawn; forgetting them
[nebula] 0 entity object(s) were destroyed without a despawn; forgetting them
[nebula] 0 entity object(s) were destroyed without a despawn; forgetting them
[nebula] 0 entity object(s) were destroyed without a despawn; forgetting them
[nebula] 0 entity object(s) were destroyed without a despawn; forgetting them
[nebula] 0 entity object(s) were destroyed without a despawn; forgetting them
[nebula] 0 entity object(s) were destroyed without a despawn; forgetting them
[nebula] 0 entity object(s) were destroyed without a despawn; forgetting them
[nebula] 0 entity object(s) were destroyed without a despawn; forgetting them
[nebula] 0 entity object(s) were destroyed without a despawn; forgetting them
[nebula] 0 entity object(s) were destroyed without a despawn; forgetting them
[nebula] 0 entity object(s) were destroyed without a despawn; forgetting them
[nebula] local handover Player(Clone)#844424930131969(e2,rt_9223363240761753600,auth) rt_9223363240761753601 -> rt_9223363240761753600
[nebula] 0 entity object(s) were destroyed without a despawn; forgetting them
[nebula] 0 entity object(s) were destroyed without a despawn; forgetting them
[nebula] 0 entity object(s) were destroyed without a despawn; forgetting them
[nebula] 0 entity object(s) were destroyed without a despawn; forgetting them
[nebula] 0 entity object(s) were destroyed without a despawn; forgetting them
[nebula] 0 entity object(s) were destroyed without a despawn; forgetting them
[nebula] 0 entity object(s) were destroyed without a despawn; forgetting them
[nebula] 0 entity object(s) were destroyed without a despawn; forgetting them
[nebula] 0 entity object(s) were destroyed without a despawn; forgetting them
[nebula] 0 entity object(s) were destroyed without a despawn; forgetting them
[nebula] 0 entity object(s) were destroyed without a despawn; forgetting them
[nebula] 0 entity object(s) were destroyed without a despawn; forgetting them
[nebula] 0 entity object(s) were destroyed without a despawn; forgetting them
[nebula] 0 entity object(s) were destroyed without a despawn; forgetting them
[nebula] 0 entity object(s) were destroyed without a despawn; forgetting them
[nebula] 0 entity object(s) were destroyed without a despawn; forgetting them
[nebula] 0 entity object(s) were destroyed without a despawn; forgetting them
[nebula] 0 entity object(s) were destroyed without a despawn; forgetting them
[nebula] 0 entity object(s) were destroyed without a despawn; forgetting them
[nebula] 0 entity object(s) were destroyed without a despawn; forgetting them
[nebula] 0 entity object(s) were destroyed without a despawn; forgetting them
[nebula] 0 entity object(s) were destroyed without a despawn; forgetting them
[nebula] 0 entity object(s) were destroyed without a despawn; forgetting them
[nebula] 0 entity object(s) were destroyed without a despawn; forgetting them
[nebula] 0 entity object(s) were destroyed without a despawn; forgetting them
[nebula] 0 entity object(s) were destroyed without a despawn; forgetting them
[nebula] 0 entity object(s) were destroyed without a despawn; forgetting them
[nebula] 0 entity object(s) were destroyed without a despawn; forgetting them
[nebula] 0 entity object(s) were destroyed without a despawn; forgetting them
[nebula] handover OUT Player(Clone)#1125899906842625(e3,rt_2,ghost) -> w4 (epoch 3, tick 1365006171)
[nebula] handover OUT Prop(Clone)#1125899906842627(e3,rt_4398046511106,ghost) -> w4 (epoch 3, tick 1365006171)
[nebula] handover OUT Prop(Clone)#281474976710660(e2,rt_4398046511106,ghost) -> w4 (epoch 2, tick 1365006171)
[nebula] handover OUT Prop(Clone)#281474976710661(e2,rt_2,ghost) -> w4 (epoch 2, tick 1365006171)
[nebula] handover OUT Prop(Clone)#281474976710670(e2,rt_2,ghost) -> w4 (epoch 2, tick 1365006171)
[nebula] 0 entity object(s) were destroyed without a despawn; forgetting them
[nebula] 0 entity object(s) were destroyed without a despawn; forgetting them
[nebula] 0 entity object(s) were destroyed without a despawn; forgetting them
[nebula] 0 entity object(s) were destroyed without a despawn; forgetting them
[nebula] 0 entity object(s) were destroyed without a despawn; forgetting them
[nebula] 0 entity object(s) were destroyed without a despawn; forgetting them
[nebula] 0 entity object(s) were destroyed without a despawn; forgetting them
[nebula] 0 entity object(s) were destroyed without a despawn; forgetting them
[nebula] 0 entity object(s) were destroyed without a despawn; forgetting them
[nebula] 0 entity object(s) were destroyed without a despawn; forgetting them
[nebula] 0 entity object(s) were destroyed without a despawn; forgetting them
[nebula] 0 entity object(s) were destroyed without a despawn; forgetting them
[nebula] 0 entity object(s) were destroyed without a despawn; forgetting them
[nebula] 0 entity object(s) were destroyed without a despawn; forgetting them
[nebula] 0 entity object(s) were destroyed without a despawn; forgetting them
[nebula] 0 entity object(s) were destroyed without a despawn; forgetting them
[nebula] 0 entity object(s) were destroyed without a despawn; forgetting them
[nebula] 0 entity object(s) were destroyed without a despawn; forgetting them
[nebula] 0 entity object(s) were destroyed without a despawn; forgetting them
[nebula] 0 entity object(s) were destroyed without a despawn; forgetting them
[nebula] 0 entity object(s) were destroyed without a despawn; forgetting them
[nebula] 0 entity object(s) were destroyed without a despawn; forgetting them
[nebula] 0 entity object(s) were destroyed without a despawn; forgetting them
[nebula] 0 entity object(s) were destroyed without a despawn; forgetting them
[nebula] 0 entity object(s) were destroyed without a despawn; forgetting them
[nebula] 0 entity object(s) were destroyed without a despawn; forgetting them
[nebula] 0 entity object(s) were destroyed without a despawn; forgetting them
[nebula] 0 entity object(s) were destroyed without a despawn; forgetting them
[nebula] 0 entity object(s) were destroyed without a despawn; forgetting them
[nebula] 0 entity object(s) were destroyed without a despawn; forgetting them
[nebula] ghost Player(Clone)#1125899906842625(e4,rt_1,auth) -> w4
[nebula] handover IN  Player(Clone)#1125899906842625(e4,rt_1,auth) <- w4 (epoch 4, tick 1365006201)
[nebula] 0 entity object(s) were destroyed without a despawn; forgetting them
[nebula] 0 entity object(s) were destroyed without a despawn; forgetting them
[nebula] 0 entity object(s) were destroyed without a despawn; forgetting them
[nebula] 0 entity object(s) were destroyed without a despawn; forgetting them
[nebula] 0 entity object(s) were destroyed without a despawn; forgetting them
[nebula] 0 entity object(s) were destroyed without a despawn; forgetting them
[nebula] 0 entity object(s) were destroyed without a despawn; forgetting them
[nebula] 0 entity object(s) were destroyed without a despawn; forgetting them
[nebula] 0 entity object(s) were destroyed without a despawn; forgetting them
[nebula] local handover Player(Clone)#1125899906842626(e2,rt_4398046511104,auth) rt_4398046511105 -> rt_4398046511104
[nebula] 0 entity object(s) were destroyed without a despawn; forgetting them
[nebula] 0 entity object(s) were destroyed without a despawn; forgetting them
[nebula] 0 entity object(s) were destroyed without a despawn; forgetting them
[nebula] 0 entity object(s) were destroyed without a despawn; forgetting them
[nebula] 0 entity object(s) were destroyed without a despawn; forgetting them
[nebula] 0 entity object(s) were destroyed without a despawn; forgetting them
[nebula] 0 entity object(s) were destroyed without a despawn; forgetting them
[nebula] 0 entity object(s) were destroyed without a despawn; forgetting them
[nebula] 0 entity object(s) were destroyed without a despawn; forgetting them
[nebula] 0 entity object(s) were destroyed without a despawn; forgetting them
[nebula] 0 entity object(s) were destroyed without a despawn; forgetting them
[nebula] 0 entity object(s) were destroyed without a despawn; forgetting them
[nebula] 0 entity object(s) were destroyed without a despawn; forgetting them
[nebula] 0 entity object(s) were destroyed without a despawn; forgetting them
[nebula] 0 entity object(s) were destroyed without a despawn; forgetting them
[nebula] 0 entity object(s) were destroyed without a despawn; forgetting them
[nebula] 0 entity object(s) were destroyed without a despawn; forgetting them
[nebula] 0 entity object(s) were destroyed without a despawn; forgetting them
[nebula] 0 entity object(s) were destroyed without a despawn; forgetting them
[nebula] 0 entity object(s) were destroyed without a despawn; forgetting them
[nebula] 0 entity object(s) were destroyed without a despawn; forgetting them
[nebula] 0 entity object(s) were destroyed without a despawn; forgetting them
[nebula] 0 entity object(s) were destroyed without a despawn; forgetting them
[nebula] 0 entity object(s) were destroyed without a despawn; forgetting them
[nebula] 0 entity object(s) were destroyed without a despawn; forgetting them
[nebula] 0 entity object(s) were destroyed without a despawn; forgetting them
[nebula] 0 entity object(s) were destroyed without a despawn; forgetting them
[nebula] 0 entity object(s) were destroyed without a despawn; forgetting them
[nebula] 0 entity object(s) were destroyed without a despawn; forgetting them
[nebula] 0 entity object(s) were destroyed without a despawn; forgetting them
[nebula] 0 entity object(s) were destroyed without a despawn; forgetting them
[nebula] 0 entity object(s) were destroyed without a despawn; forgetting them
[nebula] 0 entity object(s) were destroyed without a despawn; forgetting them
[nebula] 0 entity object(s) were destroyed without a despawn; forgetting them
[nebula] 0 entity object(s) were destroyed without a despawn; forgetting them
[nebula] 0 entity object(s) were destroyed without a despawn; forgetting them
[nebula] 0 entity object(s) were destroyed without a despawn; forgetting them
[nebula] 0 entity object(s) were destroyed without a despawn; forgetting them
[nebula] 0 entity object(s) were destroyed without a despawn; forgetting them
[nebula] 0 entity object(s) were destroyed without a despawn; forgetting them
[nebula] 0 entity object(s) were destroyed without a despawn; forgetting them
[nebula] 0 entity object(s) were destroyed without a despawn; forgetting them
[nebula] 0 entity object(s) were destroyed without a despawn; forgetting them
[nebula] 0 entity object(s) were destroyed without a despawn; forgetting them
[nebula] 0 entity object(s) were destroyed without a despawn; forgetting them
[nebula] 0 entity object(s) were destroyed without a despawn; forgetting them
[nebula] 0 entity object(s) were destroyed without a despawn; forgetting them
[nebula] 0 entity object(s) were destroyed without a despawn; forgetting them
[nebula] 0 entity object(s) were destroyed without a despawn; forgetting them
[nebula] 0 entity object(s) were destroyed without a despawn; forgetting them
[nebula] 0 entity object(s) were destroyed without a despawn; forgetting them
[nebula] 0 entity object(s) were destroyed without a despawn; forgetting them
[nebula] 0 entity object(s) were destroyed without a despawn; forgetting them
[nebula] 0 entity object(s) were destroyed without a despawn; forgetting them
[nebula] 0 entity object(s) were destroyed without a despawn; forgetting them
[nebula] 0 entity object(s) were destroyed without a despawn; forgetting them
[nebula] 0 entity object(s) were destroyed without a despawn; forgetting them
[nebula] 0 entity object(s) were destroyed without a despawn; forgetting them
[nebula] 0 entity object(s) were destroyed without a despawn; forgetting them
[nebula] 0 entity object(s) were destroyed without a despawn; forgetting them
[nebula] 0 entity object(s) were destroyed without a despawn; forgetting them
[nebula] 0 entity object(s) were destroyed without a despawn; forgetting them
[nebula] 0 entity object(s) were destroyed without a despawn; forgetting them
[nebula] 0 entity object(s) were destroyed without a despawn; forgetting them
[nebula] 0 entity object(s) were destroyed without a despawn; forgetting them
[nebula] 0 entity object(s) were destroyed without a despawn; forgetting them
[nebula] 0 entity object(s) were destroyed without a despawn; forgetting them
[nebula] 0 entity object(s) were destroyed without a despawn; forgetting them
[nebula] 0 entity object(s) were destroyed without a despawn; forgetting them
[nebula] 0 entity object(s) were destroyed without a despawn; forgetting them
[nebula] 0 entity object(s) were destroyed without a despawn; forgetting them
[nebula] 0 entity object(s) were destroyed without a despawn; forgetting them
[nebula] 0 entity object(s) were destroyed without a despawn; forgetting them
[nebula] 0 entity object(s) were destroyed without a despawn; forgetting them
[nebula] 0 entity object(s) were destroyed without a despawn; forgetting them
[nebula] 0 entity object(s) were destroyed without a despawn; forgetting them
[nebula] 0 entity object(s) were destroyed without a despawn; forgetting them
[nebula] 0 entity object(s) were destroyed without a despawn; forgetting them
[nebula] 0 entity object(s) were destroyed without a despawn; forgetting them
[nebula] 0 entity object(s) were destroyed without a despawn; forgetting them
[nebula] 0 entity object(s) were destroyed without a despawn; forgetting them
[nebula] 0 entity object(s) were destroyed without a despawn; forgetting them
[nebula] 0 entity object(s) were destroyed without a despawn; forgetting them
[nebula] 0 entity object(s) were destroyed without a despawn; forgetting them
[nebula] 0 entity object(s) were destroyed without a despawn; forgetting them
[nebula] 0 entity object(s) were destroyed without a despawn; forgetting them
[nebula] 0 entity object(s) were destroyed without a despawn; forgetting them
[nebula] 0 entity object(s) were destroyed without a despawn; forgetting them
[nebula] 0 entity object(s) were destroyed without a despawn; forgetting them
[nebula] 0 entity object(s) were destroyed without a despawn; forgetting them
[nebula] 0 entity object(s) were destroyed without a despawn; forgetting them
[nebula] 0 entity object(s) were destroyed without a despawn; forgetting them
[nebula] 0 entity object(s) were destroyed without a despawn; forgetting them
[nebula] 0 entity object(s) were destroyed without a despawn; forgetting them
[nebula] 0 entity object(s) were destroyed without a despawn; forgetting them
[nebula] 0 entity object(s) were destroyed without a despawn; forgetting them
[nebula] 0 entity object(s) were destroyed without a despawn; forgetting them
[nebula] 0 entity object(s) were destroyed without a despawn; forgetting them
[nebula] 0 entity object(s) were destroyed without a despawn; forgetting them
[nebula] 0 entity object(s) were destroyed without a despawn; forgetting them
[nebula] 0 entity object(s) were destroyed without a despawn; forgetting them
[nebula] 0 entity object(s) were destroyed without a despawn; forgetting them
[nebula] 0 entity object(s) were destroyed without a despawn; forgetting them
[nebula] 0 entity object(s) were destroyed without a despawn; forgetting them
[nebula] 0 entity object(s) were destroyed without a despawn; forgetting them
[nebula] spawned Prop(Clone)#281474976710672(e1,rt_1,auth)
[nebula] 0 entity object(s) were destroyed without a despawn; forgetting them
[nebula] 0 entity object(s) were destroyed without a despawn; forgetting them
[nebula] 0 entity object(s) were destroyed without a despawn; forgetting them
[nebula] 0 entity object(s) were destroyed without a despawn; forgetting them
[nebula] 0 entity object(s) were destroyed without a despawn; forgetting them
[nebula] 0 entity object(s) were destroyed without a despawn; forgetting them
[nebula] 0 entity object(s) were destroyed without a despawn; forgetting them
[nebula] 0 entity object(s) were destroyed without a despawn; forgetting them
[nebula] 0 entity object(s) were destroyed without a despawn; forgetting them
[nebula] 0 entity object(s) were destroyed without a despawn; forgetting them
[nebula] spawned Prop(Clone)#281474976710673(e1,rt_0,auth)
[nebula] 0 entity object(s) were destroyed without a despawn; forgetting them
[nebula] 0 entity object(s) were destroyed without a despawn; forgetting them
[nebula] 0 entity object(s) were destroyed without a despawn; forgetting them
[nebula] 0 entity object(s) were destroyed without a despawn; forgetting them
[nebula] 0 entity object(s) were destroyed without a despawn; forgetting them
[nebula] 0 entity object(s) were destroyed without a despawn; forgetting them
[nebula] 0 entity object(s) were destroyed without a despawn; forgetting them
[nebula] 0 entity object(s) were destroyed without a despawn; forgetting them
[nebula] 0 entity object(s) were destroyed without a despawn; forgetting them
[nebula] 0 entity object(s) were destroyed without a despawn; forgetting them
[nebula] 0 entity object(s) were destroyed without a despawn; forgetting them
[nebula] 0 entity object(s) were destroyed without a despawn; forgetting them
[nebula] 0 entity object(s) were destroyed without a despawn; forgetting them
[nebula] 0 entity object(s) were destroyed without a despawn; forgetting them
[nebula] 0 entity object(s) were destroyed without a despawn; forgetting them
[nebula] 0 entity object(s) were destroyed without a despawn; forgetting them
[nebula] 0 entity object(s) were destroyed without a despawn; forgetting them
[nebula] 0 entity object(s) were destroyed without a despawn; forgetting them
[nebula] 0 entity object(s) were destroyed without a despawn; forgetting them
[nebula] 0 entity object(s) were destroyed without a despawn; forgetting them
[nebula] 0 entity object(s) were destroyed without a despawn; forgetting them
[nebula] 0 entity object(s) were destroyed without a despawn; forgetting them
[nebula] 0 entity object(s) were destroyed without a despawn; forgetting them
[nebula] 0 entity object(s) were destroyed without a despawn; forgetting them
[nebula] 0 entity object(s) were destroyed without a despawn; forgetting them
[nebula] 0 entity object(s) were destroyed without a despawn; forgetting them
[nebula] 0 entity object(s) were destroyed without a despawn; forgetting them
[nebula] 0 entity object(s) were destroyed without a despawn; forgetting them
[nebula] 0 entity object(s) were destroyed without a despawn; forgetting them
[nebula] 0 entity object(s) were destroyed without a despawn; forgetting them
[nebula] 0 entity object(s) were destroyed without a despawn; forgetting them
[nebula] 0 entity object(s) were destroyed without a despawn; forgetting them
[nebula] 0 entity object(s) were destroyed without a despawn; forgetting them
[nebula] 0 entity object(s) were destroyed without a despawn; forgetting them
[nebula] 0 entity object(s) were destroyed without a despawn; forgetting them
[nebula] 0 entity object(s) were destroyed without a despawn; forgetting them
[nebula] 0 entity object(s) were destroyed without a despawn; forgetting them
[nebula] 0 entity object(s) were destroyed without a despawn; forgetting them
[nebula] 0 entity object(s) were destroyed without a despawn; forgetting them
[nebula] 0 entity object(s) were destroyed without a despawn; forgetting them
[nebula] 0 entity object(s) were destroyed without a despawn; forgetting them
[nebula] 0 entity object(s) were destroyed without a despawn; forgetting them
[nebula] 0 entity object(s) were destroyed without a despawn; forgetting them
[nebula] 0 entity object(s) were destroyed without a despawn; forgetting them
[nebula] 0 entity object(s) were destroyed without a despawn; forgetting them
[nebula] 0 entity object(s) were destroyed without a despawn; forgetting them
[nebula] 0 entity object(s) were destroyed without a despawn; forgetting them
[nebula] 0 entity object(s) were destroyed without a despawn; forgetting them
[nebula] 0 entity object(s) were destroyed without a despawn; forgetting them
[nebula] 0 entity object(s) were destroyed without a despawn; forgetting them
[nebula] 0 entity object(s) were destroyed without a despawn; forgetting them
[nebula] 0 entity object(s) were destroyed without a despawn; forgetting them
[nebula] 0 entity object(s) were destroyed without a despawn; forgetting them
[nebula] 0 entity object(s) were destroyed without a despawn; forgetting them
[nebula] 0 entity object(s) were destroyed without a despawn; forgetting them
[nebula] 0 entity object(s) were destroyed without a despawn; forgetting them
[nebula] 0 entity object(s) were destroyed without a despawn; forgetting them
[nebula] 0 entity object(s) were destroyed without a despawn; forgetting them
[nebula] 0 entity object(s) were destroyed without a despawn; forgetting them
[nebula] 0 entity object(s) were destroyed without a despawn; forgetting them
[nebula] 0 entity object(s) were destroyed without a despawn; forgetting them
[nebula] 0 entity object(s) were destroyed without a despawn; forgetting them
[nebula] 0 entity object(s) were destroyed without a despawn; forgetting them
[nebula] 0 entity object(s) were destroyed without a despawn; forgetting them
[nebula] 0 entity object(s) were destroyed without a despawn; forgetting them
[nebula] 0 entity object(s) were destroyed without a despawn; forgetting them
[nebula] ghost Player(Clone)#1125899906842625(e4,rt_1,auth) -> w4
[nebula] 0 entity object(s) were destroyed without a despawn; forgetting them
[nebula] 0 entity object(s) were destroyed without a despawn; forgetting them
[nebula] 0 entity object(s) were destroyed without a despawn; forgetting them
[nebula] 0 entity object(s) were destroyed without a despawn; forgetting them
[nebula] 0 entity object(s) were destroyed without a despawn; forgetting them
[nebula] 0 entity object(s) were destroyed without a despawn; forgetting them
[nebula] 0 entity object(s) were destroyed without a despawn; forgetting them
[nebula] 0 entity object(s) were destroyed without a despawn; forgetting them
[nebula] 0 entity object(s) were destroyed without a despawn; forgetting them
[nebula] 0 entity object(s) were destroyed without a despawn; forgetting them
[nebula] 0 entity object(s) were destroyed without a despawn; forgetting them
[nebula] 0 entity object(s) were destroyed without a despawn; forgetting them
[nebula] 0 entity object(s) were destroyed without a despawn; forgetting them
[nebula] 0 entity object(s) were destroyed without a despawn; forgetting them
[nebula] 0 entity object(s) were destroyed without a despawn; forgetting them
[nebula] 0 entity object(s) were destroyed without a despawn; forgetting them
[nebula] 0 entity object(s) were destroyed without a despawn; forgetting them
[nebula] 0 entity object(s) were destroyed without a despawn; forgetting them
[nebula] 0 entity object(s) were destroyed without a despawn; forgetting them
[nebula] 0 entity object(s) were destroyed without a despawn; forgetting them
[nebula] 0 entity object(s) were destroyed without a despawn; forgetting them
[nebula] 0 entity object(s) were destroyed without a despawn; forgetting them
[nebula] 0 entity object(s) were destroyed without a despawn; forgetting them
[nebula] 0 entity object(s) were destroyed without a despawn; forgetting them
[nebula] 0 entity object(s) were destroyed without a despawn; forgetting them
[nebula] 0 entity object(s) were destroyed without a despawn; forgetting them
[nebula] 0 entity object(s) were destroyed without a despawn; forgetting them
[nebula] 0 entity object(s) were destroyed without a despawn; forgetting them
[nebula] 0 entity object(s) were destroyed without a despawn; forgetting them
[nebula] 0 entity object(s) were destroyed without a despawn; forgetting them
[nebula] 0 entity object(s) were destroyed without a despawn; forgetting them
[nebula] 0 entity object(s) were destroyed without a despawn; forgetting them
[nebula] profile 300 ticks/5s 300 frames avg 0.6ms max 1.1ms dup 0 skip 0 gc 29 auth 18 ghosts 0 | poll=0.02 ghosts=0.00 physics.sync=0.00 simulate=0.01 poses=0.03 containers=0.43 band=0.02 publish=0.02 gap=16.04 interest=0.01
[nebula] 0 entity object(s) were destroyed without a despawn; forgetting them
[nebula] 0 entity object(s) were destroyed without a despawn; forgetting them
[nebula] 0 entity object(s) were destroyed without a despawn; forgetting them
[nebula] 0 entity object(s) were destroyed without a despawn; forgetting them
[nebula] 0 entity object(s) were destroyed without a despawn; forgetting them
[nebula] 0 entity object(s) were destroyed without a despawn; forgetting them
[nebula] local handover Player bot3 (3825002173356310530)#281474976710657(e3,rt_0,auth) rt_4398046511104 -> rt_0
[nebula] 0 entity object(s) were destroyed without a despawn; forgetting them
[nebula] 0 entity object(s) were destroyed without a despawn; forgetting them
[nebula] spawned Prop(Clone)#281474976710674(e1,rt_9223363240761753600,auth)
[nebula] 0 entity object(s) were destroyed without a despawn; forgetting them
[nebula] 0 entity object(s) were destroyed without a despawn; forgetting them
[nebula] 0 entity object(s) were destroyed without a despawn; forgetting them
[nebula] 0 entity object(s) were destroyed without a despawn; forgetting them
[nebula] 0 entity object(s) were destroyed without a despawn; forgetting them
[nebula] handover OUT Player(Clone)#1125899906842625(e5,rt_2,ghost) -> w4 (epoch 5, tick 1365006436)
[nebula] 0 entity object(s) were destroyed without a despawn; forgetting them
[nebula] 0 entity object(s) were destroyed without a despawn; forgetting them
[nebula] 0 entity object(s) were destroyed without a despawn; forgetting them
[nebula] 0 entity object(s) were destroyed without a despawn; forgetting them
[nebula] 0 entity object(s) were destroyed without a despawn; forgetting them
[nebula] 0 entity object(s) were destroyed without a despawn; forgetting them
[nebula] 0 entity object(s) were destroyed without a despawn; forgetting them
[nebula] 0 entity object(s) were destroyed without a despawn; forgetting them
[nebula] 0 entity object(s) were destroyed without a despawn; forgetting them
[nebula] 0 entity object(s) were destroyed without a despawn; forgetting them
[nebula] 0 entity object(s) were destroyed without a despawn; forgetting them
[nebula] 0 entity object(s) were destroyed without a despawn; forgetting them
[nebula] 0 entity object(s) were destroyed without a despawn; forgetting them
[nebula] 0 entity object(s) were destroyed without a despawn; forgetting them
[nebula] 0 entity object(s) were destroyed without a despawn; forgetting them
[nebula] 0 entity object(s) were destroyed without a despawn; forgetting them
[nebula] 0 entity object(s) were destroyed without a despawn; forgetting them
[nebula] 0 entity object(s) were destroyed without a despawn; forgetting them
[nebula] 0 entity object(s) were destroyed without a despawn; forgetting them
[nebula] 0 entity object(s) were destroyed without a despawn; forgetting them
[nebula] 0 entity object(s) were destroyed without a despawn; forgetting them
[nebula] 0 entity object(s) were destroyed without a despawn; forgetting them
[nebula] 0 entity object(s) were destroyed without a despawn; forgetting them
[nebula] 0 entity object(s) were destroyed without a despawn; forgetting them
[nebula] 0 entity object(s) were destroyed without a despawn; forgetting them
[nebula] 0 entity object(s) were destroyed without a despawn; forgetting them
[nebula] 0 entity object(s) were destroyed without a despawn; forgetting them
[nebula] 0 entity object(s) were destroyed without a despawn; forgetting them
[nebula] 0 entity object(s) were destroyed without a despawn; forgetting them
[nebula] 0 entity object(s) were destroyed without a despawn; forgetting them
[nebula] 0 entity object(s) were destroyed without a despawn; forgetting them
[nebula] 0 entity object(s) were destroyed without a despawn; forgetting them
[nebula] 0 entity object(s) were destroyed without a despawn; forgetting them
[nebula] 0 entity object(s) were destroyed without a despawn; forgetting them
[nebula] 0 entity object(s) were destroyed without a despawn; forgetting them
[nebula] 0 entity object(s) were destroyed without a despawn; forgetting them
[nebula] 0 entity object(s) were destroyed without a despawn; forgetting them
[nebula] 0 entity object(s) were destroyed without a despawn; forgetting them
[nebula] 0 entity object(s) were destroyed without a despawn; forgetting them
[nebula] 0 entity object(s) were destroyed without a despawn; forgetting them
[nebula] 0 entity object(s) were destroyed without a despawn; forgetting them
[nebula] 0 entity object(s) were destroyed without a despawn; forgetting them
[nebula] 0 entity object(s) were destroyed without a despawn; forgetting them
[nebula] 0 entity object(s) were destroyed without a despawn; forgetting them
[nebula] 0 entity object(s) were destroyed without a despawn; forgetting them
[nebula] 0 entity object(s) were destroyed without a despawn; forgetting them
[nebula] 0 entity object(s) were destroyed without a despawn; forgetting them
[nebula] 0 entity object(s) were destroyed without a despawn; forgetting them
[nebula] 0 entity object(s) were destroyed without a despawn; forgetting them
[nebula] 0 entity object(s) were destroyed without a despawn; forgetting them
[nebula] 0 entity object(s) were destroyed without a despawn; forgetting them
[nebula] 0 entity object(s) were destroyed without a despawn; forgetting them
[nebula] 0 entity object(s) were destroyed without a despawn; forgetting them
[nebula] 0 entity object(s) were destroyed without a despawn; forgetting them
[nebula] 0 entity object(s) were destroyed without a despawn; forgetting them
[nebula] 0 entity object(s) were destroyed without a despawn; forgetting them
[nebula] 0 entity object(s) were destroyed without a despawn; forgetting them
[nebula] 0 entity object(s) were destroyed without a despawn; forgetting them
[nebula] 0 entity object(s) were destroyed without a despawn; forgetting them
[nebula] 0 entity object(s) were destroyed without a despawn; forgetting them
[nebula] 0 entity object(s) were destroyed without a despawn; forgetting them
[nebula] 0 entity object(s) were destroyed without a despawn; forgetting them
[nebula] 0 entity object(s) were destroyed without a despawn; forgetting them
[nebula] 0 entity object(s) were destroyed without a despawn; forgetting them
[nebula] 0 entity object(s) were destroyed without a despawn; forgetting them
[nebula] 0 entity object(s) were destroyed without a despawn; forgetting them
[nebula] 0 entity object(s) were destroyed without a despawn; forgetting them
[nebula] 0 entity object(s) were destroyed without a despawn; forgetting them
[nebula] 0 entity object(s) were destroyed without a despawn; forgetting them
[nebula] local handover Player(Clone)#844424930131969(e2,rt_9223363240761753601,auth) rt_9223363240761753600 -> rt_9223363240761753601
[nebula] 0 entity object(s) were destroyed without a despawn; forgetting them
[nebula] 0 entity object(s) were destroyed without a despawn; forgetting them
[nebula] 0 entity object(s) were destroyed without a despawn; forgetting them
[nebula] 0 entity object(s) were destroyed without a despawn; forgetting them
[nebula] 0 entity object(s) were destroyed without a despawn; forgetting them
[nebula] 0 entity object(s) were destroyed without a despawn; forgetting them
[nebula] 0 entity object(s) were destroyed without a despawn; forgetting them
[nebula] 0 entity object(s) were destroyed without a despawn; forgetting them
[nebula] 0 entity object(s) were destroyed without a despawn; forgetting them
[nebula] 0 entity object(s) were destroyed without a despawn; forgetting them
[nebula] 0 entity object(s) were destroyed without a despawn; forgetting them
[nebula] 0 entity object(s) were destroyed without a despawn; forgetting them
[nebula] 0 entity object(s) were destroyed without a despawn; forgetting them
[nebula] 0 entity object(s) were destroyed without a despawn; forgetting them
[nebula] 0 entity object(s) were destroyed without a despawn; forgetting them
[nebula] 0 entity object(s) were destroyed without a despawn; forgetting them
[nebula] 0 entity object(s) were destroyed without a despawn; forgetting them
[nebula] 0 entity object(s) were destroyed without a despawn; forgetting them
[nebula] 0 entity object(s) were destroyed without a despawn; forgetting them
[nebula] 0 entity object(s) were destroyed without a despawn; forgetting them
[nebula] 0 entity object(s) were destroyed without a despawn; forgetting them
[nebula] 0 entity object(s) were destroyed without a despawn; forgetting them
[nebula] 0 entity object(s) were destroyed without a despawn; forgetting them
[nebula] 0 entity object(s) were destroyed without a despawn; forgetting them
[nebula] 0 entity object(s) were destroyed without a despawn; forgetting them
[nebula] 0 entity object(s) were destroyed without a despawn; forgetting them
[nebula] 0 entity object(s) were destroyed without a despawn; forgetting them
[nebula] 0 entity object(s) were destroyed without a despawn; forgetting them
[nebula] 0 entity object(s) were destroyed without a despawn; forgetting them
[nebula] 0 entity object(s) were destroyed without a despawn; forgetting them
[nebula] 0 entity object(s) were destroyed without a despawn; forgetting them
[nebula] 0 entity object(s) were destroyed without a despawn; forgetting them
[nebula] 0 entity object(s) were destroyed without a despawn; forgetting them
[nebula] 0 entity object(s) were destroyed without a despawn; forgetting them
[nebula] 0 entity object(s) were destroyed without a despawn; forgetting them
[nebula] 0 entity object(s) were destroyed without a despawn; forgetting them
[nebula] 0 entity object(s) were destroyed without a despawn; forgetting them
[nebula] 0 entity object(s) were destroyed without a despawn; forgetting them
[nebula] 0 entity object(s) were destroyed without a despawn; forgetting them
[nebula] 0 entity object(s) were destroyed without a despawn; forgetting them
[nebula] 0 entity object(s) were destroyed without a despawn; forgetting them
[nebula] 0 entity object(s) were destroyed without a despawn; forgetting them
[nebula] 0 entity object(s) were destroyed without a despawn; forgetting them
[nebula] 0 entity object(s) were destroyed without a despawn; forgetting them
[nebula] 0 entity object(s) were destroyed without a despawn; forgetting them
[nebula] 0 entity object(s) were destroyed without a despawn; forgetting them
[nebula] 0 entity object(s) were destroyed without a despawn; forgetting them
[nebula] 0 entity object(s) were destroyed without a despawn; forgetting them
[nebula] 0 entity object(s) were destroyed without a despawn; forgetting them
[nebula] 0 entity object(s) were destroyed without a despawn; forgetting them
[nebula] 0 entity object(s) were destroyed without a despawn; forgetting them
[nebula] 0 entity object(s) were destroyed without a despawn; forgetting them
[nebula] 0 entity object(s) were destroyed without a despawn; forgetting them
[nebula] 0 entity object(s) were destroyed without a despawn; forgetting them
[nebula] 0 entity object(s) were destroyed without a despawn; forgetting them
[nebula] 0 entity object(s) were destroyed without a despawn; forgetting them
[nebula] 0 entity object(s) were destroyed without a despawn; forgetting them
[nebula] 0 entity object(s) were destroyed without a despawn; forgetting them
[nebula] 0 entity object(s) were destroyed without a despawn; forgetting them
[nebula] 0 entity object(s) were destroyed without a despawn; forgetting them
[nebula] 0 entity object(s) were destroyed without a despawn; forgetting them
[nebula] 0 entity object(s) were destroyed without a despawn; forgetting them
[nebula] 0 entity object(s) were destroyed without a despawn; forgetting them
[nebula] 0 entity object(s) were destroyed without a despawn; forgetting them
[nebula] 0 entity object(s) were destroyed without a despawn; forgetting them
[nebula] 0 entity object(s) were destroyed without a despawn; forgetting them
[nebula] 0 entity object(s) were destroyed without a despawn; forgetting them
[nebula] 0 entity object(s) were destroyed without a despawn; forgetting them
[nebula] 0 entity object(s) were destroyed without a despawn; forgetting them
[nebula] 0 entity object(s) were destroyed without a despawn; forgetting them
[nebula] 0 entity object(s) were destroyed without a despawn; forgetting them
[nebula] 0 entity object(s) were destroyed without a despawn; forgetting them
[nebula] 0 entity object(s) were destroyed without a despawn; forgetting them
[nebula] 0 entity object(s) were destroyed without a despawn; forgetting them
[nebula] 0 entity object(s) were destroyed without a despawn; forgetting them
[nebula] 0 entity object(s) were destroyed without a despawn; forgetting them
[nebula] 0 entity object(s) were destroyed without a despawn; forgetting them
[nebula] 0 entity object(s) were destroyed without a despawn; forgetting them
[nebula] 0 entity object(s) were destroyed without a despawn; forgetting them
[nebula] 0 entity object(s) were destroyed without a despawn; forgetting them
[nebula] 0 entity object(s) were destroyed without a despawn; forgetting them
[nebula] 0 entity object(s) were destroyed without a despawn; forgetting them
[nebula] 0 entity object(s) were destroyed without a despawn; forgetting them
[nebula] 0 entity object(s) were destroyed without a despawn; forgetting them
[nebula] 0 entity object(s) were destroyed without a despawn; forgetting them
[nebula] 0 entity object(s) were destroyed without a despawn; forgetting them
[nebula] 0 entity object(s) were destroyed without a despawn; forgetting them
[nebula] 0 entity object(s) were destroyed without a despawn; forgetting them
[nebula] 0 entity object(s) were destroyed without a despawn; forgetting them
[nebula] 0 entity object(s) were destroyed without a despawn; forgetting them
[nebula] 0 entity object(s) were destroyed without a despawn; forgetting them
[nebula] 0 entity object(s) were destroyed without a despawn; forgetting them
[nebula] 0 entity object(s) were destroyed without a despawn; forgetting them
[nebula] 0 entity object(s) were destroyed without a despawn; forgetting them
[nebula] 0 entity object(s) were destroyed without a despawn; forgetting them
[nebula] 0 entity object(s) were destroyed without a despawn; forgetting them
[nebula] 0 entity object(s) were destroyed without a despawn; forgetting them
[nebula] 0 entity object(s) were destroyed without a despawn; forgetting them
[nebula] 0 entity object(s) were destroyed without a despawn; forgetting them
[nebula] 0 entity object(s) were destroyed without a despawn; forgetting them
[nebula] 0 entity object(s) were destroyed without a despawn; forgetting them
[nebula] 0 entity object(s) were destroyed without a despawn; forgetting them
[nebula] 0 entity object(s) were destroyed without a despawn; forgetting them
[nebula] 0 entity object(s) were destroyed without a despawn; forgetting them
[nebula] ghost Player(Clone)#1125899906842626(e2,rt_4398046511104,auth) -> w4
[nebula] 0 entity object(s) were destroyed without a despawn; forgetting them
[nebula] 0 entity object(s) were destroyed without a despawn; forgetting them
[nebula] 0 entity object(s) were destroyed without a despawn; forgetting them
[nebula] 0 entity object(s) were destroyed without a despawn; forgetting them
[nebula] 0 entity object(s) were destroyed without a despawn; forgetting them
[nebula] 0 entity object(s) were destroyed without a despawn; forgetting them
[nebula] 0 entity object(s) were destroyed without a despawn; forgetting them
[nebula] 0 entity object(s) were destroyed without a despawn; forgetting them
[nebula] 0 entity object(s) were destroyed without a despawn; forgetting them
[nebula] 0 entity object(s) were destroyed without a despawn; forgetting them
[nebula] 0 entity object(s) were destroyed without a despawn; forgetting them
[nebula] 0 entity object(s) were destroyed without a despawn; forgetting them
[nebula] 0 entity object(s) were destroyed without a despawn; forgetting them
[nebula] 0 entity object(s) were destroyed without a despawn; forgetting them
[nebula] 0 entity object(s) were destroyed without a despawn; forgetting them
[nebula] 0 entity object(s) were destroyed without a despawn; forgetting them
[nebula] 0 entity object(s) were destroyed without a despawn; forgetting them
[nebula] 0 entity object(s) were destroyed without a despawn; forgetting them
[nebula] 0 entity object(s) were destroyed without a despawn; forgetting them
[nebula] 0 entity object(s) were destroyed without a despawn; forgetting them
[nebula] 0 entity object(s) were destroyed without a despawn; forgetting them
[nebula] 0 entity object(s) were destroyed without a despawn; forgetting them
[nebula] 0 entity object(s) were destroyed without a despawn; forgetting them
[nebula] 0 entity object(s) were destroyed without a despawn; forgetting them
[nebula] 0 entity object(s) were destroyed without a despawn; forgetting them
[nebula] 0 entity object(s) were destroyed without a despawn; forgetting them
[nebula] 0 entity object(s) were destroyed without a despawn; forgetting them
[nebula] 0 entity object(s) were destroyed without a despawn; forgetting them
[nebula] 0 entity object(s) were destroyed without a despawn; forgetting them
[nebula] 0 entity object(s) were destroyed without a despawn; forgetting them
[nebula] 0 entity object(s) were destroyed without a despawn; forgetting them
[nebula] 0 entity object(s) were destroyed without a despawn; forgetting them
[nebula] 0 entity object(s) were destroyed without a despawn; forgetting them
[nebula] 0 entity object(s) were destroyed without a despawn; forgetting them
[nebula] 0 entity object(s) were destroyed without a despawn; forgetting them
[nebula] 0 entity object(s) were destroyed without a despawn; forgetting them
[nebula] 0 entity object(s) were destroyed without a despawn; forgetting them
[nebula] 0 entity object(s) were destroyed without a despawn; forgetting them
[nebula] 0 entity object(s) were destroyed without a despawn; forgetting them
[nebula] 0 entity object(s) were destroyed without a despawn; forgetting them
[nebula] 0 entity object(s) were destroyed without a despawn; forgetting them
[nebula] 0 entity object(s) were destroyed without a despawn; forgetting them
[nebula] 0 entity object(s) were destroyed without a despawn; forgetting them
[nebula] 0 entity object(s) were destroyed without a despawn; forgetting them
[nebula] 0 entity object(s) were destroyed without a despawn; forgetting them
[nebula] handover OUT Player(Clone)#1125899906842626(e3,rt_8796093022208,ghost) -> w4 (epoch 3, tick 1365006654)
[nebula] 0 entity object(s) were destroyed without a despawn; forgetting them
[nebula] 0 entity object(s) were destroyed without a despawn; forgetting them
[nebula] 0 entity object(s) were destroyed without a despawn; forgetting them
[nebula] 0 entity object(s) were destroyed without a despawn; forgetting them
[nebula] 0 entity object(s) were destroyed without a despawn; forgetting them
[nebula] 0 entity object(s) were destroyed without a despawn; forgetting them
[nebula] 0 entity object(s) were destroyed without a despawn; forgetting them
[nebula] 0 entity object(s) were destroyed without a despawn; forgetting them
[nebula] 0 entity object(s) were destroyed without a despawn; forgetting them
[nebula] 0 entity object(s) were destroyed without a despawn; forgetting them
[nebula] 0 entity object(s) were destroyed without a despawn; forgetting them
[nebula] 0 entity object(s) were destroyed without a despawn; forgetting them
[nebula] 0 entity object(s) were destroyed without a despawn; forgetting them
[nebula] 0 entity object(s) were destroyed without a despawn; forgetting them
[nebula] 0 entity object(s) were destroyed without a despawn; forgetting them
[nebula] 0 entity object(s) were destroyed without a despawn; forgetting them
[nebula] 0 entity object(s) were destroyed without a despawn; forgetting them
[nebula] 0 entity object(s) were destroyed without a despawn; forgetting them
[nebula] 0 entity object(s) were destroyed without a despawn; forgetting them
[nebula] 0 entity object(s) were destroyed without a despawn; forgetting them
[nebula] 0 entity object(s) were destroyed without a despawn; forgetting them
[nebula] 0 entity object(s) were destroyed without a despawn; forgetting them
[nebula] 0 entity object(s) were destroyed without a despawn; forgetting them
[nebula] 0 entity object(s) were destroyed without a despawn; forgetting them
[nebula] 0 entity object(s) were destroyed without a despawn; forgetting them
[nebula] 0 entity object(s) were destroyed without a despawn; forgetting them
[nebula] spawned Prop(Clone)#281474976710675(e1,rt_0,auth)
[nebula] 0 entity object(s) were destroyed without a despawn; forgetting them
[nebula] 0 entity object(s) were destroyed without a despawn; forgetting them
[nebula] 0 entity object(s) were destroyed without a despawn; forgetting them
[nebula] 0 entity object(s) were destroyed without a despawn; forgetting them
[nebula] 0 entity object(s) were destroyed without a despawn; forgetting them
[nebula] 0 entity object(s) were destroyed without a despawn; forgetting them
[nebula] 0 entity object(s) were destroyed without a despawn; forgetting them
[nebula] 0 entity object(s) were destroyed without a despawn; forgetting them
[nebula] 0 entity object(s) were destroyed without a despawn; forgetting them
[nebula] 0 entity object(s) were destroyed without a despawn; forgetting them
[nebula] 0 entity object(s) were destroyed without a despawn; forgetting them
[nebula] 0 entity object(s) were destroyed without a despawn; forgetting them
[nebula] 0 entity object(s) were destroyed without a despawn; forgetting them
[nebula] 0 entity object(s) were destroyed without a despawn; forgetting them
[nebula] 0 entity object(s) were destroyed without a despawn; forgetting them
[nebula] 0 entity object(s) were destroyed without a despawn; forgetting them
[nebula] 0 entity object(s) were destroyed without a despawn; forgetting them
[nebula] 0 entity object(s) were destroyed without a despawn; forgetting them
[nebula] 0 entity object(s) were destroyed without a despawn; forgetting them
[nebula] 0 entity object(s) were destroyed without a despawn; forgetting them
[nebula] 0 entity object(s) were destroyed without a despawn; forgetting them
[nebula] 0 entity object(s) were destroyed without a despawn; forgetting them
[nebula] 0 entity object(s) were destroyed without a despawn; forgetting them
[nebula] 0 entity object(s) were destroyed without a despawn; forgetting them
[nebula] 0 entity object(s) were destroyed without a despawn; forgetting them
[nebula] 0 entity object(s) were destroyed without a despawn; forgetting them
[nebula] 0 entity object(s) were destroyed without a despawn; forgetting them
[nebula] 0 entity object(s) were destroyed without a despawn; forgetting them
[nebula] 0 entity object(s) were destroyed without a despawn; forgetting them
[nebula] 0 entity object(s) were destroyed without a despawn; forgetting them
[nebula] 0 entity object(s) were destroyed without a despawn; forgetting them
[nebula] 0 entity object(s) were destroyed without a despawn; forgetting them
[nebula] 0 entity object(s) were destroyed without a despawn; forgetting them
[nebula] 0 entity object(s) were destroyed without a despawn; forgetting them
[nebula] 0 entity object(s) were destroyed without a despawn; forgetting them
[nebula] 0 entity object(s) were destroyed without a despawn; forgetting them
[nebula] 0 entity object(s) were destroyed without a despawn; forgetting them
[nebula] 0 entity object(s) were destroyed without a despawn; forgetting them
[nebula] 0 entity object(s) were destroyed without a despawn; forgetting them
[nebula] 0 entity object(s) were destroyed without a despawn; forgetting them
[nebula] 0 entity object(s) were destroyed without a despawn; forgetting them
[nebula] 0 entity object(s) were destroyed without a despawn; forgetting them
[nebula] 0 entity object(s) were destroyed without a despawn; forgetting them
[nebula] profile 300 ticks/5s 300 frames avg 0.6ms max 1.8ms dup 0 skip 0 gc 38 auth 18 ghosts 1 | poll=0.01 ghosts=0.01 physics.sync=0.00 simulate=0.01 poses=0.03 containers=0.43 band=0.02 publish=0.02 gap=16.04 interest=0.01
[nebula] 0 entity object(s) were destroyed without a despawn; forgetting them
[nebula] 0 entity object(s) were destroyed without a despawn; forgetting them
[nebula] 0 entity object(s) were destroyed without a despawn; forgetting them
[nebula] 0 entity object(s) were destroyed without a despawn; forgetting them
[nebula] 0 entity object(s) were destroyed without a despawn; forgetting them
[nebula] 0 entity object(s) were destroyed without a despawn; forgetting them
[nebula] 0 entity object(s) were destroyed without a despawn; forgetting them
[nebula] 0 entity object(s) were destroyed without a despawn; forgetting them
[nebula] 0 entity object(s) were destroyed without a despawn; forgetting them
[nebula] 0 entity object(s) were destroyed without a despawn; forgetting them
[nebula] 0 entity object(s) were destroyed without a despawn; forgetting them
[nebula] 0 entity object(s) were destroyed without a despawn; forgetting them
[nebula] 0 entity object(s) were destroyed without a despawn; forgetting them
[nebula] 0 entity object(s) were destroyed without a despawn; forgetting them
[nebula] 0 entity object(s) were destroyed without a despawn; forgetting them
[nebula] 0 entity object(s) were destroyed without a despawn; forgetting them
[nebula] 0 entity object(s) were destroyed without a despawn; forgetting them
[nebula] 0 entity object(s) were destroyed without a despawn; forgetting them
[nebula] 0 entity object(s) were destroyed without a despawn; forgetting them
[nebula] 0 entity object(s) were destroyed without a despawn; forgetting them
[nebula] 0 entity object(s) were destroyed without a despawn; forgetting them
[nebula] 0 entity object(s) were destroyed without a despawn; forgetting them
[nebula] 0 entity object(s) were destroyed without a despawn; forgetting them
[nebula] 0 entity object(s) were destroyed without a despawn; forgetting them
[nebula] 0 entity object(s) were destroyed without a despawn; forgetting them
[nebula] 0 entity object(s) were destroyed without a despawn; forgetting them
[nebula] 0 entity object(s) were destroyed without a despawn; forgetting them
[nebula] 0 entity object(s) were destroyed without a despawn; forgetting them
[nebula] 0 entity object(s) were destroyed without a despawn; forgetting them
[nebula] 0 entity object(s) were destroyed without a despawn; forgetting them
[nebula] 0 entity object(s) were destroyed without a despawn; forgetting them
[nebula] 0 entity object(s) were destroyed without a despawn; forgetting them
[nebula] 0 entity object(s) were destroyed without a despawn; forgetting them
[nebula] 0 entity object(s) were destroyed without a despawn; forgetting them
[nebula] 0 entity object(s) were destroyed without a despawn; forgetting them
[nebula] 0 entity object(s) were destroyed without a despawn; forgetting them
[nebula] 0 entity object(s) were destroyed without a despawn; forgetting them
[nebula] 0 entity object(s) were destroyed without a despawn; forgetting them
[nebula] 0 entity object(s) were destroyed without a despawn; forgetting them
[nebula] 0 entity object(s) were destroyed without a despawn; forgetting them
[nebula] 0 entity object(s) were destroyed without a despawn; forgetting them
[nebula] 0 entity object(s) were destroyed without a despawn; forgetting them
[nebula] 0 entity object(s) were destroyed without a despawn; forgetting them
[nebula] 0 entity object(s) were destroyed without a despawn; forgetting them
[nebula] 0 entity object(s) were destroyed without a despawn; forgetting them
[nebula] 0 entity object(s) were destroyed without a despawn; forgetting them
[nebula] 0 entity object(s) were destroyed without a despawn; forgetting them
[nebula] 0 entity object(s) were destroyed without a despawn; forgetting them
[nebula] 0 entity object(s) were destroyed without a despawn; forgetting them
[nebula] 0 entity object(s) were destroyed without a despawn; forgetting them
[nebula] 0 entity object(s) were destroyed without a despawn; forgetting them
[nebula] 0 entity object(s) were destroyed without a despawn; forgetting them
[nebula] 0 entity object(s) were destroyed without a despawn; forgetting them
[nebula] 0 entity object(s) were destroyed without a despawn; forgetting them
[nebula] 0 entity object(s) were destroyed without a despawn; forgetting them
[nebula] 0 entity object(s) were destroyed without a despawn; forgetting them
[nebula] 0 entity object(s) were destroyed without a despawn; forgetting them
[nebula] 0 entity object(s) were destroyed without a despawn; forgetting them
[nebula] 0 entity object(s) were destroyed without a despawn; forgetting them
[nebula] 0 entity object(s) were destroyed without a despawn; forgetting them
[nebula] 0 entity object(s) were destroyed without a despawn; forgetting them
[nebula] 0 entity object(s) were destroyed without a despawn; forgetting them
[nebula] 0 entity object(s) were destroyed without a despawn; forgetting them
[nebula] 0 entity object(s) were destroyed without a despawn; forgetting them
[nebula] 0 entity object(s) were destroyed without a despawn; forgetting them
[nebula] 0 entity object(s) were destroyed without a despawn; forgetting them
[nebula] 0 entity object(s) were destroyed without a despawn; forgetting them
[nebula] 0 entity object(s) were destroyed without a despawn; forgetting them
[nebula] 0 entity object(s) were destroyed without a despawn; forgetting them
[nebula] 0 entity object(s) were destroyed without a despawn; forgetting them
[nebula] 0 entity object(s) were destroyed without a despawn; forgetting them
[nebula] 0 entity object(s) were destroyed without a despawn; forgetting them
[nebula] 0 entity object(s) were destroyed without a despawn; forgetting them
[nebula] 0 entity object(s) were destroyed without a despawn; forgetting them
[nebula] 0 entity object(s) were destroyed without a despawn; forgetting them
[nebula] 0 entity object(s) were destroyed without a despawn; forgetting them
[nebula] 0 entity object(s) were destroyed without a despawn; forgetting them
[nebula] 0 entity object(s) were destroyed without a despawn; forgetting them
[nebula] 0 entity object(s) were destroyed without a despawn; forgetting them
[nebula] 0 entity object(s) were destroyed without a despawn; forgetting them
[nebula] 0 entity object(s) were destroyed without a despawn; forgetting them
[nebula] 0 entity object(s) were destroyed without a despawn; forgetting them
[nebula] 0 entity object(s) were destroyed without a despawn; forgetting them
[nebula] 0 entity object(s) were destroyed without a despawn; forgetting them
[nebula] 0 entity object(s) were destroyed without a despawn; forgetting them
[nebula] 0 entity object(s) were destroyed without a despawn; forgetting them
[nebula] 0 entity object(s) were destroyed without a despawn; forgetting them
[nebula] 0 entity object(s) were destroyed without a despawn; forgetting them
[nebula] 0 entity object(s) were destroyed without a despawn; forgetting them
[nebula] 0 entity object(s) were destroyed without a despawn; forgetting them
[nebula] 0 entity object(s) were destroyed without a despawn; forgetting them
[nebula] 0 entity object(s) were destroyed without a despawn; forgetting them
[nebula] 0 entity object(s) were destroyed without a despawn; forgetting them
[nebula] 0 entity object(s) were destroyed without a despawn; forgetting them
[nebula] 0 entity object(s) were destroyed without a despawn; forgetting them
[nebula] 0 entity object(s) were destroyed without a despawn; forgetting them
[nebula] 0 entity object(s) were destroyed without a despawn; forgetting them
[nebula] 0 entity object(s) were destroyed without a despawn; forgetting them
[nebula] 0 entity object(s) were destroyed without a despawn; forgetting them
[nebula] 0 entity object(s) were destroyed without a despawn; forgetting them
[nebula] 0 entity object(s) were destroyed without a despawn; forgetting them
[nebula] 0 entity object(s) were destroyed without a despawn; forgetting them
[nebula] 0 entity object(s) were destroyed without a despawn; forgetting them
[nebula] 0 entity object(s) were destroyed without a despawn; forgetting them
[nebula] 0 entity object(s) were destroyed without a despawn; forgetting them
[nebula] 0 entity object(s) were destroyed without a despawn; forgetting them
[nebula] 0 entity object(s) were destroyed without a despawn; forgetting them
[nebula] 0 entity object(s) were destroyed without a despawn; forgetting them
[nebula] 0 entity object(s) were destroyed without a despawn; forgetting them
[nebula] 0 entity object(s) were destroyed without a despawn; forgetting them
[nebula] 0 entity object(s) were destroyed without a despawn; forgetting them
[nebula] 0 entity object(s) were destroyed without a despawn; forgetting them
[nebula] 0 entity object(s) were destroyed without a despawn; forgetting them
[nebula] 0 entity object(s) were destroyed without a despawn; forgetting them
[nebula] 0 entity object(s) were destroyed without a despawn; forgetting them
[nebula] 0 entity object(s) were destroyed without a despawn; forgetting them
[nebula] 0 entity object(s) were destroyed without a despawn; forgetting them
[nebula] 0 entity object(s) were destroyed without a despawn; forgetting them
[nebula] spawned Prop(Clone)#281474976710676(e1,rt_9223363240761753601,auth)
[nebula] 0 entity object(s) were destroyed without a despawn; forgetting them
[nebula] 0 entity object(s) were destroyed without a despawn; forgetting them
[nebula] 0 entity object(s) were destroyed without a despawn; forgetting them
[nebula] 0 entity object(s) were destroyed without a despawn; forgetting them
[nebula] 0 entity object(s) were destroyed without a despawn; forgetting them
[nebula] 0 entity object(s) were destroyed without a despawn; forgetting them
[nebula] 0 entity object(s) were destroyed without a despawn; forgetting them
[nebula] 0 entity object(s) were destroyed without a despawn; forgetting them
[nebula] 0 entity object(s) were destroyed without a despawn; forgetting them
[nebula] 0 entity object(s) were destroyed without a despawn; forgetting them
[nebula] 0 entity object(s) were destroyed without a despawn; forgetting them
[nebula] 0 entity object(s) were destroyed without a despawn; forgetting them
[nebula] 0 entity object(s) were destroyed without a despawn; forgetting them
[nebula] 0 entity object(s) were destroyed without a despawn; forgetting them
[nebula] 0 entity object(s) were destroyed without a despawn; forgetting them
[nebula] 0 entity object(s) were destroyed without a despawn; forgetting them
[nebula] 0 entity object(s) were destroyed without a despawn; forgetting them
[nebula] 0 entity object(s) were destroyed without a despawn; forgetting them
[nebula] 0 entity object(s) were destroyed without a despawn; forgetting them
[nebula] 0 entity object(s) were destroyed without a despawn; forgetting them
[nebula] 0 entity object(s) were destroyed without a despawn; forgetting them
[nebula] 0 entity object(s) were destroyed without a despawn; forgetting them
[nebula] ghost Player bot4 (3825002173356310532)#281474976710658(e1,rt_0,auth) -> w3
[nebula] 0 entity object(s) were destroyed without a despawn; forgetting them
[nebula] 0 entity object(s) were destroyed without a despawn; forgetting them
[nebula] 0 entity object(s) were destroyed without a despawn; forgetting them
[nebula] 0 entity object(s) were destroyed without a despawn; forgetting them
[nebula] 0 entity object(s) were destroyed without a despawn; forgetting them
[nebula] 0 entity object(s) were destroyed without a despawn; forgetting them
[nebula] 0 entity object(s) were destroyed without a despawn; forgetting them
[nebula] 0 entity object(s) were destroyed without a despawn; forgetting them
[nebula] 0 entity object(s) were destroyed without a despawn; forgetting them
[nebula] 0 entity object(s) were destroyed without a despawn; forgetting them
[nebula] 0 entity object(s) were destroyed without a despawn; forgetting them
[nebula] 0 entity object(s) were destroyed without a despawn; forgetting them
[nebula] 0 entity object(s) were destroyed without a despawn; forgetting them
[nebula] 0 entity object(s) were destroyed without a despawn; forgetting them
[nebula] 0 entity object(s) were destroyed without a despawn; forgetting them
[nebula] 0 entity object(s) were destroyed without a despawn; forgetting them
[nebula] 0 entity object(s) were destroyed without a despawn; forgetting them
[nebula] 0 entity object(s) were destroyed without a despawn; forgetting them
[nebula] 0 entity object(s) were destroyed without a despawn; forgetting them
[nebula] 0 entity object(s) were destroyed without a despawn; forgetting them
[nebula] 0 entity object(s) were destroyed without a despawn; forgetting them
[nebula] 0 entity object(s) were destroyed without a despawn; forgetting them
[nebula] 0 entity object(s) were destroyed without a despawn; forgetting them
[nebula] 0 entity object(s) were destroyed without a despawn; forgetting them
[nebula] 0 entity object(s) were destroyed without a despawn; forgetting them
[nebula] 0 entity object(s) were destroyed without a despawn; forgetting them
[nebula] 0 entity object(s) were destroyed without a despawn; forgetting them
[nebula] 0 entity object(s) were destroyed without a despawn; forgetting them
[nebula] 0 entity object(s) were destroyed without a despawn; forgetting them
[nebula] 0 entity object(s) were destroyed without a despawn; forgetting them
[nebula] 0 entity object(s) were destroyed without a despawn; forgetting them
[nebula] 0 entity object(s) were destroyed without a despawn; forgetting them
[nebula] 0 entity object(s) were destroyed without a despawn; forgetting them
[nebula] 0 entity object(s) were destroyed without a despawn; forgetting them
[nebula] 0 entity object(s) were destroyed without a despawn; forgetting them
[nebula] 0 entity object(s) were destroyed without a despawn; forgetting them
[nebula] 0 entity object(s) were destroyed without a despawn; forgetting them
[nebula] 0 entity object(s) were destroyed without a despawn; forgetting them
[nebula] 0 entity object(s) were destroyed without a despawn; forgetting them
[nebula] 0 entity object(s) were destroyed without a despawn; forgetting them
[nebula] 0 entity object(s) were destroyed without a despawn; forgetting them
[nebula] 0 entity object(s) were destroyed without a despawn; forgetting them
[nebula] 0 entity object(s) were destroyed without a despawn; forgetting them
[nebula] 0 entity object(s) were destroyed without a despawn; forgetting them
[nebula] 0 entity object(s) were destroyed without a despawn; forgetting them
[nebula] 0 entity object(s) were destroyed without a despawn; forgetting them
[nebula] 0 entity object(s) were destroyed without a despawn; forgetting them
[nebula] 0 entity object(s) were destroyed without a despawn; forgetting them
[nebula] 0 entity object(s) were destroyed without a despawn; forgetting them
[nebula] 0 entity object(s) were destroyed without a despawn; forgetting them
[nebula] 0 entity object(s) were destroyed without a despawn; forgetting them
[nebula] handover OUT Player bot4 (3825002173356310532)#281474976710658(e2,rt_2097151,ghost) -> w3 (epoch 2, tick 1365006914)
[nebula] 0 entity object(s) were destroyed without a despawn; forgetting them
[nebula] 0 entity object(s) were destroyed without a despawn; forgetting them
[nebula] 0 entity object(s) were destroyed without a despawn; forgetting them
[nebula] 0 entity object(s) were destroyed without a despawn; forgetting them
[nebula] 0 entity object(s) were destroyed without a despawn; forgetting them
[nebula] 0 entity object(s) were destroyed without a despawn; forgetting them
[nebula] 0 entity object(s) were destroyed without a despawn; forgetting them
[nebula] 0 entity object(s) were destroyed without a despawn; forgetting them
[nebula] 0 entity object(s) were destroyed without a despawn; forgetting them
[nebula] 0 entity object(s) were destroyed without a despawn; forgetting them
[nebula] 0 entity object(s) were destroyed without a despawn; forgetting them
[nebula] 0 entity object(s) were destroyed without a despawn; forgetting them
[nebula] 0 entity object(s) were destroyed without a despawn; forgetting them
[nebula] 0 entity object(s) were destroyed without a despawn; forgetting them
[nebula] 0 entity object(s) were destroyed without a despawn; forgetting them
[nebula] 0 entity object(s) were destroyed without a despawn; forgetting them
[nebula] 0 entity object(s) were destroyed without a despawn; forgetting them
[nebula] 0 entity object(s) were destroyed without a despawn; forgetting them
[nebula] 0 entity object(s) were destroyed without a despawn; forgetting them
[nebula] 0 entity object(s) were destroyed without a despawn; forgetting them
[nebula] 0 entity object(s) were destroyed without a despawn; forgetting them
[nebula] 0 entity object(s) were destroyed without a despawn; forgetting them
[nebula] 0 entity object(s) were destroyed without a despawn; forgetting them
[nebula] 0 entity object(s) were destroyed without a despawn; forgetting them
[nebula] 0 entity object(s) were destroyed without a despawn; forgetting them
[nebula] 0 entity object(s) were destroyed without a despawn; forgetting them
[nebula] 0 entity object(s) were destroyed without a despawn; forgetting them
[nebula] 0 entity object(s) were destroyed without a despawn; forgetting them
[nebula] 0 entity object(s) were destroyed without a despawn; forgetting them
[nebula] 0 entity object(s) were destroyed without a despawn; forgetting them
[nebula] 0 entity object(s) were destroyed without a despawn; forgetting them
[nebula] 0 entity object(s) were destroyed without a despawn; forgetting them
[nebula] 0 entity object(s) were destroyed without a despawn; forgetting them
[nebula] 0 entity object(s) were destroyed without a despawn; forgetting them
[nebula] 0 entity object(s) were destroyed without a despawn; forgetting them
[nebula] 0 entity object(s) were destroyed without a despawn; forgetting them
[nebula] 0 entity object(s) were destroyed without a despawn; forgetting them
[nebula] 0 entity object(s) were destroyed without a despawn; forgetting them
[nebula] 0 entity object(s) were destroyed without a despawn; forgetting them
[nebula] 0 entity object(s) were destroyed without a despawn; forgetting them
[nebula] 0 entity object(s) were destroyed without a despawn; forgetting them
[nebula] 0 entity object(s) were destroyed without a despawn; forgetting them
[nebula] 0 entity object(s) were destroyed without a despawn; forgetting them
[nebula] 0 entity object(s) were destroyed without a despawn; forgetting them
[nebula] 0 entity object(s) were destroyed without a despawn; forgetting them
[nebula] 0 entity object(s) were destroyed without a despawn; forgetting them
[nebula] 0 entity object(s) were destroyed without a despawn; forgetting them
[nebula] 0 entity object(s) were destroyed without a despawn; forgetting them
[nebula] 0 entity object(s) were destroyed without a despawn; forgetting them
[nebula] 0 entity object(s) were destroyed without a despawn; forgetting them
[nebula] 0 entity object(s) were destroyed without a despawn; forgetting them
[nebula] 0 entity object(s) were destroyed without a despawn; forgetting them
[nebula] 0 entity object(s) were destroyed without a despawn; forgetting them
[nebula] 0 entity object(s) were destroyed without a despawn; forgetting them
[nebula] 0 entity object(s) were destroyed without a despawn; forgetting them
[nebula] 0 entity object(s) were destroyed without a despawn; forgetting them
[nebula] 0 entity object(s) were destroyed without a despawn; forgetting them
[nebula] 0 entity object(s) were destroyed without a despawn; forgetting them
[nebula] 0 entity object(s) were destroyed without a despawn; forgetting them
[nebula] 0 entity object(s) were destroyed without a despawn; forgetting them
[nebula] 0 entity object(s) were destroyed without a despawn; forgetting them
[nebula] 0 entity object(s) were destroyed without a despawn; forgetting them
[nebula] 0 entity object(s) were destroyed without a despawn; forgetting them
[nebula] 0 entity object(s) were destroyed without a despawn; forgetting them
[nebula] 0 entity object(s) were destroyed without a despawn; forgetting them
[nebula] 0 entity object(s) were destroyed without a despawn; forgetting them
[nebula] 0 entity object(s) were destroyed without a despawn; forgetting them
[nebula] 0 entity object(s) were destroyed without a despawn; forgetting them
[nebula] 0 entity object(s) were destroyed without a despawn; forgetting them
[nebula] 0 entity object(s) were destroyed without a despawn; forgetting them
[nebula] 0 entity object(s) were destroyed without a despawn; forgetting them
[nebula] 0 entity object(s) were destroyed without a despawn; forgetting them
[nebula] 0 entity object(s) were destroyed without a despawn; forgetting them
[nebula] 0 entity object(s) were destroyed without a despawn; forgetting them
[nebula] 0 entity object(s) were destroyed without a despawn; forgetting them
[nebula] 0 entity object(s) were destroyed without a despawn; forgetting them
[nebula] 0 entity object(s) were destroyed without a despawn; forgetting them
[nebula] 0 entity object(s) were destroyed without a despawn; forgetting them
[nebula] 0 entity object(s) were destroyed without a despawn; forgetting them
[nebula] 0 entity object(s) were destroyed without a despawn; forgetting them
[nebula] 0 entity object(s) were destroyed without a despawn; forgetting them
[nebula] 0 entity object(s) were destroyed without a despawn; forgetting them
[nebula] 0 entity object(s) were destroyed without a despawn; forgetting them
[nebula] 0 entity object(s) were destroyed without a despawn; forgetting them
[nebula] 0 entity object(s) were destroyed without a despawn; forgetting them
[nebula] 0 entity object(s) were destroyed without a despawn; forgetting them
[nebula] 0 entity object(s) were destroyed without a despawn; forgetting them
[nebula] 0 entity object(s) were destroyed without a despawn; forgetting them
[nebula] 0 entity object(s) were destroyed without a despawn; forgetting them
[nebula] 0 entity object(s) were destroyed without a despawn; forgetting them
[nebula] 0 entity object(s) were destroyed without a despawn; forgetting them
[nebula] 0 entity object(s) were destroyed without a despawn; forgetting them
[nebula] 0 entity object(s) were destroyed without a despawn; forgetting them
[nebula] 0 entity object(s) were destroyed without a despawn; forgetting them
[nebula] 0 entity object(s) were destroyed without a despawn; forgetting them
[nebula] 0 entity object(s) were destroyed without a despawn; forgetting them
[nebula] 0 entity object(s) were destroyed without a despawn; forgetting them
[nebula] 0 entity object(s) were destroyed without a despawn; forgetting them
[nebula] 0 entity object(s) were destroyed without a despawn; forgetting them
[nebula] 0 entity object(s) were destroyed without a despawn; forgetting them
[nebula] 0 entity object(s) were destroyed without a despawn; forgetting them
[nebula] 0 entity object(s) were destroyed without a despawn; forgetting them
[nebula] 0 entity object(s) were destroyed without a despawn; forgetting them
[nebula] 0 entity object(s) were destroyed without a despawn; forgetting them
[nebula] 0 entity object(s) were destroyed without a despawn; forgetting them
[nebula] 0 entity object(s) were destroyed without a despawn; forgetting them
[nebula] 0 entity object(s) were destroyed without a despawn; forgetting them
[nebula] 0 entity object(s) were destroyed without a despawn; forgetting them
[nebula] 0 entity object(s) were destroyed without a despawn; forgetting them
[nebula] profile 300 ticks/5s 300 frames avg 0.6ms max 0.9ms dup 0 skip 0 gc 15 auth 18 ghosts 1 | poll=0.02 ghosts=0.01 physics.sync=0.00 simulate=0.01 poses=0.03 containers=0.41 band=0.02 publish=0.02 gap=16.07 interest=0.01
[nebula] 0 entity object(s) were destroyed without a despawn; forgetting them
[nebula] 0 entity object(s) were destroyed without a despawn; forgetting them
[nebula] 0 entity object(s) were destroyed without a despawn; forgetting them
[nebula] 0 entity object(s) were destroyed without a despawn; forgetting them
[nebula] 0 entity object(s) were destroyed without a despawn; forgetting them
[nebula] 0 entity object(s) were destroyed without a despawn; forgetting them
[nebula] 0 entity object(s) were destroyed without a despawn; forgetting them
[nebula] 0 entity object(s) were destroyed without a despawn; forgetting them
[nebula] 0 entity object(s) were destroyed without a despawn; forgetting them
[nebula] 0 entity object(s) were destroyed without a despawn; forgetting them
[nebula] 0 entity object(s) were destroyed without a despawn; forgetting them
[nebula] 0 entity object(s) were destroyed without a despawn; forgetting them
[nebula] 0 entity object(s) were destroyed without a despawn; forgetting them
[nebula] 0 entity object(s) were destroyed without a despawn; forgetting them
[nebula] 0 entity object(s) were destroyed without a despawn; forgetting them
[nebula] 0 entity object(s) were destroyed without a despawn; forgetting them
[nebula] 0 entity object(s) were destroyed without a despawn; forgetting them
[nebula] 0 entity object(s) were destroyed without a despawn; forgetting them
[nebula] 0 entity object(s) were destroyed without a despawn; forgetting them
[nebula] 0 entity object(s) were destroyed without a despawn; forgetting them
[nebula] 0 entity object(s) were destroyed without a despawn; forgetting them
[nebula] 0 entity object(s) were destroyed without a despawn; forgetting them
[nebula] 0 entity object(s) were destroyed without a despawn; forgetting them
[nebula] 0 entity object(s) were destroyed without a despawn; forgetting them
[nebula] 0 entity object(s) were destroyed without a despawn; forgetting them
[nebula] 0 entity object(s) were destroyed without a despawn; forgetting them
[nebula] 0 entity object(s) were destroyed without a despawn; forgetting them
[nebula] 0 entity object(s) were destroyed without a despawn; forgetting them
[nebula] 0 entity object(s) were destroyed without a despawn; forgetting them
[nebula] 0 entity object(s) were destroyed without a despawn; forgetting them
[nebula] 0 entity object(s) were destroyed without a despawn; forgetting them
[nebula] 0 entity object(s) were destroyed without a despawn; forgetting them
[nebula] 0 entity object(s) were destroyed without a despawn; forgetting them
[nebula] 0 entity object(s) were destroyed without a despawn; forgetting them
[nebula] 0 entity object(s) were destroyed without a despawn; forgetting them
[nebula] 0 entity object(s) were destroyed without a despawn; forgetting them
[nebula] 0 entity object(s) were destroyed without a despawn; forgetting them
[nebula] 0 entity object(s) were destroyed without a despawn; forgetting them
[nebula] 0 entity object(s) were destroyed without a despawn; forgetting them
[nebula] 0 entity object(s) were destroyed without a despawn; forgetting them
[nebula] 0 entity object(s) were destroyed without a despawn; forgetting them
[nebula] 0 entity object(s) were destroyed without a despawn; forgetting them
[nebula] 0 entity object(s) were destroyed without a despawn; forgetting them
[nebula] 0 entity object(s) were destroyed without a despawn; forgetting them
[nebula] 0 entity object(s) were destroyed without a despawn; forgetting them
[nebula] 0 entity object(s) were destroyed without a despawn; forgetting them
[nebula] 0 entity object(s) were destroyed without a despawn; forgetting them
[nebula] 0 entity object(s) were destroyed without a despawn; forgetting them
[nebula] 0 entity object(s) were destroyed without a despawn; forgetting them
[nebula] 0 entity object(s) were destroyed without a despawn; forgetting them
[nebula] 0 entity object(s) were destroyed without a despawn; forgetting them
[nebula] 0 entity object(s) were destroyed without a despawn; forgetting them
[nebula] 0 entity object(s) were destroyed without a despawn; forgetting them
[nebula] 0 entity object(s) were destroyed without a despawn; forgetting them
[nebula] 0 entity object(s) were destroyed without a despawn; forgetting them
[nebula] 0 entity object(s) were destroyed without a despawn; forgetting them
[nebula] 0 entity object(s) were destroyed without a despawn; forgetting them
[nebula] 0 entity object(s) were destroyed without a despawn; forgetting them
[nebula] 0 entity object(s) were destroyed without a despawn; forgetting them
[nebula] 0 entity object(s) were destroyed without a despawn; forgetting them
[nebula] 0 entity object(s) were destroyed without a despawn; forgetting them
[nebula] 0 entity object(s) were destroyed without a despawn; forgetting them
[nebula] 0 entity object(s) were destroyed without a despawn; forgetting them
[nebula] 0 entity object(s) were destroyed without a despawn; forgetting them
[nebula] 0 entity object(s) were destroyed without a despawn; forgetting them
[nebula] 0 entity object(s) were destroyed without a despawn; forgetting them
[nebula] 0 entity object(s) were destroyed without a despawn; forgetting them
[nebula] 0 entity object(s) were destroyed without a despawn; forgetting them
[nebula] 0 entity object(s) were destroyed without a despawn; forgetting them
[nebula] 0 entity object(s) were destroyed without a despawn; forgetting them
[nebula] 0 entity object(s) were destroyed without a despawn; forgetting them
[nebula] 0 entity object(s) were destroyed without a despawn; forgetting them
[nebula] 0 entity object(s) were destroyed without a despawn; forgetting them
[nebula] 0 entity object(s) were destroyed without a despawn; forgetting them
[nebula] 0 entity object(s) were destroyed without a despawn; forgetting them
[nebula] 0 entity object(s) were destroyed without a despawn; forgetting them
[nebula] 0 entity object(s) were destroyed without a despawn; forgetting them
[nebula] 0 entity object(s) were destroyed without a despawn; forgetting them
[nebula] 0 entity object(s) were destroyed without a despawn; forgetting them
[nebula] 0 entity object(s) were destroyed without a despawn; forgetting them
[nebula] 0 entity object(s) were destroyed without a despawn; forgetting them
[nebula] 0 entity object(s) were destroyed without a despawn; forgetting them
[nebula] 0 entity object(s) were destroyed without a despawn; forgetting them
[nebula] 0 entity object(s) were destroyed without a despawn; forgetting them
[nebula] 0 entity object(s) were destroyed without a despawn; forgetting them
[nebula] 0 entity object(s) were destroyed without a despawn; forgetting them
[nebula] 0 entity object(s) were destroyed without a despawn; forgetting them
[nebula] 0 entity object(s) were destroyed without a despawn; forgetting them
[nebula] 0 entity object(s) were destroyed without a despawn; forgetting them
[nebula] 0 entity object(s) were destroyed without a despawn; forgetting them
[nebula] 0 entity object(s) were destroyed without a despawn; forgetting them
[nebula] 0 entity object(s) were destroyed without a despawn; forgetting them
[nebula] 0 entity object(s) were destroyed without a despawn; forgetting them
[nebula] 0 entity object(s) were destroyed without a despawn; forgetting them
[nebula] 0 entity object(s) were destroyed without a despawn; forgetting them
[nebula] 0 entity object(s) were destroyed without a despawn; forgetting them
[nebula] 0 entity object(s) were destroyed without a despawn; forgetting them
[nebula] 0 entity object(s) were destroyed without a despawn; forgetting them
[nebula] 0 entity object(s) were destroyed without a despawn; forgetting them
[nebula] 0 entity object(s) were destroyed without a despawn; forgetting them
[nebula] 0 entity object(s) were destroyed without a despawn; forgetting them
[nebula] 0 entity object(s) were destroyed without a despawn; forgetting them
[nebula] 0 entity object(s) were destroyed without a despawn; forgetting them
[nebula] 0 entity object(s) were destroyed without a despawn; forgetting them
[nebula] 0 entity object(s) were destroyed without a despawn; forgetting them
[nebula] 0 entity object(s) were destroyed without a despawn; forgetting them
[nebula] 0 entity object(s) were destroyed without a despawn; forgetting them
[nebula] 0 entity object(s) were destroyed without a despawn; forgetting them
[nebula] 0 entity object(s) were destroyed without a despawn; forgetting them
[nebula] 0 entity object(s) were destroyed without a despawn; forgetting them
[nebula] 0 entity object(s) were destroyed without a despawn; forgetting them
[nebula] 0 entity object(s) were destroyed without a despawn; forgetting them
[nebula] 0 entity object(s) were destroyed without a despawn; forgetting them
[nebula] 0 entity object(s) were destroyed without a despawn; forgetting them
[nebula] 0 entity object(s) were destroyed without a despawn; forgetting them
[nebula] 0 entity object(s) were destroyed without a despawn; forgetting them
[nebula] 0 entity object(s) were destroyed without a despawn; forgetting them
[nebula] 0 entity object(s) were destroyed without a despawn; forgetting them
[nebula] 0 entity object(s) were destroyed without a despawn; forgetting them
[nebula] 0 entity object(s) were destroyed without a despawn; forgetting them
[nebula] 0 entity object(s) were destroyed without a despawn; forgetting them
[nebula] 0 entity object(s) were destroyed without a despawn; forgetting them
[nebula] 0 entity object(s) were destroyed without a despawn; forgetting them
[nebula] 0 entity object(s) were destroyed without a despawn; forgetting them
[nebula] 0 entity object(s) were destroyed without a despawn; forgetting them
[nebula] 0 entity object(s) were destroyed without a despawn; forgetting them
[nebula] 0 entity object(s) were destroyed without a despawn; forgetting them
[nebula] 0 entity object(s) were destroyed without a despawn; forgetting them
[nebula] 0 entity object(s) were destroyed without a despawn; forgetting them
[nebula] 0 entity object(s) were destroyed without a despawn; forgetting them
[nebula] 0 entity object(s) were destroyed without a despawn; forgetting them
[nebula] 0 entity object(s) were destroyed without a despawn; forgetting them
[nebula] 0 entity object(s) were destroyed without a despawn; forgetting them
[nebula] 0 entity object(s) were destroyed without a despawn; forgetting them
[nebula] 0 entity object(s) were destroyed without a despawn; forgetting them
[nebula] 0 entity object(s) were destroyed without a despawn; forgetting them
[nebula] 0 entity object(s) were destroyed without a despawn; forgetting them
[nebula] 0 entity object(s) were destroyed without a despawn; forgetting them
[nebula] 0 entity object(s) were destroyed without a despawn; forgetting them
[nebula] 0 entity object(s) were destroyed without a despawn; forgetting them
[nebula] 0 entity object(s) were destroyed without a despawn; forgetting them
[nebula] 0 entity object(s) were destroyed without a despawn; forgetting them
[nebula] 0 entity object(s) were destroyed without a despawn; forgetting them
[nebula] 0 entity object(s) were destroyed without a despawn; forgetting them
[nebula] 0 entity object(s) were destroyed without a despawn; forgetting them
[nebula] 0 entity object(s) were destroyed without a despawn; forgetting them
[nebula] 0 entity object(s) were destroyed without a despawn; forgetting them
[nebula] 0 entity object(s) were destroyed without a despawn; forgetting them
[nebula] 0 entity object(s) were destroyed without a despawn; forgetting them
[nebula] 0 entity object(s) were destroyed without a despawn; forgetting them
[nebula] 0 entity object(s) were destroyed without a despawn; forgetting them
[nebula] 0 entity object(s) were destroyed without a despawn; forgetting them
[nebula] 0 entity object(s) were destroyed without a despawn; forgetting them
[nebula] 0 entity object(s) were destroyed without a despawn; forgetting them
[nebula] 0 entity object(s) were destroyed without a despawn; forgetting them
[nebula] 0 entity object(s) were destroyed without a despawn; forgetting them
[nebula] 0 entity object(s) were destroyed without a despawn; forgetting them
[nebula] 0 entity object(s) were destroyed without a despawn; forgetting them
[nebula] 0 entity object(s) were destroyed without a despawn; forgetting them
[nebula] 0 entity object(s) were destroyed without a despawn; forgetting them
[nebula] 0 entity object(s) were destroyed without a despawn; forgetting them
[nebula] 0 entity object(s) were destroyed without a despawn; forgetting them
[nebula] 0 entity object(s) were destroyed without a despawn; forgetting them
[nebula] 0 entity object(s) were destroyed without a despawn; forgetting them
[nebula] 0 entity object(s) were destroyed without a despawn; forgetting them
[nebula] 0 entity object(s) were destroyed without a despawn; forgetting them
[nebula] 0 entity object(s) were destroyed without a despawn; forgetting them
[nebula] 0 entity object(s) were destroyed without a despawn; forgetting them
[nebula] 0 entity object(s) were destroyed without a despawn; forgetting them
[nebula] 0 entity object(s) were destroyed without a despawn; forgetting them
[nebula] 0 entity object(s) were destroyed without a despawn; forgetting them
[nebula] 0 entity object(s) were destroyed without a despawn; forgetting them
[nebula] 0 entity object(s) were destroyed without a despawn; forgetting them
[nebula] 0 entity object(s) were destroyed without a despawn; forgetting them
[nebula] 0 entity object(s) were destroyed without a despawn; forgetting them
[nebula] 0 entity object(s) were destroyed without a despawn; forgetting them
[nebula] 0 entity object(s) were destroyed without a despawn; forgetting them
[nebula] 0 entity object(s) were destroyed without a despawn; forgetting them
[nebula] 0 entity object(s) were destroyed without a despawn; forgetting them
[nebula] 0 entity object(s) were destroyed without a despawn; forgetting them
[nebula] 0 entity object(s) were destroyed without a despawn; forgetting them
[nebula] 0 entity object(s) were destroyed without a despawn; forgetting them
[nebula] 0 entity object(s) were destroyed without a despawn; forgetting them
[nebula] 0 entity object(s) were destroyed without a despawn; forgetting them
[nebula] 0 entity object(s) were destroyed without a despawn; forgetting them
[nebula] 0 entity object(s) were destroyed without a despawn; forgetting them
[nebula] 0 entity object(s) were destroyed without a despawn; forgetting them
[nebula] 0 entity object(s) were destroyed without a despawn; forgetting them
[nebula] 0 entity object(s) were destroyed without a despawn; forgetting them
[nebula] 0 entity object(s) were destroyed without a despawn; forgetting them
[nebula] 0 entity object(s) were destroyed without a despawn; forgetting them
[nebula] 0 entity object(s) were destroyed without a despawn; forgetting them
[nebula] 0 entity object(s) were destroyed without a despawn; forgetting them
[nebula] 0 entity object(s) were destroyed without a despawn; forgetting them
[nebula] 0 entity object(s) were destroyed without a despawn; forgetting them
[nebula] 0 entity object(s) were destroyed without a despawn; forgetting them
[nebula] 0 entity object(s) were destroyed without a despawn; forgetting them
[nebula] 0 entity object(s) were destroyed without a despawn; forgetting them
[nebula] 0 entity object(s) were destroyed without a despawn; forgetting them
[nebula] 0 entity object(s) were destroyed without a despawn; forgetting them
[nebula] 0 entity object(s) were destroyed without a despawn; forgetting them
[nebula] 0 entity object(s) were destroyed without a despawn; forgetting them
[nebula] 0 entity object(s) were destroyed without a despawn; forgetting them
[nebula] 0 entity object(s) were destroyed without a despawn; forgetting them
[nebula] 0 entity object(s) were destroyed without a despawn; forgetting them
[nebula] 0 entity object(s) were destroyed without a despawn; forgetting them
[nebula] 0 entity object(s) were destroyed without a despawn; forgetting them
[nebula] 0 entity object(s) were destroyed without a despawn; forgetting them
[nebula] 0 entity object(s) were destroyed without a despawn; forgetting them
[nebula] 0 entity object(s) were destroyed without a despawn; forgetting them
[nebula] 0 entity object(s) were destroyed without a despawn; forgetting them
[nebula] 0 entity object(s) were destroyed without a despawn; forgetting them
[nebula] 0 entity object(s) were destroyed without a despawn; forgetting them
[nebula] 0 entity object(s) were destroyed without a despawn; forgetting them
[nebula] 0 entity object(s) were destroyed without a despawn; forgetting them
[nebula] 0 entity object(s) were destroyed without a despawn; forgetting them
[nebula] 0 entity object(s) were destroyed without a despawn; forgetting them
[nebula] 0 entity object(s) were destroyed without a despawn; forgetting them
[nebula] 0 entity object(s) were destroyed without a despawn; forgetting them
[nebula] 0 entity object(s) were destroyed without a despawn; forgetting them
[nebula] 0 entity object(s) were destroyed without a despawn; forgetting them
[nebula] 0 entity object(s) were destroyed without a despawn; forgetting them
[nebula] 0 entity object(s) were destroyed without a despawn; forgetting them
[nebula] 0 entity object(s) were destroyed without a despawn; forgetting them
[nebula] 0 entity object(s) were destroyed without a despawn; forgetting them
[nebula] 0 entity object(s) were destroyed without a despawn; forgetting them
[nebula] 0 entity object(s) were destroyed without a despawn; forgetting them
[nebula] 0 entity object(s) were destroyed without a despawn; forgetting them
[nebula] 0 entity object(s) were destroyed without a despawn; forgetting them
[nebula] 0 entity object(s) were destroyed without a despawn; forgetting them
[nebula] 0 entity object(s) were destroyed without a despawn; forgetting them
[nebula] 0 entity object(s) were destroyed without a despawn; forgetting them
[nebula] 0 entity object(s) were destroyed without a despawn; forgetting them
[nebula] 0 entity object(s) were destroyed without a despawn; forgetting them
[nebula] 0 entity object(s) were destroyed without a despawn; forgetting them
[nebula] 0 entity object(s) were destroyed without a despawn; forgetting them
[nebula] 0 entity object(s) were destroyed without a despawn; forgetting them
[nebula] 0 entity object(s) were destroyed without a despawn; forgetting them
[nebula] 0 entity object(s) were destroyed without a despawn; forgetting them
[nebula] 0 entity object(s) were destroyed without a despawn; forgetting them
[nebula] 0 entity object(s) were destroyed without a despawn; forgetting them
[nebula] 0 entity object(s) were destroyed without a despawn; forgetting them
[nebula] 0 entity object(s) were destroyed without a despawn; forgetting them
[nebula] 0 entity object(s) were destroyed without a despawn; forgetting them
[nebula] 0 entity object(s) were destroyed without a despawn; forgetting them
[nebula] 0 entity object(s) were destroyed without a despawn; forgetting them
[nebula] 0 entity object(s) were destroyed without a despawn; forgetting them
[nebula] 0 entity object(s) were destroyed without a despawn; forgetting them
[nebula] 0 entity object(s) were destroyed without a despawn; forgetting them
[nebula] 0 entity object(s) were destroyed without a despawn; forgetting them
[nebula] 0 entity object(s) were destroyed without a despawn; forgetting them
[nebula] 0 entity object(s) were destroyed without a despawn; forgetting them
[nebula] 0 entity object(s) were destroyed without a despawn; forgetting them
[nebula] 0 entity object(s) were destroyed without a despawn; forgetting them
[nebula] 0 entity object(s) were destroyed without a despawn; forgetting them
[nebula] 0 entity object(s) were destroyed without a despawn; forgetting them
[nebula] 0 entity object(s) were destroyed without a despawn; forgetting them
[nebula] 0 entity object(s) were destroyed without a despawn; forgetting them
[nebula] 0 entity object(s) were destroyed without a despawn; forgetting them
[nebula] 0 entity object(s) were destroyed without a despawn; forgetting them
[nebula] 0 entity object(s) were destroyed without a despawn; forgetting them
[nebula] 0 entity object(s) were destroyed without a despawn; forgetting them
[nebula] 0 entity object(s) were destroyed without a despawn; forgetting them
[nebula] 0 entity object(s) were destroyed without a despawn; forgetting them
[nebula] 0 entity object(s) were destroyed without a despawn; forgetting them
[nebula] 0 entity object(s) were destroyed without a despawn; forgetting them
[nebula] 0 entity object(s) were destroyed without a despawn; forgetting them
[nebula] 0 entity object(s) were destroyed without a despawn; forgetting them
[nebula] 0 entity object(s) were destroyed without a despawn; forgetting them
[nebula] 0 entity object(s) were destroyed without a despawn; forgetting them
[nebula] 0 entity object(s) were destroyed without a despawn; forgetting them
[nebula] 0 entity object(s) were destroyed without a despawn; forgetting them
[nebula] 0 entity object(s) were destroyed without a despawn; forgetting them
[nebula] 0 entity object(s) were destroyed without a despawn; forgetting them
[nebula] 0 entity object(s) were destroyed without a despawn; forgetting them
[nebula] 0 entity object(s) were destroyed without a despawn; forgetting them
[nebula] 0 entity object(s) were destroyed without a despawn; forgetting them
[nebula] 0 entity object(s) were destroyed without a despawn; forgetting them
[nebula] 0 entity object(s) were destroyed without a despawn; forgetting them
[nebula] 0 entity object(s) were destroyed without a despawn; forgetting them
[nebula] 0 entity object(s) were destroyed without a despawn; forgetting them
[nebula] 0 entity object(s) were destroyed without a despawn; forgetting them
[nebula] 0 entity object(s) were destroyed without a despawn; forgetting them
[nebula] 0 entity object(s) were destroyed without a despawn; forgetting them
[nebula] 0 entity object(s) were destroyed without a despawn; forgetting them
[nebula] 0 entity object(s) were destroyed without a despawn; forgetting them
[nebula] 0 entity object(s) were destroyed without a despawn; forgetting them
[nebula] 0 entity object(s) were destroyed without a despawn; forgetting them
[nebula] 0 entity object(s) were destroyed without a despawn; forgetting them
[nebula] 0 entity object(s) were destroyed without a despawn; forgetting them
[nebula] 0 entity object(s) were destroyed without a despawn; forgetting them
[nebula] 0 entity object(s) were destroyed without a despawn; forgetting them
[nebula] 0 entity object(s) were destroyed without a despawn; forgetting them
[nebula] 0 entity object(s) were destroyed without a despawn; forgetting them
[nebula] 0 entity object(s) were destroyed without a despawn; forgetting them
[nebula] 0 entity object(s) were destroyed without a despawn; forgetting them
[nebula] 0 entity object(s) were destroyed without a despawn; forgetting them
[nebula] 0 entity object(s) were destroyed without a despawn; forgetting them
[nebula] 0 entity object(s) were destroyed without a despawn; forgetting them
[nebula] 0 entity object(s) were destroyed without a despawn; forgetting them
[nebula] profile 300 ticks/5s 300 frames avg 0.6ms max 0.9ms dup 0 skip 0 gc 26 auth 18 ghosts 0 | poll=0.02 ghosts=0.00 physics.sync=0.00 simulate=0.01 poses=0.03 containers=0.41 band=0.02 publish=0.02 gap=16.07 interest=0.01
[nebula] 0 entity object(s) were destroyed without a despawn; forgetting them
[nebula] 0 entity object(s) were destroyed without a despawn; forgetting them
[nebula] 0 entity object(s) were destroyed without a despawn; forgetting them
[nebula] 0 entity object(s) were destroyed without a despawn; forgetting them
[nebula] 0 entity object(s) were destroyed without a despawn; forgetting them
[nebula] 0 entity object(s) were destroyed without a despawn; forgetting them
[nebula] 0 entity object(s) were destroyed without a despawn; forgetting them
[nebula] 0 entity object(s) were destroyed without a despawn; forgetting them
[nebula] 0 entity object(s) were destroyed without a despawn; forgetting them
[nebula] 0 entity object(s) were destroyed without a despawn; forgetting them
[nebula] local handover Player bot3 (3825002173356310530)#281474976710657(e3,rt_4398046511104,auth) rt_0 -> rt_4398046511104
[nebula] 0 entity object(s) were destroyed without a despawn; forgetting them
[nebula] 0 entity object(s) were destroyed without a despawn; forgetting them
[nebula] 0 entity object(s) were destroyed without a despawn; forgetting them
[nebula] 0 entity object(s) were destroyed without a despawn; forgetting them
[nebula] 0 entity object(s) were destroyed without a despawn; forgetting them
[nebula] 0 entity object(s) were destroyed without a despawn; forgetting them
[nebula] 0 entity object(s) were destroyed without a despawn; forgetting them
[nebula] 0 entity object(s) were destroyed without a despawn; forgetting them
[nebula] 0 entity object(s) were destroyed without a despawn; forgetting them
[nebula] 0 entity object(s) were destroyed without a despawn; forgetting them
[nebula] 0 entity object(s) were destroyed without a despawn; forgetting them
[nebula] 0 entity object(s) were destroyed without a despawn; forgetting them
[nebula] 0 entity object(s) were destroyed without a despawn; forgetting them
[nebula] 0 entity object(s) were destroyed without a despawn; forgetting them
[nebula] 0 entity object(s) were destroyed without a despawn; forgetting them
[nebula] 0 entity object(s) were destroyed without a despawn; forgetting them
[nebula] 0 entity object(s) were destroyed without a despawn; forgetting them
[nebula] 0 entity object(s) were destroyed without a despawn; forgetting them
[nebula] 0 entity object(s) were destroyed without a despawn; forgetting them
[nebula] 0 entity object(s) were destroyed without a despawn; forgetting them
[nebula] 0 entity object(s) were destroyed without a despawn; forgetting them
[nebula] 0 entity object(s) were destroyed without a despawn; forgetting them
[nebula] 0 entity object(s) were destroyed without a despawn; forgetting them
[nebula] 0 entity object(s) were destroyed without a despawn; forgetting them
[nebula] 0 entity object(s) were destroyed without a despawn; forgetting them
[nebula] 0 entity object(s) were destroyed without a despawn; forgetting them
[nebula] 0 entity object(s) were destroyed without a despawn; forgetting them
[nebula] 0 entity object(s) were destroyed without a despawn; forgetting them
[nebula] 0 entity object(s) were destroyed without a despawn; forgetting them
[nebula] 0 entity object(s) were destroyed without a despawn; forgetting them
[nebula] 0 entity object(s) were destroyed without a despawn; forgetting them
[nebula] 0 entity object(s) were destroyed without a despawn; forgetting them
[nebula] 0 entity object(s) were destroyed without a despawn; forgetting them
[nebula] 0 entity object(s) were destroyed without a despawn; forgetting them
[nebula] 0 entity object(s) were destroyed without a despawn; forgetting them
[nebula] 0 entity object(s) were destroyed without a despawn; forgetting them
[nebula] 0 entity object(s) were destroyed without a despawn; forgetting them
[nebula] 0 entity object(s) were destroyed without a despawn; forgetting them
[nebula] 0 entity object(s) were destroyed without a despawn; forgetting them
[nebula] 0 entity object(s) were destroyed without a despawn; forgetting them
[nebula] 0 entity object(s) were destroyed without a despawn; forgetting them
[nebula] 0 entity object(s) were destroyed without a despawn; forgetting them
[nebula] 0 entity object(s) were destroyed without a despawn; forgetting them
[nebula] 0 entity object(s) were destroyed without a despawn; forgetting them
[nebula] 0 entity object(s) were destroyed without a despawn; forgetting them
[nebula] 0 entity object(s) were destroyed without a despawn; forgetting them
[nebula] 0 entity object(s) were destroyed without a despawn; forgetting them
[nebula] 0 entity object(s) were destroyed without a despawn; forgetting them
[nebula] 0 entity object(s) were destroyed without a despawn; forgetting them
[nebula] 0 entity object(s) were destroyed without a despawn; forgetting them
[nebula] 0 entity object(s) were destroyed without a despawn; forgetting them
[nebula] 0 entity object(s) were destroyed without a despawn; forgetting them
[nebula] 0 entity object(s) were destroyed without a despawn; forgetting them
[nebula] 0 entity object(s) were destroyed without a despawn; forgetting them
[nebula] 0 entity object(s) were destroyed without a despawn; forgetting them
[nebula] 0 entity object(s) were destroyed without a despawn; forgetting them
[nebula] 0 entity object(s) were destroyed without a despawn; forgetting them
[nebula] 0 entity object(s) were destroyed without a despawn; forgetting them
[nebula] 0 entity object(s) were destroyed without a despawn; forgetting them
[nebula] 0 entity object(s) were destroyed without a despawn; forgetting them
[nebula] 0 entity object(s) were destroyed without a despawn; forgetting them
[nebula] 0 entity object(s) were destroyed without a despawn; forgetting them
[nebula] 0 entity object(s) were destroyed without a despawn; forgetting them
[nebula] 0 entity object(s) were destroyed without a despawn; forgetting them
[nebula] 0 entity object(s) were destroyed without a despawn; forgetting them
[nebula] 0 entity object(s) were destroyed without a despawn; forgetting them
[nebula] 0 entity object(s) were destroyed without a despawn; forgetting them
[nebula] 0 entity object(s) were destroyed without a despawn; forgetting them
[nebula] 0 entity object(s) were destroyed without a despawn; forgetting them
[nebula] 0 entity object(s) were destroyed without a despawn; forgetting them
[nebula] 0 entity object(s) were destroyed without a despawn; forgetting them
[nebula] 0 entity object(s) were destroyed without a despawn; forgetting them
[nebula] 0 entity object(s) were destroyed without a despawn; forgetting them
[nebula] 0 entity object(s) were destroyed without a despawn; forgetting them
[nebula] 0 entity object(s) were destroyed without a despawn; forgetting them
[nebula] 0 entity object(s) were destroyed without a despawn; forgetting them
[nebula] 0 entity object(s) were destroyed without a despawn; forgetting them
[nebula] 0 entity object(s) were destroyed without a despawn; forgetting them
[nebula] 0 entity object(s) were destroyed without a despawn; forgetting them
[nebula] 0 entity object(s) were destroyed without a despawn; forgetting them
[nebula] 0 entity object(s) were destroyed without a despawn; forgetting them
[nebula] 0 entity object(s) were destroyed without a despawn; forgetting them
[nebula] 0 entity object(s) were destroyed without a despawn; forgetting them
[nebula] 0 entity object(s) were destroyed without a despawn; forgetting them
[nebula] 0 entity object(s) were destroyed without a despawn; forgetting them
[nebula] 0 entity object(s) were destroyed without a despawn; forgetting them
[nebula] 0 entity object(s) were destroyed without a despawn; forgetting them
[nebula] 0 entity object(s) were destroyed without a despawn; forgetting them
[nebula] 0 entity object(s) were destroyed without a despawn; forgetting them
[nebula] 0 entity object(s) were destroyed without a despawn; forgetting them
[nebula] 0 entity object(s) were destroyed without a despawn; forgetting them
[nebula] 0 entity object(s) were destroyed without a despawn; forgetting them
[nebula] 0 entity object(s) were destroyed without a despawn; forgetting them
[nebula] 0 entity object(s) were destroyed without a despawn; forgetting them
[nebula] 0 entity object(s) were destroyed without a despawn; forgetting them
[nebula] 0 entity object(s) were destroyed without a despawn; forgetting them
[nebula] 0 entity object(s) were destroyed without a despawn; forgetting them
[nebula] 0 entity object(s) were destroyed without a despawn; forgetting them
[nebula] 0 entity object(s) were destroyed without a despawn; forgetting them
[nebula] 0 entity object(s) were destroyed without a despawn; forgetting them
[nebula] 0 entity object(s) were destroyed without a despawn; forgetting them
[nebula] ghost Player(Clone)#1125899906842625(e6,rt_1,auth) -> w4
[nebula] handover IN  Player(Clone)#1125899906842625(e6,rt_1,auth) <- w4 (epoch 6, tick 1365007434)
[nebula] 0 entity object(s) were destroyed without a despawn; forgetting them
[nebula] 0 entity object(s) were destroyed without a despawn; forgetting them
[nebula] 0 entity object(s) were destroyed without a despawn; forgetting them
[nebula] 0 entity object(s) were destroyed without a despawn; forgetting them
[nebula] 0 entity object(s) were destroyed without a despawn; forgetting them
[nebula] 0 entity object(s) were destroyed without a despawn; forgetting them
[nebula] 0 entity object(s) were destroyed without a despawn; forgetting them
[nebula] 0 entity object(s) were destroyed without a despawn; forgetting them
[nebula] 0 entity object(s) were destroyed without a despawn; forgetting them
[nebula] 0 entity object(s) were destroyed without a despawn; forgetting them
[nebula] 0 entity object(s) were destroyed without a despawn; forgetting them
[nebula] 0 entity object(s) were destroyed without a despawn; forgetting them
[nebula] 0 entity object(s) were destroyed without a despawn; forgetting them
[nebula] 0 entity object(s) were destroyed without a despawn; forgetting them
[nebula] 0 entity object(s) were destroyed without a despawn; forgetting them
[nebula] 0 entity object(s) were destroyed without a despawn; forgetting them
[nebula] 0 entity object(s) were destroyed without a despawn; forgetting them
[nebula] 0 entity object(s) were destroyed without a despawn; forgetting them
[nebula] 0 entity object(s) were destroyed without a despawn; forgetting them
[nebula] 0 entity object(s) were destroyed without a despawn; forgetting them
[nebula] 0 entity object(s) were destroyed without a despawn; forgetting them
[nebula] 0 entity object(s) were destroyed without a despawn; forgetting them
[nebula] 0 entity object(s) were destroyed without a despawn; forgetting them
[nebula] 0 entity object(s) were destroyed without a despawn; forgetting them
[nebula] 0 entity object(s) were destroyed without a despawn; forgetting them
[nebula] 0 entity object(s) were destroyed without a despawn; forgetting them
[nebula] 0 entity object(s) were destroyed without a despawn; forgetting them
[nebula] 0 entity object(s) were destroyed without a despawn; forgetting them
[nebula] 0 entity object(s) were destroyed without a despawn; forgetting them
[nebula] 0 entity object(s) were destroyed without a despawn; forgetting them
[nebula] 0 entity object(s) were destroyed without a despawn; forgetting them
[nebula] 0 entity object(s) were destroyed without a despawn; forgetting them
[nebula] 0 entity object(s) were destroyed without a despawn; forgetting them
[nebula] 0 entity object(s) were destroyed without a despawn; forgetting them
[nebula] 0 entity object(s) were destroyed without a despawn; forgetting them
[nebula] 0 entity object(s) were destroyed without a despawn; forgetting them
[nebula] 0 entity object(s) were destroyed without a despawn; forgetting them
[nebula] handover OUT Player(Clone)#1125899906842625(e7,rt_2,ghost) -> w4 (epoch 7, tick 1365007471)
[nebula] 0 entity object(s) were destroyed without a despawn; forgetting them
[nebula] 0 entity object(s) were destroyed without a despawn; forgetting them
[nebula] 0 entity object(s) were destroyed without a despawn; forgetting them
[nebula] 0 entity object(s) were destroyed without a despawn; forgetting them
[nebula] 0 entity object(s) were destroyed without a despawn; forgetting them
[nebula] 0 entity object(s) were destroyed without a despawn; forgetting them
[nebula] 0 entity object(s) were destroyed without a despawn; forgetting them
[nebula] 0 entity object(s) were destroyed without a despawn; forgetting them
[nebula] 0 entity object(s) were destroyed without a despawn; forgetting them
[nebula] 0 entity object(s) were destroyed without a despawn; forgetting them
[nebula] 0 entity object(s) were destroyed without a despawn; forgetting them
[nebula] 0 entity object(s) were destroyed without a despawn; forgetting them
[nebula] 0 entity object(s) were destroyed without a despawn; forgetting them
[nebula] 0 entity object(s) were destroyed without a despawn; forgetting them
[nebula] 0 entity object(s) were destroyed without a despawn; forgetting them
[nebula] 0 entity object(s) were destroyed without a despawn; forgetting them
[nebula] 0 entity object(s) were destroyed without a despawn; forgetting them
[nebula] 0 entity object(s) were destroyed without a despawn; forgetting them
[nebula] 0 entity object(s) were destroyed without a despawn; forgetting them
[nebula] 0 entity object(s) were destroyed without a despawn; forgetting them
[nebula] 0 entity object(s) were destroyed without a despawn; forgetting them
[nebula] 0 entity object(s) were destroyed without a despawn; forgetting them
[nebula] 0 entity object(s) were destroyed without a despawn; forgetting them
[nebula] 0 entity object(s) were destroyed without a despawn; forgetting them
[nebula] 0 entity object(s) were destroyed without a despawn; forgetting them
[nebula] 0 entity object(s) were destroyed without a despawn; forgetting them
[nebula] 0 entity object(s) were destroyed without a despawn; forgetting them
[nebula] 0 entity object(s) were destroyed without a despawn; forgetting them
[nebula] 0 entity object(s) were destroyed without a despawn; forgetting them
[nebula] 0 entity object(s) were destroyed without a despawn; forgetting them
[nebula] 0 entity object(s) were destroyed without a despawn; forgetting them
[nebula] 0 entity object(s) were destroyed without a despawn; forgetting them
[nebula] 0 entity object(s) were destroyed without a despawn; forgetting them
[nebula] 0 entity object(s) were destroyed without a despawn; forgetting them
[nebula] ghost Player bot3 (3825002173356310530)#281474976710657(e3,rt_4398046511104,auth) -> w3
[nebula] 0 entity object(s) were destroyed without a despawn; forgetting them
[nebula] 0 entity object(s) were destroyed without a despawn; forgetting them
[nebula] 0 entity object(s) were destroyed without a despawn; forgetting them
[nebula] 0 entity object(s) were destroyed without a despawn; forgetting them
[nebula] 0 entity object(s) were destroyed without a despawn; forgetting them
[nebula] 0 entity object(s) were destroyed without a despawn; forgetting them
[nebula] 0 entity object(s) were destroyed without a despawn; forgetting them
[nebula] 0 entity object(s) were destroyed without a despawn; forgetting them
[nebula] 0 entity object(s) were destroyed without a despawn; forgetting them
[nebula] 0 entity object(s) were destroyed without a despawn; forgetting them
[nebula] 0 entity object(s) were destroyed without a despawn; forgetting them
[nebula] 0 entity object(s) were destroyed without a despawn; forgetting them
[nebula] 0 entity object(s) were destroyed without a despawn; forgetting them
[nebula] 0 entity object(s) were destroyed without a despawn; forgetting them
[nebula] 0 entity object(s) were destroyed without a despawn; forgetting them
[nebula] 0 entity object(s) were destroyed without a despawn; forgetting them
[nebula] 0 entity object(s) were destroyed without a despawn; forgetting them
[nebula] 0 entity object(s) were destroyed without a despawn; forgetting them
[nebula] 0 entity object(s) were destroyed without a despawn; forgetting them
[nebula] 0 entity object(s) were destroyed without a despawn; forgetting them
[nebula] 0 entity object(s) were destroyed without a despawn; forgetting them
[nebula] 0 entity object(s) were destroyed without a despawn; forgetting them
[nebula] 0 entity object(s) were destroyed without a despawn; forgetting them
[nebula] 0 entity object(s) were destroyed without a despawn; forgetting them
[nebula] 0 entity object(s) were destroyed without a despawn; forgetting them
[nebula] 0 entity object(s) were destroyed without a despawn; forgetting them
[nebula] 0 entity object(s) were destroyed without a despawn; forgetting them
[nebula] 0 entity object(s) were destroyed without a despawn; forgetting them
[nebula] 0 entity object(s) were destroyed without a despawn; forgetting them
[nebula] 0 entity object(s) were destroyed without a despawn; forgetting them
[nebula] 0 entity object(s) were destroyed without a despawn; forgetting them
[nebula] 0 entity object(s) were destroyed without a despawn; forgetting them
[nebula] 0 entity object(s) were destroyed without a despawn; forgetting them
[nebula] 0 entity object(s) were destroyed without a despawn; forgetting them
[nebula] 0 entity object(s) were destroyed without a despawn; forgetting them
[nebula] 0 entity object(s) were destroyed without a despawn; forgetting them
[nebula] 0 entity object(s) were destroyed without a despawn; forgetting them
[nebula] 0 entity object(s) were destroyed without a despawn; forgetting them
[nebula] 0 entity object(s) were destroyed without a despawn; forgetting them
[nebula] 0 entity object(s) were destroyed without a despawn; forgetting them
[nebula] 0 entity object(s) were destroyed without a despawn; forgetting them
[nebula] 0 entity object(s) were destroyed without a despawn; forgetting them
[nebula] 0 entity object(s) were destroyed without a despawn; forgetting them
[nebula] 0 entity object(s) were destroyed without a despawn; forgetting them
[nebula] 0 entity object(s) were destroyed without a despawn; forgetting them
[nebula] 0 entity object(s) were destroyed without a despawn; forgetting them
[nebula] handover OUT Player bot3 (3825002173356310530)#281474976710657(e4,rt_4398048608255,ghost) -> w3 (epoch 4, tick 1365007551)
[nebula] 0 entity object(s) were destroyed without a despawn; forgetting them
[nebula] 0 entity object(s) were destroyed without a despawn; forgetting them
[nebula] 0 entity object(s) were destroyed without a despawn; forgetting them
[nebula] 0 entity object(s) were destroyed without a despawn; forgetting them
[nebula] 0 entity object(s) were destroyed without a despawn; forgetting them
[nebula] 0 entity object(s) were destroyed without a despawn; forgetting them
[nebula] 0 entity object(s) were destroyed without a despawn; forgetting them
[nebula] 0 entity object(s) were destroyed without a despawn; forgetting them
[nebula] 0 entity object(s) were destroyed without a despawn; forgetting them
[nebula] 0 entity object(s) were destroyed without a despawn; forgetting them
[nebula] 0 entity object(s) were destroyed without a despawn; forgetting them
[nebula] 0 entity object(s) were destroyed without a despawn; forgetting them
[nebula] 0 entity object(s) were destroyed without a despawn; forgetting them
[nebula] 0 entity object(s) were destroyed without a despawn; forgetting them
[nebula] 0 entity object(s) were destroyed without a despawn; forgetting them
[nebula] 0 entity object(s) were destroyed without a despawn; forgetting them
[nebula] 0 entity object(s) were destroyed without a despawn; forgetting them
[nebula] 0 entity object(s) were destroyed without a despawn; forgetting them
[nebula] 0 entity object(s) were destroyed without a despawn; forgetting them
[nebula] 0 entity object(s) were destroyed without a despawn; forgetting them
[nebula] 0 entity object(s) were destroyed without a despawn; forgetting them
[nebula] 0 entity object(s) were destroyed without a despawn; forgetting them
[nebula] 0 entity object(s) were destroyed without a despawn; forgetting them
[nebula] 0 entity object(s) were destroyed without a despawn; forgetting them
[nebula] 0 entity object(s) were destroyed without a despawn; forgetting them
[nebula] 0 entity object(s) were destroyed without a despawn; forgetting them
[nebula] 0 entity object(s) were destroyed without a despawn; forgetting them
[nebula] 0 entity object(s) were destroyed without a despawn; forgetting them
[nebula] 0 entity object(s) were destroyed without a despawn; forgetting them
[nebula] 0 entity object(s) were destroyed without a despawn; forgetting them
[nebula] 0 entity object(s) were destroyed without a despawn; forgetting them
[nebula] 0 entity object(s) were destroyed without a despawn; forgetting them
[nebula] 0 entity object(s) were destroyed without a despawn; forgetting them
[nebula] 0 entity object(s) were destroyed without a despawn; forgetting them
[nebula] 0 entity object(s) were destroyed without a despawn; forgetting them
[nebula] 0 entity object(s) were destroyed without a despawn; forgetting them
[nebula] 0 entity object(s) were destroyed without a despawn; forgetting them
[nebula] 0 entity object(s) were destroyed without a despawn; forgetting them
[nebula] 0 entity object(s) were destroyed without a despawn; forgetting them
[nebula] 0 entity object(s) were destroyed without a despawn; forgetting them
[nebula] 0 entity object(s) were destroyed without a despawn; forgetting them
[nebula] 0 entity object(s) were destroyed without a despawn; forgetting them
[nebula] 0 entity object(s) were destroyed without a despawn; forgetting them
[nebula] 0 entity object(s) were destroyed without a despawn; forgetting them
[nebula] 0 entity object(s) were destroyed without a despawn; forgetting them
[nebula] 0 entity object(s) were destroyed without a despawn; forgetting them
[nebula] 0 entity object(s) were destroyed without a despawn; forgetting them
[nebula] 0 entity object(s) were destroyed without a despawn; forgetting them
[nebula] 0 entity object(s) were destroyed without a despawn; forgetting them
[nebula] 0 entity object(s) were destroyed without a despawn; forgetting them
[nebula] 0 entity object(s) were destroyed without a despawn; forgetting them
[nebula] 0 entity object(s) were destroyed without a despawn; forgetting them
[nebula] 0 entity object(s) were destroyed without a despawn; forgetting them
[nebula] 0 entity object(s) were destroyed without a despawn; forgetting them
[nebula] 0 entity object(s) were destroyed without a despawn; forgetting them
[nebula] 0 entity object(s) were destroyed without a despawn; forgetting them
[nebula] 0 entity object(s) were destroyed without a despawn; forgetting them
[nebula] 0 entity object(s) were destroyed without a despawn; forgetting them
[nebula] 0 entity object(s) were destroyed without a despawn; forgetting them
[nebula] 0 entity object(s) were destroyed without a despawn; forgetting them
[nebula] 0 entity object(s) were destroyed without a despawn; forgetting them
[nebula] 0 entity object(s) were destroyed without a despawn; forgetting them
[nebula] 0 entity object(s) were destroyed without a despawn; forgetting them
[nebula] 0 entity object(s) were destroyed without a despawn; forgetting them
[nebula] 0 entity object(s) were destroyed without a despawn; forgetting them
[nebula] 0 entity object(s) were destroyed without a despawn; forgetting them
[nebula] 0 entity object(s) were destroyed without a despawn; forgetting them
[nebula] 0 entity object(s) were destroyed without a despawn; forgetting them
[nebula] 0 entity object(s) were destroyed without a despawn; forgetting them
[nebula] 0 entity object(s) were destroyed without a despawn; forgetting them
[nebula] 0 entity object(s) were destroyed without a despawn; forgetting them
[nebula] 0 entity object(s) were destroyed without a despawn; forgetting them
[nebula] profile 300 ticks/5s 300 frames avg 0.6ms max 1.0ms dup 0 skip 0 gc 36 auth 17 ghosts 2 | poll=0.01 ghosts=0.01 physics.sync=0.00 simulate=0.01 poses=0.04 containers=0.42 band=0.02 publish=0.02 gap=16.05 interest=0.01
[nebula] 0 entity object(s) were destroyed without a despawn; forgetting them
[nebula] 0 entity object(s) were destroyed without a despawn; forgetting them
[nebula] 0 entity object(s) were destroyed without a despawn; forgetting them
[nebula] 0 entity object(s) were destroyed without a despawn; forgetting them
[nebula] 0 entity object(s) were destroyed without a despawn; forgetting them
[nebula] 0 entity object(s) were destroyed without a despawn; forgetting them
[nebula] 0 entity object(s) were destroyed without a despawn; forgetting them
[nebula] 0 entity object(s) were destroyed without a despawn; forgetting them
[nebula] 0 entity object(s) were destroyed without a despawn; forgetting them
[nebula] 0 entity object(s) were destroyed without a despawn; forgetting them
[nebula] 0 entity object(s) were destroyed without a despawn; forgetting them
[nebula] 0 entity object(s) were destroyed without a despawn; forgetting them
[nebula] 0 entity object(s) were destroyed without a despawn; forgetting them
[nebula] 0 entity object(s) were destroyed without a despawn; forgetting them
[nebula] 0 entity object(s) were destroyed without a despawn; forgetting them
[nebula] 0 entity object(s) were destroyed without a despawn; forgetting them
[nebula] 0 entity object(s) were destroyed without a despawn; forgetting them
[nebula] 0 entity object(s) were destroyed without a despawn; forgetting them
[nebula] 0 entity object(s) were destroyed without a despawn; forgetting them
[nebula] 0 entity object(s) were destroyed without a despawn; forgetting them
[nebula] 0 entity object(s) were destroyed without a despawn; forgetting them
[nebula] 0 entity object(s) were destroyed without a despawn; forgetting them
[nebula] 0 entity object(s) were destroyed without a despawn; forgetting them
[nebula] 0 entity object(s) were destroyed without a despawn; forgetting them
[nebula] 0 entity object(s) were destroyed without a despawn; forgetting them
[nebula] 0 entity object(s) were destroyed without a despawn; forgetting them
[nebula] 0 entity object(s) were destroyed without a despawn; forgetting them
[nebula] 0 entity object(s) were destroyed without a despawn; forgetting them
[nebula] 0 entity object(s) were destroyed without a despawn; forgetting them
[nebula] 0 entity object(s) were destroyed without a despawn; forgetting them
[nebula] 0 entity object(s) were destroyed without a despawn; forgetting them
[nebula] 0 entity object(s) were destroyed without a despawn; forgetting them
[nebula] 0 entity object(s) were destroyed without a despawn; forgetting them
[nebula] 0 entity object(s) were destroyed without a despawn; forgetting them
[nebula] 0 entity object(s) were destroyed without a despawn; forgetting them
[nebula] 0 entity object(s) were destroyed without a despawn; forgetting them
[nebula] 0 entity object(s) were destroyed without a despawn; forgetting them
[nebula] 0 entity object(s) were destroyed without a despawn; forgetting them
[nebula] 0 entity object(s) were destroyed without a despawn; forgetting them
[nebula] 0 entity object(s) were destroyed without a despawn; forgetting them
[nebula] 0 entity object(s) were destroyed without a despawn; forgetting them
[nebula] 0 entity object(s) were destroyed without a despawn; forgetting them
[nebula] 0 entity object(s) were destroyed without a despawn; forgetting them
[nebula] 0 entity object(s) were destroyed without a despawn; forgetting them
[nebula] 0 entity object(s) were destroyed without a despawn; forgetting them
[nebula] 0 entity object(s) were destroyed without a despawn; forgetting them
[nebula] 0 entity object(s) were destroyed without a despawn; forgetting them
[nebula] 0 entity object(s) were destroyed without a despawn; forgetting them
[nebula] 0 entity object(s) were destroyed without a despawn; forgetting them
[nebula] 0 entity object(s) were destroyed without a despawn; forgetting them
[nebula] 0 entity object(s) were destroyed without a despawn; forgetting them
[nebula] 0 entity object(s) were destroyed without a despawn; forgetting them
[nebula] 0 entity object(s) were destroyed without a despawn; forgetting them
[nebula] 0 entity object(s) were destroyed without a despawn; forgetting them
[nebula] 0 entity object(s) were destroyed without a despawn; forgetting them
[nebula] 0 entity object(s) were destroyed without a despawn; forgetting them
[nebula] 0 entity object(s) were destroyed without a despawn; forgetting them
[nebula] 0 entity object(s) were destroyed without a despawn; forgetting them
[nebula] 0 entity object(s) were destroyed without a despawn; forgetting them
[nebula] 0 entity object(s) were destroyed without a despawn; forgetting them
[nebula] 0 entity object(s) were destroyed without a despawn; forgetting them
[nebula] 0 entity object(s) were destroyed without a despawn; forgetting them
[nebula] 0 entity object(s) were destroyed without a despawn; forgetting them
[nebula] 0 entity object(s) were destroyed without a despawn; forgetting them
[nebula] 0 entity object(s) were destroyed without a despawn; forgetting them
[nebula] 0 entity object(s) were destroyed without a despawn; forgetting them
[nebula] 0 entity object(s) were destroyed without a despawn; forgetting them
[nebula] 0 entity object(s) were destroyed without a despawn; forgetting them
[nebula] 0 entity object(s) were destroyed without a despawn; forgetting them
[nebula] 0 entity object(s) were destroyed without a despawn; forgetting them
[nebula] 0 entity object(s) were destroyed without a despawn; forgetting them
[nebula] 0 entity object(s) were destroyed without a despawn; forgetting them
[nebula] 0 entity object(s) were destroyed without a despawn; forgetting them
[nebula] 0 entity object(s) were destroyed without a despawn; forgetting them
[nebula] 0 entity object(s) were destroyed without a despawn; forgetting them
[nebula] 0 entity object(s) were destroyed without a despawn; forgetting them
[nebula] 0 entity object(s) were destroyed without a despawn; forgetting them
[nebula] 0 entity object(s) were destroyed without a despawn; forgetting them
[nebula] 0 entity object(s) were destroyed without a despawn; forgetting them
[nebula] 0 entity object(s) were destroyed without a despawn; forgetting them
[nebula] 0 entity object(s) were destroyed without a despawn; forgetting them
[nebula] 0 entity object(s) were destroyed without a despawn; forgetting them
[nebula] 0 entity object(s) were destroyed without a despawn; forgetting them
[nebula] 0 entity object(s) were destroyed without a despawn; forgetting them
[nebula] 0 entity object(s) were destroyed without a despawn; forgetting them
[nebula] 0 entity object(s) were destroyed without a despawn; forgetting them
[nebula] 0 entity object(s) were destroyed without a despawn; forgetting them
[nebula] 0 entity object(s) were destroyed without a despawn; forgetting them
[nebula] 0 entity object(s) were destroyed without a despawn; forgetting them
[nebula] 0 entity object(s) were destroyed without a despawn; forgetting them
[nebula] 0 entity object(s) were destroyed without a despawn; forgetting them
[nebula] 0 entity object(s) were destroyed without a despawn; forgetting them
[nebula] 0 entity object(s) were destroyed without a despawn; forgetting them
[nebula] 0 entity object(s) were destroyed without a despawn; forgetting them
[nebula] 0 entity object(s) were destroyed without a despawn; forgetting them
[nebula] 0 entity object(s) were destroyed without a despawn; forgetting them
[nebula] 0 entity object(s) were destroyed without a despawn; forgetting them
[nebula] 0 entity object(s) were destroyed without a despawn; forgetting them
[nebula] 0 entity object(s) were destroyed without a despawn; forgetting them
[nebula] 0 entity object(s) were destroyed without a despawn; forgetting them
[nebula] 0 entity object(s) were destroyed without a despawn; forgetting them
[nebula] 0 entity object(s) were destroyed without a despawn; forgetting them
[nebula] 0 entity object(s) were destroyed without a despawn; forgetting them
[nebula] 0 entity object(s) were destroyed without a despawn; forgetting them
[nebula] 0 entity object(s) were destroyed without a despawn; forgetting them
[nebula] 0 entity object(s) were destroyed without a despawn; forgetting them
[nebula] 0 entity object(s) were destroyed without a despawn; forgetting them
[nebula] 0 entity object(s) were destroyed without a despawn; forgetting them
[nebula] 0 entity object(s) were destroyed without a despawn; forgetting them
[nebula] 0 entity object(s) were destroyed without a despawn; forgetting them
[nebula] 0 entity object(s) were destroyed without a despawn; forgetting them
[nebula] 0 entity object(s) were destroyed without a despawn; forgetting them
[nebula] 0 entity object(s) were destroyed without a despawn; forgetting them
[nebula] 0 entity object(s) were destroyed without a despawn; forgetting them
[nebula] 0 entity object(s) were destroyed without a despawn; forgetting them
[nebula] 0 entity object(s) were destroyed without a despawn; forgetting them
[nebula] 0 entity object(s) were destroyed without a despawn; forgetting them
[nebula] 0 entity object(s) were destroyed without a despawn; forgetting them
[nebula] 0 entity object(s) were destroyed without a despawn; forgetting them
[nebula] 0 entity object(s) were destroyed without a despawn; forgetting them
[nebula] 0 entity object(s) were destroyed without a despawn; forgetting them
[nebula] 0 entity object(s) were destroyed without a despawn; forgetting them
[nebula] 0 entity object(s) were destroyed without a despawn; forgetting them
[nebula] 0 entity object(s) were destroyed without a despawn; forgetting them
[nebula] 0 entity object(s) were destroyed without a despawn; forgetting them
[nebula] 0 entity object(s) were destroyed without a despawn; forgetting them
[nebula] 0 entity object(s) were destroyed without a despawn; forgetting them
[nebula] 0 entity object(s) were destroyed without a despawn; forgetting them
[nebula] 0 entity object(s) were destroyed without a despawn; forgetting them
[nebula] 0 entity object(s) were destroyed without a despawn; forgetting them
[nebula] 0 entity object(s) were destroyed without a despawn; forgetting them
[nebula] 0 entity object(s) were destroyed without a despawn; forgetting them
[nebula] 0 entity object(s) were destroyed without a despawn; forgetting them
[nebula] 0 entity object(s) were destroyed without a despawn; forgetting them
[nebula] 0 entity object(s) were destroyed without a despawn; forgetting them
[nebula] 0 entity object(s) were destroyed without a despawn; forgetting them
[nebula] 0 entity object(s) were destroyed without a despawn; forgetting them
[nebula] 0 entity object(s) were destroyed without a despawn; forgetting them
[nebula] 0 entity object(s) were destroyed without a despawn; forgetting them
[nebula] 0 entity object(s) were destroyed without a despawn; forgetting them
[nebula] 0 entity object(s) were destroyed without a despawn; forgetting them
[nebula] 0 entity object(s) were destroyed without a despawn; forgetting them
[nebula] 0 entity object(s) were destroyed without a despawn; forgetting them
[nebula] 0 entity object(s) were destroyed without a despawn; forgetting them
[nebula] 0 entity object(s) were destroyed without a despawn; forgetting them
[nebula] 0 entity object(s) were destroyed without a despawn; forgetting them
[nebula] 0 entity object(s) were destroyed without a despawn; forgetting them
[nebula] 0 entity object(s) were destroyed without a despawn; forgetting them
[nebula] 0 entity object(s) were destroyed without a despawn; forgetting them
[nebula] 0 entity object(s) were destroyed without a despawn; forgetting them
[nebula] 0 entity object(s) were destroyed without a despawn; forgetting them
[nebula] 0 entity object(s) were destroyed without a despawn; forgetting them
[nebula] 0 entity object(s) were destroyed without a despawn; forgetting them
[nebula] 0 entity object(s) were destroyed without a despawn; forgetting them
[nebula] 0 entity object(s) were destroyed without a despawn; forgetting them
[nebula] 0 entity object(s) were destroyed without a despawn; forgetting them
[nebula] 0 entity object(s) were destroyed without a despawn; forgetting them
[nebula] 0 entity object(s) were destroyed without a despawn; forgetting them
[nebula] 0 entity object(s) were destroyed without a despawn; forgetting them
[nebula] 0 entity object(s) were destroyed without a despawn; forgetting them
[nebula] 0 entity object(s) were destroyed without a despawn; forgetting them
[nebula] 0 entity object(s) were destroyed without a despawn; forgetting them
[nebula] 0 entity object(s) were destroyed without a despawn; forgetting them
[nebula] 0 entity object(s) were destroyed without a despawn; forgetting them
[nebula] 0 entity object(s) were destroyed without a despawn; forgetting them
[nebula] 0 entity object(s) were destroyed without a despawn; forgetting them
[nebula] 0 entity object(s) were destroyed without a despawn; forgetting them
[nebula] 0 entity object(s) were destroyed without a despawn; forgetting them
[nebula] 0 entity object(s) were destroyed without a despawn; forgetting them
[nebula] 0 entity object(s) were destroyed without a despawn; forgetting them
[nebula] 0 entity object(s) were destroyed without a despawn; forgetting them
[nebula] 0 entity object(s) were destroyed without a despawn; forgetting them
[nebula] 0 entity object(s) were destroyed without a despawn; forgetting them
[nebula] 0 entity object(s) were destroyed without a despawn; forgetting them
[nebula] 0 entity object(s) were destroyed without a despawn; forgetting them
[nebula] 0 entity object(s) were destroyed without a despawn; forgetting them
[nebula] 0 entity object(s) were destroyed without a despawn; forgetting them
[nebula] 0 entity object(s) were destroyed without a despawn; forgetting them
[nebula] 0 entity object(s) were destroyed without a despawn; forgetting them
[nebula] 0 entity object(s) were destroyed without a despawn; forgetting them
[nebula] 0 entity object(s) were destroyed without a despawn; forgetting them
[nebula] 0 entity object(s) were destroyed without a despawn; forgetting them
[nebula] 0 entity object(s) were destroyed without a despawn; forgetting them
[nebula] 0 entity object(s) were destroyed without a despawn; forgetting them
[nebula] 0 entity object(s) were destroyed without a despawn; forgetting them
[nebula] 0 entity object(s) were destroyed without a despawn; forgetting them
[nebula] 0 entity object(s) were destroyed without a despawn; forgetting them
[nebula] 0 entity object(s) were destroyed without a despawn; forgetting them
[nebula] 0 entity object(s) were destroyed without a despawn; forgetting them
[nebula] 0 entity object(s) were destroyed without a despawn; forgetting them
[nebula] 0 entity object(s) were destroyed without a despawn; forgetting them
[nebula] 0 entity object(s) were destroyed without a despawn; forgetting them
[nebula] 0 entity object(s) were destroyed without a despawn; forgetting them
[nebula] 0 entity object(s) were destroyed without a despawn; forgetting them
[nebula] 0 entity object(s) were destroyed without a despawn; forgetting them
[nebula] 0 entity object(s) were destroyed without a despawn; forgetting them
[nebula] 0 entity object(s) were destroyed without a despawn; forgetting them
[nebula] 0 entity object(s) were destroyed without a despawn; forgetting them
[nebula] 0 entity object(s) were destroyed without a despawn; forgetting them
[nebula] 0 entity object(s) were destroyed without a despawn; forgetting them
[nebula] 0 entity object(s) were destroyed without a despawn; forgetting them
[nebula] 0 entity object(s) were destroyed without a despawn; forgetting them
[nebula] 0 entity object(s) were destroyed without a despawn; forgetting them
[nebula] 0 entity object(s) were destroyed without a despawn; forgetting them
[nebula] 0 entity object(s) were destroyed without a despawn; forgetting them
[nebula] 0 entity object(s) were destroyed without a despawn; forgetting them
[nebula] 0 entity object(s) were destroyed without a despawn; forgetting them
[nebula] 0 entity object(s) were destroyed without a despawn; forgetting them
[nebula] 0 entity object(s) were destroyed without a despawn; forgetting them
[nebula] 0 entity object(s) were destroyed without a despawn; forgetting them
[nebula] 0 entity object(s) were destroyed without a despawn; forgetting them
[nebula] 0 entity object(s) were destroyed without a despawn; forgetting them
[nebula] 0 entity object(s) were destroyed without a despawn; forgetting them
[nebula] 0 entity object(s) were destroyed without a despawn; forgetting them
[nebula] 0 entity object(s) were destroyed without a despawn; forgetting them
[nebula] 0 entity object(s) were destroyed without a despawn; forgetting them
[nebula] 0 entity object(s) were destroyed without a despawn; forgetting them
[nebula] 0 entity object(s) were destroyed without a despawn; forgetting them
[nebula] 0 entity object(s) were destroyed without a despawn; forgetting them
[nebula] 0 entity object(s) were destroyed without a despawn; forgetting them
[nebula] 0 entity object(s) were destroyed without a despawn; forgetting them
[nebula] 0 entity object(s) were destroyed without a despawn; forgetting them
[nebula] 0 entity object(s) were destroyed without a despawn; forgetting them
[nebula] 0 entity object(s) were destroyed without a despawn; forgetting them
[nebula] 0 entity object(s) were destroyed without a despawn; forgetting them
[nebula] 0 entity object(s) were destroyed without a despawn; forgetting them
[nebula] 0 entity object(s) were destroyed without a despawn; forgetting them
[nebula] 0 entity object(s) were destroyed without a despawn; forgetting them
[nebula] 0 entity object(s) were destroyed without a despawn; forgetting them
[nebula] 0 entity object(s) were destroyed without a despawn; forgetting them
[nebula] 0 entity object(s) were destroyed without a despawn; forgetting them
[nebula] 0 entity object(s) were destroyed without a despawn; forgetting them
[nebula] 0 entity object(s) were destroyed without a despawn; forgetting them
[nebula] 0 entity object(s) were destroyed without a despawn; forgetting them
[nebula] 0 entity object(s) were destroyed without a despawn; forgetting them
[nebula] 0 entity object(s) were destroyed without a despawn; forgetting them
[nebula] 0 entity object(s) were destroyed without a despawn; forgetting them
[nebula] 0 entity object(s) were destroyed without a despawn; forgetting them
[nebula] 0 entity object(s) were destroyed without a despawn; forgetting them
[nebula] 0 entity object(s) were destroyed without a despawn; forgetting them
[nebula] 0 entity object(s) were destroyed without a despawn; forgetting them
[nebula] 0 entity object(s) were destroyed without a despawn; forgetting them
[nebula] 0 entity object(s) were destroyed without a despawn; forgetting them
[nebula] 0 entity object(s) were destroyed without a despawn; forgetting them
[nebula] 0 entity object(s) were destroyed without a despawn; forgetting them
[nebula] 0 entity object(s) were destroyed without a despawn; forgetting them
[nebula] 0 entity object(s) were destroyed without a despawn; forgetting them
[nebula] 0 entity object(s) were destroyed without a despawn; forgetting them
[nebula] 0 entity object(s) were destroyed without a despawn; forgetting them
[nebula] 0 entity object(s) were destroyed without a despawn; forgetting them
[nebula] 0 entity object(s) were destroyed without a despawn; forgetting them
[nebula] 0 entity object(s) were destroyed without a despawn; forgetting them
[nebula] 0 entity object(s) were destroyed without a despawn; forgetting them
[nebula] 0 entity object(s) were destroyed without a despawn; forgetting them
[nebula] 0 entity object(s) were destroyed without a despawn; forgetting them
[nebula] 0 entity object(s) were destroyed without a despawn; forgetting them
[nebula] 0 entity object(s) were destroyed without a despawn; forgetting them
[nebula] 0 entity object(s) were destroyed without a despawn; forgetting them
[nebula] 0 entity object(s) were destroyed without a despawn; forgetting them
[nebula] 0 entity object(s) were destroyed without a despawn; forgetting them
[nebula] 0 entity object(s) were destroyed without a despawn; forgetting them
[nebula] 0 entity object(s) were destroyed without a despawn; forgetting them
[nebula] 0 entity object(s) were destroyed without a despawn; forgetting them
[nebula] 0 entity object(s) were destroyed without a despawn; forgetting them
[nebula] 0 entity object(s) were destroyed without a despawn; forgetting them
[nebula] 0 entity object(s) were destroyed without a despawn; forgetting them
[nebula] 0 entity object(s) were destroyed without a despawn; forgetting them
[nebula] 0 entity object(s) were destroyed without a despawn; forgetting them
[nebula] 0 entity object(s) were destroyed without a despawn; forgetting them
[nebula] 0 entity object(s) were destroyed without a despawn; forgetting them
[nebula] 0 entity object(s) were destroyed without a despawn; forgetting them
[nebula] 0 entity object(s) were destroyed without a despawn; forgetting them
[nebula] 0 entity object(s) were destroyed without a despawn; forgetting them
[nebula] 0 entity object(s) were destroyed without a despawn; forgetting them
[nebula] 0 entity object(s) were destroyed without a despawn; forgetting them
[nebula] 0 entity object(s) were destroyed without a despawn; forgetting them
[nebula] 0 entity object(s) were destroyed without a despawn; forgetting them
[nebula] 0 entity object(s) were destroyed without a despawn; forgetting them
[nebula] 0 entity object(s) were destroyed without a despawn; forgetting them
[nebula] 0 entity object(s) were destroyed without a despawn; forgetting them
[nebula] 0 entity object(s) were destroyed without a despawn; forgetting them
[nebula] 0 entity object(s) were destroyed without a despawn; forgetting them
[nebula] 0 entity object(s) were destroyed without a despawn; forgetting them
[nebula] 0 entity object(s) were destroyed without a despawn; forgetting them
[nebula] 0 entity object(s) were destroyed without a despawn; forgetting them
[nebula] 0 entity object(s) were destroyed without a despawn; forgetting them
[nebula] 0 entity object(s) were destroyed without a despawn; forgetting them
[nebula] 0 entity object(s) were destroyed without a despawn; forgetting them
[nebula] 0 entity object(s) were destroyed without a despawn; forgetting them
[nebula] 0 entity object(s) were destroyed without a despawn; forgetting them
[nebula] 0 entity object(s) were destroyed without a despawn; forgetting them
[nebula] 0 entity object(s) were destroyed without a despawn; forgetting them
[nebula] 0 entity object(s) were destroyed without a despawn; forgetting them
[nebula] 0 entity object(s) were destroyed without a despawn; forgetting them
[nebula] 0 entity object(s) were destroyed without a despawn; forgetting them
[nebula] 0 entity object(s) were destroyed without a despawn; forgetting them
[nebula] 0 entity object(s) were destroyed without a despawn; forgetting them
[nebula] 0 entity object(s) were destroyed without a despawn; forgetting them
[nebula] 0 entity object(s) were destroyed without a despawn; forgetting them
[nebula] 0 entity object(s) were destroyed without a despawn; forgetting them
[nebula] profile 300 ticks/5s 300 frames avg 0.6ms max 0.8ms dup 0 skip 0 gc 15 auth 17 ghosts 1 | poll=0.01 ghosts=0.00 physics.sync=0.00 simulate=0.01 poses=0.04 containers=0.40 band=0.02 publish=0.02 gap=16.08 interest=0.01
[nebula] 0 entity object(s) were destroyed without a despawn; forgetting them
[nebula] 0 entity object(s) were destroyed without a despawn; forgetting them
[nebula] 0 entity object(s) were destroyed without a despawn; forgetting them
[nebula] 0 entity object(s) were destroyed without a despawn; forgetting them
[nebula] 0 entity object(s) were destroyed without a despawn; forgetting them
[nebula] 0 entity object(s) were destroyed without a despawn; forgetting them
[nebula] 0 entity object(s) were destroyed without a despawn; forgetting them
[nebula] 0 entity object(s) were destroyed without a despawn; forgetting them
[nebula] 0 entity object(s) were destroyed without a despawn; forgetting them
[nebula] 0 entity object(s) were destroyed without a despawn; forgetting them
[nebula] 0 entity object(s) were destroyed without a despawn; forgetting them
[nebula] 0 entity object(s) were destroyed without a despawn; forgetting them
[nebula] 0 entity object(s) were destroyed without a despawn; forgetting them
[nebula] 0 entity object(s) were destroyed without a despawn; forgetting them
[nebula] 0 entity object(s) were destroyed without a despawn; forgetting them
[nebula] 0 entity object(s) were destroyed without a despawn; forgetting them
[nebula] 0 entity object(s) were destroyed without a despawn; forgetting them
[nebula] 0 entity object(s) were destroyed without a despawn; forgetting them
[nebula] 0 entity object(s) were destroyed without a despawn; forgetting them
[nebula] 0 entity object(s) were destroyed without a despawn; forgetting them
[nebula] 0 entity object(s) were destroyed without a despawn; forgetting them
[nebula] 0 entity object(s) were destroyed without a despawn; forgetting them
[nebula] 0 entity object(s) were destroyed without a despawn; forgetting them
[nebula] 0 entity object(s) were destroyed without a despawn; forgetting them
[nebula] 0 entity object(s) were destroyed without a despawn; forgetting them
[nebula] 0 entity object(s) were destroyed without a despawn; forgetting them
[nebula] 0 entity object(s) were destroyed without a despawn; forgetting them
[nebula] 0 entity object(s) were destroyed without a despawn; forgetting them
[nebula] 0 entity object(s) were destroyed without a despawn; forgetting them
[nebula] 0 entity object(s) were destroyed without a despawn; forgetting them
[nebula] 0 entity object(s) were destroyed without a despawn; forgetting them
[nebula] 0 entity object(s) were destroyed without a despawn; forgetting them
[nebula] 0 entity object(s) were destroyed without a despawn; forgetting them
[nebula] 0 entity object(s) were destroyed without a despawn; forgetting them
[nebula] 0 entity object(s) were destroyed without a despawn; forgetting them
[nebula] 0 entity object(s) were destroyed without a despawn; forgetting them
[nebula] 0 entity object(s) were destroyed without a despawn; forgetting them
[nebula] 0 entity object(s) were destroyed without a despawn; forgetting them
[nebula] 0 entity object(s) were destroyed without a despawn; forgetting them
[nebula] 0 entity object(s) were destroyed without a despawn; forgetting them
[nebula] 0 entity object(s) were destroyed without a despawn; forgetting them
[nebula] 0 entity object(s) were destroyed without a despawn; forgetting them
[nebula] 0 entity object(s) were destroyed without a despawn; forgetting them
[nebula] 0 entity object(s) were destroyed without a despawn; forgetting them
[nebula] 0 entity object(s) were destroyed without a despawn; forgetting them
[nebula] 0 entity object(s) were destroyed without a despawn; forgetting them
[nebula] 0 entity object(s) were destroyed without a despawn; forgetting them
[nebula] 0 entity object(s) were destroyed without a despawn; forgetting them
[nebula] 0 entity object(s) were destroyed without a despawn; forgetting them
[nebula] 0 entity object(s) were destroyed without a despawn; forgetting them
[nebula] 0 entity object(s) were destroyed without a despawn; forgetting them
[nebula] 0 entity object(s) were destroyed without a despawn; forgetting them
[nebula] 0 entity object(s) were destroyed without a despawn; forgetting them
[nebula] 0 entity object(s) were destroyed without a despawn; forgetting them
[nebula] 0 entity object(s) were destroyed without a despawn; forgetting them
[nebula] 0 entity object(s) were destroyed without a despawn; forgetting them
[nebula] 0 entity object(s) were destroyed without a despawn; forgetting them
[nebula] 0 entity object(s) were destroyed without a despawn; forgetting them
[nebula] 0 entity object(s) were destroyed without a despawn; forgetting them
[nebula] ghost Player(Clone)#1125899906842625(e8,rt_9223367638808264706,auth) -> w4
[nebula] handover IN  Player(Clone)#1125899906842625(e8,rt_9223367638808264706,auth) <- w4 (epoch 8, tick 1365007982)
[nebula] 0 entity object(s) were destroyed without a despawn; forgetting them
[nebula] 0 entity object(s) were destroyed without a despawn; forgetting them
[nebula] 0 entity object(s) were destroyed without a despawn; forgetting them
[nebula] 0 entity object(s) were destroyed without a despawn; forgetting them
[nebula] 0 entity object(s) were destroyed without a despawn; forgetting them
[nebula] 0 entity object(s) were destroyed without a despawn; forgetting them
[nebula] 0 entity object(s) were destroyed without a despawn; forgetting them
[nebula] 0 entity object(s) were destroyed without a despawn; forgetting them
[nebula] 0 entity object(s) were destroyed without a despawn; forgetting them
[nebula] 0 entity object(s) were destroyed without a despawn; forgetting them
[nebula] 0 entity object(s) were destroyed without a despawn; forgetting them
[nebula] 0 entity object(s) were destroyed without a despawn; forgetting them
[nebula] 0 entity object(s) were destroyed without a despawn; forgetting them
[nebula] 0 entity object(s) were destroyed without a despawn; forgetting them
[nebula] 0 entity object(s) were destroyed without a despawn; forgetting them
[nebula] 0 entity object(s) were destroyed without a despawn; forgetting them
[nebula] 0 entity object(s) were destroyed without a despawn; forgetting them
[nebula] 0 entity object(s) were destroyed without a despawn; forgetting them
[nebula] 0 entity object(s) were destroyed without a despawn; forgetting them
[nebula] 0 entity object(s) were destroyed without a despawn; forgetting them
[nebula] 0 entity object(s) were destroyed without a despawn; forgetting them
[nebula] 0 entity object(s) were destroyed without a despawn; forgetting them
[nebula] 0 entity object(s) were destroyed without a despawn; forgetting them
[nebula] 0 entity object(s) were destroyed without a despawn; forgetting them
[nebula] 0 entity object(s) were destroyed without a despawn; forgetting them
[nebula] 0 entity object(s) were destroyed without a despawn; forgetting them
[nebula] 0 entity object(s) were destroyed without a despawn; forgetting them
[nebula] 0 entity object(s) were destroyed without a despawn; forgetting them
[nebula] 0 entity object(s) were destroyed without a despawn; forgetting them
[nebula] 0 entity object(s) were destroyed without a despawn; forgetting them
[nebula] 0 entity object(s) were destroyed without a despawn; forgetting them
[nebula] 0 entity object(s) were destroyed without a despawn; forgetting them
[nebula] 0 entity object(s) were destroyed without a despawn; forgetting them
[nebula] 0 entity object(s) were destroyed without a despawn; forgetting them
[nebula] 0 entity object(s) were destroyed without a despawn; forgetting them
[nebula] 0 entity object(s) were destroyed without a despawn; forgetting them
[nebula] 0 entity object(s) were destroyed without a despawn; forgetting them
[nebula] 0 entity object(s) were destroyed without a despawn; forgetting them
[nebula] 0 entity object(s) were destroyed without a despawn; forgetting them
[nebula] 0 entity object(s) were destroyed without a despawn; forgetting them
[nebula] 0 entity object(s) were destroyed without a despawn; forgetting them
[nebula] 0 entity object(s) were destroyed without a despawn; forgetting them
[nebula] 0 entity object(s) were destroyed without a despawn; forgetting them
[nebula] 0 entity object(s) were destroyed without a despawn; forgetting them
[nebula] 0 entity object(s) were destroyed without a despawn; forgetting them
[nebula] 0 entity object(s) were destroyed without a despawn; forgetting them
[nebula] 0 entity object(s) were destroyed without a despawn; forgetting them
[nebula] 0 entity object(s) were destroyed without a despawn; forgetting them
[nebula] 0 entity object(s) were destroyed without a despawn; forgetting them
[nebula] 0 entity object(s) were destroyed without a despawn; forgetting them
[nebula] 0 entity object(s) were destroyed without a despawn; forgetting them
[nebula] 0 entity object(s) were destroyed without a despawn; forgetting them
[nebula] 0 entity object(s) were destroyed without a despawn; forgetting them
[nebula] 0 entity object(s) were destroyed without a despawn; forgetting them
[nebula] 0 entity object(s) were destroyed without a despawn; forgetting them
[nebula] 0 entity object(s) were destroyed without a despawn; forgetting them
[nebula] 0 entity object(s) were destroyed without a despawn; forgetting them
[nebula] 0 entity object(s) were destroyed without a despawn; forgetting them
[nebula] 0 entity object(s) were destroyed without a despawn; forgetting them
[nebula] 0 entity object(s) were destroyed without a despawn; forgetting them
[nebula] 0 entity object(s) were destroyed without a despawn; forgetting them
[nebula] 0 entity object(s) were destroyed without a despawn; forgetting them
[nebula] 0 entity object(s) were destroyed without a despawn; forgetting them
[nebula] 0 entity object(s) were destroyed without a despawn; forgetting them
[nebula] 0 entity object(s) were destroyed without a despawn; forgetting them
[nebula] 0 entity object(s) were destroyed without a despawn; forgetting them
[nebula] 0 entity object(s) were destroyed without a despawn; forgetting them
[nebula] 0 entity object(s) were destroyed without a despawn; forgetting them
[nebula] 0 entity object(s) were destroyed without a despawn; forgetting them
[nebula] 0 entity object(s) were destroyed without a despawn; forgetting them
[nebula] 0 entity object(s) were destroyed without a despawn; forgetting them
[nebula] 0 entity object(s) were destroyed without a despawn; forgetting them
[nebula] 0 entity object(s) were destroyed without a despawn; forgetting them
[nebula] 0 entity object(s) were destroyed without a despawn; forgetting them
[nebula] 0 entity object(s) were destroyed without a despawn; forgetting them
[nebula] 0 entity object(s) were destroyed without a despawn; forgetting them
[nebula] 0 entity object(s) were destroyed without a despawn; forgetting them
[nebula] ghost Player(Clone)#562949953421313(e5,rt_0,auth) -> w3
[nebula] handover IN  Player(Clone)#562949953421313(e5,rt_0,auth) <- w3 (epoch 5, tick 1365008059)
[nebula] 0 entity object(s) were destroyed without a despawn; forgetting them
[nebula] 0 entity object(s) were destroyed without a despawn; forgetting them
[nebula] 0 entity object(s) were destroyed without a despawn; forgetting them
[nebula] 0 entity object(s) were destroyed without a despawn; forgetting them
[nebula] 0 entity object(s) were destroyed without a despawn; forgetting them
[nebula] 0 entity object(s) were destroyed without a despawn; forgetting them
[nebula] 0 entity object(s) were destroyed without a despawn; forgetting them
[nebula] 0 entity object(s) were destroyed without a despawn; forgetting them
[nebula] 0 entity object(s) were destroyed without a despawn; forgetting them
[nebula] 0 entity object(s) were destroyed without a despawn; forgetting them
[nebula] 0 entity object(s) were destroyed without a despawn; forgetting them
[nebula] 0 entity object(s) were destroyed without a despawn; forgetting them
[nebula] 0 entity object(s) were destroyed without a despawn; forgetting them
[nebula] 0 entity object(s) were destroyed without a despawn; forgetting them
[nebula] 0 entity object(s) were destroyed without a despawn; forgetting them
[nebula] 0 entity object(s) were destroyed without a despawn; forgetting them
[nebula] 0 entity object(s) were destroyed without a despawn; forgetting them
[nebula] 0 entity object(s) were destroyed without a despawn; forgetting them
[nebula] 0 entity object(s) were destroyed without a despawn; forgetting them
[nebula] 0 entity object(s) were destroyed without a despawn; forgetting them
[nebula] 0 entity object(s) were destroyed without a despawn; forgetting them
[nebula] 0 entity object(s) were destroyed without a despawn; forgetting them
[nebula] 0 entity object(s) were destroyed without a despawn; forgetting them
[nebula] 0 entity object(s) were destroyed without a despawn; forgetting them
[nebula] 0 entity object(s) were destroyed without a despawn; forgetting them
[nebula] 0 entity object(s) were destroyed without a despawn; forgetting them
[nebula] 0 entity object(s) were destroyed without a despawn; forgetting them
[nebula] 0 entity object(s) were destroyed without a despawn; forgetting them
[nebula] 0 entity object(s) were destroyed without a despawn; forgetting them
[nebula] 0 entity object(s) were destroyed without a despawn; forgetting them
[nebula] 0 entity object(s) were destroyed without a despawn; forgetting them
[nebula] 0 entity object(s) were destroyed without a despawn; forgetting them
[nebula] 0 entity object(s) were destroyed without a despawn; forgetting them
[nebula] 0 entity object(s) were destroyed without a despawn; forgetting them
[nebula] 0 entity object(s) were destroyed without a despawn; forgetting them
[nebula] 0 entity object(s) were destroyed without a despawn; forgetting them
[nebula] 0 entity object(s) were destroyed without a despawn; forgetting them
[nebula] 0 entity object(s) were destroyed without a despawn; forgetting them
[nebula] 0 entity object(s) were destroyed without a despawn; forgetting them
[nebula] 0 entity object(s) were destroyed without a despawn; forgetting them
[nebula] 0 entity object(s) were destroyed without a despawn; forgetting them
[nebula] 0 entity object(s) were destroyed without a despawn; forgetting them
[nebula] 0 entity object(s) were destroyed without a despawn; forgetting them
[nebula] 0 entity object(s) were destroyed without a despawn; forgetting them
[nebula] 0 entity object(s) were destroyed without a despawn; forgetting them
[nebula] 0 entity object(s) were destroyed without a despawn; forgetting them
[nebula] 0 entity object(s) were destroyed without a despawn; forgetting them
[nebula] 0 entity object(s) were destroyed without a despawn; forgetting them
[nebula] 0 entity object(s) were destroyed without a despawn; forgetting them
[nebula] 0 entity object(s) were destroyed without a despawn; forgetting them
[nebula] 0 entity object(s) were destroyed without a despawn; forgetting them
[nebula] 0 entity object(s) were destroyed without a despawn; forgetting them
[nebula] 0 entity object(s) were destroyed without a despawn; forgetting them
[nebula] 0 entity object(s) were destroyed without a despawn; forgetting them
[nebula] 0 entity object(s) were destroyed without a despawn; forgetting them
[nebula] 0 entity object(s) were destroyed without a despawn; forgetting them
[nebula] 0 entity object(s) were destroyed without a despawn; forgetting them
[nebula] 0 entity object(s) were destroyed without a despawn; forgetting them
[nebula] 0 entity object(s) were destroyed without a despawn; forgetting them
[nebula] 0 entity object(s) were destroyed without a despawn; forgetting them
[nebula] 0 entity object(s) were destroyed without a despawn; forgetting them
[nebula] 0 entity object(s) were destroyed without a despawn; forgetting them
[nebula] 0 entity object(s) were destroyed without a despawn; forgetting them
[nebula] 0 entity object(s) were destroyed without a despawn; forgetting them
[nebula] 0 entity object(s) were destroyed without a despawn; forgetting them
[nebula] 0 entity object(s) were destroyed without a despawn; forgetting them
[nebula] 0 entity object(s) were destroyed without a despawn; forgetting them
[nebula] 0 entity object(s) were destroyed without a despawn; forgetting them
[nebula] 0 entity object(s) were destroyed without a despawn; forgetting them
[nebula] 0 entity object(s) were destroyed without a despawn; forgetting them
[nebula] 0 entity object(s) were destroyed without a despawn; forgetting them
[nebula] 0 entity object(s) were destroyed without a despawn; forgetting them
[nebula] 0 entity object(s) were destroyed without a despawn; forgetting them
[nebula] 0 entity object(s) were destroyed without a despawn; forgetting them
[nebula] 0 entity object(s) were destroyed without a despawn; forgetting them
[nebula] 0 entity object(s) were destroyed without a despawn; forgetting them
[nebula] 0 entity object(s) were destroyed without a despawn; forgetting them
[nebula] 0 entity object(s) were destroyed without a despawn; forgetting them
[nebula] 0 entity object(s) were destroyed without a despawn; forgetting them
[nebula] 0 entity object(s) were destroyed without a despawn; forgetting them
[nebula] 0 entity object(s) were destroyed without a despawn; forgetting them
[nebula] 0 entity object(s) were destroyed without a despawn; forgetting them
[nebula] 0 entity object(s) were destroyed without a despawn; forgetting them
[nebula] 0 entity object(s) were destroyed without a despawn; forgetting them
[nebula] 0 entity object(s) were destroyed without a despawn; forgetting them
[nebula] 0 entity object(s) were destroyed without a despawn; forgetting them
[nebula] 0 entity object(s) were destroyed without a despawn; forgetting them
[nebula] 0 entity object(s) were destroyed without a despawn; forgetting them
[nebula] 0 entity object(s) were destroyed without a despawn; forgetting them
[nebula] 0 entity object(s) were destroyed without a despawn; forgetting them
[nebula] 0 entity object(s) were destroyed without a despawn; forgetting them
[nebula] 0 entity object(s) were destroyed without a despawn; forgetting them
[nebula] 0 entity object(s) were destroyed without a despawn; forgetting them
[nebula] 0 entity object(s) were destroyed without a despawn; forgetting them
[nebula] 0 entity object(s) were destroyed without a despawn; forgetting them
[nebula] 0 entity object(s) were destroyed without a despawn; forgetting them
[nebula] 0 entity object(s) were destroyed without a despawn; forgetting them
[nebula] 0 entity object(s) were destroyed without a despawn; forgetting them
[nebula] 0 entity object(s) were destroyed without a despawn; forgetting them
[nebula] 0 entity object(s) were destroyed without a despawn; forgetting them
[nebula] 0 entity object(s) were destroyed without a despawn; forgetting them
[nebula] 0 entity object(s) were destroyed without a despawn; forgetting them
[nebula] 0 entity object(s) were destroyed without a despawn; forgetting them
[nebula] 0 entity object(s) were destroyed without a despawn; forgetting them
[nebula] 0 entity object(s) were destroyed without a despawn; forgetting them
[nebula] 0 entity object(s) were destroyed without a despawn; forgetting them
[nebula] 0 entity object(s) were destroyed without a despawn; forgetting them
[nebula] 0 entity object(s) were destroyed without a despawn; forgetting them
[nebula] 0 entity object(s) were destroyed without a despawn; forgetting them
[nebula] 0 entity object(s) were destroyed without a despawn; forgetting them
[nebula] 0 entity object(s) were destroyed without a despawn; forgetting them
[nebula] 0 entity object(s) were destroyed without a despawn; forgetting them
[nebula] 0 entity object(s) were destroyed without a despawn; forgetting them
[nebula] 0 entity object(s) were destroyed without a despawn; forgetting them
[nebula] 0 entity object(s) were destroyed without a despawn; forgetting them
[nebula] 0 entity object(s) were destroyed without a despawn; forgetting them
[nebula] 0 entity object(s) were destroyed without a despawn; forgetting them
[nebula] 0 entity object(s) were destroyed without a despawn; forgetting them
[nebula] 0 entity object(s) were destroyed without a despawn; forgetting them
[nebula] 0 entity object(s) were destroyed without a despawn; forgetting them
[nebula] 0 entity object(s) were destroyed without a despawn; forgetting them
[nebula] 0 entity object(s) were destroyed without a despawn; forgetting them
[nebula] 0 entity object(s) were destroyed without a despawn; forgetting them
[nebula] 0 entity object(s) were destroyed without a despawn; forgetting them
[nebula] 0 entity object(s) were destroyed without a despawn; forgetting them
[nebula] 0 entity object(s) were destroyed without a despawn; forgetting them
[nebula] 0 entity object(s) were destroyed without a despawn; forgetting them
[nebula] 0 entity object(s) were destroyed without a despawn; forgetting them
[nebula] 0 entity object(s) were destroyed without a despawn; forgetting them
[nebula] 0 entity object(s) were destroyed without a despawn; forgetting them
[nebula] 0 entity object(s) were destroyed without a despawn; forgetting them
[nebula] 0 entity object(s) were destroyed without a despawn; forgetting them
[nebula] 0 entity object(s) were destroyed without a despawn; forgetting them
[nebula] 0 entity object(s) were destroyed without a despawn; forgetting them
[nebula] 0 entity object(s) were destroyed without a despawn; forgetting them
[nebula] 0 entity object(s) were destroyed without a despawn; forgetting them
[nebula] 0 entity object(s) were destroyed without a despawn; forgetting them
[nebula] 0 entity object(s) were destroyed without a despawn; forgetting them
[nebula] 0 entity object(s) were destroyed without a despawn; forgetting them
[nebula] 0 entity object(s) were destroyed without a despawn; forgetting them
[nebula] 0 entity object(s) were destroyed without a despawn; forgetting them
[nebula] 0 entity object(s) were destroyed without a despawn; forgetting them
[nebula] 0 entity object(s) were destroyed without a despawn; forgetting them
[nebula] 0 entity object(s) were destroyed without a despawn; forgetting them
[nebula] 0 entity object(s) were destroyed without a despawn; forgetting them
[nebula] 0 entity object(s) were destroyed without a despawn; forgetting them
[nebula] 0 entity object(s) were destroyed without a despawn; forgetting them
[nebula] 0 entity object(s) were destroyed without a despawn; forgetting them
[nebula] 0 entity object(s) were destroyed without a despawn; forgetting them
[nebula] 0 entity object(s) were destroyed without a despawn; forgetting them
[nebula] 0 entity object(s) were destroyed without a despawn; forgetting them
[nebula] 0 entity object(s) were destroyed without a despawn; forgetting them
[nebula] 0 entity object(s) were destroyed without a despawn; forgetting them
[nebula] 0 entity object(s) were destroyed without a despawn; forgetting them
[nebula] 0 entity object(s) were destroyed without a despawn; forgetting them
[nebula] 0 entity object(s) were destroyed without a despawn; forgetting them
[nebula] 0 entity object(s) were destroyed without a despawn; forgetting them
[nebula] 0 entity object(s) were destroyed without a despawn; forgetting them
[nebula] 0 entity object(s) were destroyed without a despawn; forgetting them
[nebula] 0 entity object(s) were destroyed without a despawn; forgetting them
[nebula] 0 entity object(s) were destroyed without a despawn; forgetting them
[nebula] 0 entity object(s) were destroyed without a despawn; forgetting them
[nebula] 0 entity object(s) were destroyed without a despawn; forgetting them
[nebula] ghost Player(Clone)#1125899906842625(e8,rt_9223367638808264706,auth) -> w4
[nebula] 0 entity object(s) were destroyed without a despawn; forgetting them
[nebula] profile 300 ticks/5s 300 frames avg 0.6ms max 0.9ms dup 0 skip 0 gc 22 auth 19 ghosts 0 | poll=0.01 ghosts=0.00 physics.sync=0.00 simulate=0.01 poses=0.04 containers=0.42 band=0.03 publish=0.02 gap=16.05 interest=0.01
[nebula] 0 entity object(s) were destroyed without a despawn; forgetting them
[nebula] 0 entity object(s) were destroyed without a despawn; forgetting them
[nebula] 0 entity object(s) were destroyed without a despawn; forgetting them
[nebula] 0 entity object(s) were destroyed without a despawn; forgetting them
[nebula] 0 entity object(s) were destroyed without a despawn; forgetting them
[nebula] 0 entity object(s) were destroyed without a despawn; forgetting them
[nebula] 0 entity object(s) were destroyed without a despawn; forgetting them
[nebula] 0 entity object(s) were destroyed without a despawn; forgetting them
[nebula] 0 entity object(s) were destroyed without a despawn; forgetting them
[nebula] 0 entity object(s) were destroyed without a despawn; forgetting them
[nebula] 0 entity object(s) were destroyed without a despawn; forgetting them
[nebula] 0 entity object(s) were destroyed without a despawn; forgetting them
[nebula] 0 entity object(s) were destroyed without a despawn; forgetting them
[nebula] 0 entity object(s) were destroyed without a despawn; forgetting them
[nebula] 0 entity object(s) were destroyed without a despawn; forgetting them
[nebula] 0 entity object(s) were destroyed without a despawn; forgetting them
[nebula] 0 entity object(s) were destroyed without a despawn; forgetting them
[nebula] 0 entity object(s) were destroyed without a despawn; forgetting them
[nebula] 0 entity object(s) were destroyed without a despawn; forgetting them
[nebula] 0 entity object(s) were destroyed without a despawn; forgetting them
[nebula] 0 entity object(s) were destroyed without a despawn; forgetting them
[nebula] 0 entity object(s) were destroyed without a despawn; forgetting them
[nebula] 0 entity object(s) were destroyed without a despawn; forgetting them
[nebula] 0 entity object(s) were destroyed without a despawn; forgetting them
[nebula] 0 entity object(s) were destroyed without a despawn; forgetting them
[nebula] 0 entity object(s) were destroyed without a despawn; forgetting them
[nebula] 0 entity object(s) were destroyed without a despawn; forgetting them
[nebula] spawned Prop(Clone)#281474976710677(e1,rt_0,auth)
[nebula] 0 entity object(s) were destroyed without a despawn; forgetting them
[nebula] 0 entity object(s) were destroyed without a despawn; forgetting them
[nebula] 0 entity object(s) were destroyed without a despawn; forgetting them
[nebula] 0 entity object(s) were destroyed without a despawn; forgetting them
[nebula] 0 entity object(s) were destroyed without a despawn; forgetting them
[nebula] 0 entity object(s) were destroyed without a despawn; forgetting them
[nebula] 0 entity object(s) were destroyed without a despawn; forgetting them
[nebula] 0 entity object(s) were destroyed without a despawn; forgetting them
[nebula] 0 entity object(s) were destroyed without a despawn; forgetting them
[nebula] 0 entity object(s) were destroyed without a despawn; forgetting them
[nebula] 0 entity object(s) were destroyed without a despawn; forgetting them
[nebula] 0 entity object(s) were destroyed without a despawn; forgetting them
[nebula] 0 entity object(s) were destroyed without a despawn; forgetting them
[nebula] 0 entity object(s) were destroyed without a despawn; forgetting them
[nebula] 0 entity object(s) were destroyed without a despawn; forgetting them
[nebula] 0 entity object(s) were destroyed without a despawn; forgetting them
[nebula] handover OUT Player(Clone)#1125899906842625(e9,rt_2,ghost) -> w4 (epoch 9, tick 1365008266)
[nebula] 0 entity object(s) were destroyed without a despawn; forgetting them
[nebula] 0 entity object(s) were destroyed without a despawn; forgetting them
[nebula] 0 entity object(s) were destroyed without a despawn; forgetting them
[nebula] 0 entity object(s) were destroyed without a despawn; forgetting them
[nebula] 0 entity object(s) were destroyed without a despawn; forgetting them
[nebula] 0 entity object(s) were destroyed without a despawn; forgetting them
[nebula] 0 entity object(s) were destroyed without a despawn; forgetting them
[nebula] 0 entity object(s) were destroyed without a despawn; forgetting them
[nebula] 0 entity object(s) were destroyed without a despawn; forgetting them
[nebula] 0 entity object(s) were destroyed without a despawn; forgetting them
[nebula] 0 entity object(s) were destroyed without a despawn; forgetting them
[nebula] 0 entity object(s) were destroyed without a despawn; forgetting them
[nebula] 0 entity object(s) were destroyed without a despawn; forgetting them
[nebula] 0 entity object(s) were destroyed without a despawn; forgetting them
[nebula] 0 entity object(s) were destroyed without a despawn; forgetting them
[nebula] 0 entity object(s) were destroyed without a despawn; forgetting them
[nebula] 0 entity object(s) were destroyed without a despawn; forgetting them
[nebula] 0 entity object(s) were destroyed without a despawn; forgetting them
[nebula] 0 entity object(s) were destroyed without a despawn; forgetting them
[nebula] 0 entity object(s) were destroyed without a despawn; forgetting them
[nebula] 0 entity object(s) were destroyed without a despawn; forgetting them
[nebula] 0 entity object(s) were destroyed without a despawn; forgetting them
[nebula] 0 entity object(s) were destroyed without a despawn; forgetting them
[nebula] 0 entity object(s) were destroyed without a despawn; forgetting them
[nebula] 0 entity object(s) were destroyed without a despawn; forgetting them
[nebula] 0 entity object(s) were destroyed without a despawn; forgetting them
[nebula] 0 entity object(s) were destroyed without a despawn; forgetting them
[nebula] 0 entity object(s) were destroyed without a despawn; forgetting them
[nebula] 0 entity object(s) were destroyed without a despawn; forgetting them
[nebula] 0 entity object(s) were destroyed without a despawn; forgetting them
[nebula] 0 entity object(s) were destroyed without a despawn; forgetting them
[nebula] 0 entity object(s) were destroyed without a despawn; forgetting them
[nebula] 0 entity object(s) were destroyed without a despawn; forgetting them
[nebula] 0 entity object(s) were destroyed without a despawn; forgetting them
[nebula] 0 entity object(s) were destroyed without a despawn; forgetting them
[nebula] 0 entity object(s) were destroyed without a despawn; forgetting them
[nebula] 0 entity object(s) were destroyed without a despawn; forgetting them
[nebula] 0 entity object(s) were destroyed without a despawn; forgetting them
[nebula] 0 entity object(s) were destroyed without a despawn; forgetting them
[nebula] 0 entity object(s) were destroyed without a despawn; forgetting them
[nebula] 0 entity object(s) were destroyed without a despawn; forgetting them
[nebula] 0 entity object(s) were destroyed without a despawn; forgetting them
[nebula] 0 entity object(s) were destroyed without a despawn; forgetting them
[nebula] 0 entity object(s) were destroyed without a despawn; forgetting them
[nebula] 0 entity object(s) were destroyed without a despawn; forgetting them
[nebula] 0 entity object(s) were destroyed without a despawn; forgetting them
[nebula] 0 entity object(s) were destroyed without a despawn; forgetting them
[nebula] 0 entity object(s) were destroyed without a despawn; forgetting them
[nebula] 0 entity object(s) were destroyed without a despawn; forgetting them
[nebula] 0 entity object(s) were destroyed without a despawn; forgetting them
[nebula] 0 entity object(s) were destroyed without a despawn; forgetting them
[nebula] 0 entity object(s) were destroyed without a despawn; forgetting them
[nebula] 0 entity object(s) were destroyed without a despawn; forgetting them
[nebula] 0 entity object(s) were destroyed without a despawn; forgetting them
[nebula] 0 entity object(s) were destroyed without a despawn; forgetting them
[nebula] 0 entity object(s) were destroyed without a despawn; forgetting them
[nebula] 0 entity object(s) were destroyed without a despawn; forgetting them
[nebula] 0 entity object(s) were destroyed without a despawn; forgetting them
[nebula] 0 entity object(s) were destroyed without a despawn; forgetting them
[nebula] 0 entity object(s) were destroyed without a despawn; forgetting them
[nebula] 0 entity object(s) were destroyed without a despawn; forgetting them
[nebula] 0 entity object(s) were destroyed without a despawn; forgetting them
[nebula] 0 entity object(s) were destroyed without a despawn; forgetting them
[nebula] 0 entity object(s) were destroyed without a despawn; forgetting them
[nebula] 0 entity object(s) were destroyed without a despawn; forgetting them
[nebula] 0 entity object(s) were destroyed without a despawn; forgetting them
[nebula] 0 entity object(s) were destroyed without a despawn; forgetting them
[nebula] 0 entity object(s) were destroyed without a despawn; forgetting them
[nebula] 0 entity object(s) were destroyed without a despawn; forgetting them
[nebula] 0 entity object(s) were destroyed without a despawn; forgetting them
[nebula] 0 entity object(s) were destroyed without a despawn; forgetting them
[nebula] 0 entity object(s) were destroyed without a despawn; forgetting them
[nebula] 0 entity object(s) were destroyed without a despawn; forgetting them
[nebula] 0 entity object(s) were destroyed without a despawn; forgetting them
[nebula] 0 entity object(s) were destroyed without a despawn; forgetting them
[nebula] 0 entity object(s) were destroyed without a despawn; forgetting them
[nebula] 0 entity object(s) were destroyed without a despawn; forgetting them
[nebula] 0 entity object(s) were destroyed without a despawn; forgetting them
[nebula] 0 entity object(s) were destroyed without a despawn; forgetting them
[nebula] 0 entity object(s) were destroyed without a despawn; forgetting them
[nebula] 0 entity object(s) were destroyed without a despawn; forgetting them
[nebula] 0 entity object(s) were destroyed without a despawn; forgetting them
[nebula] 0 entity object(s) were destroyed without a despawn; forgetting them
[nebula] 0 entity object(s) were destroyed without a despawn; forgetting them
[nebula] 0 entity object(s) were destroyed without a despawn; forgetting them
[nebula] 0 entity object(s) were destroyed without a despawn; forgetting them
[nebula] 0 entity object(s) were destroyed without a despawn; forgetting them
[nebula] 0 entity object(s) were destroyed without a despawn; forgetting them
[nebula] 0 entity object(s) were destroyed without a despawn; forgetting them
[nebula] 0 entity object(s) were destroyed without a despawn; forgetting them
[nebula] 0 entity object(s) were destroyed without a despawn; forgetting them
[nebula] 0 entity object(s) were destroyed without a despawn; forgetting them
[nebula] 0 entity object(s) were destroyed without a despawn; forgetting them
[nebula] 0 entity object(s) were destroyed without a despawn; forgetting them
[nebula] 0 entity object(s) were destroyed without a despawn; forgetting them
[nebula] 0 entity object(s) were destroyed without a despawn; forgetting them
[nebula] 0 entity object(s) were destroyed without a despawn; forgetting them
[nebula] 0 entity object(s) were destroyed without a despawn; forgetting them
[nebula] 0 entity object(s) were destroyed without a despawn; forgetting them
[nebula] 0 entity object(s) were destroyed without a despawn; forgetting them
[nebula] 0 entity object(s) were destroyed without a despawn; forgetting them
[nebula] 0 entity object(s) were destroyed without a despawn; forgetting them
[nebula] 0 entity object(s) were destroyed without a despawn; forgetting them
[nebula] 0 entity object(s) were destroyed without a despawn; forgetting them
[nebula] 0 entity object(s) were destroyed without a despawn; forgetting them
[nebula] 0 entity object(s) were destroyed without a despawn; forgetting them
[nebula] 0 entity object(s) were destroyed without a despawn; forgetting them
[nebula] 0 entity object(s) were destroyed without a despawn; forgetting them
[nebula] 0 entity object(s) were destroyed without a despawn; forgetting them
[nebula] 0 entity object(s) were destroyed without a despawn; forgetting them
[nebula] 0 entity object(s) were destroyed without a despawn; forgetting them
[nebula] 0 entity object(s) were destroyed without a despawn; forgetting them
[nebula] 0 entity object(s) were destroyed without a despawn; forgetting them
[nebula] 0 entity object(s) were destroyed without a despawn; forgetting them
[nebula] 0 entity object(s) were destroyed without a despawn; forgetting them
[nebula] 0 entity object(s) were destroyed without a despawn; forgetting them
[nebula] 0 entity object(s) were destroyed without a despawn; forgetting them
[nebula] 0 entity object(s) were destroyed without a despawn; forgetting them
[nebula] 0 entity object(s) were destroyed without a despawn; forgetting them
[nebula] 0 entity object(s) were destroyed without a despawn; forgetting them
[nebula] 0 entity object(s) were destroyed without a despawn; forgetting them
[nebula] 0 entity object(s) were destroyed without a despawn; forgetting them
[nebula] 0 entity object(s) were destroyed without a despawn; forgetting them
[nebula] 0 entity object(s) were destroyed without a despawn; forgetting them
[nebula] 0 entity object(s) were destroyed without a despawn; forgetting them
[nebula] 0 entity object(s) were destroyed without a despawn; forgetting them
[nebula] 0 entity object(s) were destroyed without a despawn; forgetting them
[nebula] 0 entity object(s) were destroyed without a despawn; forgetting them
[nebula] 0 entity object(s) were destroyed without a despawn; forgetting them
[nebula] 0 entity object(s) were destroyed without a despawn; forgetting them
[nebula] 0 entity object(s) were destroyed without a despawn; forgetting them
[nebula] 0 entity object(s) were destroyed without a despawn; forgetting them
[nebula] 0 entity object(s) were destroyed without a despawn; forgetting them
[nebula] 0 entity object(s) were destroyed without a despawn; forgetting them
[nebula] 0 entity object(s) were destroyed without a despawn; forgetting them
[nebula] 0 entity object(s) were destroyed without a despawn; forgetting them
[nebula] 0 entity object(s) were destroyed without a despawn; forgetting them
[nebula] 0 entity object(s) were destroyed without a despawn; forgetting them
[nebula] local handover Player(Clone)#844424930131969(e2,rt_9223363240761753602,auth) rt_9223363240761753601 -> rt_9223363240761753602
[nebula] 0 entity object(s) were destroyed without a despawn; forgetting them
[nebula] 0 entity object(s) were destroyed without a despawn; forgetting them
[nebula] 0 entity object(s) were destroyed without a despawn; forgetting them
[nebula] 0 entity object(s) were destroyed without a despawn; forgetting them
[nebula] 0 entity object(s) were destroyed without a despawn; forgetting them
[nebula] 0 entity object(s) were destroyed without a despawn; forgetting them
[nebula] 0 entity object(s) were destroyed without a despawn; forgetting them
[nebula] 0 entity object(s) were destroyed without a despawn; forgetting them
[nebula] 0 entity object(s) were destroyed without a despawn; forgetting them
[nebula] 0 entity object(s) were destroyed without a despawn; forgetting them
[nebula] 0 entity object(s) were destroyed without a despawn; forgetting them
[nebula] 0 entity object(s) were destroyed without a despawn; forgetting them
[nebula] 0 entity object(s) were destroyed without a despawn; forgetting them
[nebula] 0 entity object(s) were destroyed without a despawn; forgetting them
[nebula] 0 entity object(s) were destroyed without a despawn; forgetting them
[nebula] 0 entity object(s) were destroyed without a despawn; forgetting them
[nebula] 0 entity object(s) were destroyed without a despawn; forgetting them
[nebula] 0 entity object(s) were destroyed without a despawn; forgetting them
[nebula] 0 entity object(s) were destroyed without a despawn; forgetting them
[nebula] 0 entity object(s) were destroyed without a despawn; forgetting them
[nebula] 0 entity object(s) were destroyed without a despawn; forgetting them
[nebula] 0 entity object(s) were destroyed without a despawn; forgetting them
[nebula] 0 entity object(s) were destroyed without a despawn; forgetting them
[nebula] 0 entity object(s) were destroyed without a despawn; forgetting them
[nebula] 0 entity object(s) were destroyed without a despawn; forgetting them
[nebula] 0 entity object(s) were destroyed without a despawn; forgetting them
[nebula] 0 entity object(s) were destroyed without a despawn; forgetting them
[nebula] 0 entity object(s) were destroyed without a despawn; forgetting them
[nebula] 0 entity object(s) were destroyed without a despawn; forgetting them
[nebula] 0 entity object(s) were destroyed without a despawn; forgetting them
[nebula] 0 entity object(s) were destroyed without a despawn; forgetting them
[nebula] 0 entity object(s) were destroyed without a despawn; forgetting them
[nebula] 0 entity object(s) were destroyed without a despawn; forgetting them
[nebula] 0 entity object(s) were destroyed without a despawn; forgetting them
[nebula] 0 entity object(s) were destroyed without a despawn; forgetting them
[nebula] 0 entity object(s) were destroyed without a despawn; forgetting them
[nebula] 0 entity object(s) were destroyed without a despawn; forgetting them
[nebula] 0 entity object(s) were destroyed without a despawn; forgetting them
[nebula] 0 entity object(s) were destroyed without a despawn; forgetting them
[nebula] 0 entity object(s) were destroyed without a despawn; forgetting them
[nebula] 0 entity object(s) were destroyed without a despawn; forgetting them
[nebula] 0 entity object(s) were destroyed without a despawn; forgetting them
[nebula] 0 entity object(s) were destroyed without a despawn; forgetting them
[nebula] 0 entity object(s) were destroyed without a despawn; forgetting them
[nebula] 0 entity object(s) were destroyed without a despawn; forgetting them
[nebula] 0 entity object(s) were destroyed without a despawn; forgetting them
[nebula] 0 entity object(s) were destroyed without a despawn; forgetting them
[nebula] 0 entity object(s) were destroyed without a despawn; forgetting them
[nebula] 0 entity object(s) were destroyed without a despawn; forgetting them
[nebula] 0 entity object(s) were destroyed without a despawn; forgetting them
[nebula] 0 entity object(s) were destroyed without a despawn; forgetting them
[nebula] 0 entity object(s) were destroyed without a despawn; forgetting them
[nebula] 0 entity object(s) were destroyed without a despawn; forgetting them
[nebula] 0 entity object(s) were destroyed without a despawn; forgetting them
[nebula] 0 entity object(s) were destroyed without a despawn; forgetting them
[nebula] 0 entity object(s) were destroyed without a despawn; forgetting them
[nebula] 0 entity object(s) were destroyed without a despawn; forgetting them
[nebula] 0 entity object(s) were destroyed without a despawn; forgetting them
[nebula] 0 entity object(s) were destroyed without a despawn; forgetting them
[nebula] 0 entity object(s) were destroyed without a despawn; forgetting them
[nebula] 0 entity object(s) were destroyed without a despawn; forgetting them
[nebula] 0 entity object(s) were destroyed without a despawn; forgetting them
[nebula] 0 entity object(s) were destroyed without a despawn; forgetting them
[nebula] 0 entity object(s) were destroyed without a despawn; forgetting them
[nebula] 0 entity object(s) were destroyed without a despawn; forgetting them
[nebula] 0 entity object(s) were destroyed without a despawn; forgetting them
[nebula] 0 entity object(s) were destroyed without a despawn; forgetting them
[nebula] 0 entity object(s) were destroyed without a despawn; forgetting them
[nebula] 0 entity object(s) were destroyed without a despawn; forgetting them
[nebula] 0 entity object(s) were destroyed without a despawn; forgetting them
[nebula] 0 entity object(s) were destroyed without a despawn; forgetting them
[nebula] 0 entity object(s) were destroyed without a despawn; forgetting them
[nebula] 0 entity object(s) were destroyed without a despawn; forgetting them
[nebula] 0 entity object(s) were destroyed without a despawn; forgetting them
[nebula] 0 entity object(s) were destroyed without a despawn; forgetting them
[nebula] 0 entity object(s) were destroyed without a despawn; forgetting them
[nebula] 0 entity object(s) were destroyed without a despawn; forgetting them
[nebula] 0 entity object(s) were destroyed without a despawn; forgetting them
[nebula] 0 entity object(s) were destroyed without a despawn; forgetting them
[nebula] 0 entity object(s) were destroyed without a despawn; forgetting them
[nebula] 0 entity object(s) were destroyed without a despawn; forgetting them
[nebula] 0 entity object(s) were destroyed without a despawn; forgetting them
[nebula] 0 entity object(s) were destroyed without a despawn; forgetting them
[nebula] 0 entity object(s) were destroyed without a despawn; forgetting them
[nebula] 0 entity object(s) were destroyed without a despawn; forgetting them
[nebula] 0 entity object(s) were destroyed without a despawn; forgetting them
[nebula] 0 entity object(s) were destroyed without a despawn; forgetting them
[nebula] 0 entity object(s) were destroyed without a despawn; forgetting them
[nebula] 0 entity object(s) were destroyed without a despawn; forgetting them
[nebula] 0 entity object(s) were destroyed without a despawn; forgetting them
[nebula] 0 entity object(s) were destroyed without a despawn; forgetting them
[nebula] 0 entity object(s) were destroyed without a despawn; forgetting them
[nebula] 0 entity object(s) were destroyed without a despawn; forgetting them
[nebula] 0 entity object(s) were destroyed without a despawn; forgetting them
[nebula] 0 entity object(s) were destroyed without a despawn; forgetting them
[nebula] 0 entity object(s) were destroyed without a despawn; forgetting them
[nebula] 0 entity object(s) were destroyed without a despawn; forgetting them
[nebula] 0 entity object(s) were destroyed without a despawn; forgetting them
[nebula] 0 entity object(s) were destroyed without a despawn; forgetting them
[nebula] 0 entity object(s) were destroyed without a despawn; forgetting them
[nebula] 0 entity object(s) were destroyed without a despawn; forgetting them
[nebula] 0 entity object(s) were destroyed without a despawn; forgetting them
[nebula] 0 entity object(s) were destroyed without a despawn; forgetting them
[nebula] 0 entity object(s) were destroyed without a despawn; forgetting them
[nebula] 0 entity object(s) were destroyed without a despawn; forgetting them
[nebula] 0 entity object(s) were destroyed without a despawn; forgetting them
[nebula] 0 entity object(s) were destroyed without a despawn; forgetting them
[nebula] 0 entity object(s) were destroyed without a despawn; forgetting them
[nebula] 0 entity object(s) were destroyed without a despawn; forgetting them
[nebula] 0 entity object(s) were destroyed without a despawn; forgetting them
[nebula] 0 entity object(s) were destroyed without a despawn; forgetting them
[nebula] 0 entity object(s) were destroyed without a despawn; forgetting them
[nebula] 0 entity object(s) were destroyed without a despawn; forgetting them
[nebula] 0 entity object(s) were destroyed without a despawn; forgetting them
[nebula] 0 entity object(s) were destroyed without a despawn; forgetting them
[nebula] 0 entity object(s) were destroyed without a despawn; forgetting them
[nebula] 0 entity object(s) were destroyed without a despawn; forgetting them
[nebula] 0 entity object(s) were destroyed without a despawn; forgetting them
[nebula] 0 entity object(s) were destroyed without a despawn; forgetting them
[nebula] profile 300 ticks/5s 300 frames avg 0.6ms max 1.1ms dup 0 skip 0 gc 34 auth 19 ghosts 0 | poll=0.01 ghosts=0.00 physics.sync=0.00 simulate=0.01 poses=0.04 containers=0.43 band=0.02 publish=0.02 gap=16.04 interest=0.01
[nebula] 0 entity object(s) were destroyed without a despawn; forgetting them
[nebula] 0 entity object(s) were destroyed without a despawn; forgetting them
[nebula] 0 entity object(s) were destroyed without a despawn; forgetting them
[nebula] 0 entity object(s) were destroyed without a despawn; forgetting them
[nebula] 0 entity object(s) were destroyed without a despawn; forgetting them
[nebula] 0 entity object(s) were destroyed without a despawn; forgetting them
[nebula] 0 entity object(s) were destroyed without a despawn; forgetting them
[nebula] 0 entity object(s) were destroyed without a despawn; forgetting them
[nebula] 0 entity object(s) were destroyed without a despawn; forgetting them
[nebula] 0 entity object(s) were destroyed without a despawn; forgetting them
[nebula] 0 entity object(s) were destroyed without a despawn; forgetting them
[nebula] 0 entity object(s) were destroyed without a despawn; forgetting them
[nebula] 0 entity object(s) were destroyed without a despawn; forgetting them
[nebula] 0 entity object(s) were destroyed without a despawn; forgetting them
[nebula] 0 entity object(s) were destroyed without a despawn; forgetting them
[nebula] 0 entity object(s) were destroyed without a despawn; forgetting them
[nebula] 0 entity object(s) were destroyed without a despawn; forgetting them
[nebula] local handover Player(Clone)#844424930131969(e2,rt_9223363240761753601,auth) rt_9223363240761753602 -> rt_9223363240761753601
[nebula] 0 entity object(s) were destroyed without a despawn; forgetting them
[nebula] 0 entity object(s) were destroyed without a despawn; forgetting them
[nebula] 0 entity object(s) were destroyed without a despawn; forgetting them
[nebula] 0 entity object(s) were destroyed without a despawn; forgetting them
[nebula] 0 entity object(s) were destroyed without a despawn; forgetting them
[nebula] 0 entity object(s) were destroyed without a despawn; forgetting them
[nebula] 0 entity object(s) were destroyed without a despawn; forgetting them
[nebula] 0 entity object(s) were destroyed without a despawn; forgetting them
[nebula] 0 entity object(s) were destroyed without a despawn; forgetting them
[nebula] 0 entity object(s) were destroyed without a despawn; forgetting them
[nebula] 0 entity object(s) were destroyed without a despawn; forgetting them
[nebula] 0 entity object(s) were destroyed without a despawn; forgetting them
[nebula] 0 entity object(s) were destroyed without a despawn; forgetting them
[nebula] 0 entity object(s) were destroyed without a despawn; forgetting them
[nebula] 0 entity object(s) were destroyed without a despawn; forgetting them
[nebula] 0 entity object(s) were destroyed without a despawn; forgetting them
[nebula] 0 entity object(s) were destroyed without a despawn; forgetting them
[nebula] 0 entity object(s) were destroyed without a despawn; forgetting them
[nebula] 0 entity object(s) were destroyed without a despawn; forgetting them
[nebula] 0 entity object(s) were destroyed without a despawn; forgetting them
[nebula] 0 entity object(s) were destroyed without a despawn; forgetting them
[nebula] 0 entity object(s) were destroyed without a despawn; forgetting them
[nebula] 0 entity object(s) were destroyed without a despawn; forgetting them
[nebula] 0 entity object(s) were destroyed without a despawn; forgetting them
[nebula] 0 entity object(s) were destroyed without a despawn; forgetting them
[nebula] 0 entity object(s) were destroyed without a despawn; forgetting them
[nebula] 0 entity object(s) were destroyed without a despawn; forgetting them
[nebula] 0 entity object(s) were destroyed without a despawn; forgetting them
[nebula] 0 entity object(s) were destroyed without a despawn; forgetting them
[nebula] 0 entity object(s) were destroyed without a despawn; forgetting them
[nebula] 0 entity object(s) were destroyed without a despawn; forgetting them
[nebula] 0 entity object(s) were destroyed without a despawn; forgetting them
[nebula] 0 entity object(s) were destroyed without a despawn; forgetting them
[nebula] 0 entity object(s) were destroyed without a despawn; forgetting them
[nebula] 0 entity object(s) were destroyed without a despawn; forgetting them
[nebula] 0 entity object(s) were destroyed without a despawn; forgetting them
[nebula] 0 entity object(s) were destroyed without a despawn; forgetting them
[nebula] 0 entity object(s) were destroyed without a despawn; forgetting them
[nebula] 0 entity object(s) were destroyed without a despawn; forgetting them
[nebula] 0 entity object(s) were destroyed without a despawn; forgetting them
[nebula] 0 entity object(s) were destroyed without a despawn; forgetting them
[nebula] 0 entity object(s) were destroyed without a despawn; forgetting them
[nebula] 0 entity object(s) were destroyed without a despawn; forgetting them
[nebula] 0 entity object(s) were destroyed without a despawn; forgetting them
[nebula] 0 entity object(s) were destroyed without a despawn; forgetting them
[nebula] 0 entity object(s) were destroyed without a despawn; forgetting them
[nebula] 0 entity object(s) were destroyed without a despawn; forgetting them
[nebula] 0 entity object(s) were destroyed without a despawn; forgetting them
[nebula] 0 entity object(s) were destroyed without a despawn; forgetting them
[nebula] 0 entity object(s) were destroyed without a despawn; forgetting them
[nebula] 0 entity object(s) were destroyed without a despawn; forgetting them
[nebula] 0 entity object(s) were destroyed without a despawn; forgetting them
[nebula] 0 entity object(s) were destroyed without a despawn; forgetting them
[nebula] 0 entity object(s) were destroyed without a despawn; forgetting them
[nebula] 0 entity object(s) were destroyed without a despawn; forgetting them
[nebula] 0 entity object(s) were destroyed without a despawn; forgetting them
[nebula] 0 entity object(s) were destroyed without a despawn; forgetting them
[nebula] 0 entity object(s) were destroyed without a despawn; forgetting them
[nebula] 0 entity object(s) were destroyed without a despawn; forgetting them
[nebula] 0 entity object(s) were destroyed without a despawn; forgetting them
[nebula] 0 entity object(s) were destroyed without a despawn; forgetting them
[nebula] 0 entity object(s) were destroyed without a despawn; forgetting them
[nebula] 0 entity object(s) were destroyed without a despawn; forgetting them
[nebula] 0 entity object(s) were destroyed without a despawn; forgetting them
[nebula] 0 entity object(s) were destroyed without a despawn; forgetting them
[nebula] 0 entity object(s) were destroyed without a despawn; forgetting them
[nebula] 0 entity object(s) were destroyed without a despawn; forgetting them
[nebula] 0 entity object(s) were destroyed without a despawn; forgetting them
[nebula] 0 entity object(s) were destroyed without a despawn; forgetting them
[nebula] 0 entity object(s) were destroyed without a despawn; forgetting them
[nebula] 0 entity object(s) were destroyed without a despawn; forgetting them
[nebula] 0 entity object(s) were destroyed without a despawn; forgetting them
[nebula] 0 entity object(s) were destroyed without a despawn; forgetting them
[nebula] 0 entity object(s) were destroyed without a despawn; forgetting them
[nebula] 0 entity object(s) were destroyed without a despawn; forgetting them
[nebula] 0 entity object(s) were destroyed without a despawn; forgetting them
[nebula] 0 entity object(s) were destroyed without a despawn; forgetting them
[nebula] 0 entity object(s) were destroyed without a despawn; forgetting them
[nebula] 0 entity object(s) were destroyed without a despawn; forgetting them
[nebula] 0 entity object(s) were destroyed without a despawn; forgetting them
[nebula] 0 entity object(s) were destroyed without a despawn; forgetting them
[nebula] 0 entity object(s) were destroyed without a despawn; forgetting them
[nebula] 0 entity object(s) were destroyed without a despawn; forgetting them
[nebula] 0 entity object(s) were destroyed without a despawn; forgetting them
[nebula] 0 entity object(s) were destroyed without a despawn; forgetting them
[nebula] 0 entity object(s) were destroyed without a despawn; forgetting them
[nebula] 0 entity object(s) were destroyed without a despawn; forgetting them
[nebula] 0 entity object(s) were destroyed without a despawn; forgetting them
[nebula] 0 entity object(s) were destroyed without a despawn; forgetting them
[nebula] 0 entity object(s) were destroyed without a despawn; forgetting them
[nebula] 0 entity object(s) were destroyed without a despawn; forgetting them
[nebula] 0 entity object(s) were destroyed without a despawn; forgetting them
[nebula] 0 entity object(s) were destroyed without a despawn; forgetting them
[nebula] 0 entity object(s) were destroyed without a despawn; forgetting them
[nebula] 0 entity object(s) were destroyed without a despawn; forgetting them
[nebula] 0 entity object(s) were destroyed without a despawn; forgetting them
[nebula] 0 entity object(s) were destroyed without a despawn; forgetting them
[nebula] 0 entity object(s) were destroyed without a despawn; forgetting them
[nebula] 0 entity object(s) were destroyed without a despawn; forgetting them
[nebula] 0 entity object(s) were destroyed without a despawn; forgetting them
[nebula] 0 entity object(s) were destroyed without a despawn; forgetting them
[nebula] 0 entity object(s) were destroyed without a despawn; forgetting them
[nebula] 0 entity object(s) were destroyed without a despawn; forgetting them
[nebula] 0 entity object(s) were destroyed without a despawn; forgetting them
[nebula] 0 entity object(s) were destroyed without a despawn; forgetting them
[nebula] 0 entity object(s) were destroyed without a despawn; forgetting them
[nebula] 0 entity object(s) were destroyed without a despawn; forgetting them
[nebula] 0 entity object(s) were destroyed without a despawn; forgetting them
[nebula] 0 entity object(s) were destroyed without a despawn; forgetting them
[nebula] 0 entity object(s) were destroyed without a despawn; forgetting them
[nebula] 0 entity object(s) were destroyed without a despawn; forgetting them
[nebula] 0 entity object(s) were destroyed without a despawn; forgetting them
[nebula] 0 entity object(s) were destroyed without a despawn; forgetting them
[nebula] 0 entity object(s) were destroyed without a despawn; forgetting them
[nebula] 0 entity object(s) were destroyed without a despawn; forgetting them
[nebula] 0 entity object(s) were destroyed without a despawn; forgetting them
[nebula] 0 entity object(s) were destroyed without a despawn; forgetting them
[nebula] 0 entity object(s) were destroyed without a despawn; forgetting them
[nebula] 0 entity object(s) were destroyed without a despawn; forgetting them
[nebula] 0 entity object(s) were destroyed without a despawn; forgetting them
[nebula] 0 entity object(s) were destroyed without a despawn; forgetting them
[nebula] 0 entity object(s) were destroyed without a despawn; forgetting them
[nebula] 0 entity object(s) were destroyed without a despawn; forgetting them
[nebula] 0 entity object(s) were destroyed without a despawn; forgetting them
[nebula] 0 entity object(s) were destroyed without a despawn; forgetting them
[nebula] 0 entity object(s) were destroyed without a despawn; forgetting them
[nebula] 0 entity object(s) were destroyed without a despawn; forgetting them
[nebula] 0 entity object(s) were destroyed without a despawn; forgetting them
[nebula] 0 entity object(s) were destroyed without a despawn; forgetting them
[nebula] 0 entity object(s) were destroyed without a despawn; forgetting them
[nebula] 0 entity object(s) were destroyed without a despawn; forgetting them
[nebula] 0 entity object(s) were destroyed without a despawn; forgetting them
[nebula] 0 entity object(s) were destroyed without a despawn; forgetting them
[nebula] 0 entity object(s) were destroyed without a despawn; forgetting them
[nebula] 0 entity object(s) were destroyed without a despawn; forgetting them
[nebula] 0 entity object(s) were destroyed without a despawn; forgetting them
[nebula] 0 entity object(s) were destroyed without a despawn; forgetting them
[nebula] 0 entity object(s) were destroyed without a despawn; forgetting them
[nebula] 0 entity object(s) were destroyed without a despawn; forgetting them
[nebula] 0 entity object(s) were destroyed without a despawn; forgetting them
[nebula] 0 entity object(s) were destroyed without a despawn; forgetting them
[nebula] 0 entity object(s) were destroyed without a despawn; forgetting them
[nebula] 0 entity object(s) were destroyed without a despawn; forgetting them
[nebula] 0 entity object(s) were destroyed without a despawn; forgetting them
[nebula] 0 entity object(s) were destroyed without a despawn; forgetting them
[nebula] 0 entity object(s) were destroyed without a despawn; forgetting them
[nebula] 0 entity object(s) were destroyed without a despawn; forgetting them
[nebula] 0 entity object(s) were destroyed without a despawn; forgetting them
[nebula] 0 entity object(s) were destroyed without a despawn; forgetting them
[nebula] 0 entity object(s) were destroyed without a despawn; forgetting them
[nebula] 0 entity object(s) were destroyed without a despawn; forgetting them
[nebula] 0 entity object(s) were destroyed without a despawn; forgetting them
[nebula] 0 entity object(s) were destroyed without a despawn; forgetting them
[nebula] 0 entity object(s) were destroyed without a despawn; forgetting them
[nebula] 0 entity object(s) were destroyed without a despawn; forgetting them
[nebula] 0 entity object(s) were destroyed without a despawn; forgetting them
[nebula] 0 entity object(s) were destroyed without a despawn; forgetting them
[nebula] 0 entity object(s) were destroyed without a despawn; forgetting them
[nebula] 0 entity object(s) were destroyed without a despawn; forgetting them
[nebula] 0 entity object(s) were destroyed without a despawn; forgetting them
[nebula] 0 entity object(s) were destroyed without a despawn; forgetting them
[nebula] 0 entity object(s) were destroyed without a despawn; forgetting them
[nebula] 0 entity object(s) were destroyed without a despawn; forgetting them
[nebula] 0 entity object(s) were destroyed without a despawn; forgetting them
[nebula] 0 entity object(s) were destroyed without a despawn; forgetting them
[nebula] 0 entity object(s) were destroyed without a despawn; forgetting them
[nebula] 0 entity object(s) were destroyed without a despawn; forgetting them
[nebula] 0 entity object(s) were destroyed without a despawn; forgetting them
[nebula] 0 entity object(s) were destroyed without a despawn; forgetting them
[nebula] 0 entity object(s) were destroyed without a despawn; forgetting them
[nebula] 0 entity object(s) were destroyed without a despawn; forgetting them
[nebula] 0 entity object(s) were destroyed without a despawn; forgetting them
[nebula] 0 entity object(s) were destroyed without a despawn; forgetting them
[nebula] 0 entity object(s) were destroyed without a despawn; forgetting them
[nebula] 0 entity object(s) were destroyed without a despawn; forgetting them
[nebula] 0 entity object(s) were destroyed without a despawn; forgetting them
[nebula] 0 entity object(s) were destroyed without a despawn; forgetting them
[nebula] 0 entity object(s) were destroyed without a despawn; forgetting them
[nebula] 0 entity object(s) were destroyed without a despawn; forgetting them
[nebula] 0 entity object(s) were destroyed without a despawn; forgetting them
[nebula] 0 entity object(s) were destroyed without a despawn; forgetting them
[nebula] 0 entity object(s) were destroyed without a despawn; forgetting them
[nebula] 0 entity object(s) were destroyed without a despawn; forgetting them
[nebula] 0 entity object(s) were destroyed without a despawn; forgetting them
[nebula] local handover Player(Clone)#562949953421313(e5,rt_1,auth) rt_0 -> rt_1
[nebula] 0 entity object(s) were destroyed without a despawn; forgetting them
[nebula] 0 entity object(s) were destroyed without a despawn; forgetting them
[nebula] 0 entity object(s) were destroyed without a despawn; forgetting them
[nebula] 0 entity object(s) were destroyed without a despawn; forgetting them
[nebula] 0 entity object(s) were destroyed without a despawn; forgetting them
[nebula] 0 entity object(s) were destroyed without a despawn; forgetting them
[nebula] 0 entity object(s) were destroyed without a despawn; forgetting them
[nebula] 0 entity object(s) were destroyed without a despawn; forgetting them
[nebula] 0 entity object(s) were destroyed without a despawn; forgetting them
[nebula] 0 entity object(s) were destroyed without a despawn; forgetting them
[nebula] 0 entity object(s) were destroyed without a despawn; forgetting them
[nebula] 0 entity object(s) were destroyed without a despawn; forgetting them
[nebula] 0 entity object(s) were destroyed without a despawn; forgetting them
[nebula] 0 entity object(s) were destroyed without a despawn; forgetting them
[nebula] 0 entity object(s) were destroyed without a despawn; forgetting them
[nebula] 0 entity object(s) were destroyed without a despawn; forgetting them
[nebula] 0 entity object(s) were destroyed without a despawn; forgetting them
[nebula] 0 entity object(s) were destroyed without a despawn; forgetting them
[nebula] 0 entity object(s) were destroyed without a despawn; forgetting them
[nebula] 0 entity object(s) were destroyed without a despawn; forgetting them
[nebula] 0 entity object(s) were destroyed without a despawn; forgetting them
[nebula] 0 entity object(s) were destroyed without a despawn; forgetting them
[nebula] 0 entity object(s) were destroyed without a despawn; forgetting them
[nebula] 0 entity object(s) were destroyed without a despawn; forgetting them
[nebula] 0 entity object(s) were destroyed without a despawn; forgetting them
[nebula] 0 entity object(s) were destroyed without a despawn; forgetting them
[nebula] 0 entity object(s) were destroyed without a despawn; forgetting them
[nebula] 0 entity object(s) were destroyed without a despawn; forgetting them
[nebula] 0 entity object(s) were destroyed without a despawn; forgetting them
[nebula] 0 entity object(s) were destroyed without a despawn; forgetting them
[nebula] 0 entity object(s) were destroyed without a despawn; forgetting them
[nebula] 0 entity object(s) were destroyed without a despawn; forgetting them
[nebula] 0 entity object(s) were destroyed without a despawn; forgetting them
[nebula] 0 entity object(s) were destroyed without a despawn; forgetting them
[nebula] 0 entity object(s) were destroyed without a despawn; forgetting them
[nebula] 0 entity object(s) were destroyed without a despawn; forgetting them
[nebula] 0 entity object(s) were destroyed without a despawn; forgetting them
[nebula] 0 entity object(s) were destroyed without a despawn; forgetting them
[nebula] 0 entity object(s) were destroyed without a despawn; forgetting them
[nebula] 0 entity object(s) were destroyed without a despawn; forgetting them
[nebula] 0 entity object(s) were destroyed without a despawn; forgetting them
[nebula] 0 entity object(s) were destroyed without a despawn; forgetting them
[nebula] 0 entity object(s) were destroyed without a despawn; forgetting them
[nebula] 0 entity object(s) were destroyed without a despawn; forgetting them
[nebula] 0 entity object(s) were destroyed without a despawn; forgetting them
[nebula] 0 entity object(s) were destroyed without a despawn; forgetting them
[nebula] 0 entity object(s) were destroyed without a despawn; forgetting them
[nebula] 0 entity object(s) were destroyed without a despawn; forgetting them
[nebula] 0 entity object(s) were destroyed without a despawn; forgetting them
[nebula] 0 entity object(s) were destroyed without a despawn; forgetting them
[nebula] 0 entity object(s) were destroyed without a despawn; forgetting them
[nebula] 0 entity object(s) were destroyed without a despawn; forgetting them
[nebula] 0 entity object(s) were destroyed without a despawn; forgetting them
[nebula] 0 entity object(s) were destroyed without a despawn; forgetting them
[nebula] 0 entity object(s) were destroyed without a despawn; forgetting them
[nebula] 0 entity object(s) were destroyed without a despawn; forgetting them
[nebula] 0 entity object(s) were destroyed without a despawn; forgetting them
[nebula] 0 entity object(s) were destroyed without a despawn; forgetting them
[nebula] 0 entity object(s) were destroyed without a despawn; forgetting them
[nebula] 0 entity object(s) were destroyed without a despawn; forgetting them
[nebula] 0 entity object(s) were destroyed without a despawn; forgetting them
[nebula] 0 entity object(s) were destroyed without a despawn; forgetting them
[nebula] 0 entity object(s) were destroyed without a despawn; forgetting them
[nebula] 0 entity object(s) were destroyed without a despawn; forgetting them
[nebula] 0 entity object(s) were destroyed without a despawn; forgetting them
[nebula] 0 entity object(s) were destroyed without a despawn; forgetting them
[nebula] 0 entity object(s) were destroyed without a despawn; forgetting them
[nebula] 0 entity object(s) were destroyed without a despawn; forgetting them
[nebula] 0 entity object(s) were destroyed without a despawn; forgetting them
[nebula] 0 entity object(s) were destroyed without a despawn; forgetting them
[nebula] 0 entity object(s) were destroyed without a despawn; forgetting them
[nebula] 0 entity object(s) were destroyed without a despawn; forgetting them
[nebula] 0 entity object(s) were destroyed without a despawn; forgetting them
[nebula] 0 entity object(s) were destroyed without a despawn; forgetting them
[nebula] 0 entity object(s) were destroyed without a despawn; forgetting them
[nebula] 0 entity object(s) were destroyed without a despawn; forgetting them
[nebula] 0 entity object(s) were destroyed without a despawn; forgetting them
[nebula] 0 entity object(s) were destroyed without a despawn; forgetting them
[nebula] 0 entity object(s) were destroyed without a despawn; forgetting them
[nebula] 0 entity object(s) were destroyed without a despawn; forgetting them
[nebula] 0 entity object(s) were destroyed without a despawn; forgetting them
[nebula] 0 entity object(s) were destroyed without a despawn; forgetting them
[nebula] 0 entity object(s) were destroyed without a despawn; forgetting them
[nebula] 0 entity object(s) were destroyed without a despawn; forgetting them
[nebula] 0 entity object(s) were destroyed without a despawn; forgetting them
[nebula] 0 entity object(s) were destroyed without a despawn; forgetting them
[nebula] 0 entity object(s) were destroyed without a despawn; forgetting them
[nebula] 0 entity object(s) were destroyed without a despawn; forgetting them
[nebula] 0 entity object(s) were destroyed without a despawn; forgetting them
[nebula] 0 entity object(s) were destroyed without a despawn; forgetting them
[nebula] spawned Prop(Clone)#281474976710678(e1,rt_1,auth)
[nebula] 0 entity object(s) were destroyed without a despawn; forgetting them
[nebula] 0 entity object(s) were destroyed without a despawn; forgetting them
[nebula] 0 entity object(s) were destroyed without a despawn; forgetting them
[nebula] 0 entity object(s) were destroyed without a despawn; forgetting them
[nebula] 0 entity object(s) were destroyed without a despawn; forgetting them
[nebula] 0 entity object(s) were destroyed without a despawn; forgetting them
[nebula] 0 entity object(s) were destroyed without a despawn; forgetting them
[nebula] 0 entity object(s) were destroyed without a despawn; forgetting them
[nebula] 0 entity object(s) were destroyed without a despawn; forgetting them
[nebula] profile 300 ticks/5s 300 frames avg 0.6ms max 0.9ms dup 0 skip 0 gc 16 auth 20 ghosts 1 | poll=0.01 ghosts=0.00 physics.sync=0.00 simulate=0.01 poses=0.04 containers=0.43 band=0.02 publish=0.02 gap=16.05 interest=0.01
[nebula] 0 entity object(s) were destroyed without a despawn; forgetting them
[nebula] 0 entity object(s) were destroyed without a despawn; forgetting them
[nebula] 0 entity object(s) were destroyed without a despawn; forgetting them
[nebula] 0 entity object(s) were destroyed without a despawn; forgetting them
[nebula] 0 entity object(s) were destroyed without a despawn; forgetting them
[nebula] 0 entity object(s) were destroyed without a despawn; forgetting them
[nebula] 0 entity object(s) were destroyed without a despawn; forgetting them
[nebula] 0 entity object(s) were destroyed without a despawn; forgetting them
[nebula] 0 entity object(s) were destroyed without a despawn; forgetting them
[nebula] 0 entity object(s) were destroyed without a despawn; forgetting them
[nebula] 0 entity object(s) were destroyed without a despawn; forgetting them
[nebula] 0 entity object(s) were destroyed without a despawn; forgetting them
[nebula] 0 entity object(s) were destroyed without a despawn; forgetting them
[nebula] 0 entity object(s) were destroyed without a despawn; forgetting them
[nebula] 0 entity object(s) were destroyed without a despawn; forgetting them
[nebula] 0 entity object(s) were destroyed without a despawn; forgetting them
[nebula] 0 entity object(s) were destroyed without a despawn; forgetting them
[nebula] 0 entity object(s) were destroyed without a despawn; forgetting them
[nebula] 0 entity object(s) were destroyed without a despawn; forgetting them
[nebula] 0 entity object(s) were destroyed without a despawn; forgetting them
[nebula] 0 entity object(s) were destroyed without a despawn; forgetting them
[nebula] 0 entity object(s) were destroyed without a despawn; forgetting them
[nebula] 0 entity object(s) were destroyed without a despawn; forgetting them
[nebula] 0 entity object(s) were destroyed without a despawn; forgetting them
[nebula] 0 entity object(s) were destroyed without a despawn; forgetting them
[nebula] 0 entity object(s) were destroyed without a despawn; forgetting them
[nebula] 0 entity object(s) were destroyed without a despawn; forgetting them
[nebula] 0 entity object(s) were destroyed without a despawn; forgetting them
[nebula] 0 entity object(s) were destroyed without a despawn; forgetting them
[nebula] 0 entity object(s) were destroyed without a despawn; forgetting them
[nebula] 0 entity object(s) were destroyed without a despawn; forgetting them
[nebula] 0 entity object(s) were destroyed without a despawn; forgetting them
[nebula] 0 entity object(s) were destroyed without a despawn; forgetting them
[nebula] 0 entity object(s) were destroyed without a despawn; forgetting them
[nebula] 0 entity object(s) were destroyed without a despawn; forgetting them
[nebula] 0 entity object(s) were destroyed without a despawn; forgetting them
[nebula] 0 entity object(s) were destroyed without a despawn; forgetting them
[nebula] 0 entity object(s) were destroyed without a despawn; forgetting them
[nebula] 0 entity object(s) were destroyed without a despawn; forgetting them
[nebula] ghost Player(Clone)#1125899906842625(e10,rt_1,auth) -> w4
[nebula] handover IN  Player(Clone)#1125899906842625(e10,rt_1,auth) <- w4 (epoch 10, tick 1365008862)
[nebula] 0 entity object(s) were destroyed without a despawn; forgetting them
[nebula] 0 entity object(s) were destroyed without a despawn; forgetting them
[nebula] local handover Player(Clone)#844424930131969(e2,rt_9223367638808264705,auth) rt_9223363240761753601 -> rt_9223367638808264705
[nebula] 0 entity object(s) were destroyed without a despawn; forgetting them
[nebula] 0 entity object(s) were destroyed without a despawn; forgetting them
[nebula] 0 entity object(s) were destroyed without a despawn; forgetting them
[nebula] 0 entity object(s) were destroyed without a despawn; forgetting them
[nebula] 0 entity object(s) were destroyed without a despawn; forgetting them
[nebula] 0 entity object(s) were destroyed without a despawn; forgetting them
[nebula] 0 entity object(s) were destroyed without a despawn; forgetting them
[nebula] 0 entity object(s) were destroyed without a despawn; forgetting them
[nebula] 0 entity object(s) were destroyed without a despawn; forgetting them
[nebula] 0 entity object(s) were destroyed without a despawn; forgetting them
[nebula] 0 entity object(s) were destroyed without a despawn; forgetting them
[nebula] 0 entity object(s) were destroyed without a despawn; forgetting them
[nebula] 0 entity object(s) were destroyed without a despawn; forgetting them
[nebula] 0 entity object(s) were destroyed without a despawn; forgetting them
[nebula] 0 entity object(s) were destroyed without a despawn; forgetting them
[nebula] 0 entity object(s) were destroyed without a despawn; forgetting them
[nebula] 0 entity object(s) were destroyed without a despawn; forgetting them
[nebula] 0 entity object(s) were destroyed without a despawn; forgetting them
[nebula] 0 entity object(s) were destroyed without a despawn; forgetting them
[nebula] 0 entity object(s) were destroyed without a despawn; forgetting them
[nebula] 0 entity object(s) were destroyed without a despawn; forgetting them
[nebula] 0 entity object(s) were destroyed without a despawn; forgetting them
[nebula] 0 entity object(s) were destroyed without a despawn; forgetting them
[nebula] 0 entity object(s) were destroyed without a despawn; forgetting them
[nebula] 0 entity object(s) were destroyed without a despawn; forgetting them
[nebula] 0 entity object(s) were destroyed without a despawn; forgetting them
[nebula] 0 entity object(s) were destroyed without a despawn; forgetting them
[nebula] 0 entity object(s) were destroyed without a despawn; forgetting them
[nebula] 0 entity object(s) were destroyed without a despawn; forgetting them
[nebula] 0 entity object(s) were destroyed without a despawn; forgetting them
[nebula] 0 entity object(s) were destroyed without a despawn; forgetting them
[nebula] 0 entity object(s) were destroyed without a despawn; forgetting them
[nebula] 0 entity object(s) were destroyed without a despawn; forgetting them
[nebula] 0 entity object(s) were destroyed without a despawn; forgetting them
[nebula] 0 entity object(s) were destroyed without a despawn; forgetting them
[nebula] 0 entity object(s) were destroyed without a despawn; forgetting them
[nebula] 0 entity object(s) were destroyed without a despawn; forgetting them
[nebula] 0 entity object(s) were destroyed without a despawn; forgetting them
[nebula] 0 entity object(s) were destroyed without a despawn; forgetting them
[nebula] 0 entity object(s) were destroyed without a despawn; forgetting them
[nebula] 0 entity object(s) were destroyed without a despawn; forgetting them
[nebula] 0 entity object(s) were destroyed without a despawn; forgetting them
[nebula] 0 entity object(s) were destroyed without a despawn; forgetting them
[nebula] 0 entity object(s) were destroyed without a despawn; forgetting them
[nebula] 0 entity object(s) were destroyed without a despawn; forgetting them
[nebula] 0 entity object(s) were destroyed without a despawn; forgetting them
[nebula] 0 entity object(s) were destroyed without a despawn; forgetting them
[nebula] 0 entity object(s) were destroyed without a despawn; forgetting them
[nebula] 0 entity object(s) were destroyed without a despawn; forgetting them
[nebula] 0 entity object(s) were destroyed without a despawn; forgetting them
[nebula] 0 entity object(s) were destroyed without a despawn; forgetting them
[nebula] 0 entity object(s) were destroyed without a despawn; forgetting them
[nebula] 0 entity object(s) were destroyed without a despawn; forgetting them
[nebula] 0 entity object(s) were destroyed without a despawn; forgetting them
[nebula] 0 entity object(s) were destroyed without a despawn; forgetting them
[nebula] 0 entity object(s) were destroyed without a despawn; forgetting them
[nebula] 0 entity object(s) were destroyed without a despawn; forgetting them
[nebula] 0 entity object(s) were destroyed without a despawn; forgetting them
[nebula] 0 entity object(s) were destroyed without a despawn; forgetting them
[nebula] 0 entity object(s) were destroyed without a despawn; forgetting them
[nebula] 0 entity object(s) were destroyed without a despawn; forgetting them
[nebula] 0 entity object(s) were destroyed without a despawn; forgetting them
[nebula] 0 entity object(s) were destroyed without a despawn; forgetting them
[nebula] 0 entity object(s) were destroyed without a despawn; forgetting them
[nebula] 0 entity object(s) were destroyed without a despawn; forgetting them
[nebula] 0 entity object(s) were destroyed without a despawn; forgetting them
[nebula] 0 entity object(s) were destroyed without a despawn; forgetting them
[nebula] 0 entity object(s) were destroyed without a despawn; forgetting them
[nebula] 0 entity object(s) were destroyed without a despawn; forgetting them
[nebula] 0 entity object(s) were destroyed without a despawn; forgetting them
[nebula] 0 entity object(s) were destroyed without a despawn; forgetting them
[nebula] 0 entity object(s) were destroyed without a despawn; forgetting them
[nebula] 0 entity object(s) were destroyed without a despawn; forgetting them
[nebula] 0 entity object(s) were destroyed without a despawn; forgetting them
[nebula] 0 entity object(s) were destroyed without a despawn; forgetting them
[nebula] 0 entity object(s) were destroyed without a despawn; forgetting them
[nebula] 0 entity object(s) were destroyed without a despawn; forgetting them
[nebula] 0 entity object(s) were destroyed without a despawn; forgetting them
[nebula] 0 entity object(s) were destroyed without a despawn; forgetting them
[nebula] 0 entity object(s) were destroyed without a despawn; forgetting them
[nebula] 0 entity object(s) were destroyed without a despawn; forgetting them
[nebula] 0 entity object(s) were destroyed without a despawn; forgetting them
[nebula] 0 entity object(s) were destroyed without a despawn; forgetting them
[nebula] 0 entity object(s) were destroyed without a despawn; forgetting them
[nebula] 0 entity object(s) were destroyed without a despawn; forgetting them
[nebula] 0 entity object(s) were destroyed without a despawn; forgetting them
[nebula] 0 entity object(s) were destroyed without a despawn; forgetting them
[nebula] 0 entity object(s) were destroyed without a despawn; forgetting them
[nebula] 0 entity object(s) were destroyed without a despawn; forgetting them
[nebula] 0 entity object(s) were destroyed without a despawn; forgetting them
[nebula] 0 entity object(s) were destroyed without a despawn; forgetting them
[nebula] 0 entity object(s) were destroyed without a despawn; forgetting them
[nebula] 0 entity object(s) were destroyed without a despawn; forgetting them
[nebula] 0 entity object(s) were destroyed without a despawn; forgetting them
[nebula] 0 entity object(s) were destroyed without a despawn; forgetting them
[nebula] 0 entity object(s) were destroyed without a despawn; forgetting them
[nebula] 0 entity object(s) were destroyed without a despawn; forgetting them
[nebula] 0 entity object(s) were destroyed without a despawn; forgetting them
[nebula] 0 entity object(s) were destroyed without a despawn; forgetting them
[nebula] 0 entity object(s) were destroyed without a despawn; forgetting them
[nebula] 0 entity object(s) were destroyed without a despawn; forgetting them
[nebula] 0 entity object(s) were destroyed without a despawn; forgetting them
[nebula] 0 entity object(s) were destroyed without a despawn; forgetting them
[nebula] 0 entity object(s) were destroyed without a despawn; forgetting them
[nebula] 0 entity object(s) were destroyed without a despawn; forgetting them
[nebula] 0 entity object(s) were destroyed without a despawn; forgetting them
[nebula] 0 entity object(s) were destroyed without a despawn; forgetting them
[nebula] 0 entity object(s) were destroyed without a despawn; forgetting them
[nebula] 0 entity object(s) were destroyed without a despawn; forgetting them
[nebula] 0 entity object(s) were destroyed without a despawn; forgetting them
[nebula] 0 entity object(s) were destroyed without a despawn; forgetting them
[nebula] 0 entity object(s) were destroyed without a despawn; forgetting them
[nebula] 0 entity object(s) were destroyed without a despawn; forgetting them
[nebula] 0 entity object(s) were destroyed without a despawn; forgetting them
[nebula] 0 entity object(s) were destroyed without a despawn; forgetting them
[nebula] 0 entity object(s) were destroyed without a despawn; forgetting them
[nebula] 0 entity object(s) were destroyed without a despawn; forgetting them
[nebula] 0 entity object(s) were destroyed without a despawn; forgetting them
[nebula] 0 entity object(s) were destroyed without a despawn; forgetting them
[nebula] 0 entity object(s) were destroyed without a despawn; forgetting them
[nebula] 0 entity object(s) were destroyed without a despawn; forgetting them
[nebula] 0 entity object(s) were destroyed without a despawn; forgetting them
[nebula] 0 entity object(s) were destroyed without a despawn; forgetting them
[nebula] 0 entity object(s) were destroyed without a despawn; forgetting them
[nebula] 0 entity object(s) were destroyed without a despawn; forgetting them
[nebula] 0 entity object(s) were destroyed without a despawn; forgetting them
[nebula] 0 entity object(s) were destroyed without a despawn; forgetting them
[nebula] 0 entity object(s) were destroyed without a despawn; forgetting them
[nebula] 0 entity object(s) were destroyed without a despawn; forgetting them
[nebula] 0 entity object(s) were destroyed without a despawn; forgetting them
[nebula] 0 entity object(s) were destroyed without a despawn; forgetting them
[nebula] 0 entity object(s) were destroyed without a despawn; forgetting them
[nebula] 0 entity object(s) were destroyed without a despawn; forgetting them
[nebula] 0 entity object(s) were destroyed without a despawn; forgetting them
[nebula] 0 entity object(s) were destroyed without a despawn; forgetting them
[nebula] 0 entity object(s) were destroyed without a despawn; forgetting them
[nebula] 0 entity object(s) were destroyed without a despawn; forgetting them
[nebula] 0 entity object(s) were destroyed without a despawn; forgetting them
[nebula] 0 entity object(s) were destroyed without a despawn; forgetting them
[nebula] 0 entity object(s) were destroyed without a despawn; forgetting them
[nebula] 0 entity object(s) were destroyed without a despawn; forgetting them
[nebula] 0 entity object(s) were destroyed without a despawn; forgetting them
[nebula] 0 entity object(s) were destroyed without a despawn; forgetting them
[nebula] 0 entity object(s) were destroyed without a despawn; forgetting them
[nebula] 0 entity object(s) were destroyed without a despawn; forgetting them
[nebula] 0 entity object(s) were destroyed without a despawn; forgetting them
[nebula] 0 entity object(s) were destroyed without a despawn; forgetting them
[nebula] 0 entity object(s) were destroyed without a despawn; forgetting them
[nebula] 0 entity object(s) were destroyed without a despawn; forgetting them
[nebula] 0 entity object(s) were destroyed without a despawn; forgetting them
[nebula] 0 entity object(s) were destroyed without a despawn; forgetting them
[nebula] 0 entity object(s) were destroyed without a despawn; forgetting them
[nebula] 0 entity object(s) were destroyed without a despawn; forgetting them
[nebula] 0 entity object(s) were destroyed without a despawn; forgetting them
[nebula] 0 entity object(s) were destroyed without a despawn; forgetting them
[nebula] 0 entity object(s) were destroyed without a despawn; forgetting them
[nebula] 0 entity object(s) were destroyed without a despawn; forgetting them
[nebula] 0 entity object(s) were destroyed without a despawn; forgetting them
[nebula] local handover Player(Clone)#562949953421313(e5,rt_4398046511105,auth) rt_1 -> rt_4398046511105
[nebula] 0 entity object(s) were destroyed without a despawn; forgetting them
[nebula] 0 entity object(s) were destroyed without a despawn; forgetting them
[nebula] 0 entity object(s) were destroyed without a despawn; forgetting them
[nebula] 0 entity object(s) were destroyed without a despawn; forgetting them
[nebula] 0 entity object(s) were destroyed without a despawn; forgetting them
[nebula] 0 entity object(s) were destroyed without a despawn; forgetting them
[nebula] 0 entity object(s) were destroyed without a despawn; forgetting them
[nebula] 0 entity object(s) were destroyed without a despawn; forgetting them
[nebula] 0 entity object(s) were destroyed without a despawn; forgetting them
[nebula] 0 entity object(s) were destroyed without a despawn; forgetting them
[nebula] 0 entity object(s) were destroyed without a despawn; forgetting them
[nebula] 0 entity object(s) were destroyed without a despawn; forgetting them
[nebula] 0 entity object(s) were destroyed without a despawn; forgetting them
[nebula] 0 entity object(s) were destroyed without a despawn; forgetting them
[nebula] 0 entity object(s) were destroyed without a despawn; forgetting them
[nebula] 0 entity object(s) were destroyed without a despawn; forgetting them
[nebula] 0 entity object(s) were destroyed without a despawn; forgetting them
[nebula] 0 entity object(s) were destroyed without a despawn; forgetting them
[nebula] 0 entity object(s) were destroyed without a despawn; forgetting them
[nebula] 0 entity object(s) were destroyed without a despawn; forgetting them
[nebula] 0 entity object(s) were destroyed without a despawn; forgetting them
[nebula] 0 entity object(s) were destroyed without a despawn; forgetting them
[nebula] 0 entity object(s) were destroyed without a despawn; forgetting them
[nebula] 0 entity object(s) were destroyed without a despawn; forgetting them
[nebula] 0 entity object(s) were destroyed without a despawn; forgetting them
[nebula] 0 entity object(s) were destroyed without a despawn; forgetting them
[nebula] 0 entity object(s) were destroyed without a despawn; forgetting them
[nebula] 0 entity object(s) were destroyed without a despawn; forgetting them
[nebula] 0 entity object(s) were destroyed without a despawn; forgetting them
[nebula] 0 entity object(s) were destroyed without a despawn; forgetting them
[nebula] 0 entity object(s) were destroyed without a despawn; forgetting them
[nebula] 0 entity object(s) were destroyed without a despawn; forgetting them
[nebula] 0 entity object(s) were destroyed without a despawn; forgetting them
[nebula] 0 entity object(s) were destroyed without a despawn; forgetting them
[nebula] 0 entity object(s) were destroyed without a despawn; forgetting them
[nebula] 0 entity object(s) were destroyed without a despawn; forgetting them
[nebula] 0 entity object(s) were destroyed without a despawn; forgetting them
[nebula] 0 entity object(s) were destroyed without a despawn; forgetting them
[nebula] 0 entity object(s) were destroyed without a despawn; forgetting them
[nebula] 0 entity object(s) were destroyed without a despawn; forgetting them
[nebula] 0 entity object(s) were destroyed without a despawn; forgetting them
[nebula] 0 entity object(s) were destroyed without a despawn; forgetting them
[nebula] 0 entity object(s) were destroyed without a despawn; forgetting them
[nebula] 0 entity object(s) were destroyed without a despawn; forgetting them
[nebula] 0 entity object(s) were destroyed without a despawn; forgetting them
[nebula] 0 entity object(s) were destroyed without a despawn; forgetting them
[nebula] 0 entity object(s) were destroyed without a despawn; forgetting them
[nebula] 0 entity object(s) were destroyed without a despawn; forgetting them
[nebula] 0 entity object(s) were destroyed without a despawn; forgetting them
[nebula] 0 entity object(s) were destroyed without a despawn; forgetting them
[nebula] 0 entity object(s) were destroyed without a despawn; forgetting them
[nebula] 0 entity object(s) were destroyed without a despawn; forgetting them
[nebula] 0 entity object(s) were destroyed without a despawn; forgetting them
[nebula] 0 entity object(s) were destroyed without a despawn; forgetting them
[nebula] 0 entity object(s) were destroyed without a despawn; forgetting them
[nebula] 0 entity object(s) were destroyed without a despawn; forgetting them
[nebula] 0 entity object(s) were destroyed without a despawn; forgetting them
[nebula] 0 entity object(s) were destroyed without a despawn; forgetting them
[nebula] 0 entity object(s) were destroyed without a despawn; forgetting them
[nebula] 0 entity object(s) were destroyed without a despawn; forgetting them
[nebula] 0 entity object(s) were destroyed without a despawn; forgetting them
[nebula] 0 entity object(s) were destroyed without a despawn; forgetting them
[nebula] 0 entity object(s) were destroyed without a despawn; forgetting them
[nebula] 0 entity object(s) were destroyed without a despawn; forgetting them
[nebula] 0 entity object(s) were destroyed without a despawn; forgetting them
[nebula] 0 entity object(s) were destroyed without a despawn; forgetting them
[nebula] 0 entity object(s) were destroyed without a despawn; forgetting them
[nebula] 0 entity object(s) were destroyed without a despawn; forgetting them
[nebula] 0 entity object(s) were destroyed without a despawn; forgetting them
[nebula] 0 entity object(s) were destroyed without a despawn; forgetting them
[nebula] 0 entity object(s) were destroyed without a despawn; forgetting them
[nebula] 0 entity object(s) were destroyed without a despawn; forgetting them
[nebula] 0 entity object(s) were destroyed without a despawn; forgetting them
[nebula] 0 entity object(s) were destroyed without a despawn; forgetting them
[nebula] 0 entity object(s) were destroyed without a despawn; forgetting them
[nebula] 0 entity object(s) were destroyed without a despawn; forgetting them
[nebula] 0 entity object(s) were destroyed without a despawn; forgetting them
[nebula] 0 entity object(s) were destroyed without a despawn; forgetting them
[nebula] 0 entity object(s) were destroyed without a despawn; forgetting them
[nebula] 0 entity object(s) were destroyed without a despawn; forgetting them
[nebula] 0 entity object(s) were destroyed without a despawn; forgetting them
[nebula] 0 entity object(s) were destroyed without a despawn; forgetting them
[nebula] 0 entity object(s) were destroyed without a despawn; forgetting them
[nebula] 0 entity object(s) were destroyed without a despawn; forgetting them
[nebula] 0 entity object(s) were destroyed without a despawn; forgetting them
[nebula] 0 entity object(s) were destroyed without a despawn; forgetting them
[nebula] 0 entity object(s) were destroyed without a despawn; forgetting them
[nebula] 0 entity object(s) were destroyed without a despawn; forgetting them
[nebula] 0 entity object(s) were destroyed without a despawn; forgetting them
[nebula] 0 entity object(s) were destroyed without a despawn; forgetting them
[nebula] 0 entity object(s) were destroyed without a despawn; forgetting them
[nebula] 0 entity object(s) were destroyed without a despawn; forgetting them
[nebula] 0 entity object(s) were destroyed without a despawn; forgetting them
[nebula] 0 entity object(s) were destroyed without a despawn; forgetting them
[nebula] 0 entity object(s) were destroyed without a despawn; forgetting them
[nebula] 0 entity object(s) were destroyed without a despawn; forgetting them
[nebula] 0 entity object(s) were destroyed without a despawn; forgetting them
[nebula] 0 entity object(s) were destroyed without a despawn; forgetting them
[nebula] 0 entity object(s) were destroyed without a despawn; forgetting them
[nebula] 0 entity object(s) were destroyed without a despawn; forgetting them
[nebula] 0 entity object(s) were destroyed without a despawn; forgetting them
[nebula] profile 300 ticks/5s 300 frames avg 0.7ms max 2.3ms dup 0 skip 0 gc 24 auth 21 ghosts 0 | poll=0.01 ghosts=0.00 physics.sync=0.00 simulate=0.01 poses=0.04 containers=0.47 band=0.03 publish=0.02 gap=15.99 interest=0.01
[nebula] 0 entity object(s) were destroyed without a despawn; forgetting them
[nebula] 0 entity object(s) were destroyed without a despawn; forgetting them
[nebula] 0 entity object(s) were destroyed without a despawn; forgetting them
[nebula] 0 entity object(s) were destroyed without a despawn; forgetting them
[nebula] 0 entity object(s) were destroyed without a despawn; forgetting them
[nebula] 0 entity object(s) were destroyed without a despawn; forgetting them
[nebula] 0 entity object(s) were destroyed without a despawn; forgetting them
[nebula] 0 entity object(s) were destroyed without a despawn; forgetting them
[nebula] 0 entity object(s) were destroyed without a despawn; forgetting them
[nebula] 0 entity object(s) were destroyed without a despawn; forgetting them
[nebula] 0 entity object(s) were destroyed without a despawn; forgetting them
[nebula] 0 entity object(s) were destroyed without a despawn; forgetting them
[nebula] 0 entity object(s) were destroyed without a despawn; forgetting them
[nebula] 0 entity object(s) were destroyed without a despawn; forgetting them
[nebula] 0 entity object(s) were destroyed without a despawn; forgetting them
[nebula] 0 entity object(s) were destroyed without a despawn; forgetting them
[nebula] 0 entity object(s) were destroyed without a despawn; forgetting them
[nebula] 0 entity object(s) were destroyed without a despawn; forgetting them
[nebula] 0 entity object(s) were destroyed without a despawn; forgetting them
[nebula] 0 entity object(s) were destroyed without a despawn; forgetting them
[nebula] 0 entity object(s) were destroyed without a despawn; forgetting them
[nebula] 0 entity object(s) were destroyed without a despawn; forgetting them
[nebula] 0 entity object(s) were destroyed without a despawn; forgetting them
[nebula] 0 entity object(s) were destroyed without a despawn; forgetting them
[nebula] 0 entity object(s) were destroyed without a despawn; forgetting them
[nebula] 0 entity object(s) were destroyed without a despawn; forgetting them
[nebula] 0 entity object(s) were destroyed without a despawn; forgetting them
[nebula] 0 entity object(s) were destroyed without a despawn; forgetting them
[nebula] 0 entity object(s) were destroyed without a despawn; forgetting them
[nebula] 0 entity object(s) were destroyed without a despawn; forgetting them
[nebula] 0 entity object(s) were destroyed without a despawn; forgetting them
[nebula] 0 entity object(s) were destroyed without a despawn; forgetting them
[nebula] 0 entity object(s) were destroyed without a despawn; forgetting them
[nebula] 0 entity object(s) were destroyed without a despawn; forgetting them
[nebula] 0 entity object(s) were destroyed without a despawn; forgetting them
[nebula] 0 entity object(s) were destroyed without a despawn; forgetting them
[nebula] 0 entity object(s) were destroyed without a despawn; forgetting them
[nebula] 0 entity object(s) were destroyed without a despawn; forgetting them
[nebula] 0 entity object(s) were destroyed without a despawn; forgetting them
[nebula] 0 entity object(s) were destroyed without a despawn; forgetting them
[nebula] 0 entity object(s) were destroyed without a despawn; forgetting them
[nebula] 0 entity object(s) were destroyed without a despawn; forgetting them
[nebula] 0 entity object(s) were destroyed without a despawn; forgetting them
[nebula] 0 entity object(s) were destroyed without a despawn; forgetting them
[nebula] 0 entity object(s) were destroyed without a despawn; forgetting them
[nebula] 0 entity object(s) were destroyed without a despawn; forgetting them
[nebula] 0 entity object(s) were destroyed without a despawn; forgetting them
[nebula] 0 entity object(s) were destroyed without a despawn; forgetting them
[nebula] 0 entity object(s) were destroyed without a despawn; forgetting them
[nebula] 0 entity object(s) were destroyed without a despawn; forgetting them
[nebula] 0 entity object(s) were destroyed without a despawn; forgetting them
[nebula] 0 entity object(s) were destroyed without a despawn; forgetting them
[nebula] 0 entity object(s) were destroyed without a despawn; forgetting them
[nebula] 0 entity object(s) were destroyed without a despawn; forgetting them
[nebula] 0 entity object(s) were destroyed without a despawn; forgetting them
[nebula] 0 entity object(s) were destroyed without a despawn; forgetting them
[nebula] 0 entity object(s) were destroyed without a despawn; forgetting them
[nebula] spawned Prop(Clone)#281474976710679(e1,rt_4398046511105,auth)
[nebula] 0 entity object(s) were destroyed without a despawn; forgetting them
[nebula] 0 entity object(s) were destroyed without a despawn; forgetting them
[nebula] 0 entity object(s) were destroyed without a despawn; forgetting them
[nebula] 0 entity object(s) were destroyed without a despawn; forgetting them
[nebula] 0 entity object(s) were destroyed without a despawn; forgetting them
[nebula] 0 entity object(s) were destroyed without a despawn; forgetting them
[nebula] 0 entity object(s) were destroyed without a despawn; forgetting them
[nebula] 0 entity object(s) were destroyed without a despawn; forgetting them
[nebula] 0 entity object(s) were destroyed without a despawn; forgetting them
[nebula] 0 entity object(s) were destroyed without a despawn; forgetting them
[nebula] 0 entity object(s) were destroyed without a despawn; forgetting them
[nebula] 0 entity object(s) were destroyed without a despawn; forgetting them
[nebula] 0 entity object(s) were destroyed without a despawn; forgetting them
[nebula] 0 entity object(s) were destroyed without a despawn; forgetting them
[nebula] 0 entity object(s) were destroyed without a despawn; forgetting them
[nebula] 0 entity object(s) were destroyed without a despawn; forgetting them
[nebula] 0 entity object(s) were destroyed without a despawn; forgetting them
[nebula] 0 entity object(s) were destroyed without a despawn; forgetting them
[nebula] 0 entity object(s) were destroyed without a despawn; forgetting them
[nebula] 0 entity object(s) were destroyed without a despawn; forgetting them
[nebula] 0 entity object(s) were destroyed without a despawn; forgetting them
[nebula] 0 entity object(s) were destroyed without a despawn; forgetting them
[nebula] 0 entity object(s) were destroyed without a despawn; forgetting them
[nebula] 0 entity object(s) were destroyed without a despawn; forgetting them
[nebula] 0 entity object(s) were destroyed without a despawn; forgetting them
[nebula] 0 entity object(s) were destroyed without a despawn; forgetting them
[nebula] 0 entity object(s) were destroyed without a despawn; forgetting them
[nebula] 0 entity object(s) were destroyed without a despawn; forgetting them
[nebula] 0 entity object(s) were destroyed without a despawn; forgetting them
[nebula] 0 entity object(s) were destroyed without a despawn; forgetting them
[nebula] 0 entity object(s) were destroyed without a despawn; forgetting them
[nebula] 0 entity object(s) were destroyed without a despawn; forgetting them
[nebula] 0 entity object(s) were destroyed without a despawn; forgetting them
[nebula] 0 entity object(s) were destroyed without a despawn; forgetting them
[nebula] 0 entity object(s) were destroyed without a despawn; forgetting them
[nebula] 0 entity object(s) were destroyed without a despawn; forgetting them
[nebula] 0 entity object(s) were destroyed without a despawn; forgetting them
[nebula] 0 entity object(s) were destroyed without a despawn; forgetting them
[nebula] 0 entity object(s) were destroyed without a despawn; forgetting them
[nebula] 0 entity object(s) were destroyed without a despawn; forgetting them
[nebula] 0 entity object(s) were destroyed without a despawn; forgetting them
[nebula] 0 entity object(s) were destroyed without a despawn; forgetting them
[nebula] 0 entity object(s) were destroyed without a despawn; forgetting them
[nebula] 0 entity object(s) were destroyed without a despawn; forgetting them
[nebula] 0 entity object(s) were destroyed without a despawn; forgetting them
[nebula] 0 entity object(s) were destroyed without a despawn; forgetting them
[nebula] 0 entity object(s) were destroyed without a despawn; forgetting them
[nebula] 0 entity object(s) were destroyed without a despawn; forgetting them
[nebula] 0 entity object(s) were destroyed without a despawn; forgetting them
[nebula] 0 entity object(s) were destroyed without a despawn; forgetting them
[nebula] 0 entity object(s) were destroyed without a despawn; forgetting them
[nebula] 0 entity object(s) were destroyed without a despawn; forgetting them
[nebula] 0 entity object(s) were destroyed without a despawn; forgetting them
[nebula] 0 entity object(s) were destroyed without a despawn; forgetting them
[nebula] 0 entity object(s) were destroyed without a despawn; forgetting them
[nebula] 0 entity object(s) were destroyed without a despawn; forgetting them
[nebula] 0 entity object(s) were destroyed without a despawn; forgetting them
[nebula] 0 entity object(s) were destroyed without a despawn; forgetting them
[nebula] 0 entity object(s) were destroyed without a despawn; forgetting them
[nebula] 0 entity object(s) were destroyed without a despawn; forgetting them
[nebula] 0 entity object(s) were destroyed without a despawn; forgetting them
[nebula] 0 entity object(s) were destroyed without a despawn; forgetting them
[nebula] 0 entity object(s) were destroyed without a despawn; forgetting them
[nebula] 0 entity object(s) were destroyed without a despawn; forgetting them
[nebula] 0 entity object(s) were destroyed without a despawn; forgetting them
[nebula] 0 entity object(s) were destroyed without a despawn; forgetting them
[nebula] 0 entity object(s) were destroyed without a despawn; forgetting them
[nebula] 0 entity object(s) were destroyed without a despawn; forgetting them
[nebula] 0 entity object(s) were destroyed without a despawn; forgetting them
[nebula] 0 entity object(s) were destroyed without a despawn; forgetting them
[nebula] 0 entity object(s) were destroyed without a despawn; forgetting them
[nebula] 0 entity object(s) were destroyed without a despawn; forgetting them
[nebula] 0 entity object(s) were destroyed without a despawn; forgetting them
[nebula] 0 entity object(s) were destroyed without a despawn; forgetting them
[nebula] 0 entity object(s) were destroyed without a despawn; forgetting them
[nebula] 0 entity object(s) were destroyed without a despawn; forgetting them
[nebula] 0 entity object(s) were destroyed without a despawn; forgetting them
[nebula] 0 entity object(s) were destroyed without a despawn; forgetting them
[nebula] 0 entity object(s) were destroyed without a despawn; forgetting them
[nebula] 0 entity object(s) were destroyed without a despawn; forgetting them
[nebula] 0 entity object(s) were destroyed without a despawn; forgetting them
[nebula] 0 entity object(s) were destroyed without a despawn; forgetting them
[nebula] 0 entity object(s) were destroyed without a despawn; forgetting them
[nebula] 0 entity object(s) were destroyed without a despawn; forgetting them
[nebula] 0 entity object(s) were destroyed without a despawn; forgetting them
[nebula] 0 entity object(s) were destroyed without a despawn; forgetting them
[nebula] 0 entity object(s) were destroyed without a despawn; forgetting them
[nebula] 0 entity object(s) were destroyed without a despawn; forgetting them
[nebula] 0 entity object(s) were destroyed without a despawn; forgetting them
[nebula] 0 entity object(s) were destroyed without a despawn; forgetting them
[nebula] 0 entity object(s) were destroyed without a despawn; forgetting them
[nebula] 0 entity object(s) were destroyed without a despawn; forgetting them
[nebula] 0 entity object(s) were destroyed without a despawn; forgetting them
[nebula] 0 entity object(s) were destroyed without a despawn; forgetting them
[nebula] 0 entity object(s) were destroyed without a despawn; forgetting them
[nebula] 0 entity object(s) were destroyed without a despawn; forgetting them
[nebula] 0 entity object(s) were destroyed without a despawn; forgetting them
[nebula] 0 entity object(s) were destroyed without a despawn; forgetting them
[nebula] 0 entity object(s) were destroyed without a despawn; forgetting them
[nebula] 0 entity object(s) were destroyed without a despawn; forgetting them
[nebula] 0 entity object(s) were destroyed without a despawn; forgetting them
[nebula] 0 entity object(s) were destroyed without a despawn; forgetting them
[nebula] 0 entity object(s) were destroyed without a despawn; forgetting them
[nebula] 0 entity object(s) were destroyed without a despawn; forgetting them
[nebula] 0 entity object(s) were destroyed without a despawn; forgetting them
[nebula] 0 entity object(s) were destroyed without a despawn; forgetting them
[nebula] 0 entity object(s) were destroyed without a despawn; forgetting them
[nebula] 0 entity object(s) were destroyed without a despawn; forgetting them
[nebula] 0 entity object(s) were destroyed without a despawn; forgetting them
[nebula] 0 entity object(s) were destroyed without a despawn; forgetting them
[nebula] 0 entity object(s) were destroyed without a despawn; forgetting them
[nebula] 0 entity object(s) were destroyed without a despawn; forgetting them
[nebula] 0 entity object(s) were destroyed without a despawn; forgetting them
[nebula] 0 entity object(s) were destroyed without a despawn; forgetting them
[nebula] 0 entity object(s) were destroyed without a despawn; forgetting them
[nebula] 0 entity object(s) were destroyed without a despawn; forgetting them
[nebula] 0 entity object(s) were destroyed without a despawn; forgetting them
[nebula] 0 entity object(s) were destroyed without a despawn; forgetting them
[nebula] 0 entity object(s) were destroyed without a despawn; forgetting them
[nebula] 0 entity object(s) were destroyed without a despawn; forgetting them
[nebula] 0 entity object(s) were destroyed without a despawn; forgetting them
[nebula] 0 entity object(s) were destroyed without a despawn; forgetting them
[nebula] 0 entity object(s) were destroyed without a despawn; forgetting them
[nebula] 0 entity object(s) were destroyed without a despawn; forgetting them
[nebula] 0 entity object(s) were destroyed without a despawn; forgetting them
[nebula] 0 entity object(s) were destroyed without a despawn; forgetting them
[nebula] 0 entity object(s) were destroyed without a despawn; forgetting them
[nebula] local handover Player(Clone)#844424930131969(e2,rt_9223363240761753601,auth) rt_9223367638808264705 -> rt_9223363240761753601
[nebula] 0 entity object(s) were destroyed without a despawn; forgetting them
[nebula] 0 entity object(s) were destroyed without a despawn; forgetting them
[nebula] 0 entity object(s) were destroyed without a despawn; forgetting them
[nebula] 0 entity object(s) were destroyed without a despawn; forgetting them
[nebula] 0 entity object(s) were destroyed without a despawn; forgetting them
[nebula] 0 entity object(s) were destroyed without a despawn; forgetting them
[nebula] 0 entity object(s) were destroyed without a despawn; forgetting them
[nebula] 0 entity object(s) were destroyed without a despawn; forgetting them
[nebula] 0 entity object(s) were destroyed without a despawn; forgetting them
[nebula] 0 entity object(s) were destroyed without a despawn; forgetting them
[nebula] 0 entity object(s) were destroyed without a despawn; forgetting them
[nebula] 0 entity object(s) were destroyed without a despawn; forgetting them
[nebula] 0 entity object(s) were destroyed without a despawn; forgetting them
[nebula] 0 entity object(s) were destroyed without a despawn; forgetting them
[nebula] 0 entity object(s) were destroyed without a despawn; forgetting them
[nebula] 0 entity object(s) were destroyed without a despawn; forgetting them
[nebula] 0 entity object(s) were destroyed without a despawn; forgetting them
[nebula] local handover Player(Clone)#562949953421313(e5,rt_1,auth) rt_4398046511105 -> rt_1
[nebula] 0 entity object(s) were destroyed without a despawn; forgetting them
[nebula] 0 entity object(s) were destroyed without a despawn; forgetting them
[nebula] 0 entity object(s) were destroyed without a despawn; forgetting them
[nebula] 0 entity object(s) were destroyed without a despawn; forgetting them
[nebula] 0 entity object(s) were destroyed without a despawn; forgetting them
[nebula] 0 entity object(s) were destroyed without a despawn; forgetting them
[nebula] 0 entity object(s) were destroyed without a despawn; forgetting them
[nebula] 0 entity object(s) were destroyed without a despawn; forgetting them
[nebula] 0 entity object(s) were destroyed without a despawn; forgetting them
[nebula] 0 entity object(s) were destroyed without a despawn; forgetting them
[nebula] 0 entity object(s) were destroyed without a despawn; forgetting them
[nebula] 0 entity object(s) were destroyed without a despawn; forgetting them
[nebula] 0 entity object(s) were destroyed without a despawn; forgetting them
[nebula] 0 entity object(s) were destroyed without a despawn; forgetting them
[nebula] 0 entity object(s) were destroyed without a despawn; forgetting them
[nebula] 0 entity object(s) were destroyed without a despawn; forgetting them
[nebula] 0 entity object(s) were destroyed without a despawn; forgetting them
[nebula] 0 entity object(s) were destroyed without a despawn; forgetting them
[nebula] 0 entity object(s) were destroyed without a despawn; forgetting them
[nebula] 0 entity object(s) were destroyed without a despawn; forgetting them
[nebula] 0 entity object(s) were destroyed without a despawn; forgetting them
[nebula] 0 entity object(s) were destroyed without a despawn; forgetting them
[nebula] 0 entity object(s) were destroyed without a despawn; forgetting them
[nebula] 0 entity object(s) were destroyed without a despawn; forgetting them
[nebula] 0 entity object(s) were destroyed without a despawn; forgetting them
[nebula] 0 entity object(s) were destroyed without a despawn; forgetting them
[nebula] 0 entity object(s) were destroyed without a despawn; forgetting them
[nebula] 0 entity object(s) were destroyed without a despawn; forgetting them
[nebula] 0 entity object(s) were destroyed without a despawn; forgetting them
[nebula] 0 entity object(s) were destroyed without a despawn; forgetting them
[nebula] 0 entity object(s) were destroyed without a despawn; forgetting them
[nebula] 0 entity object(s) were destroyed without a despawn; forgetting them
[nebula] 0 entity object(s) were destroyed without a despawn; forgetting them
[nebula] 0 entity object(s) were destroyed without a despawn; forgetting them
[nebula] 0 entity object(s) were destroyed without a despawn; forgetting them
[nebula] 0 entity object(s) were destroyed without a despawn; forgetting them
[nebula] 0 entity object(s) were destroyed without a despawn; forgetting them
[nebula] 0 entity object(s) were destroyed without a despawn; forgetting them
[nebula] 0 entity object(s) were destroyed without a despawn; forgetting them
[nebula] 0 entity object(s) were destroyed without a despawn; forgetting them
[nebula] 0 entity object(s) were destroyed without a despawn; forgetting them
[nebula] 0 entity object(s) were destroyed without a despawn; forgetting them
[nebula] 0 entity object(s) were destroyed without a despawn; forgetting them
[nebula] 0 entity object(s) were destroyed without a despawn; forgetting them
[nebula] 0 entity object(s) were destroyed without a despawn; forgetting them
[nebula] 0 entity object(s) were destroyed without a despawn; forgetting them
[nebula] 0 entity object(s) were destroyed without a despawn; forgetting them
[nebula] 0 entity object(s) were destroyed without a despawn; forgetting them
[nebula] 0 entity object(s) were destroyed without a despawn; forgetting them
[nebula] 0 entity object(s) were destroyed without a despawn; forgetting them
[nebula] 0 entity object(s) were destroyed without a despawn; forgetting them
[nebula] 0 entity object(s) were destroyed without a despawn; forgetting them
[nebula] 0 entity object(s) were destroyed without a despawn; forgetting them
[nebula] 0 entity object(s) were destroyed without a despawn; forgetting them
[nebula] 0 entity object(s) were destroyed without a despawn; forgetting them
[nebula] 0 entity object(s) were destroyed without a despawn; forgetting them
[nebula] 0 entity object(s) were destroyed without a despawn; forgetting them
[nebula] 0 entity object(s) were destroyed without a despawn; forgetting them
[nebula] 0 entity object(s) were destroyed without a despawn; forgetting them
[nebula] 0 entity object(s) were destroyed without a despawn; forgetting them
[nebula] 0 entity object(s) were destroyed without a despawn; forgetting them
[nebula] 0 entity object(s) were destroyed without a despawn; forgetting them
[nebula] 0 entity object(s) were destroyed without a despawn; forgetting them
[nebula] 0 entity object(s) were destroyed without a despawn; forgetting them
[nebula] 0 entity object(s) were destroyed without a despawn; forgetting them
[nebula] 0 entity object(s) were destroyed without a despawn; forgetting them
[nebula] 0 entity object(s) were destroyed without a despawn; forgetting them
[nebula] 0 entity object(s) were destroyed without a despawn; forgetting them
[nebula] 0 entity object(s) were destroyed without a despawn; forgetting them
[nebula] 0 entity object(s) were destroyed without a despawn; forgetting them
[nebula] 0 entity object(s) were destroyed without a despawn; forgetting them
[nebula] 0 entity object(s) were destroyed without a despawn; forgetting them
[nebula] 0 entity object(s) were destroyed without a despawn; forgetting them
[nebula] 0 entity object(s) were destroyed without a despawn; forgetting them
[nebula] 0 entity object(s) were destroyed without a despawn; forgetting them
[nebula] 0 entity object(s) were destroyed without a despawn; forgetting them
[nebula] 0 entity object(s) were destroyed without a despawn; forgetting them
[nebula] 0 entity object(s) were destroyed without a despawn; forgetting them
[nebula] 0 entity object(s) were destroyed without a despawn; forgetting them
[nebula] 0 entity object(s) were destroyed without a despawn; forgetting them
[nebula] 0 entity object(s) were destroyed without a despawn; forgetting them
[nebula] 0 entity object(s) were destroyed without a despawn; forgetting them
[nebula] 0 entity object(s) were destroyed without a despawn; forgetting them
[nebula] 0 entity object(s) were destroyed without a despawn; forgetting them
[nebula] 0 entity object(s) were destroyed without a despawn; forgetting them
[nebula] 0 entity object(s) were destroyed without a despawn; forgetting them
[nebula] 0 entity object(s) were destroyed without a despawn; forgetting them
[nebula] 0 entity object(s) were destroyed without a despawn; forgetting them
[nebula] 0 entity object(s) were destroyed without a despawn; forgetting them
[nebula] 0 entity object(s) were destroyed without a despawn; forgetting them
[nebula] 0 entity object(s) were destroyed without a despawn; forgetting them
[nebula] 0 entity object(s) were destroyed without a despawn; forgetting them
[nebula] 0 entity object(s) were destroyed without a despawn; forgetting them
[nebula] 0 entity object(s) were destroyed without a despawn; forgetting them
[nebula] 0 entity object(s) were destroyed without a despawn; forgetting them
[nebula] 0 entity object(s) were destroyed without a despawn; forgetting them
[nebula] 0 entity object(s) were destroyed without a despawn; forgetting them
[nebula] 0 entity object(s) were destroyed without a despawn; forgetting them
[nebula] 0 entity object(s) were destroyed without a despawn; forgetting them
[nebula] profile 300 ticks/5s 300 frames avg 0.7ms max 1.0ms dup 0 skip 0 gc 31 auth 22 ghosts 1 | poll=0.02 ghosts=0.00 physics.sync=0.00 simulate=0.01 poses=0.04 containers=0.49 band=0.02 publish=0.02 gap=15.97 interest=0.01
[nebula] 0 entity object(s) were destroyed without a despawn; forgetting them
[nebula] 0 entity object(s) were destroyed without a despawn; forgetting them
[nebula] 0 entity object(s) were destroyed without a despawn; forgetting them
[nebula] 0 entity object(s) were destroyed without a despawn; forgetting them
[nebula] 0 entity object(s) were destroyed without a despawn; forgetting them
[nebula] 0 entity object(s) were destroyed without a despawn; forgetting them
[nebula] 0 entity object(s) were destroyed without a despawn; forgetting them
[nebula] 0 entity object(s) were destroyed without a despawn; forgetting them
[nebula] 0 entity object(s) were destroyed without a despawn; forgetting them
[nebula] 0 entity object(s) were destroyed without a despawn; forgetting them
[nebula] 0 entity object(s) were destroyed without a despawn; forgetting them
[nebula] 0 entity object(s) were destroyed without a despawn; forgetting them
[nebula] 0 entity object(s) were destroyed without a despawn; forgetting them
[nebula] 0 entity object(s) were destroyed without a despawn; forgetting them
[nebula] 0 entity object(s) were destroyed without a despawn; forgetting them
[nebula] 0 entity object(s) were destroyed without a despawn; forgetting them
[nebula] 0 entity object(s) were destroyed without a despawn; forgetting them
[nebula] 0 entity object(s) were destroyed without a despawn; forgetting them
[nebula] 0 entity object(s) were destroyed without a despawn; forgetting them
[nebula] 0 entity object(s) were destroyed without a despawn; forgetting them
[nebula] 0 entity object(s) were destroyed without a despawn; forgetting them
[nebula] 0 entity object(s) were destroyed without a despawn; forgetting them
[nebula] 0 entity object(s) were destroyed without a despawn; forgetting them
[nebula] 0 entity object(s) were destroyed without a despawn; forgetting them
[nebula] 0 entity object(s) were destroyed without a despawn; forgetting them
[nebula] 0 entity object(s) were destroyed without a despawn; forgetting them
[nebula] 0 entity object(s) were destroyed without a despawn; forgetting them
[nebula] 0 entity object(s) were destroyed without a despawn; forgetting them
[nebula] 0 entity object(s) were destroyed without a despawn; forgetting them
[nebula] 0 entity object(s) were destroyed without a despawn; forgetting them
[nebula] 0 entity object(s) were destroyed without a despawn; forgetting them
[nebula] 0 entity object(s) were destroyed without a despawn; forgetting them
[nebula] 0 entity object(s) were destroyed without a despawn; forgetting them
[nebula] 0 entity object(s) were destroyed without a despawn; forgetting them
[nebula] 0 entity object(s) were destroyed without a despawn; forgetting them
[nebula] 0 entity object(s) were destroyed without a despawn; forgetting them
[nebula] 0 entity object(s) were destroyed without a despawn; forgetting them
[nebula] 0 entity object(s) were destroyed without a despawn; forgetting them
[nebula] 0 entity object(s) were destroyed without a despawn; forgetting them
[nebula] 0 entity object(s) were destroyed without a despawn; forgetting them
[nebula] 0 entity object(s) were destroyed without a despawn; forgetting them
[nebula] 0 entity object(s) were destroyed without a despawn; forgetting them
[nebula] 0 entity object(s) were destroyed without a despawn; forgetting them
[nebula] 0 entity object(s) were destroyed without a despawn; forgetting them
[nebula] 0 entity object(s) were destroyed without a despawn; forgetting them
[nebula] 0 entity object(s) were destroyed without a despawn; forgetting them
[nebula] 0 entity object(s) were destroyed without a despawn; forgetting them
[nebula] 0 entity object(s) were destroyed without a despawn; forgetting them
[nebula] 0 entity object(s) were destroyed without a despawn; forgetting them
[nebula] 0 entity object(s) were destroyed without a despawn; forgetting them
[nebula] 0 entity object(s) were destroyed without a despawn; forgetting them
[nebula] 0 entity object(s) were destroyed without a despawn; forgetting them
[nebula] 0 entity object(s) were destroyed without a despawn; forgetting them
[nebula] 0 entity object(s) were destroyed without a despawn; forgetting them
[nebula] 0 entity object(s) were destroyed without a despawn; forgetting them
[nebula] 0 entity object(s) were destroyed without a despawn; forgetting them
[nebula] 0 entity object(s) were destroyed without a despawn; forgetting them
[nebula] 0 entity object(s) were destroyed without a despawn; forgetting them
[nebula] 0 entity object(s) were destroyed without a despawn; forgetting them
[nebula] 0 entity object(s) were destroyed without a despawn; forgetting them
[nebula] 0 entity object(s) were destroyed without a despawn; forgetting them
[nebula] 0 entity object(s) were destroyed without a despawn; forgetting them
[nebula] 0 entity object(s) were destroyed without a despawn; forgetting them
[nebula] 0 entity object(s) were destroyed without a despawn; forgetting them
[nebula] 0 entity object(s) were destroyed without a despawn; forgetting them
[nebula] spawned Prop(Clone)#281474976710680(e1,rt_1,auth)
[nebula] 0 entity object(s) were destroyed without a despawn; forgetting them
[nebula] 0 entity object(s) were destroyed without a despawn; forgetting them
[nebula] 0 entity object(s) were destroyed without a despawn; forgetting them
[nebula] 0 entity object(s) were destroyed without a despawn; forgetting them
[nebula] 0 entity object(s) were destroyed without a despawn; forgetting them
[nebula] 0 entity object(s) were destroyed without a despawn; forgetting them
[nebula] local handover Player(Clone)#1125899906842625(e10,rt_9223367638808264705,auth) rt_1 -> rt_9223367638808264705
[nebula] 0 entity object(s) were destroyed without a despawn; forgetting them
[nebula] 0 entity object(s) were destroyed without a despawn; forgetting them
[nebula] 0 entity object(s) were destroyed without a despawn; forgetting them
[nebula] 0 entity object(s) were destroyed without a despawn; forgetting them
[nebula] 0 entity object(s) were destroyed without a despawn; forgetting them
[nebula] 0 entity object(s) were destroyed without a despawn; forgetting them
[nebula] 0 entity object(s) were destroyed without a despawn; forgetting them
[nebula] 0 entity object(s) were destroyed without a despawn; forgetting them
[nebula] 0 entity object(s) were destroyed without a despawn; forgetting them
[nebula] 0 entity object(s) were destroyed without a despawn; forgetting them
[nebula] 0 entity object(s) were destroyed without a despawn; forgetting them
[nebula] 0 entity object(s) were destroyed without a despawn; forgetting them
[nebula] 0 entity object(s) were destroyed without a despawn; forgetting them
[nebula] 0 entity object(s) were destroyed without a despawn; forgetting them
[nebula] 0 entity object(s) were destroyed without a despawn; forgetting them
[nebula] 0 entity object(s) were destroyed without a despawn; forgetting them
[nebula] 0 entity object(s) were destroyed without a despawn; forgetting them
[nebula] 0 entity object(s) were destroyed without a despawn; forgetting them
[nebula] 0 entity object(s) were destroyed without a despawn; forgetting them
[nebula] 0 entity object(s) were destroyed without a despawn; forgetting them
[nebula] 0 entity object(s) were destroyed without a despawn; forgetting them
[nebula] 0 entity object(s) were destroyed without a despawn; forgetting them
[nebula] 0 entity object(s) were destroyed without a despawn; forgetting them
[nebula] 0 entity object(s) were destroyed without a despawn; forgetting them
[nebula] 0 entity object(s) were destroyed without a despawn; forgetting them
[nebula] 0 entity object(s) were destroyed without a despawn; forgetting them
[nebula] 0 entity object(s) were destroyed without a despawn; forgetting them
[nebula] 0 entity object(s) were destroyed without a despawn; forgetting them
[nebula] 0 entity object(s) were destroyed without a despawn; forgetting them
[nebula] 0 entity object(s) were destroyed without a despawn; forgetting them
[nebula] 0 entity object(s) were destroyed without a despawn; forgetting them
[nebula] 0 entity object(s) were destroyed without a despawn; forgetting them
[nebula] 0 entity object(s) were destroyed without a despawn; forgetting them
[nebula] 0 entity object(s) were destroyed without a despawn; forgetting them
[nebula] 0 entity object(s) were destroyed without a despawn; forgetting them
[nebula] 0 entity object(s) were destroyed without a despawn; forgetting them
[nebula] 0 entity object(s) were destroyed without a despawn; forgetting them
[nebula] 0 entity object(s) were destroyed without a despawn; forgetting them
[nebula] 0 entity object(s) were destroyed without a despawn; forgetting them
[nebula] 0 entity object(s) were destroyed without a despawn; forgetting them
[nebula] 0 entity object(s) were destroyed without a despawn; forgetting them
[nebula] 0 entity object(s) were destroyed without a despawn; forgetting them
[nebula] 0 entity object(s) were destroyed without a despawn; forgetting them
[nebula] 0 entity object(s) were destroyed without a despawn; forgetting them
[nebula] 0 entity object(s) were destroyed without a despawn; forgetting them
[nebula] 0 entity object(s) were destroyed without a despawn; forgetting them
[nebula] 0 entity object(s) were destroyed without a despawn; forgetting them
[nebula] 0 entity object(s) were destroyed without a despawn; forgetting them
[nebula] 0 entity object(s) were destroyed without a despawn; forgetting them
[nebula] 0 entity object(s) were destroyed without a despawn; forgetting them
[nebula] 0 entity object(s) were destroyed without a despawn; forgetting them
[nebula] 0 entity object(s) were destroyed without a despawn; forgetting them
[nebula] 0 entity object(s) were destroyed without a despawn; forgetting them
[nebula] 0 entity object(s) were destroyed without a despawn; forgetting them
[nebula] 0 entity object(s) were destroyed without a despawn; forgetting them
[nebula] 0 entity object(s) were destroyed without a despawn; forgetting them
[nebula] 0 entity object(s) were destroyed without a despawn; forgetting them
[nebula] 0 entity object(s) were destroyed without a despawn; forgetting them
[nebula] 0 entity object(s) were destroyed without a despawn; forgetting them
[nebula] 0 entity object(s) were destroyed without a despawn; forgetting them
[nebula] 0 entity object(s) were destroyed without a despawn; forgetting them
[nebula] 0 entity object(s) were destroyed without a despawn; forgetting them
[nebula] 0 entity object(s) were destroyed without a despawn; forgetting them
[nebula] 0 entity object(s) were destroyed without a despawn; forgetting them
[nebula] 0 entity object(s) were destroyed without a despawn; forgetting them
[nebula] 0 entity object(s) were destroyed without a despawn; forgetting them
[nebula] 0 entity object(s) were destroyed without a despawn; forgetting them
[nebula] 0 entity object(s) were destroyed without a despawn; forgetting them
[nebula] 0 entity object(s) were destroyed without a despawn; forgetting them
[nebula] 0 entity object(s) were destroyed without a despawn; forgetting them
[nebula] 0 entity object(s) were destroyed without a despawn; forgetting them
[nebula] 0 entity object(s) were destroyed without a despawn; forgetting them
[nebula] 0 entity object(s) were destroyed without a despawn; forgetting them
[nebula] 0 entity object(s) were destroyed without a despawn; forgetting them
[nebula] 0 entity object(s) were destroyed without a despawn; forgetting them
[nebula] 0 entity object(s) were destroyed without a despawn; forgetting them
[nebula] 0 entity object(s) were destroyed without a despawn; forgetting them
[nebula] 0 entity object(s) were destroyed without a despawn; forgetting them
[nebula] 0 entity object(s) were destroyed without a despawn; forgetting them
[nebula] local handover Player(Clone)#844424930131969(e2,rt_9223367638808264705,auth) rt_9223363240761753601 -> rt_9223367638808264705
[nebula] 0 entity object(s) were destroyed without a despawn; forgetting them
[nebula] 0 entity object(s) were destroyed without a despawn; forgetting them
[nebula] 0 entity object(s) were destroyed without a despawn; forgetting them
[nebula] 0 entity object(s) were destroyed without a despawn; forgetting them
[nebula] 0 entity object(s) were destroyed without a despawn; forgetting them
[nebula] 0 entity object(s) were destroyed without a despawn; forgetting them
[nebula] 0 entity object(s) were destroyed without a despawn; forgetting them
[nebula] 0 entity object(s) were destroyed without a despawn; forgetting them
[nebula] 0 entity object(s) were destroyed without a despawn; forgetting them
[nebula] 0 entity object(s) were destroyed without a despawn; forgetting them
[nebula] 0 entity object(s) were destroyed without a despawn; forgetting them
[nebula] 0 entity object(s) were destroyed without a despawn; forgetting them
[nebula] 0 entity object(s) were destroyed without a despawn; forgetting them
[nebula] 0 entity object(s) were destroyed without a despawn; forgetting them
[nebula] 0 entity object(s) were destroyed without a despawn; forgetting them
[nebula] 0 entity object(s) were destroyed without a despawn; forgetting them
[nebula] 0 entity object(s) were destroyed without a despawn; forgetting them
[nebula] 0 entity object(s) were destroyed without a despawn; forgetting them
[nebula] 0 entity object(s) were destroyed without a despawn; forgetting them
[nebula] 0 entity object(s) were destroyed without a despawn; forgetting them
[nebula] 0 entity object(s) were destroyed without a despawn; forgetting them
[nebula] 0 entity object(s) were destroyed without a despawn; forgetting them
[nebula] 0 entity object(s) were destroyed without a despawn; forgetting them
[nebula] 0 entity object(s) were destroyed without a despawn; forgetting them
[nebula] 0 entity object(s) were destroyed without a despawn; forgetting them
[nebula] 0 entity object(s) were destroyed without a despawn; forgetting them
[nebula] 0 entity object(s) were destroyed without a despawn; forgetting them
[nebula] 0 entity object(s) were destroyed without a despawn; forgetting them
[nebula] 0 entity object(s) were destroyed without a despawn; forgetting them
[nebula] 0 entity object(s) were destroyed without a despawn; forgetting them
[nebula] 0 entity object(s) were destroyed without a despawn; forgetting them
[nebula] 0 entity object(s) were destroyed without a despawn; forgetting them
[nebula] 0 entity object(s) were destroyed without a despawn; forgetting them
[nebula] 0 entity object(s) were destroyed without a despawn; forgetting them
[nebula] 0 entity object(s) were destroyed without a despawn; forgetting them
[nebula] 0 entity object(s) were destroyed without a despawn; forgetting them
[nebula] 0 entity object(s) were destroyed without a despawn; forgetting them
[nebula] 0 entity object(s) were destroyed without a despawn; forgetting them
[nebula] 0 entity object(s) were destroyed without a despawn; forgetting them
[nebula] 0 entity object(s) were destroyed without a despawn; forgetting them
[nebula] 0 entity object(s) were destroyed without a despawn; forgetting them
[nebula] 0 entity object(s) were destroyed without a despawn; forgetting them
[nebula] 0 entity object(s) were destroyed without a despawn; forgetting them
[nebula] 0 entity object(s) were destroyed without a despawn; forgetting them
[nebula] 0 entity object(s) were destroyed without a despawn; forgetting them
[nebula] 0 entity object(s) were destroyed without a despawn; forgetting them
[nebula] 0 entity object(s) were destroyed without a despawn; forgetting them
[nebula] 0 entity object(s) were destroyed without a despawn; forgetting them
[nebula] 0 entity object(s) were destroyed without a despawn; forgetting them
[nebula] 0 entity object(s) were destroyed without a despawn; forgetting them
[nebula] 0 entity object(s) were destroyed without a despawn; forgetting them
[nebula] 0 entity object(s) were destroyed without a despawn; forgetting them
[nebula] 0 entity object(s) were destroyed without a despawn; forgetting them
[nebula] 0 entity object(s) were destroyed without a despawn; forgetting them
[nebula] 0 entity object(s) were destroyed without a despawn; forgetting them
[nebula] 0 entity object(s) were destroyed without a despawn; forgetting them
[nebula] 0 entity object(s) were destroyed without a despawn; forgetting them
[nebula] 0 entity object(s) were destroyed without a despawn; forgetting them
[nebula] 0 entity object(s) were destroyed without a despawn; forgetting them
[nebula] 0 entity object(s) were destroyed without a despawn; forgetting them
[nebula] 0 entity object(s) were destroyed without a despawn; forgetting them
[nebula] 0 entity object(s) were destroyed without a despawn; forgetting them
[nebula] 0 entity object(s) were destroyed without a despawn; forgetting them
[nebula] 0 entity object(s) were destroyed without a despawn; forgetting them
[nebula] 0 entity object(s) were destroyed without a despawn; forgetting them
[nebula] 0 entity object(s) were destroyed without a despawn; forgetting them
[nebula] 0 entity object(s) were destroyed without a despawn; forgetting them
[nebula] 0 entity object(s) were destroyed without a despawn; forgetting them
[nebula] 0 entity object(s) were destroyed without a despawn; forgetting them
[nebula] 0 entity object(s) were destroyed without a despawn; forgetting them
[nebula] 0 entity object(s) were destroyed without a despawn; forgetting them
[nebula] 0 entity object(s) were destroyed without a despawn; forgetting them
[nebula] 0 entity object(s) were destroyed without a despawn; forgetting them
[nebula] 0 entity object(s) were destroyed without a despawn; forgetting them
[nebula] 0 entity object(s) were destroyed without a despawn; forgetting them
[nebula] 0 entity object(s) were destroyed without a despawn; forgetting them
[nebula] 0 entity object(s) were destroyed without a despawn; forgetting them
[nebula] 0 entity object(s) were destroyed without a despawn; forgetting them
[nebula] 0 entity object(s) were destroyed without a despawn; forgetting them
[nebula] 0 entity object(s) were destroyed without a despawn; forgetting them
[nebula] 0 entity object(s) were destroyed without a despawn; forgetting them
[nebula] 0 entity object(s) were destroyed without a despawn; forgetting them
[nebula] 0 entity object(s) were destroyed without a despawn; forgetting them
[nebula] 0 entity object(s) were destroyed without a despawn; forgetting them
[nebula] 0 entity object(s) were destroyed without a despawn; forgetting them
[nebula] 0 entity object(s) were destroyed without a despawn; forgetting them
[nebula] 0 entity object(s) were destroyed without a despawn; forgetting them
[nebula] 0 entity object(s) were destroyed without a despawn; forgetting them
[nebula] 0 entity object(s) were destroyed without a despawn; forgetting them
[nebula] 0 entity object(s) were destroyed without a despawn; forgetting them
[nebula] 0 entity object(s) were destroyed without a despawn; forgetting them
[nebula] 0 entity object(s) were destroyed without a despawn; forgetting them
[nebula] 0 entity object(s) were destroyed without a despawn; forgetting them
[nebula] 0 entity object(s) were destroyed without a despawn; forgetting them
[nebula] 0 entity object(s) were destroyed without a despawn; forgetting them
[nebula] 0 entity object(s) were destroyed without a despawn; forgetting them
[nebula] 0 entity object(s) were destroyed without a despawn; forgetting them
[nebula] 0 entity object(s) were destroyed without a despawn; forgetting them
[nebula] 0 entity object(s) were destroyed without a despawn; forgetting them
[nebula] 0 entity object(s) were destroyed without a despawn; forgetting them
[nebula] 0 entity object(s) were destroyed without a despawn; forgetting them
[nebula] 0 entity object(s) were destroyed without a despawn; forgetting them
[nebula] 0 entity object(s) were destroyed without a despawn; forgetting them
[nebula] 0 entity object(s) were destroyed without a despawn; forgetting them
[nebula] 0 entity object(s) were destroyed without a despawn; forgetting them
[nebula] 0 entity object(s) were destroyed without a despawn; forgetting them
[nebula] 0 entity object(s) were destroyed without a despawn; forgetting them
[nebula] 0 entity object(s) were destroyed without a despawn; forgetting them
[nebula] 0 entity object(s) were destroyed without a despawn; forgetting them
[nebula] 0 entity object(s) were destroyed without a despawn; forgetting them
[nebula] 0 entity object(s) were destroyed without a despawn; forgetting them
[nebula] 0 entity object(s) were destroyed without a despawn; forgetting them
[nebula] 0 entity object(s) were destroyed without a despawn; forgetting them
[nebula] 0 entity object(s) were destroyed without a despawn; forgetting them
[nebula] 0 entity object(s) were destroyed without a despawn; forgetting them
[nebula] 0 entity object(s) were destroyed without a despawn; forgetting them
[nebula] 0 entity object(s) were destroyed without a despawn; forgetting them
[nebula] 0 entity object(s) were destroyed without a despawn; forgetting them
[nebula] 0 entity object(s) were destroyed without a despawn; forgetting them
[nebula] 0 entity object(s) were destroyed without a despawn; forgetting them
[nebula] 0 entity object(s) were destroyed without a despawn; forgetting them
[nebula] 0 entity object(s) were destroyed without a despawn; forgetting them
[nebula] 0 entity object(s) were destroyed without a despawn; forgetting them
[nebula] 0 entity object(s) were destroyed without a despawn; forgetting them
[nebula] 0 entity object(s) were destroyed without a despawn; forgetting them
[nebula] 0 entity object(s) were destroyed without a despawn; forgetting them
[nebula] 0 entity object(s) were destroyed without a despawn; forgetting them
[nebula] 0 entity object(s) were destroyed without a despawn; forgetting them
[nebula] 0 entity object(s) were destroyed without a despawn; forgetting them
[nebula] 0 entity object(s) were destroyed without a despawn; forgetting them
[nebula] 0 entity object(s) were destroyed without a despawn; forgetting them
[nebula] 0 entity object(s) were destroyed without a despawn; forgetting them
[nebula] 0 entity object(s) were destroyed without a despawn; forgetting them
[nebula] 0 entity object(s) were destroyed without a despawn; forgetting them
[nebula] 0 entity object(s) were destroyed without a despawn; forgetting them
[nebula] ghost Player(Clone)#281474976710657(e5,rt_4398046511104,auth) -> w3
[nebula] handover IN  Player(Clone)#281474976710657(e5,rt_4398046511104,auth) <- w3 (epoch 5, tick 1365009708)
[nebula] 0 entity object(s) were destroyed without a despawn; forgetting them
[nebula] 0 entity object(s) were destroyed without a despawn; forgetting them
[nebula] 0 entity object(s) were destroyed without a despawn; forgetting them
[nebula] 0 entity object(s) were destroyed without a despawn; forgetting them
[nebula] 0 entity object(s) were destroyed without a despawn; forgetting them
[nebula] 0 entity object(s) were destroyed without a despawn; forgetting them
[nebula] 0 entity object(s) were destroyed without a despawn; forgetting them
[nebula] 0 entity object(s) were destroyed without a despawn; forgetting them
[nebula] 0 entity object(s) were destroyed without a despawn; forgetting them
[nebula] 0 entity object(s) were destroyed without a despawn; forgetting them
[nebula] 0 entity object(s) were destroyed without a despawn; forgetting them
[nebula] 0 entity object(s) were destroyed without a despawn; forgetting them
[nebula] 0 entity object(s) were destroyed without a despawn; forgetting them
[nebula] 0 entity object(s) were destroyed without a despawn; forgetting them
[nebula] 0 entity object(s) were destroyed without a despawn; forgetting them
[nebula] profile 300 ticks/5s 300 frames avg 0.7ms max 1.1ms dup 0 skip 0 gc 13 auth 24 ghosts 0 | poll=0.01 ghosts=0.00 physics.sync=0.00 simulate=0.01 poses=0.04 containers=0.52 band=0.02 publish=0.02 gap=15.94 interest=0.01
[nebula] 0 entity object(s) were destroyed without a despawn; forgetting them
[nebula] 0 entity object(s) were destroyed without a despawn; forgetting them
[nebula] 0 entity object(s) were destroyed without a despawn; forgetting them
[nebula] 0 entity object(s) were destroyed without a despawn; forgetting them
[nebula] 0 entity object(s) were destroyed without a despawn; forgetting them
[nebula] 0 entity object(s) were destroyed without a despawn; forgetting them
[nebula] 0 entity object(s) were destroyed without a despawn; forgetting them
[nebula] 0 entity object(s) were destroyed without a despawn; forgetting them
[nebula] 0 entity object(s) were destroyed without a despawn; forgetting them
[nebula] 0 entity object(s) were destroyed without a despawn; forgetting them
[nebula] 0 entity object(s) were destroyed without a despawn; forgetting them
[nebula] 0 entity object(s) were destroyed without a despawn; forgetting them
[nebula] 0 entity object(s) were destroyed without a despawn; forgetting them
[nebula] 0 entity object(s) were destroyed without a despawn; forgetting them
[nebula] 0 entity object(s) were destroyed without a despawn; forgetting them
[nebula] 0 entity object(s) were destroyed without a despawn; forgetting them
[nebula] 0 entity object(s) were destroyed without a despawn; forgetting them
[nebula] 0 entity object(s) were destroyed without a despawn; forgetting them
[nebula] 0 entity object(s) were destroyed without a despawn; forgetting them
[nebula] 0 entity object(s) were destroyed without a despawn; forgetting them
[nebula] 0 entity object(s) were destroyed without a despawn; forgetting them
[nebula] 0 entity object(s) were destroyed without a despawn; forgetting them
[nebula] 0 entity object(s) were destroyed without a despawn; forgetting them
[nebula] 0 entity object(s) were destroyed without a despawn; forgetting them
[nebula] 0 entity object(s) were destroyed without a despawn; forgetting them
[nebula] 0 entity object(s) were destroyed without a despawn; forgetting them
[nebula] 0 entity object(s) were destroyed without a despawn; forgetting them
[nebula] 0 entity object(s) were destroyed without a despawn; forgetting them
[nebula] 0 entity object(s) were destroyed without a despawn; forgetting them
[nebula] 0 entity object(s) were destroyed without a despawn; forgetting them
[nebula] 0 entity object(s) were destroyed without a despawn; forgetting them
[nebula] 0 entity object(s) were destroyed without a despawn; forgetting them
[nebula] 0 entity object(s) were destroyed without a despawn; forgetting them
[nebula] 0 entity object(s) were destroyed without a despawn; forgetting them
[nebula] 0 entity object(s) were destroyed without a despawn; forgetting them
[nebula] 0 entity object(s) were destroyed without a despawn; forgetting them
[nebula] 0 entity object(s) were destroyed without a despawn; forgetting them
[nebula] 0 entity object(s) were destroyed without a despawn; forgetting them
[nebula] 0 entity object(s) were destroyed without a despawn; forgetting them
[nebula] 0 entity object(s) were destroyed without a despawn; forgetting them
[nebula] local handover Player(Clone)#562949953421313(e5,rt_0,auth) rt_1 -> rt_0
[nebula] 0 entity object(s) were destroyed without a despawn; forgetting them
[nebula] 0 entity object(s) were destroyed without a despawn; forgetting them
[nebula] 0 entity object(s) were destroyed without a despawn; forgetting them
[nebula] 0 entity object(s) were destroyed without a despawn; forgetting them
[nebula] 0 entity object(s) were destroyed without a despawn; forgetting them
[nebula] 0 entity object(s) were destroyed without a despawn; forgetting them
[nebula] 0 entity object(s) were destroyed without a despawn; forgetting them
[nebula] 0 entity object(s) were destroyed without a despawn; forgetting them
[nebula] 0 entity object(s) were destroyed without a despawn; forgetting them
[nebula] 0 entity object(s) were destroyed without a despawn; forgetting them
[nebula] 0 entity object(s) were destroyed without a despawn; forgetting them
[nebula] 0 entity object(s) were destroyed without a despawn; forgetting them
[nebula] 0 entity object(s) were destroyed without a despawn; forgetting them
[nebula] 0 entity object(s) were destroyed without a despawn; forgetting them
[nebula] 0 entity object(s) were destroyed without a despawn; forgetting them
[nebula] 0 entity object(s) were destroyed without a despawn; forgetting them
[nebula] 0 entity object(s) were destroyed without a despawn; forgetting them
[nebula] 0 entity object(s) were destroyed without a despawn; forgetting them
[nebula] 0 entity object(s) were destroyed without a despawn; forgetting them
[nebula] 0 entity object(s) were destroyed without a despawn; forgetting them
[nebula] 0 entity object(s) were destroyed without a despawn; forgetting them
[nebula] 0 entity object(s) were destroyed without a despawn; forgetting them
[nebula] 0 entity object(s) were destroyed without a despawn; forgetting them
[nebula] 0 entity object(s) were destroyed without a despawn; forgetting them
[nebula] 0 entity object(s) were destroyed without a despawn; forgetting them
[nebula] 0 entity object(s) were destroyed without a despawn; forgetting them
[nebula] 0 entity object(s) were destroyed without a despawn; forgetting them
[nebula] 0 entity object(s) were destroyed without a despawn; forgetting them
[nebula] 0 entity object(s) were destroyed without a despawn; forgetting them
[nebula] 0 entity object(s) were destroyed without a despawn; forgetting them
[nebula] 0 entity object(s) were destroyed without a despawn; forgetting them
[nebula] 0 entity object(s) were destroyed without a despawn; forgetting them
[nebula] 0 entity object(s) were destroyed without a despawn; forgetting them
[nebula] 0 entity object(s) were destroyed without a despawn; forgetting them
[nebula] 0 entity object(s) were destroyed without a despawn; forgetting them
[nebula] 0 entity object(s) were destroyed without a despawn; forgetting them
[nebula] 0 entity object(s) were destroyed without a despawn; forgetting them
[nebula] 0 entity object(s) were destroyed without a despawn; forgetting them
[nebula] 0 entity object(s) were destroyed without a despawn; forgetting them
[nebula] 0 entity object(s) were destroyed without a despawn; forgetting them
[nebula] 0 entity object(s) were destroyed without a despawn; forgetting them
[nebula] 0 entity object(s) were destroyed without a despawn; forgetting them
[nebula] 0 entity object(s) were destroyed without a despawn; forgetting them
[nebula] 0 entity object(s) were destroyed without a despawn; forgetting them
[nebula] 0 entity object(s) were destroyed without a despawn; forgetting them
[nebula] 0 entity object(s) were destroyed without a despawn; forgetting them
[nebula] 0 entity object(s) were destroyed without a despawn; forgetting them
[nebula] 0 entity object(s) were destroyed without a despawn; forgetting them
[nebula] 0 entity object(s) were destroyed without a despawn; forgetting them
[nebula] 0 entity object(s) were destroyed without a despawn; forgetting them
[nebula] 0 entity object(s) were destroyed without a despawn; forgetting them
[nebula] 0 entity object(s) were destroyed without a despawn; forgetting them
[nebula] 0 entity object(s) were destroyed without a despawn; forgetting them
[nebula] 0 entity object(s) were destroyed without a despawn; forgetting them
[nebula] 0 entity object(s) were destroyed without a despawn; forgetting them
[nebula] 0 entity object(s) were destroyed without a despawn; forgetting them
[nebula] 0 entity object(s) were destroyed without a despawn; forgetting them
[nebula] 0 entity object(s) were destroyed without a despawn; forgetting them
[nebula] 0 entity object(s) were destroyed without a despawn; forgetting them
[nebula] 0 entity object(s) were destroyed without a despawn; forgetting them
[nebula] 0 entity object(s) were destroyed without a despawn; forgetting them
[nebula] 0 entity object(s) were destroyed without a despawn; forgetting them
[nebula] 0 entity object(s) were destroyed without a despawn; forgetting them
[nebula] 0 entity object(s) were destroyed without a despawn; forgetting them
[nebula] 0 entity object(s) were destroyed without a despawn; forgetting them
[nebula] 0 entity object(s) were destroyed without a despawn; forgetting them
[nebula] 0 entity object(s) were destroyed without a despawn; forgetting them
[nebula] 0 entity object(s) were destroyed without a despawn; forgetting them
[nebula] 0 entity object(s) were destroyed without a despawn; forgetting them
[nebula] 0 entity object(s) were destroyed without a despawn; forgetting them
[nebula] 0 entity object(s) were destroyed without a despawn; forgetting them
[nebula] 0 entity object(s) were destroyed without a despawn; forgetting them
[nebula] 0 entity object(s) were destroyed without a despawn; forgetting them
[nebula] 0 entity object(s) were destroyed without a despawn; forgetting them
[nebula] 0 entity object(s) were destroyed without a despawn; forgetting them
[nebula] 0 entity object(s) were destroyed without a despawn; forgetting them
[nebula] 0 entity object(s) were destroyed without a despawn; forgetting them
[nebula] 0 entity object(s) were destroyed without a despawn; forgetting them
[nebula] 0 entity object(s) were destroyed without a despawn; forgetting them
[nebula] 0 entity object(s) were destroyed without a despawn; forgetting them
[nebula] 0 entity object(s) were destroyed without a despawn; forgetting them
[nebula] 0 entity object(s) were destroyed without a despawn; forgetting them
[nebula] spawned Prop(Clone)#281474976710681(e1,rt_9223367638808264705,auth)
[nebula] 0 entity object(s) were destroyed without a despawn; forgetting them
[nebula] 0 entity object(s) were destroyed without a despawn; forgetting them
[nebula] 0 entity object(s) were destroyed without a despawn; forgetting them
[nebula] 0 entity object(s) were destroyed without a despawn; forgetting them
[nebula] 0 entity object(s) were destroyed without a despawn; forgetting them
[nebula] 0 entity object(s) were destroyed without a despawn; forgetting them
[nebula] 0 entity object(s) were destroyed without a despawn; forgetting them
[nebula] 0 entity object(s) were destroyed without a despawn; forgetting them
[nebula] 0 entity object(s) were destroyed without a despawn; forgetting them
[nebula] 0 entity object(s) were destroyed without a despawn; forgetting them
[nebula] 0 entity object(s) were destroyed without a despawn; forgetting them
[nebula] 0 entity object(s) were destroyed without a despawn; forgetting them
[nebula] 0 entity object(s) were destroyed without a despawn; forgetting them
[nebula] 0 entity object(s) were destroyed without a despawn; forgetting them
[nebula] 0 entity object(s) were destroyed without a despawn; forgetting them
[nebula] 0 entity object(s) were destroyed without a despawn; forgetting them
[nebula] 0 entity object(s) were destroyed without a despawn; forgetting them
[nebula] 0 entity object(s) were destroyed without a despawn; forgetting them
[nebula] 0 entity object(s) were destroyed without a despawn; forgetting them
[nebula] 0 entity object(s) were destroyed without a despawn; forgetting them
[nebula] 0 entity object(s) were destroyed without a despawn; forgetting them
[nebula] 0 entity object(s) were destroyed without a despawn; forgetting them
[nebula] 0 entity object(s) were destroyed without a despawn; forgetting them
[nebula] 0 entity object(s) were destroyed without a despawn; forgetting them
[nebula] 0 entity object(s) were destroyed without a despawn; forgetting them
[nebula] 0 entity object(s) were destroyed without a despawn; forgetting them
[nebula] 0 entity object(s) were destroyed without a despawn; forgetting them
[nebula] 0 entity object(s) were destroyed without a despawn; forgetting them
[nebula] 0 entity object(s) were destroyed without a despawn; forgetting them
[nebula] 0 entity object(s) were destroyed without a despawn; forgetting them
[nebula] 0 entity object(s) were destroyed without a despawn; forgetting them
[nebula] 0 entity object(s) were destroyed without a despawn; forgetting them
[nebula] 0 entity object(s) were destroyed without a despawn; forgetting them
[nebula] 0 entity object(s) were destroyed without a despawn; forgetting them
[nebula] 0 entity object(s) were destroyed without a despawn; forgetting them
[nebula] 0 entity object(s) were destroyed without a despawn; forgetting them
[nebula] 0 entity object(s) were destroyed without a despawn; forgetting them
[nebula] 0 entity object(s) were destroyed without a despawn; forgetting them
[nebula] 0 entity object(s) were destroyed without a despawn; forgetting them
[nebula] local handover Player(Clone)#562949953421313(e5,rt_4398046511104,auth) rt_0 -> rt_4398046511104
[nebula] 0 entity object(s) were destroyed without a despawn; forgetting them
[nebula] 0 entity object(s) were destroyed without a despawn; forgetting them
[nebula] 0 entity object(s) were destroyed without a despawn; forgetting them
[nebula] 0 entity object(s) were destroyed without a despawn; forgetting them
[nebula] 0 entity object(s) were destroyed without a despawn; forgetting them
[nebula] 0 entity object(s) were destroyed without a despawn; forgetting them
[nebula] 0 entity object(s) were destroyed without a despawn; forgetting them
[nebula] 0 entity object(s) were destroyed without a despawn; forgetting them
[nebula] 0 entity object(s) were destroyed without a despawn; forgetting them
[nebula] 0 entity object(s) were destroyed without a despawn; forgetting them
[nebula] 0 entity object(s) were destroyed without a despawn; forgetting them
[nebula] 0 entity object(s) were destroyed without a despawn; forgetting them
[nebula] 0 entity object(s) were destroyed without a despawn; forgetting them
[nebula] 0 entity object(s) were destroyed without a despawn; forgetting them
[nebula] 0 entity object(s) were destroyed without a despawn; forgetting them
[nebula] 0 entity object(s) were destroyed without a despawn; forgetting them
[nebula] 0 entity object(s) were destroyed without a despawn; forgetting them
[nebula] 0 entity object(s) were destroyed without a despawn; forgetting them
[nebula] 0 entity object(s) were destroyed without a despawn; forgetting them
[nebula] 0 entity object(s) were destroyed without a despawn; forgetting them
[nebula] 0 entity object(s) were destroyed without a despawn; forgetting them
[nebula] 0 entity object(s) were destroyed without a despawn; forgetting them
[nebula] 0 entity object(s) were destroyed without a despawn; forgetting them
[nebula] 0 entity object(s) were destroyed without a despawn; forgetting them
[nebula] 0 entity object(s) were destroyed without a despawn; forgetting them
[nebula] 0 entity object(s) were destroyed without a despawn; forgetting them
[nebula] 0 entity object(s) were destroyed without a despawn; forgetting them
[nebula] 0 entity object(s) were destroyed without a despawn; forgetting them
[nebula] 0 entity object(s) were destroyed without a despawn; forgetting them
[nebula] 0 entity object(s) were destroyed without a despawn; forgetting them
[nebula] 0 entity object(s) were destroyed without a despawn; forgetting them
[nebula] 0 entity object(s) were destroyed without a despawn; forgetting them
[nebula] 0 entity object(s) were destroyed without a despawn; forgetting them
[nebula] 0 entity object(s) were destroyed without a despawn; forgetting them
[nebula] 0 entity object(s) were destroyed without a despawn; forgetting them
[nebula] 0 entity object(s) were destroyed without a despawn; forgetting them
[nebula] 0 entity object(s) were destroyed without a despawn; forgetting them
[nebula] 0 entity object(s) were destroyed without a despawn; forgetting them
[nebula] 0 entity object(s) were destroyed without a despawn; forgetting them
[nebula] 0 entity object(s) were destroyed without a despawn; forgetting them
[nebula] 0 entity object(s) were destroyed without a despawn; forgetting them
[nebula] 0 entity object(s) were destroyed without a despawn; forgetting them
[nebula] 0 entity object(s) were destroyed without a despawn; forgetting them
[nebula] 0 entity object(s) were destroyed without a despawn; forgetting them
[nebula] 0 entity object(s) were destroyed without a despawn; forgetting them
[nebula] 0 entity object(s) were destroyed without a despawn; forgetting them
[nebula] 0 entity object(s) were destroyed without a despawn; forgetting them
[nebula] 0 entity object(s) were destroyed without a despawn; forgetting them
[nebula] 0 entity object(s) were destroyed without a despawn; forgetting them
[nebula] 0 entity object(s) were destroyed without a despawn; forgetting them
[nebula] 0 entity object(s) were destroyed without a despawn; forgetting them
[nebula] 0 entity object(s) were destroyed without a despawn; forgetting them
[nebula] 0 entity object(s) were destroyed without a despawn; forgetting them
[nebula] 0 entity object(s) were destroyed without a despawn; forgetting them
[nebula] 0 entity object(s) were destroyed without a despawn; forgetting them
[nebula] 0 entity object(s) were destroyed without a despawn; forgetting them
[nebula] 0 entity object(s) were destroyed without a despawn; forgetting them
[nebula] 0 entity object(s) were destroyed without a despawn; forgetting them
[nebula] 0 entity object(s) were destroyed without a despawn; forgetting them
[nebula] 0 entity object(s) were destroyed without a despawn; forgetting them
[nebula] 0 entity object(s) were destroyed without a despawn; forgetting them
[nebula] 0 entity object(s) were destroyed without a despawn; forgetting them
[nebula] 0 entity object(s) were destroyed without a despawn; forgetting them
[nebula] 0 entity object(s) were destroyed without a despawn; forgetting them
[nebula] 0 entity object(s) were destroyed without a despawn; forgetting them
[nebula] 0 entity object(s) were destroyed without a despawn; forgetting them
[nebula] 0 entity object(s) were destroyed without a despawn; forgetting them
[nebula] 0 entity object(s) were destroyed without a despawn; forgetting them
[nebula] 0 entity object(s) were destroyed without a despawn; forgetting them
[nebula] 0 entity object(s) were destroyed without a despawn; forgetting them
[nebula] 0 entity object(s) were destroyed without a despawn; forgetting them
[nebula] 0 entity object(s) were destroyed without a despawn; forgetting them
[nebula] 0 entity object(s) were destroyed without a despawn; forgetting them
[nebula] 0 entity object(s) were destroyed without a despawn; forgetting them
[nebula] 0 entity object(s) were destroyed without a despawn; forgetting them
[nebula] 0 entity object(s) were destroyed without a despawn; forgetting them
[nebula] 0 entity object(s) were destroyed without a despawn; forgetting them
[nebula] 0 entity object(s) were destroyed without a despawn; forgetting them
[nebula] 0 entity object(s) were destroyed without a despawn; forgetting them
[nebula] 0 entity object(s) were destroyed without a despawn; forgetting them
[nebula] 0 entity object(s) were destroyed without a despawn; forgetting them
[nebula] 0 entity object(s) were destroyed without a despawn; forgetting them
[nebula] 0 entity object(s) were destroyed without a despawn; forgetting them
[nebula] 0 entity object(s) were destroyed without a despawn; forgetting them
[nebula] 0 entity object(s) were destroyed without a despawn; forgetting them
[nebula] 0 entity object(s) were destroyed without a despawn; forgetting them
[nebula] 0 entity object(s) were destroyed without a despawn; forgetting them
[nebula] 0 entity object(s) were destroyed without a despawn; forgetting them
[nebula] 0 entity object(s) were destroyed without a despawn; forgetting them
[nebula] 0 entity object(s) were destroyed without a despawn; forgetting them
[nebula] 0 entity object(s) were destroyed without a despawn; forgetting them
[nebula] 0 entity object(s) were destroyed without a despawn; forgetting them
[nebula] 0 entity object(s) were destroyed without a despawn; forgetting them
[nebula] 0 entity object(s) were destroyed without a despawn; forgetting them
[nebula] 0 entity object(s) were destroyed without a despawn; forgetting them
[nebula] 0 entity object(s) were destroyed without a despawn; forgetting them
[nebula] 0 entity object(s) were destroyed without a despawn; forgetting them
[nebula] 0 entity object(s) were destroyed without a despawn; forgetting them
[nebula] 0 entity object(s) were destroyed without a despawn; forgetting them
[nebula] 0 entity object(s) were destroyed without a despawn; forgetting them
[nebula] 0 entity object(s) were destroyed without a despawn; forgetting them
[nebula] 0 entity object(s) were destroyed without a despawn; forgetting them
[nebula] 0 entity object(s) were destroyed without a despawn; forgetting them
[nebula] 0 entity object(s) were destroyed without a despawn; forgetting them
[nebula] 0 entity object(s) were destroyed without a despawn; forgetting them
[nebula] 0 entity object(s) were destroyed without a despawn; forgetting them
[nebula] 0 entity object(s) were destroyed without a despawn; forgetting them
[nebula] 0 entity object(s) were destroyed without a despawn; forgetting them
[nebula] 0 entity object(s) were destroyed without a despawn; forgetting them
[nebula] 0 entity object(s) were destroyed without a despawn; forgetting them
[nebula] 0 entity object(s) were destroyed without a despawn; forgetting them
[nebula] 0 entity object(s) were destroyed without a despawn; forgetting them
[nebula] 0 entity object(s) were destroyed without a despawn; forgetting them
[nebula] 0 entity object(s) were destroyed without a despawn; forgetting them
[nebula] 0 entity object(s) were destroyed without a despawn; forgetting them
[nebula] 0 entity object(s) were destroyed without a despawn; forgetting them
[nebula] 0 entity object(s) were destroyed without a despawn; forgetting them
[nebula] 0 entity object(s) were destroyed without a despawn; forgetting them
[nebula] 0 entity object(s) were destroyed without a despawn; forgetting them
[nebula] 0 entity object(s) were destroyed without a despawn; forgetting them
[nebula] 0 entity object(s) were destroyed without a despawn; forgetting them
[nebula] 0 entity object(s) were destroyed without a despawn; forgetting them
[nebula] 0 entity object(s) were destroyed without a despawn; forgetting them
[nebula] 0 entity object(s) were destroyed without a despawn; forgetting them
[nebula] 0 entity object(s) were destroyed without a despawn; forgetting them
[nebula] 0 entity object(s) were destroyed without a despawn; forgetting them
[nebula] 0 entity object(s) were destroyed without a despawn; forgetting them
[nebula] 0 entity object(s) were destroyed without a despawn; forgetting them
[nebula] 0 entity object(s) were destroyed without a despawn; forgetting them
[nebula] 0 entity object(s) were destroyed without a despawn; forgetting them
[nebula] 0 entity object(s) were destroyed without a despawn; forgetting them
[nebula] 0 entity object(s) were destroyed without a despawn; forgetting them
[nebula] 0 entity object(s) were destroyed without a despawn; forgetting them
[nebula] 0 entity object(s) were destroyed without a despawn; forgetting them
[nebula] 0 entity object(s) were destroyed without a despawn; forgetting them
[nebula] 0 entity object(s) were destroyed without a despawn; forgetting them
[nebula] 0 entity object(s) were destroyed without a despawn; forgetting them
[nebula] 0 entity object(s) were destroyed without a despawn; forgetting them
[nebula] 0 entity object(s) were destroyed without a despawn; forgetting them
[nebula] profile 300 ticks/5s 300 frames avg 0.8ms max 1.1ms dup 0 skip 0 gc 24 auth 25 ghosts 0 | poll=0.01 ghosts=0.00 physics.sync=0.00 simulate=0.01 poses=0.04 containers=0.56 band=0.03 publish=0.02 gap=15.88 interest=0.01
[nebula] 0 entity object(s) were destroyed without a despawn; forgetting them
[nebula] 0 entity object(s) were destroyed without a despawn; forgetting them
[nebula] 0 entity object(s) were destroyed without a despawn; forgetting them
[nebula] 0 entity object(s) were destroyed without a despawn; forgetting them
[nebula] 0 entity object(s) were destroyed without a despawn; forgetting them
[nebula] 0 entity object(s) were destroyed without a despawn; forgetting them
[nebula] 0 entity object(s) were destroyed without a despawn; forgetting them
[nebula] 0 entity object(s) were destroyed without a despawn; forgetting them
[nebula] 0 entity object(s) were destroyed without a despawn; forgetting them
[nebula] 0 entity object(s) were destroyed without a despawn; forgetting them
[nebula] 0 entity object(s) were destroyed without a despawn; forgetting them
[nebula] 0 entity object(s) were destroyed without a despawn; forgetting them
[nebula] 0 entity object(s) were destroyed without a despawn; forgetting them
[nebula] 0 entity object(s) were destroyed without a despawn; forgetting them
[nebula] 0 entity object(s) were destroyed without a despawn; forgetting them
[nebula] 0 entity object(s) were destroyed without a despawn; forgetting them
[nebula] 0 entity object(s) were destroyed without a despawn; forgetting them
[nebula] 0 entity object(s) were destroyed without a despawn; forgetting them
[nebula] 0 entity object(s) were destroyed without a despawn; forgetting them
[nebula] 0 entity object(s) were destroyed without a despawn; forgetting them
[nebula] 0 entity object(s) were destroyed without a despawn; forgetting them
[nebula] 0 entity object(s) were destroyed without a despawn; forgetting them
[nebula] 0 entity object(s) were destroyed without a despawn; forgetting them
[nebula] 0 entity object(s) were destroyed without a despawn; forgetting them
[nebula] 0 entity object(s) were destroyed without a despawn; forgetting them
[nebula] 0 entity object(s) were destroyed without a despawn; forgetting them
[nebula] 0 entity object(s) were destroyed without a despawn; forgetting them
[nebula] 0 entity object(s) were destroyed without a despawn; forgetting them
[nebula] 0 entity object(s) were destroyed without a despawn; forgetting them
[nebula] 0 entity object(s) were destroyed without a despawn; forgetting them
[nebula] 0 entity object(s) were destroyed without a despawn; forgetting them
[nebula] 0 entity object(s) were destroyed without a despawn; forgetting them
[nebula] 0 entity object(s) were destroyed without a despawn; forgetting them
[nebula] 0 entity object(s) were destroyed without a despawn; forgetting them
[nebula] 0 entity object(s) were destroyed without a despawn; forgetting them
[nebula] 0 entity object(s) were destroyed without a despawn; forgetting them
[nebula] 0 entity object(s) were destroyed without a despawn; forgetting them
[nebula] 0 entity object(s) were destroyed without a despawn; forgetting them
[nebula] 0 entity object(s) were destroyed without a despawn; forgetting them
[nebula] 0 entity object(s) were destroyed without a despawn; forgetting them
[nebula] 0 entity object(s) were destroyed without a despawn; forgetting them
[nebula] 0 entity object(s) were destroyed without a despawn; forgetting them
[nebula] 0 entity object(s) were destroyed without a despawn; forgetting them
[nebula] 0 entity object(s) were destroyed without a despawn; forgetting them
[nebula] 0 entity object(s) were destroyed without a despawn; forgetting them
[nebula] 0 entity object(s) were destroyed without a despawn; forgetting them
[nebula] 0 entity object(s) were destroyed without a despawn; forgetting them
[nebula] 0 entity object(s) were destroyed without a despawn; forgetting them
[nebula] 0 entity object(s) were destroyed without a despawn; forgetting them
[nebula] 0 entity object(s) were destroyed without a despawn; forgetting them
[nebula] 0 entity object(s) were destroyed without a despawn; forgetting them
[nebula] 0 entity object(s) were destroyed without a despawn; forgetting them
[nebula] 0 entity object(s) were destroyed without a despawn; forgetting them
[nebula] 0 entity object(s) were destroyed without a despawn; forgetting them
[nebula] 0 entity object(s) were destroyed without a despawn; forgetting them
[nebula] 0 entity object(s) were destroyed without a despawn; forgetting them
[nebula] 0 entity object(s) were destroyed without a despawn; forgetting them
[nebula] 0 entity object(s) were destroyed without a despawn; forgetting them
[nebula] 0 entity object(s) were destroyed without a despawn; forgetting them
[nebula] 0 entity object(s) were destroyed without a despawn; forgetting them
[nebula] 0 entity object(s) were destroyed without a despawn; forgetting them
[nebula] 0 entity object(s) were destroyed without a despawn; forgetting them
[nebula] 0 entity object(s) were destroyed without a despawn; forgetting them
[nebula] 0 entity object(s) were destroyed without a despawn; forgetting them
[nebula] 0 entity object(s) were destroyed without a despawn; forgetting them
[nebula] 0 entity object(s) were destroyed without a despawn; forgetting them
[nebula] 0 entity object(s) were destroyed without a despawn; forgetting them
[nebula] 0 entity object(s) were destroyed without a despawn; forgetting them
[nebula] 0 entity object(s) were destroyed without a despawn; forgetting them
[nebula] 0 entity object(s) were destroyed without a despawn; forgetting them
[nebula] 0 entity object(s) were destroyed without a despawn; forgetting them
[nebula] local handover Player(Clone)#1125899906842625(e10,rt_9223367638808264704,auth) rt_9223367638808264705 -> rt_9223367638808264704
[nebula] 0 entity object(s) were destroyed without a despawn; forgetting them
[nebula] 0 entity object(s) were destroyed without a despawn; forgetting them
[nebula] 0 entity object(s) were destroyed without a despawn; forgetting them
[nebula] 0 entity object(s) were destroyed without a despawn; forgetting them
[nebula] 0 entity object(s) were destroyed without a despawn; forgetting them
[nebula] 0 entity object(s) were destroyed without a despawn; forgetting them
[nebula] 0 entity object(s) were destroyed without a despawn; forgetting them
[nebula] 0 entity object(s) were destroyed without a despawn; forgetting them
[nebula] 0 entity object(s) were destroyed without a despawn; forgetting them
[nebula] 0 entity object(s) were destroyed without a despawn; forgetting them
[nebula] 0 entity object(s) were destroyed without a despawn; forgetting them
[nebula] 0 entity object(s) were destroyed without a despawn; forgetting them
[nebula] 0 entity object(s) were destroyed without a despawn; forgetting them
[nebula] 0 entity object(s) were destroyed without a despawn; forgetting them
[nebula] 0 entity object(s) were destroyed without a despawn; forgetting them
[nebula] 0 entity object(s) were destroyed without a despawn; forgetting them
[nebula] 0 entity object(s) were destroyed without a despawn; forgetting them
[nebula] 0 entity object(s) were destroyed without a despawn; forgetting them
[nebula] 0 entity object(s) were destroyed without a despawn; forgetting them
[nebula] 0 entity object(s) were destroyed without a despawn; forgetting them
[nebula] 0 entity object(s) were destroyed without a despawn; forgetting them
[nebula] 0 entity object(s) were destroyed without a despawn; forgetting them
[nebula] 0 entity object(s) were destroyed without a despawn; forgetting them
[nebula] 0 entity object(s) were destroyed without a despawn; forgetting them
[nebula] 0 entity object(s) were destroyed without a despawn; forgetting them
[nebula] 0 entity object(s) were destroyed without a despawn; forgetting them
[nebula] 0 entity object(s) were destroyed without a despawn; forgetting them
[nebula] 0 entity object(s) were destroyed without a despawn; forgetting them
[nebula] 0 entity object(s) were destroyed without a despawn; forgetting them
[nebula] 0 entity object(s) were destroyed without a despawn; forgetting them
[nebula] 0 entity object(s) were destroyed without a despawn; forgetting them
[nebula] 0 entity object(s) were destroyed without a despawn; forgetting them
[nebula] 0 entity object(s) were destroyed without a despawn; forgetting them
[nebula] 0 entity object(s) were destroyed without a despawn; forgetting them
[nebula] 0 entity object(s) were destroyed without a despawn; forgetting them
[nebula] 0 entity object(s) were destroyed without a despawn; forgetting them
[nebula] 0 entity object(s) were destroyed without a despawn; forgetting them
[nebula] 0 entity object(s) were destroyed without a despawn; forgetting them
[nebula] 0 entity object(s) were destroyed without a despawn; forgetting them
[nebula] 0 entity object(s) were destroyed without a despawn; forgetting them
[nebula] 0 entity object(s) were destroyed without a despawn; forgetting them
[nebula] 0 entity object(s) were destroyed without a despawn; forgetting them
[nebula] 0 entity object(s) were destroyed without a despawn; forgetting them
[nebula] 0 entity object(s) were destroyed without a despawn; forgetting them
[nebula] 0 entity object(s) were destroyed without a despawn; forgetting them
[nebula] 0 entity object(s) were destroyed without a despawn; forgetting them
[nebula] 0 entity object(s) were destroyed without a despawn; forgetting them
[nebula] 0 entity object(s) were destroyed without a despawn; forgetting them
[nebula] 0 entity object(s) were destroyed without a despawn; forgetting them
[nebula] 0 entity object(s) were destroyed without a despawn; forgetting them
[nebula] 0 entity object(s) were destroyed without a despawn; forgetting them
[nebula] 0 entity object(s) were destroyed without a despawn; forgetting them
[nebula] 0 entity object(s) were destroyed without a despawn; forgetting them
[nebula] 0 entity object(s) were destroyed without a despawn; forgetting them
[nebula] 0 entity object(s) were destroyed without a despawn; forgetting them
[nebula] 0 entity object(s) were destroyed without a despawn; forgetting them
[nebula] 0 entity object(s) were destroyed without a despawn; forgetting them
[nebula] 0 entity object(s) were destroyed without a despawn; forgetting them
[nebula] 0 entity object(s) were destroyed without a despawn; forgetting them
[nebula] 0 entity object(s) were destroyed without a despawn; forgetting them
[nebula] 0 entity object(s) were destroyed without a despawn; forgetting them
[nebula] 0 entity object(s) were destroyed without a despawn; forgetting them
[nebula] 0 entity object(s) were destroyed without a despawn; forgetting them
[nebula] 0 entity object(s) were destroyed without a despawn; forgetting them
[nebula] 0 entity object(s) were destroyed without a despawn; forgetting them
[nebula] 0 entity object(s) were destroyed without a despawn; forgetting them
[nebula] 0 entity object(s) were destroyed without a despawn; forgetting them
[nebula] 0 entity object(s) were destroyed without a despawn; forgetting them
[nebula] 0 entity object(s) were destroyed without a despawn; forgetting them
[nebula] 0 entity object(s) were destroyed without a despawn; forgetting them
[nebula] 0 entity object(s) were destroyed without a despawn; forgetting them
[nebula] 0 entity object(s) were destroyed without a despawn; forgetting them
[nebula] 0 entity object(s) were destroyed without a despawn; forgetting them
[nebula] 0 entity object(s) were destroyed without a despawn; forgetting them
[nebula] 0 entity object(s) were destroyed without a despawn; forgetting them
[nebula] 0 entity object(s) were destroyed without a despawn; forgetting them
[nebula] 0 entity object(s) were destroyed without a despawn; forgetting them
[nebula] 0 entity object(s) were destroyed without a despawn; forgetting them
[nebula] 0 entity object(s) were destroyed without a despawn; forgetting them
[nebula] 0 entity object(s) were destroyed without a despawn; forgetting them
[nebula] 0 entity object(s) were destroyed without a despawn; forgetting them
[nebula] 0 entity object(s) were destroyed without a despawn; forgetting them
[nebula] 0 entity object(s) were destroyed without a despawn; forgetting them
[nebula] 0 entity object(s) were destroyed without a despawn; forgetting them
[nebula] 0 entity object(s) were destroyed without a despawn; forgetting them
[nebula] 0 entity object(s) were destroyed without a despawn; forgetting them
[nebula] 0 entity object(s) were destroyed without a despawn; forgetting them
[nebula] 0 entity object(s) were destroyed without a despawn; forgetting them
[nebula] 0 entity object(s) were destroyed without a despawn; forgetting them
[nebula] 0 entity object(s) were destroyed without a despawn; forgetting them
[nebula] 0 entity object(s) were destroyed without a despawn; forgetting them
[nebula] 0 entity object(s) were destroyed without a despawn; forgetting them
[nebula] 0 entity object(s) were destroyed without a despawn; forgetting them
[nebula] 0 entity object(s) were destroyed without a despawn; forgetting them
[nebula] 0 entity object(s) were destroyed without a despawn; forgetting them
[nebula] 0 entity object(s) were destroyed without a despawn; forgetting them
[nebula] 0 entity object(s) were destroyed without a despawn; forgetting them
[nebula] 0 entity object(s) were destroyed without a despawn; forgetting them
[nebula] 0 entity object(s) were destroyed without a despawn; forgetting them
[nebula] 0 entity object(s) were destroyed without a despawn; forgetting them
[nebula] 0 entity object(s) were destroyed without a despawn; forgetting them
[nebula] 0 entity object(s) were destroyed without a despawn; forgetting them
[nebula] 0 entity object(s) were destroyed without a despawn; forgetting them
[nebula] 0 entity object(s) were destroyed without a despawn; forgetting them
[nebula] 0 entity object(s) were destroyed without a despawn; forgetting them
[nebula] 0 entity object(s) were destroyed without a despawn; forgetting them
[nebula] 0 entity object(s) were destroyed without a despawn; forgetting them
[nebula] 0 entity object(s) were destroyed without a despawn; forgetting them
[nebula] 0 entity object(s) were destroyed without a despawn; forgetting them
[nebula] 0 entity object(s) were destroyed without a despawn; forgetting them
[nebula] 0 entity object(s) were destroyed without a despawn; forgetting them
[nebula] 0 entity object(s) were destroyed without a despawn; forgetting them
[nebula] 0 entity object(s) were destroyed without a despawn; forgetting them
[nebula] 0 entity object(s) were destroyed without a despawn; forgetting them
[nebula] 0 entity object(s) were destroyed without a despawn; forgetting them
[nebula] spawned Prop(Clone)#281474976710682(e1,rt_9223367638808264704,auth)
[nebula] 0 entity object(s) were destroyed without a despawn; forgetting them
[nebula] 0 entity object(s) were destroyed without a despawn; forgetting them
[nebula] 0 entity object(s) were destroyed without a despawn; forgetting them
[nebula] 0 entity object(s) were destroyed without a despawn; forgetting them
[nebula] 0 entity object(s) were destroyed without a despawn; forgetting them
[nebula] 0 entity object(s) were destroyed without a despawn; forgetting them
[nebula] 0 entity object(s) were destroyed without a despawn; forgetting them
[nebula] 0 entity object(s) were destroyed without a despawn; forgetting them
[nebula] 0 entity object(s) were destroyed without a despawn; forgetting them
[nebula] 0 entity object(s) were destroyed without a despawn; forgetting them
[nebula] 0 entity object(s) were destroyed without a despawn; forgetting them
[nebula] 0 entity object(s) were destroyed without a despawn; forgetting them
[nebula] 0 entity object(s) were destroyed without a despawn; forgetting them
[nebula] 0 entity object(s) were destroyed without a despawn; forgetting them
[nebula] 0 entity object(s) were destroyed without a despawn; forgetting them
[nebula] 0 entity object(s) were destroyed without a despawn; forgetting them
[nebula] 0 entity object(s) were destroyed without a despawn; forgetting them
[nebula] 0 entity object(s) were destroyed without a despawn; forgetting them
[nebula] 0 entity object(s) were destroyed without a despawn; forgetting them
[nebula] 0 entity object(s) were destroyed without a despawn; forgetting them
[nebula] 0 entity object(s) were destroyed without a despawn; forgetting them
[nebula] 0 entity object(s) were destroyed without a despawn; forgetting them
[nebula] 0 entity object(s) were destroyed without a despawn; forgetting them
[nebula] 0 entity object(s) were destroyed without a despawn; forgetting them
[nebula] 0 entity object(s) were destroyed without a despawn; forgetting them
[nebula] 0 entity object(s) were destroyed without a despawn; forgetting them
[nebula] 0 entity object(s) were destroyed without a despawn; forgetting them
[nebula] 0 entity object(s) were destroyed without a despawn; forgetting them
[nebula] 0 entity object(s) were destroyed without a despawn; forgetting them
[nebula] 0 entity object(s) were destroyed without a despawn; forgetting them
[nebula] 0 entity object(s) were destroyed without a despawn; forgetting them
[nebula] 0 entity object(s) were destroyed without a despawn; forgetting them
[nebula] 0 entity object(s) were destroyed without a despawn; forgetting them
[nebula] 0 entity object(s) were destroyed without a despawn; forgetting them
[nebula] 0 entity object(s) were destroyed without a despawn; forgetting them
[nebula] 0 entity object(s) were destroyed without a despawn; forgetting them
[nebula] 0 entity object(s) were destroyed without a despawn; forgetting them
[nebula] 0 entity object(s) were destroyed without a despawn; forgetting them
[nebula] spawned Prop(Clone)#281474976710683(e1,rt_4398046511104,auth)
[nebula] 0 entity object(s) were destroyed without a despawn; forgetting them
[nebula] 0 entity object(s) were destroyed without a despawn; forgetting them
[nebula] 0 entity object(s) were destroyed without a despawn; forgetting them
[nebula] 0 entity object(s) were destroyed without a despawn; forgetting them
[nebula] 0 entity object(s) were destroyed without a despawn; forgetting them
[nebula] 0 entity object(s) were destroyed without a despawn; forgetting them
[nebula] 0 entity object(s) were destroyed without a despawn; forgetting them
[nebula] 0 entity object(s) were destroyed without a despawn; forgetting them
[nebula] 0 entity object(s) were destroyed without a despawn; forgetting them
[nebula] 0 entity object(s) were destroyed without a despawn; forgetting them
[nebula] 0 entity object(s) were destroyed without a despawn; forgetting them
[nebula] 0 entity object(s) were destroyed without a despawn; forgetting them
[nebula] 0 entity object(s) were destroyed without a despawn; forgetting them
[nebula] ghost Player(Clone)#844424930131970(e2,rt_4398046511104,auth) -> w3
[nebula] handover IN  Player(Clone)#844424930131970(e2,rt_4398046511104,auth) <- w3 (epoch 2, tick 1365010260)
[nebula] 0 entity object(s) were destroyed without a despawn; forgetting them
[nebula] 0 entity object(s) were destroyed without a despawn; forgetting them
[nebula] 0 entity object(s) were destroyed without a despawn; forgetting them
[nebula] 0 entity object(s) were destroyed without a despawn; forgetting them
[nebula] 0 entity object(s) were destroyed without a despawn; forgetting them
[nebula] 0 entity object(s) were destroyed without a despawn; forgetting them
[nebula] 0 entity object(s) were destroyed without a despawn; forgetting them
[nebula] 0 entity object(s) were destroyed without a despawn; forgetting them
[nebula] 0 entity object(s) were destroyed without a despawn; forgetting them
[nebula] 0 entity object(s) were destroyed without a despawn; forgetting them
[nebula] 0 entity object(s) were destroyed without a despawn; forgetting them
[nebula] 0 entity object(s) were destroyed without a despawn; forgetting them
[nebula] 0 entity object(s) were destroyed without a despawn; forgetting them
[nebula] 0 entity object(s) were destroyed without a despawn; forgetting them
[nebula] 0 entity object(s) were destroyed without a despawn; forgetting them
[nebula] 0 entity object(s) were destroyed without a despawn; forgetting them
[nebula] 0 entity object(s) were destroyed without a despawn; forgetting them
[nebula] 0 entity object(s) were destroyed without a despawn; forgetting them
[nebula] 0 entity object(s) were destroyed without a despawn; forgetting them
[nebula] 0 entity object(s) were destroyed without a despawn; forgetting them
[nebula] 0 entity object(s) were destroyed without a despawn; forgetting them
[nebula] 0 entity object(s) were destroyed without a despawn; forgetting them
[nebula] 0 entity object(s) were destroyed without a despawn; forgetting them
[nebula] 0 entity object(s) were destroyed without a despawn; forgetting them
[nebula] 0 entity object(s) were destroyed without a despawn; forgetting them
[nebula] 0 entity object(s) were destroyed without a despawn; forgetting them
[nebula] 0 entity object(s) were destroyed without a despawn; forgetting them
[nebula] 0 entity object(s) were destroyed without a despawn; forgetting them
[nebula] 0 entity object(s) were destroyed without a despawn; forgetting them
[nebula] 0 entity object(s) were destroyed without a despawn; forgetting them
[nebula] 0 entity object(s) were destroyed without a despawn; forgetting them
[nebula] 0 entity object(s) were destroyed without a despawn; forgetting them
[nebula] 0 entity object(s) were destroyed without a despawn; forgetting them
[nebula] 0 entity object(s) were destroyed without a despawn; forgetting them
[nebula] 0 entity object(s) were destroyed without a despawn; forgetting them
[nebula] 0 entity object(s) were destroyed without a despawn; forgetting them
[nebula] 0 entity object(s) were destroyed without a despawn; forgetting them
[nebula] 0 entity object(s) were destroyed without a despawn; forgetting them
[nebula] 0 entity object(s) were destroyed without a despawn; forgetting them
[nebula] 0 entity object(s) were destroyed without a despawn; forgetting them
[nebula] 0 entity object(s) were destroyed without a despawn; forgetting them
[nebula] 0 entity object(s) were destroyed without a despawn; forgetting them
[nebula] 0 entity object(s) were destroyed without a despawn; forgetting them
[nebula] 0 entity object(s) were destroyed without a despawn; forgetting them
[nebula] 0 entity object(s) were destroyed without a despawn; forgetting them
[nebula] 0 entity object(s) were destroyed without a despawn; forgetting them
[nebula] 0 entity object(s) were destroyed without a despawn; forgetting them
[nebula] 0 entity object(s) were destroyed without a despawn; forgetting them
[nebula] 0 entity object(s) were destroyed without a despawn; forgetting them
[nebula] 0 entity object(s) were destroyed without a despawn; forgetting them
[nebula] 0 entity object(s) were destroyed without a despawn; forgetting them
[nebula] 0 entity object(s) were destroyed without a despawn; forgetting them
[nebula] 0 entity object(s) were destroyed without a despawn; forgetting them
[nebula] 0 entity object(s) were destroyed without a despawn; forgetting them
[nebula] 0 entity object(s) were destroyed without a despawn; forgetting them
[nebula] 0 entity object(s) were destroyed without a despawn; forgetting them
[nebula] 0 entity object(s) were destroyed without a despawn; forgetting them
[nebula] 0 entity object(s) were destroyed without a despawn; forgetting them
[nebula] 0 entity object(s) were destroyed without a despawn; forgetting them
[nebula] 0 entity object(s) were destroyed without a despawn; forgetting them
[nebula] 0 entity object(s) were destroyed without a despawn; forgetting them
[nebula] 0 entity object(s) were destroyed without a despawn; forgetting them
[nebula] 0 entity object(s) were destroyed without a despawn; forgetting them
[nebula] profile 300 ticks/5s 300 frames avg 0.8ms max 2.2ms dup 0 skip 0 gc 32 auth 28 ghosts 0 | poll=0.01 ghosts=0.00 physics.sync=0.00 simulate=0.01 poses=0.04 containers=0.57 band=0.03 publish=0.03 gap=15.88 interest=0.01
[nebula] 0 entity object(s) were destroyed without a despawn; forgetting them
[nebula] 0 entity object(s) were destroyed without a despawn; forgetting them
[nebula] 0 entity object(s) were destroyed without a despawn; forgetting them
[nebula] 0 entity object(s) were destroyed without a despawn; forgetting them
[nebula] 0 entity object(s) were destroyed without a despawn; forgetting them
[nebula] 0 entity object(s) were destroyed without a despawn; forgetting them
[nebula] 0 entity object(s) were destroyed without a despawn; forgetting them
[nebula] 0 entity object(s) were destroyed without a despawn; forgetting them
[nebula] 0 entity object(s) were destroyed without a despawn; forgetting them
[nebula] 0 entity object(s) were destroyed without a despawn; forgetting them
[nebula] 0 entity object(s) were destroyed without a despawn; forgetting them
[nebula] 0 entity object(s) were destroyed without a despawn; forgetting them
[nebula] 0 entity object(s) were destroyed without a despawn; forgetting them
[nebula] 0 entity object(s) were destroyed without a despawn; forgetting them
[nebula] 0 entity object(s) were destroyed without a despawn; forgetting them
[nebula] 0 entity object(s) were destroyed without a despawn; forgetting them
[nebula] 0 entity object(s) were destroyed without a despawn; forgetting them
[nebula] 0 entity object(s) were destroyed without a despawn; forgetting them
[nebula] 0 entity object(s) were destroyed without a despawn; forgetting them
[nebula] 0 entity object(s) were destroyed without a despawn; forgetting them
[nebula] 0 entity object(s) were destroyed without a despawn; forgetting them
[nebula] 0 entity object(s) were destroyed without a despawn; forgetting them
[nebula] 0 entity object(s) were destroyed without a despawn; forgetting them
[nebula] 0 entity object(s) were destroyed without a despawn; forgetting them
[nebula] 0 entity object(s) were destroyed without a despawn; forgetting them
[nebula] 0 entity object(s) were destroyed without a despawn; forgetting them
[nebula] 0 entity object(s) were destroyed without a despawn; forgetting them
[nebula] 0 entity object(s) were destroyed without a despawn; forgetting them
[nebula] 0 entity object(s) were destroyed without a despawn; forgetting them
[nebula] 0 entity object(s) were destroyed without a despawn; forgetting them
[nebula] 0 entity object(s) were destroyed without a despawn; forgetting them
[nebula] 0 entity object(s) were destroyed without a despawn; forgetting them
[nebula] 0 entity object(s) were destroyed without a despawn; forgetting them
[nebula] 0 entity object(s) were destroyed without a despawn; forgetting them
[nebula] 0 entity object(s) were destroyed without a despawn; forgetting them
[nebula] 0 entity object(s) were destroyed without a despawn; forgetting them
[nebula] 0 entity object(s) were destroyed without a despawn; forgetting them
[nebula] 0 entity object(s) were destroyed without a despawn; forgetting them
[nebula] 0 entity object(s) were destroyed without a despawn; forgetting them
[nebula] 0 entity object(s) were destroyed without a despawn; forgetting them
[nebula] 0 entity object(s) were destroyed without a despawn; forgetting them
[nebula] 0 entity object(s) were destroyed without a despawn; forgetting them
[nebula] 0 entity object(s) were destroyed without a despawn; forgetting them
[nebula] 0 entity object(s) were destroyed without a despawn; forgetting them
[nebula] 0 entity object(s) were destroyed without a despawn; forgetting them
[nebula] 0 entity object(s) were destroyed without a despawn; forgetting them
[nebula] 0 entity object(s) were destroyed without a despawn; forgetting them
[nebula] 0 entity object(s) were destroyed without a despawn; forgetting them
[nebula] 0 entity object(s) were destroyed without a despawn; forgetting them
[nebula] 0 entity object(s) were destroyed without a despawn; forgetting them
[nebula] 0 entity object(s) were destroyed without a despawn; forgetting them
[nebula] 0 entity object(s) were destroyed without a despawn; forgetting them
[nebula] 0 entity object(s) were destroyed without a despawn; forgetting them
[nebula] ghost Player(Clone)#281474976710657(e5,rt_4398046511104,auth) -> w4
[nebula] 0 entity object(s) were destroyed without a despawn; forgetting them
[nebula] 0 entity object(s) were destroyed without a despawn; forgetting them
[nebula] 0 entity object(s) were destroyed without a despawn; forgetting them
[nebula] 0 entity object(s) were destroyed without a despawn; forgetting them
[nebula] 0 entity object(s) were destroyed without a despawn; forgetting them
[nebula] 0 entity object(s) were destroyed without a despawn; forgetting them
[nebula] 0 entity object(s) were destroyed without a despawn; forgetting them
[nebula] 0 entity object(s) were destroyed without a despawn; forgetting them
[nebula] 0 entity object(s) were destroyed without a despawn; forgetting them
[nebula] 0 entity object(s) were destroyed without a despawn; forgetting them
[nebula] 0 entity object(s) were destroyed without a despawn; forgetting them
[nebula] 0 entity object(s) were destroyed without a despawn; forgetting them
[nebula] 0 entity object(s) were destroyed without a despawn; forgetting them
[nebula] 0 entity object(s) were destroyed without a despawn; forgetting them
[nebula] 0 entity object(s) were destroyed without a despawn; forgetting them
[nebula] 0 entity object(s) were destroyed without a despawn; forgetting them
[nebula] 0 entity object(s) were destroyed without a despawn; forgetting them
[nebula] 0 entity object(s) were destroyed without a despawn; forgetting them
[nebula] 0 entity object(s) were destroyed without a despawn; forgetting them
[nebula] 0 entity object(s) were destroyed without a despawn; forgetting them
[nebula] 0 entity object(s) were destroyed without a despawn; forgetting them
[nebula] 0 entity object(s) were destroyed without a despawn; forgetting them
[nebula] 0 entity object(s) were destroyed without a despawn; forgetting them
[nebula] 0 entity object(s) were destroyed without a despawn; forgetting them
[nebula] 0 entity object(s) were destroyed without a despawn; forgetting them
[nebula] 0 entity object(s) were destroyed without a despawn; forgetting them
[nebula] 0 entity object(s) were destroyed without a despawn; forgetting them
[nebula] 0 entity object(s) were destroyed without a despawn; forgetting them
[nebula] 0 entity object(s) were destroyed without a despawn; forgetting them
[nebula] 0 entity object(s) were destroyed without a despawn; forgetting them
[nebula] 0 entity object(s) were destroyed without a despawn; forgetting them
[nebula] 0 entity object(s) were destroyed without a despawn; forgetting them
[nebula] 0 entity object(s) were destroyed without a despawn; forgetting them
[nebula] 0 entity object(s) were destroyed without a despawn; forgetting them
[nebula] 0 entity object(s) were destroyed without a despawn; forgetting them
[nebula] 0 entity object(s) were destroyed without a despawn; forgetting them
[nebula] 0 entity object(s) were destroyed without a despawn; forgetting them
[nebula] 0 entity object(s) were destroyed without a despawn; forgetting them
[nebula] 0 entity object(s) were destroyed without a despawn; forgetting them
[nebula] 0 entity object(s) were destroyed without a despawn; forgetting them
[nebula] 0 entity object(s) were destroyed without a despawn; forgetting them
[nebula] 0 entity object(s) were destroyed without a despawn; forgetting them
[nebula] 0 entity object(s) were destroyed without a despawn; forgetting them
[nebula] handover OUT Player(Clone)#281474976710657(e6,rt_8796093022208,ghost) -> w4 (epoch 6, tick 1365010419)
[nebula] 0 entity object(s) were destroyed without a despawn; forgetting them
[nebula] 0 entity object(s) were destroyed without a despawn; forgetting them
[nebula] 0 entity object(s) were destroyed without a despawn; forgetting them
[nebula] 0 entity object(s) were destroyed without a despawn; forgetting them
[nebula] 0 entity object(s) were destroyed without a despawn; forgetting them
[nebula] 0 entity object(s) were destroyed without a despawn; forgetting them
[nebula] 0 entity object(s) were destroyed without a despawn; forgetting them
[nebula] 0 entity object(s) were destroyed without a despawn; forgetting them
[nebula] 0 entity object(s) were destroyed without a despawn; forgetting them
[nebula] 0 entity object(s) were destroyed without a despawn; forgetting them
[nebula] 0 entity object(s) were destroyed without a despawn; forgetting them
[nebula] 0 entity object(s) were destroyed without a despawn; forgetting them
[nebula] 0 entity object(s) were destroyed without a despawn; forgetting them
[nebula] 0 entity object(s) were destroyed without a despawn; forgetting them
[nebula] 0 entity object(s) were destroyed without a despawn; forgetting them
[nebula] 0 entity object(s) were destroyed without a despawn; forgetting them
[nebula] 0 entity object(s) were destroyed without a despawn; forgetting them
[nebula] 0 entity object(s) were destroyed without a despawn; forgetting them
[nebula] 0 entity object(s) were destroyed without a despawn; forgetting them
[nebula] 0 entity object(s) were destroyed without a despawn; forgetting them
[nebula] 0 entity object(s) were destroyed without a despawn; forgetting them
[nebula] 0 entity object(s) were destroyed without a despawn; forgetting them
[nebula] 0 entity object(s) were destroyed without a despawn; forgetting them
[nebula] 0 entity object(s) were destroyed without a despawn; forgetting them
[nebula] 0 entity object(s) were destroyed without a despawn; forgetting them
[nebula] 0 entity object(s) were destroyed without a despawn; forgetting them
[nebula] 0 entity object(s) were destroyed without a despawn; forgetting them
[nebula] 0 entity object(s) were destroyed without a despawn; forgetting them
[nebula] 0 entity object(s) were destroyed without a despawn; forgetting them
[nebula] 0 entity object(s) were destroyed without a despawn; forgetting them
[nebula] 0 entity object(s) were destroyed without a despawn; forgetting them
[nebula] 0 entity object(s) were destroyed without a despawn; forgetting them
[nebula] 0 entity object(s) were destroyed without a despawn; forgetting them
[nebula] 0 entity object(s) were destroyed without a despawn; forgetting them
[nebula] 0 entity object(s) were destroyed without a despawn; forgetting them
[nebula] 0 entity object(s) were destroyed without a despawn; forgetting them
[nebula] 0 entity object(s) were destroyed without a despawn; forgetting them
[nebula] 0 entity object(s) were destroyed without a despawn; forgetting them
[nebula] 0 entity object(s) were destroyed without a despawn; forgetting them
[nebula] 0 entity object(s) were destroyed without a despawn; forgetting them
[nebula] 0 entity object(s) were destroyed without a despawn; forgetting them
[nebula] 0 entity object(s) were destroyed without a despawn; forgetting them
[nebula] 0 entity object(s) were destroyed without a despawn; forgetting them
[nebula] 0 entity object(s) were destroyed without a despawn; forgetting them
[nebula] 0 entity object(s) were destroyed without a despawn; forgetting them
[nebula] 0 entity object(s) were destroyed without a despawn; forgetting them
[nebula] 0 entity object(s) were destroyed without a despawn; forgetting them
[nebula] 0 entity object(s) were destroyed without a despawn; forgetting them
[nebula] 0 entity object(s) were destroyed without a despawn; forgetting them
[nebula] 0 entity object(s) were destroyed without a despawn; forgetting them
[nebula] 0 entity object(s) were destroyed without a despawn; forgetting them
[nebula] 0 entity object(s) were destroyed without a despawn; forgetting them
[nebula] 0 entity object(s) were destroyed without a despawn; forgetting them
[nebula] 0 entity object(s) were destroyed without a despawn; forgetting them
[nebula] 0 entity object(s) were destroyed without a despawn; forgetting them
[nebula] 0 entity object(s) were destroyed without a despawn; forgetting them
[nebula] 0 entity object(s) were destroyed without a despawn; forgetting them
[nebula] 0 entity object(s) were destroyed without a despawn; forgetting them
[nebula] 0 entity object(s) were destroyed without a despawn; forgetting them
[nebula] 0 entity object(s) were destroyed without a despawn; forgetting them
[nebula] 0 entity object(s) were destroyed without a despawn; forgetting them
[nebula] 0 entity object(s) were destroyed without a despawn; forgetting them
[nebula] 0 entity object(s) were destroyed without a despawn; forgetting them
[nebula] 0 entity object(s) were destroyed without a despawn; forgetting them
[nebula] 0 entity object(s) were destroyed without a despawn; forgetting them
[nebula] 0 entity object(s) were destroyed without a despawn; forgetting them
[nebula] 0 entity object(s) were destroyed without a despawn; forgetting them
[nebula] 0 entity object(s) were destroyed without a despawn; forgetting them
[nebula] local handover Player(Clone)#1125899906842625(e10,rt_0,auth) rt_9223367638808264704 -> rt_0
[nebula] 0 entity object(s) were destroyed without a despawn; forgetting them
[nebula] ghost Player(Clone)#562949953421313(e5,rt_4398046511104,auth) -> w3
[nebula] 0 entity object(s) were destroyed without a despawn; forgetting them
[nebula] 0 entity object(s) were destroyed without a despawn; forgetting them
[nebula] 0 entity object(s) were destroyed without a despawn; forgetting them
[nebula] 0 entity object(s) were destroyed without a despawn; forgetting them
[nebula] 0 entity object(s) were destroyed without a despawn; forgetting them
[nebula] 0 entity object(s) were destroyed without a despawn; forgetting them
[nebula] 0 entity object(s) were destroyed without a despawn; forgetting them
[nebula] 0 entity object(s) were destroyed without a despawn; forgetting them
[nebula] 0 entity object(s) were destroyed without a despawn; forgetting them
[nebula] 0 entity object(s) were destroyed without a despawn; forgetting them
[nebula] 0 entity object(s) were destroyed without a despawn; forgetting them
[nebula] 0 entity object(s) were destroyed without a despawn; forgetting them
[nebula] 0 entity object(s) were destroyed without a despawn; forgetting them
[nebula] 0 entity object(s) were destroyed without a despawn; forgetting them
[nebula] 0 entity object(s) were destroyed without a despawn; forgetting them
[nebula] 0 entity object(s) were destroyed without a despawn; forgetting them
[nebula] 0 entity object(s) were destroyed without a despawn; forgetting them
[nebula] 0 entity object(s) were destroyed without a despawn; forgetting them
[nebula] 0 entity object(s) were destroyed without a despawn; forgetting them
[nebula] 0 entity object(s) were destroyed without a despawn; forgetting them
[nebula] 0 entity object(s) were destroyed without a despawn; forgetting them
[nebula] 0 entity object(s) were destroyed without a despawn; forgetting them
[nebula] 0 entity object(s) were destroyed without a despawn; forgetting them
[nebula] 0 entity object(s) were destroyed without a despawn; forgetting them
[nebula] 0 entity object(s) were destroyed without a despawn; forgetting them
[nebula] 0 entity object(s) were destroyed without a despawn; forgetting them
[nebula] 0 entity object(s) were destroyed without a despawn; forgetting them
[nebula] 0 entity object(s) were destroyed without a despawn; forgetting them
[nebula] 0 entity object(s) were destroyed without a despawn; forgetting them
[nebula] 0 entity object(s) were destroyed without a despawn; forgetting them
[nebula] 0 entity object(s) were destroyed without a despawn; forgetting them
[nebula] 0 entity object(s) were destroyed without a despawn; forgetting them
[nebula] 0 entity object(s) were destroyed without a despawn; forgetting them
[nebula] 0 entity object(s) were destroyed without a despawn; forgetting them
[nebula] 0 entity object(s) were destroyed without a despawn; forgetting them
[nebula] 0 entity object(s) were destroyed without a despawn; forgetting them
[nebula] 0 entity object(s) were destroyed without a despawn; forgetting them
[nebula] 0 entity object(s) were destroyed without a despawn; forgetting them
[nebula] 0 entity object(s) were destroyed without a despawn; forgetting them
[nebula] 0 entity object(s) were destroyed without a despawn; forgetting them
[nebula] 0 entity object(s) were destroyed without a despawn; forgetting them
[nebula] 0 entity object(s) were destroyed without a despawn; forgetting them
[nebula] 0 entity object(s) were destroyed without a despawn; forgetting them
[nebula] 0 entity object(s) were destroyed without a despawn; forgetting them
[nebula] 0 entity object(s) were destroyed without a despawn; forgetting them
[nebula] 0 entity object(s) were destroyed without a despawn; forgetting them
[nebula] 0 entity object(s) were destroyed without a despawn; forgetting them
[nebula] 0 entity object(s) were destroyed without a despawn; forgetting them
[nebula] 0 entity object(s) were destroyed without a despawn; forgetting them
[nebula] 0 entity object(s) were destroyed without a despawn; forgetting them
[nebula] 0 entity object(s) were destroyed without a despawn; forgetting them
[nebula] 0 entity object(s) were destroyed without a despawn; forgetting them
[nebula] 0 entity object(s) were destroyed without a despawn; forgetting them
[nebula] 0 entity object(s) were destroyed without a despawn; forgetting them
[nebula] 0 entity object(s) were destroyed without a despawn; forgetting them
[nebula] 0 entity object(s) were destroyed without a despawn; forgetting them
[nebula] 0 entity object(s) were destroyed without a despawn; forgetting them
[nebula] handover OUT Player(Clone)#562949953421313(e6,rt_4398048608255,ghost) -> w3 (epoch 6, tick 1365010545)
[nebula] 0 entity object(s) were destroyed without a despawn; forgetting them
[nebula] 0 entity object(s) were destroyed without a despawn; forgetting them
[nebula] 0 entity object(s) were destroyed without a despawn; forgetting them
[nebula] 0 entity object(s) were destroyed without a despawn; forgetting them
[nebula] 0 entity object(s) were destroyed without a despawn; forgetting them
[nebula] 0 entity object(s) were destroyed without a despawn; forgetting them
[nebula] 0 entity object(s) were destroyed without a despawn; forgetting them
[nebula] 0 entity object(s) were destroyed without a despawn; forgetting them
[nebula] 0 entity object(s) were destroyed without a despawn; forgetting them
[nebula] 0 entity object(s) were destroyed without a despawn; forgetting them
[nebula] 0 entity object(s) were destroyed without a despawn; forgetting them
[nebula] 0 entity object(s) were destroyed without a despawn; forgetting them
[nebula] 0 entity object(s) were destroyed without a despawn; forgetting them
[nebula] 0 entity object(s) were destroyed without a despawn; forgetting them
[nebula] 0 entity object(s) were destroyed without a despawn; forgetting them
[nebula] 0 entity object(s) were destroyed without a despawn; forgetting them
[nebula] 0 entity object(s) were destroyed without a despawn; forgetting them
[nebula] 0 entity object(s) were destroyed without a despawn; forgetting them
[nebula] 0 entity object(s) were destroyed without a despawn; forgetting them
[nebula] 0 entity object(s) were destroyed without a despawn; forgetting them
[nebula] 0 entity object(s) were destroyed without a despawn; forgetting them
[nebula] 0 entity object(s) were destroyed without a despawn; forgetting them
[nebula] 0 entity object(s) were destroyed without a despawn; forgetting them
[nebula] 0 entity object(s) were destroyed without a despawn; forgetting them
[nebula] 0 entity object(s) were destroyed without a despawn; forgetting them
[nebula] 0 entity object(s) were destroyed without a despawn; forgetting them
[nebula] 0 entity object(s) were destroyed without a despawn; forgetting them
[nebula] 0 entity object(s) were destroyed without a despawn; forgetting them
[nebula] 0 entity object(s) were destroyed without a despawn; forgetting them
[nebula] 0 entity object(s) were destroyed without a despawn; forgetting them
[nebula] 0 entity object(s) were destroyed without a despawn; forgetting them
[nebula] 0 entity object(s) were destroyed without a despawn; forgetting them
[nebula] 0 entity object(s) were destroyed without a despawn; forgetting them
[nebula] 0 entity object(s) were destroyed without a despawn; forgetting them
[nebula] 0 entity object(s) were destroyed without a despawn; forgetting them
[nebula] 0 entity object(s) were destroyed without a despawn; forgetting them
[nebula] 0 entity object(s) were destroyed without a despawn; forgetting them
[nebula] 0 entity object(s) were destroyed without a despawn; forgetting them
[nebula] 0 entity object(s) were destroyed without a despawn; forgetting them
[nebula] 0 entity object(s) were destroyed without a despawn; forgetting them
[nebula] 0 entity object(s) were destroyed without a despawn; forgetting them
[nebula] 0 entity object(s) were destroyed without a despawn; forgetting them
[nebula] 0 entity object(s) were destroyed without a despawn; forgetting them
[nebula] ghost Player(Clone)#844424930131970(e2,rt_4398046511104,auth) -> w4
[nebula] 0 entity object(s) were destroyed without a despawn; forgetting them
[nebula] 0 entity object(s) were destroyed without a despawn; forgetting them
[nebula] 0 entity object(s) were destroyed without a despawn; forgetting them
[nebula] 0 entity object(s) were destroyed without a despawn; forgetting them
[nebula] 0 entity object(s) were destroyed without a despawn; forgetting them
[nebula] 0 entity object(s) were destroyed without a despawn; forgetting them
[nebula] 0 entity object(s) were destroyed without a despawn; forgetting them
[nebula] 0 entity object(s) were destroyed without a despawn; forgetting them
[nebula] 0 entity object(s) were destroyed without a despawn; forgetting them
[nebula] 0 entity object(s) were destroyed without a despawn; forgetting them
[nebula] 0 entity object(s) were destroyed without a despawn; forgetting them
[nebula] 0 entity object(s) were destroyed without a despawn; forgetting them
[nebula] 0 entity object(s) were destroyed without a despawn; forgetting them
[nebula] 0 entity object(s) were destroyed without a despawn; forgetting them
[nebula] 0 entity object(s) were destroyed without a despawn; forgetting them
[nebula] 0 entity object(s) were destroyed without a despawn; forgetting them
[nebula] 0 entity object(s) were destroyed without a despawn; forgetting them
[nebula] 0 entity object(s) were destroyed without a despawn; forgetting them
[nebula] 0 entity object(s) were destroyed without a despawn; forgetting them
[nebula] 0 entity object(s) were destroyed without a despawn; forgetting them
[nebula] 0 entity object(s) were destroyed without a despawn; forgetting them
[nebula] 0 entity object(s) were destroyed without a despawn; forgetting them
[nebula] 0 entity object(s) were destroyed without a despawn; forgetting them
[nebula] 0 entity object(s) were destroyed without a despawn; forgetting them
[nebula] 0 entity object(s) were destroyed without a despawn; forgetting them
[nebula] 0 entity object(s) were destroyed without a despawn; forgetting them
[nebula] 0 entity object(s) were destroyed without a despawn; forgetting them
[nebula] 0 entity object(s) were destroyed without a despawn; forgetting them
[nebula] 0 entity object(s) were destroyed without a despawn; forgetting them
[nebula] 0 entity object(s) were destroyed without a despawn; forgetting them
[nebula] 0 entity object(s) were destroyed without a despawn; forgetting them
[nebula] 0 entity object(s) were destroyed without a despawn; forgetting them
[nebula] 0 entity object(s) were destroyed without a despawn; forgetting them
[nebula] 0 entity object(s) were destroyed without a despawn; forgetting them
[nebula] 0 entity object(s) were destroyed without a despawn; forgetting them
[nebula] profile 300 ticks/5s 300 frames avg 0.8ms max 1.2ms dup 0 skip 0 gc 20 auth 26 ghosts 1 | poll=0.01 ghosts=0.01 physics.sync=0.00 simulate=0.01 poses=0.04 containers=0.57 band=0.03 publish=0.02 gap=15.88 interest=0.01
[nebula] 0 entity object(s) were destroyed without a despawn; forgetting them
[nebula] 0 entity object(s) were destroyed without a despawn; forgetting them
[nebula] 0 entity object(s) were destroyed without a despawn; forgetting them
[nebula] 0 entity object(s) were destroyed without a despawn; forgetting them
[nebula] spawned Prop(Clone)#281474976710684(e1,rt_4398046511104,auth)
[nebula] 0 entity object(s) were destroyed without a despawn; forgetting them
[nebula] ghost Prop(Clone)#281474976710684(e1,rt_4398046511104,auth) -> w4
[nebula] 0 entity object(s) were destroyed without a despawn; forgetting them
[nebula] 0 entity object(s) were destroyed without a despawn; forgetting them
[nebula] 0 entity object(s) were destroyed without a despawn; forgetting them
[nebula] 0 entity object(s) were destroyed without a despawn; forgetting them
[nebula] 0 entity object(s) were destroyed without a despawn; forgetting them
[nebula] 0 entity object(s) were destroyed without a despawn; forgetting them
[nebula] 0 entity object(s) were destroyed without a despawn; forgetting them
[nebula] 0 entity object(s) were destroyed without a despawn; forgetting them
[nebula] 0 entity object(s) were destroyed without a despawn; forgetting them
[nebula] 0 entity object(s) were destroyed without a despawn; forgetting them
[nebula] 0 entity object(s) were destroyed without a despawn; forgetting them
[nebula] 0 entity object(s) were destroyed without a despawn; forgetting them
[nebula] 0 entity object(s) were destroyed without a despawn; forgetting them
[nebula] 0 entity object(s) were destroyed without a despawn; forgetting them
[nebula] 0 entity object(s) were destroyed without a despawn; forgetting them
[nebula] 0 entity object(s) were destroyed without a despawn; forgetting them
[nebula] 0 entity object(s) were destroyed without a despawn; forgetting them
[nebula] 0 entity object(s) were destroyed without a despawn; forgetting them
[nebula] 0 entity object(s) were destroyed without a despawn; forgetting them
[nebula] 0 entity object(s) were destroyed without a despawn; forgetting them
[nebula] 0 entity object(s) were destroyed without a despawn; forgetting them
[nebula] 0 entity object(s) were destroyed without a despawn; forgetting them
[nebula] 0 entity object(s) were destroyed without a despawn; forgetting them
[nebula] 0 entity object(s) were destroyed without a despawn; forgetting them
[nebula] 0 entity object(s) were destroyed without a despawn; forgetting them
[nebula] 0 entity object(s) were destroyed without a despawn; forgetting them
[nebula] 0 entity object(s) were destroyed without a despawn; forgetting them
[nebula] 0 entity object(s) were destroyed without a despawn; forgetting them
[nebula] 0 entity object(s) were destroyed without a despawn; forgetting them
[nebula] 0 entity object(s) were destroyed without a despawn; forgetting them
[nebula] 0 entity object(s) were destroyed without a despawn; forgetting them
[nebula] 0 entity object(s) were destroyed without a despawn; forgetting them
[nebula] 0 entity object(s) were destroyed without a despawn; forgetting them
[nebula] 0 entity object(s) were destroyed without a despawn; forgetting them
[nebula] 0 entity object(s) were destroyed without a despawn; forgetting them
[nebula] 0 entity object(s) were destroyed without a despawn; forgetting them
[nebula] 0 entity object(s) were destroyed without a despawn; forgetting them
[nebula] 0 entity object(s) were destroyed without a despawn; forgetting them
[nebula] 0 entity object(s) were destroyed without a despawn; forgetting them
[nebula] 0 entity object(s) were destroyed without a despawn; forgetting them
[nebula] 0 entity object(s) were destroyed without a despawn; forgetting them
[nebula] 0 entity object(s) were destroyed without a despawn; forgetting them
[nebula] 0 entity object(s) were destroyed without a despawn; forgetting them
[nebula] 0 entity object(s) were destroyed without a despawn; forgetting them
[nebula] 0 entity object(s) were destroyed without a despawn; forgetting them
[nebula] 0 entity object(s) were destroyed without a despawn; forgetting them
[nebula] 0 entity object(s) were destroyed without a despawn; forgetting them
[nebula] 0 entity object(s) were destroyed without a despawn; forgetting them
[nebula] 0 entity object(s) were destroyed without a despawn; forgetting them
[nebula] 0 entity object(s) were destroyed without a despawn; forgetting them
[nebula] 0 entity object(s) were destroyed without a despawn; forgetting them
[nebula] 0 entity object(s) were destroyed without a despawn; forgetting them
[nebula] 0 entity object(s) were destroyed without a despawn; forgetting them
[nebula] 0 entity object(s) were destroyed without a despawn; forgetting them
[nebula] 0 entity object(s) were destroyed without a despawn; forgetting them
[nebula] 0 entity object(s) were destroyed without a despawn; forgetting them
[nebula] 0 entity object(s) were destroyed without a despawn; forgetting them
[nebula] 0 entity object(s) were destroyed without a despawn; forgetting them
[nebula] 0 entity object(s) were destroyed without a despawn; forgetting them
[nebula] 0 entity object(s) were destroyed without a despawn; forgetting them
[nebula] 0 entity object(s) were destroyed without a despawn; forgetting them
[nebula] 0 entity object(s) were destroyed without a despawn; forgetting them
[nebula] 0 entity object(s) were destroyed without a despawn; forgetting them
[nebula] 0 entity object(s) were destroyed without a despawn; forgetting them
[nebula] 0 entity object(s) were destroyed without a despawn; forgetting them
[nebula] 0 entity object(s) were destroyed without a despawn; forgetting them
[nebula] 0 entity object(s) were destroyed without a despawn; forgetting them
[nebula] 0 entity object(s) were destroyed without a despawn; forgetting them
[nebula] 0 entity object(s) were destroyed without a despawn; forgetting them
[nebula] 0 entity object(s) were destroyed without a despawn; forgetting them
[nebula] 0 entity object(s) were destroyed without a despawn; forgetting them
[nebula] 0 entity object(s) were destroyed without a despawn; forgetting them
[nebula] 0 entity object(s) were destroyed without a despawn; forgetting them
[nebula] 0 entity object(s) were destroyed without a despawn; forgetting them
[nebula] 0 entity object(s) were destroyed without a despawn; forgetting them
[nebula] 0 entity object(s) were destroyed without a despawn; forgetting them
[nebula] 0 entity object(s) were destroyed without a despawn; forgetting them
[nebula] 0 entity object(s) were destroyed without a despawn; forgetting them
[nebula] 0 entity object(s) were destroyed without a despawn; forgetting them
[nebula] 0 entity object(s) were destroyed without a despawn; forgetting them
[nebula] 0 entity object(s) were destroyed without a despawn; forgetting them
[nebula] 0 entity object(s) were destroyed without a despawn; forgetting them
[nebula] 0 entity object(s) were destroyed without a despawn; forgetting them
[nebula] 0 entity object(s) were destroyed without a despawn; forgetting them
[nebula] 0 entity object(s) were destroyed without a despawn; forgetting them
[nebula] 0 entity object(s) were destroyed without a despawn; forgetting them
[nebula] 0 entity object(s) were destroyed without a despawn; forgetting them
[nebula] 0 entity object(s) were destroyed without a despawn; forgetting them
[nebula] 0 entity object(s) were destroyed without a despawn; forgetting them
[nebula] 0 entity object(s) were destroyed without a despawn; forgetting them
[nebula] 0 entity object(s) were destroyed without a despawn; forgetting them
[nebula] 0 entity object(s) were destroyed without a despawn; forgetting them
[nebula] 0 entity object(s) were destroyed without a despawn; forgetting them
[nebula] 0 entity object(s) were destroyed without a despawn; forgetting them
[nebula] 0 entity object(s) were destroyed without a despawn; forgetting them
[nebula] 0 entity object(s) were destroyed without a despawn; forgetting them
[nebula] 0 entity object(s) were destroyed without a despawn; forgetting them
[nebula] 0 entity object(s) were destroyed without a despawn; forgetting them
[nebula] 0 entity object(s) were destroyed without a despawn; forgetting them
[nebula] 0 entity object(s) were destroyed without a despawn; forgetting them
[nebula] 0 entity object(s) were destroyed without a despawn; forgetting them
[nebula] 0 entity object(s) were destroyed without a despawn; forgetting them
[nebula] 0 entity object(s) were destroyed without a despawn; forgetting them
[nebula] 0 entity object(s) were destroyed without a despawn; forgetting them
[nebula] 0 entity object(s) were destroyed without a despawn; forgetting them
[nebula] 0 entity object(s) were destroyed without a despawn; forgetting them
[nebula] 0 entity object(s) were destroyed without a despawn; forgetting them
[nebula] 0 entity object(s) were destroyed without a despawn; forgetting them
[nebula] 0 entity object(s) were destroyed without a despawn; forgetting them
[nebula] 0 entity object(s) were destroyed without a despawn; forgetting them
[nebula] 0 entity object(s) were destroyed without a despawn; forgetting them
[nebula] 0 entity object(s) were destroyed without a despawn; forgetting them
[nebula] 0 entity object(s) were destroyed without a despawn; forgetting them
[nebula] 0 entity object(s) were destroyed without a despawn; forgetting them
[nebula] 0 entity object(s) were destroyed without a despawn; forgetting them
[nebula] 0 entity object(s) were destroyed without a despawn; forgetting them
[nebula] 0 entity object(s) were destroyed without a despawn; forgetting them
[nebula] 0 entity object(s) were destroyed without a despawn; forgetting them
[nebula] 0 entity object(s) were destroyed without a despawn; forgetting them
[nebula] 0 entity object(s) were destroyed without a despawn; forgetting them
[nebula] 0 entity object(s) were destroyed without a despawn; forgetting them
[nebula] 0 entity object(s) were destroyed without a despawn; forgetting them
[nebula] 0 entity object(s) were destroyed without a despawn; forgetting them
[nebula] 0 entity object(s) were destroyed without a despawn; forgetting them
[nebula] 0 entity object(s) were destroyed without a despawn; forgetting them
[nebula] 0 entity object(s) were destroyed without a despawn; forgetting them
[nebula] 0 entity object(s) were destroyed without a despawn; forgetting them
[nebula] 0 entity object(s) were destroyed without a despawn; forgetting them
[nebula] 0 entity object(s) were destroyed without a despawn; forgetting them
[nebula] 0 entity object(s) were destroyed without a despawn; forgetting them
[nebula] 0 entity object(s) were destroyed without a despawn; forgetting them
[nebula] 0 entity object(s) were destroyed without a despawn; forgetting them
[nebula] 0 entity object(s) were destroyed without a despawn; forgetting them
[nebula] 0 entity object(s) were destroyed without a despawn; forgetting them
[nebula] 0 entity object(s) were destroyed without a despawn; forgetting them
[nebula] 0 entity object(s) were destroyed without a despawn; forgetting them
[nebula] 0 entity object(s) were destroyed without a despawn; forgetting them
[nebula] 0 entity object(s) were destroyed without a despawn; forgetting them
[nebula] 0 entity object(s) were destroyed without a despawn; forgetting them
[nebula] 0 entity object(s) were destroyed without a despawn; forgetting them
[nebula] 0 entity object(s) were destroyed without a despawn; forgetting them
[nebula] 0 entity object(s) were destroyed without a despawn; forgetting them
[nebula] 0 entity object(s) were destroyed without a despawn; forgetting them
[nebula] 0 entity object(s) were destroyed without a despawn; forgetting them
[nebula] 0 entity object(s) were destroyed without a despawn; forgetting them
[nebula] 0 entity object(s) were destroyed without a despawn; forgetting them
[nebula] 0 entity object(s) were destroyed without a despawn; forgetting them
[nebula] 0 entity object(s) were destroyed without a despawn; forgetting them
[nebula] 0 entity object(s) were destroyed without a despawn; forgetting them
[nebula] 0 entity object(s) were destroyed without a despawn; forgetting them
[nebula] 0 entity object(s) were destroyed without a despawn; forgetting them
[nebula] 0 entity object(s) were destroyed without a despawn; forgetting them
[nebula] 0 entity object(s) were destroyed without a despawn; forgetting them
[nebula] 0 entity object(s) were destroyed without a despawn; forgetting them
[nebula] 0 entity object(s) were destroyed without a despawn; forgetting them
[nebula] 0 entity object(s) were destroyed without a despawn; forgetting them
[nebula] 0 entity object(s) were destroyed without a despawn; forgetting them
[nebula] 0 entity object(s) were destroyed without a despawn; forgetting them
[nebula] 0 entity object(s) were destroyed without a despawn; forgetting them
[nebula] 0 entity object(s) were destroyed without a despawn; forgetting them
[nebula] 0 entity object(s) were destroyed without a despawn; forgetting them
[nebula] 0 entity object(s) were destroyed without a despawn; forgetting them
[nebula] 0 entity object(s) were destroyed without a despawn; forgetting them
[nebula] 0 entity object(s) were destroyed without a despawn; forgetting them
[nebula] 0 entity object(s) were destroyed without a despawn; forgetting them
[nebula] 0 entity object(s) were destroyed without a despawn; forgetting them
[nebula] 0 entity object(s) were destroyed without a despawn; forgetting them
[nebula] 0 entity object(s) were destroyed without a despawn; forgetting them
[nebula] 0 entity object(s) were destroyed without a despawn; forgetting them
[nebula] 0 entity object(s) were destroyed without a despawn; forgetting them
[nebula] 0 entity object(s) were destroyed without a despawn; forgetting them
[nebula] 0 entity object(s) were destroyed without a despawn; forgetting them
[nebula] 0 entity object(s) were destroyed without a despawn; forgetting them
[nebula] 0 entity object(s) were destroyed without a despawn; forgetting them
[nebula] 0 entity object(s) were destroyed without a despawn; forgetting them
[nebula] 0 entity object(s) were destroyed without a despawn; forgetting them
[nebula] 0 entity object(s) were destroyed without a despawn; forgetting them
[nebula] 0 entity object(s) were destroyed without a despawn; forgetting them
[nebula] 0 entity object(s) were destroyed without a despawn; forgetting them
[nebula] 0 entity object(s) were destroyed without a despawn; forgetting them
[nebula] 0 entity object(s) were destroyed without a despawn; forgetting them
[nebula] 0 entity object(s) were destroyed without a despawn; forgetting them
[nebula] 0 entity object(s) were destroyed without a despawn; forgetting them
[nebula] 0 entity object(s) were destroyed without a despawn; forgetting them
[nebula] 0 entity object(s) were destroyed without a despawn; forgetting them
[nebula] 0 entity object(s) were destroyed without a despawn; forgetting them
[nebula] 0 entity object(s) were destroyed without a despawn; forgetting them
[nebula] 0 entity object(s) were destroyed without a despawn; forgetting them
[nebula] 0 entity object(s) were destroyed without a despawn; forgetting them
[nebula] 0 entity object(s) were destroyed without a despawn; forgetting them
[nebula] 0 entity object(s) were destroyed without a despawn; forgetting them
[nebula] 0 entity object(s) were destroyed without a despawn; forgetting them
[nebula] 0 entity object(s) were destroyed without a despawn; forgetting them
[nebula] 0 entity object(s) were destroyed without a despawn; forgetting them
[nebula] 0 entity object(s) were destroyed without a despawn; forgetting them
[nebula] 0 entity object(s) were destroyed without a despawn; forgetting them
[nebula] 0 entity object(s) were destroyed without a despawn; forgetting them
[nebula] 0 entity object(s) were destroyed without a despawn; forgetting them
[nebula] 0 entity object(s) were destroyed without a despawn; forgetting them
[nebula] 0 entity object(s) were destroyed without a despawn; forgetting them
[nebula] 0 entity object(s) were destroyed without a despawn; forgetting them
[nebula] 0 entity object(s) were destroyed without a despawn; forgetting them
[nebula] 0 entity object(s) were destroyed without a despawn; forgetting them
[nebula] 0 entity object(s) were destroyed without a despawn; forgetting them
[nebula] 0 entity object(s) were destroyed without a despawn; forgetting them
[nebula] 0 entity object(s) were destroyed without a despawn; forgetting them
[nebula] 0 entity object(s) were destroyed without a despawn; forgetting them
[nebula] 0 entity object(s) were destroyed without a despawn; forgetting them
[nebula] 0 entity object(s) were destroyed without a despawn; forgetting them
[nebula] 0 entity object(s) were destroyed without a despawn; forgetting them
[nebula] 0 entity object(s) were destroyed without a despawn; forgetting them
[nebula] 0 entity object(s) were destroyed without a despawn; forgetting them
[nebula] 0 entity object(s) were destroyed without a despawn; forgetting them
[nebula] 0 entity object(s) were destroyed without a despawn; forgetting them
[nebula] 0 entity object(s) were destroyed without a despawn; forgetting them
[nebula] 0 entity object(s) were destroyed without a despawn; forgetting them
[nebula] 0 entity object(s) were destroyed without a despawn; forgetting them
[nebula] 0 entity object(s) were destroyed without a despawn; forgetting them
[nebula] 0 entity object(s) were destroyed without a despawn; forgetting them
[nebula] 0 entity object(s) were destroyed without a despawn; forgetting them
[nebula] 0 entity object(s) were destroyed without a despawn; forgetting them
[nebula] 0 entity object(s) were destroyed without a despawn; forgetting them
[nebula] 0 entity object(s) were destroyed without a despawn; forgetting them
[nebula] 0 entity object(s) were destroyed without a despawn; forgetting them
[nebula] 0 entity object(s) were destroyed without a despawn; forgetting them
[nebula] 0 entity object(s) were destroyed without a despawn; forgetting them
[nebula] 0 entity object(s) were destroyed without a despawn; forgetting them
[nebula] 0 entity object(s) were destroyed without a despawn; forgetting them
[nebula] 0 entity object(s) were destroyed without a despawn; forgetting them
[nebula] 0 entity object(s) were destroyed without a despawn; forgetting them
[nebula] 0 entity object(s) were destroyed without a despawn; forgetting them
[nebula] 0 entity object(s) were destroyed without a despawn; forgetting them
[nebula] 0 entity object(s) were destroyed without a despawn; forgetting them
[nebula] 0 entity object(s) were destroyed without a despawn; forgetting them
[nebula] ghost Player(Clone)#844424930131970(e2,rt_4398046511104,auth) -> w3
[nebula] 0 entity object(s) were destroyed without a despawn; forgetting them
[nebula] 0 entity object(s) were destroyed without a despawn; forgetting them
[nebula] 0 entity object(s) were destroyed without a despawn; forgetting them
[nebula] 0 entity object(s) were destroyed without a despawn; forgetting them
[nebula] 0 entity object(s) were destroyed without a despawn; forgetting them
[nebula] 0 entity object(s) were destroyed without a despawn; forgetting them
[nebula] 0 entity object(s) were destroyed without a despawn; forgetting them
[nebula] 0 entity object(s) were destroyed without a despawn; forgetting them
[nebula] 0 entity object(s) were destroyed without a despawn; forgetting them
[nebula] 0 entity object(s) were destroyed without a despawn; forgetting them
[nebula] 0 entity object(s) were destroyed without a despawn; forgetting them
[nebula] 0 entity object(s) were destroyed without a despawn; forgetting them
[nebula] 0 entity object(s) were destroyed without a despawn; forgetting them
[nebula] 0 entity object(s) were destroyed without a despawn; forgetting them
[nebula] 0 entity object(s) were destroyed without a despawn; forgetting them
[nebula] 0 entity object(s) were destroyed without a despawn; forgetting them
[nebula] 0 entity object(s) were destroyed without a despawn; forgetting them
[nebula] 0 entity object(s) were destroyed without a despawn; forgetting them
[nebula] 0 entity object(s) were destroyed without a despawn; forgetting them
[nebula] 0 entity object(s) were destroyed without a despawn; forgetting them
[nebula] 0 entity object(s) were destroyed without a despawn; forgetting them
[nebula] 0 entity object(s) were destroyed without a despawn; forgetting them
[nebula] 0 entity object(s) were destroyed without a despawn; forgetting them
[nebula] 0 entity object(s) were destroyed without a despawn; forgetting them
[nebula] 0 entity object(s) were destroyed without a despawn; forgetting them
[nebula] 0 entity object(s) were destroyed without a despawn; forgetting them
[nebula] 0 entity object(s) were destroyed without a despawn; forgetting them
[nebula] 0 entity object(s) were destroyed without a despawn; forgetting them
[nebula] 0 entity object(s) were destroyed without a despawn; forgetting them
[nebula] 0 entity object(s) were destroyed without a despawn; forgetting them
[nebula] 0 entity object(s) were destroyed without a despawn; forgetting them
[nebula] 0 entity object(s) were destroyed without a despawn; forgetting them
[nebula] 0 entity object(s) were destroyed without a despawn; forgetting them
[nebula] 0 entity object(s) were destroyed without a despawn; forgetting them
[nebula] 0 entity object(s) were destroyed without a despawn; forgetting them
[nebula] 0 entity object(s) were destroyed without a despawn; forgetting them
[nebula] 0 entity object(s) were destroyed without a despawn; forgetting them
[nebula] 0 entity object(s) were destroyed without a despawn; forgetting them
[nebula] 0 entity object(s) were destroyed without a despawn; forgetting them
[nebula] 0 entity object(s) were destroyed without a despawn; forgetting them
[nebula] 0 entity object(s) were destroyed without a despawn; forgetting them
[nebula] 0 entity object(s) were destroyed without a despawn; forgetting them
[nebula] 0 entity object(s) were destroyed without a despawn; forgetting them
[nebula] 0 entity object(s) were destroyed without a despawn; forgetting them
[nebula] 0 entity object(s) were destroyed without a despawn; forgetting them
[nebula] 0 entity object(s) were destroyed without a despawn; forgetting them
[nebula] 0 entity object(s) were destroyed without a despawn; forgetting them
[nebula] 0 entity object(s) were destroyed without a despawn; forgetting them
[nebula] 0 entity object(s) were destroyed without a despawn; forgetting them
[nebula] handover OUT Player(Clone)#844424930131970(e3,rt_4398048608255,ghost) -> w3 (epoch 3, tick 1365010911)
[nebula] 0 entity object(s) were destroyed without a despawn; forgetting them
[nebula] 0 entity object(s) were destroyed without a despawn; forgetting them
[nebula] 0 entity object(s) were destroyed without a despawn; forgetting them
[nebula] 0 entity object(s) were destroyed without a despawn; forgetting them
[nebula] 0 entity object(s) were destroyed without a despawn; forgetting them
[nebula] 0 entity object(s) were destroyed without a despawn; forgetting them
[nebula] 0 entity object(s) were destroyed without a despawn; forgetting them
[nebula] 0 entity object(s) were destroyed without a despawn; forgetting them
[nebula] 0 entity object(s) were destroyed without a despawn; forgetting them
[nebula] 0 entity object(s) were destroyed without a despawn; forgetting them
[nebula] 0 entity object(s) were destroyed without a despawn; forgetting them
[nebula] 0 entity object(s) were destroyed without a despawn; forgetting them
[nebula] profile 300 ticks/5s 300 frames avg 0.8ms max 1.1ms dup 0 skip 0 gc 23 auth 26 ghosts 1 | poll=0.01 ghosts=0.00 physics.sync=0.00 simulate=0.01 poses=0.04 containers=0.56 band=0.03 publish=0.02 gap=15.91 interest=0.01
[nebula] 0 entity object(s) were destroyed without a despawn; forgetting them
[nebula] 0 entity object(s) were destroyed without a despawn; forgetting them
[nebula] 0 entity object(s) were destroyed without a despawn; forgetting them
[nebula] 0 entity object(s) were destroyed without a despawn; forgetting them
[nebula] 0 entity object(s) were destroyed without a despawn; forgetting them
[nebula] 0 entity object(s) were destroyed without a despawn; forgetting them
[nebula] 0 entity object(s) were destroyed without a despawn; forgetting them
[nebula] 0 entity object(s) were destroyed without a despawn; forgetting them
[nebula] 0 entity object(s) were destroyed without a despawn; forgetting them
[nebula] 0 entity object(s) were destroyed without a despawn; forgetting them
[nebula] 0 entity object(s) were destroyed without a despawn; forgetting them
[nebula] 0 entity object(s) were destroyed without a despawn; forgetting them
[nebula] 0 entity object(s) were destroyed without a despawn; forgetting them
[nebula] 0 entity object(s) were destroyed without a despawn; forgetting them
[nebula] 0 entity object(s) were destroyed without a despawn; forgetting them
[nebula] 0 entity object(s) were destroyed without a despawn; forgetting them
[nebula] 0 entity object(s) were destroyed without a despawn; forgetting them
[nebula] 0 entity object(s) were destroyed without a despawn; forgetting them
[nebula] 0 entity object(s) were destroyed without a despawn; forgetting them
[nebula] 0 entity object(s) were destroyed without a despawn; forgetting them
[nebula] 0 entity object(s) were destroyed without a despawn; forgetting them
[nebula] 0 entity object(s) were destroyed without a despawn; forgetting them
[nebula] 0 entity object(s) were destroyed without a despawn; forgetting them
[nebula] 0 entity object(s) were destroyed without a despawn; forgetting them
[nebula] 0 entity object(s) were destroyed without a despawn; forgetting them
[nebula] 0 entity object(s) were destroyed without a despawn; forgetting them
[nebula] 0 entity object(s) were destroyed without a despawn; forgetting them
[nebula] 0 entity object(s) were destroyed without a despawn; forgetting them
[nebula] 0 entity object(s) were destroyed without a despawn; forgetting them
[nebula] 0 entity object(s) were destroyed without a despawn; forgetting them
[nebula] 0 entity object(s) were destroyed without a despawn; forgetting them
[nebula] 0 entity object(s) were destroyed without a despawn; forgetting them
[nebula] 0 entity object(s) were destroyed without a despawn; forgetting them
[nebula] 0 entity object(s) were destroyed without a despawn; forgetting them
[nebula] 0 entity object(s) were destroyed without a despawn; forgetting them
[nebula] 0 entity object(s) were destroyed without a despawn; forgetting them
[nebula] 0 entity object(s) were destroyed without a despawn; forgetting them
[nebula] 0 entity object(s) were destroyed without a despawn; forgetting them
[nebula] 0 entity object(s) were destroyed without a despawn; forgetting them
[nebula] 0 entity object(s) were destroyed without a despawn; forgetting them
[nebula] 0 entity object(s) were destroyed without a despawn; forgetting them
[nebula] 0 entity object(s) were destroyed without a despawn; forgetting them
[nebula] 0 entity object(s) were destroyed without a despawn; forgetting them
[nebula] 0 entity object(s) were destroyed without a despawn; forgetting them
[nebula] 0 entity object(s) were destroyed without a despawn; forgetting them
[nebula] 0 entity object(s) were destroyed without a despawn; forgetting them
[nebula] 0 entity object(s) were destroyed without a despawn; forgetting them
[nebula] 0 entity object(s) were destroyed without a despawn; forgetting them
[nebula] 0 entity object(s) were destroyed without a despawn; forgetting them
[nebula] 0 entity object(s) were destroyed without a despawn; forgetting them
[nebula] 0 entity object(s) were destroyed without a despawn; forgetting them
[nebula] 0 entity object(s) were destroyed without a despawn; forgetting them
[nebula] 0 entity object(s) were destroyed without a despawn; forgetting them
[nebula] 0 entity object(s) were destroyed without a despawn; forgetting them
[nebula] 0 entity object(s) were destroyed without a despawn; forgetting them
[nebula] 0 entity object(s) were destroyed without a despawn; forgetting them
[nebula] 0 entity object(s) were destroyed without a despawn; forgetting them
[nebula] 0 entity object(s) were destroyed without a despawn; forgetting them
[nebula] 0 entity object(s) were destroyed without a despawn; forgetting them
[nebula] 0 entity object(s) were destroyed without a despawn; forgetting them
[nebula] 0 entity object(s) were destroyed without a despawn; forgetting them
[nebula] 0 entity object(s) were destroyed without a despawn; forgetting them
[nebula] 0 entity object(s) were destroyed without a despawn; forgetting them
[nebula] 0 entity object(s) were destroyed without a despawn; forgetting them
[nebula] 0 entity object(s) were destroyed without a despawn; forgetting them
[nebula] 0 entity object(s) were destroyed without a despawn; forgetting them
[nebula] 0 entity object(s) were destroyed without a despawn; forgetting them
[nebula] 0 entity object(s) were destroyed without a despawn; forgetting them
[nebula] 0 entity object(s) were destroyed without a despawn; forgetting them
[nebula] 0 entity object(s) were destroyed without a despawn; forgetting them
[nebula] 0 entity object(s) were destroyed without a despawn; forgetting them
[nebula] 0 entity object(s) were destroyed without a despawn; forgetting them
[nebula] 0 entity object(s) were destroyed without a despawn; forgetting them
[nebula] 0 entity object(s) were destroyed without a despawn; forgetting them
[nebula] 0 entity object(s) were destroyed without a despawn; forgetting them
[nebula] 0 entity object(s) were destroyed without a despawn; forgetting them
[nebula] 0 entity object(s) were destroyed without a despawn; forgetting them
[nebula] 0 entity object(s) were destroyed without a despawn; forgetting them
[nebula] 0 entity object(s) were destroyed without a despawn; forgetting them
[nebula] 0 entity object(s) were destroyed without a despawn; forgetting them
[nebula] 0 entity object(s) were destroyed without a despawn; forgetting them
[nebula] 0 entity object(s) were destroyed without a despawn; forgetting them
[nebula] spawned Prop(Clone)#281474976710685(e1,rt_9223367638808264705,auth)
[nebula] 0 entity object(s) were destroyed without a despawn; forgetting them
[nebula] 0 entity object(s) were destroyed without a despawn; forgetting them
[nebula] 0 entity object(s) were destroyed without a despawn; forgetting them
[nebula] 0 entity object(s) were destroyed without a despawn; forgetting them
[nebula] 0 entity object(s) were destroyed without a despawn; forgetting them
[nebula] 0 entity object(s) were destroyed without a despawn; forgetting them
[nebula] 0 entity object(s) were destroyed without a despawn; forgetting them
[nebula] 0 entity object(s) were destroyed without a despawn; forgetting them
[nebula] 0 entity object(s) were destroyed without a despawn; forgetting them
[nebula] 0 entity object(s) were destroyed without a despawn; forgetting them
[nebula] 0 entity object(s) were destroyed without a despawn; forgetting them
[nebula] 0 entity object(s) were destroyed without a despawn; forgetting them
[nebula] 0 entity object(s) were destroyed without a despawn; forgetting them
[nebula] 0 entity object(s) were destroyed without a despawn; forgetting them
[nebula] 0 entity object(s) were destroyed without a despawn; forgetting them
[nebula] 0 entity object(s) were destroyed without a despawn; forgetting them
[nebula] 0 entity object(s) were destroyed without a despawn; forgetting them
[nebula] 0 entity object(s) were destroyed without a despawn; forgetting them
[nebula] 0 entity object(s) were destroyed without a despawn; forgetting them
[nebula] 0 entity object(s) were destroyed without a despawn; forgetting them
[nebula] 0 entity object(s) were destroyed without a despawn; forgetting them
[nebula] 0 entity object(s) were destroyed without a despawn; forgetting them
[nebula] 0 entity object(s) were destroyed without a despawn; forgetting them
[nebula] 0 entity object(s) were destroyed without a despawn; forgetting them
[nebula] 0 entity object(s) were destroyed without a despawn; forgetting them
[nebula] 0 entity object(s) were destroyed without a despawn; forgetting them
[nebula] 0 entity object(s) were destroyed without a despawn; forgetting them
[nebula] 0 entity object(s) were destroyed without a despawn; forgetting them
[nebula] 0 entity object(s) were destroyed without a despawn; forgetting them
[nebula] 0 entity object(s) were destroyed without a despawn; forgetting them
[nebula] 0 entity object(s) were destroyed without a despawn; forgetting them
[nebula] 0 entity object(s) were destroyed without a despawn; forgetting them
[nebula] 0 entity object(s) were destroyed without a despawn; forgetting them
[nebula] 0 entity object(s) were destroyed without a despawn; forgetting them
[nebula] 0 entity object(s) were destroyed without a despawn; forgetting them
[nebula] 0 entity object(s) were destroyed without a despawn; forgetting them
[nebula] 0 entity object(s) were destroyed without a despawn; forgetting them
[nebula] 0 entity object(s) were destroyed without a despawn; forgetting them
[nebula] 0 entity object(s) were destroyed without a despawn; forgetting them
[nebula] 0 entity object(s) were destroyed without a despawn; forgetting them
[nebula] 0 entity object(s) were destroyed without a despawn; forgetting them
[nebula] 0 entity object(s) were destroyed without a despawn; forgetting them
[nebula] 0 entity object(s) were destroyed without a despawn; forgetting them
[nebula] 0 entity object(s) were destroyed without a despawn; forgetting them
[nebula] 0 entity object(s) were destroyed without a despawn; forgetting them
[nebula] 0 entity object(s) were destroyed without a despawn; forgetting them
[nebula] 0 entity object(s) were destroyed without a despawn; forgetting them
[nebula] 0 entity object(s) were destroyed without a despawn; forgetting them
[nebula] 0 entity object(s) were destroyed without a despawn; forgetting them
[nebula] 0 entity object(s) were destroyed without a despawn; forgetting them
[nebula] 0 entity object(s) were destroyed without a despawn; forgetting them
[nebula] 0 entity object(s) were destroyed without a despawn; forgetting them
[nebula] 0 entity object(s) were destroyed without a despawn; forgetting them
[nebula] 0 entity object(s) were destroyed without a despawn; forgetting them
[nebula] 0 entity object(s) were destroyed without a despawn; forgetting them
[nebula] 0 entity object(s) were destroyed without a despawn; forgetting them
[nebula] 0 entity object(s) were destroyed without a despawn; forgetting them
[nebula] 0 entity object(s) were destroyed without a despawn; forgetting them
[nebula] 0 entity object(s) were destroyed without a despawn; forgetting them
[nebula] 0 entity object(s) were destroyed without a despawn; forgetting them
[nebula] 0 entity object(s) were destroyed without a despawn; forgetting them
[nebula] 0 entity object(s) were destroyed without a despawn; forgetting them
[nebula] 0 entity object(s) were destroyed without a despawn; forgetting them
[nebula] 0 entity object(s) were destroyed without a despawn; forgetting them
[nebula] 0 entity object(s) were destroyed without a despawn; forgetting them
[nebula] 0 entity object(s) were destroyed without a despawn; forgetting them
[nebula] 0 entity object(s) were destroyed without a despawn; forgetting them
[nebula] 0 entity object(s) were destroyed without a despawn; forgetting them
[nebula] 0 entity object(s) were destroyed without a despawn; forgetting them
[nebula] 0 entity object(s) were destroyed without a despawn; forgetting them
[nebula] 0 entity object(s) were destroyed without a despawn; forgetting them
[nebula] 0 entity object(s) were destroyed without a despawn; forgetting them
[nebula] 0 entity object(s) were destroyed without a despawn; forgetting them
[nebula] 0 entity object(s) were destroyed without a despawn; forgetting them
[nebula] 0 entity object(s) were destroyed without a despawn; forgetting them
[nebula] 0 entity object(s) were destroyed without a despawn; forgetting them
[nebula] 0 entity object(s) were destroyed without a despawn; forgetting them
[nebula] 0 entity object(s) were destroyed without a despawn; forgetting them
[nebula] 0 entity object(s) were destroyed without a despawn; forgetting them
[nebula] 0 entity object(s) were destroyed without a despawn; forgetting them
[nebula] 0 entity object(s) were destroyed without a despawn; forgetting them
[nebula] 0 entity object(s) were destroyed without a despawn; forgetting them
[nebula] 0 entity object(s) were destroyed without a despawn; forgetting them
[nebula] 0 entity object(s) were destroyed without a despawn; forgetting them
[nebula] 0 entity object(s) were destroyed without a despawn; forgetting them
[nebula] 0 entity object(s) were destroyed without a despawn; forgetting them
[nebula] 0 entity object(s) were destroyed without a despawn; forgetting them
[nebula] 0 entity object(s) were destroyed without a despawn; forgetting them
[nebula] 0 entity object(s) were destroyed without a despawn; forgetting them
[nebula] 0 entity object(s) were destroyed without a despawn; forgetting them
[nebula] 0 entity object(s) were destroyed without a despawn; forgetting them
[nebula] 0 entity object(s) were destroyed without a despawn; forgetting them
[nebula] 0 entity object(s) were destroyed without a despawn; forgetting them
[nebula] 0 entity object(s) were destroyed without a despawn; forgetting them
[nebula] 0 entity object(s) were destroyed without a despawn; forgetting them
[nebula] 0 entity object(s) were destroyed without a despawn; forgetting them
[nebula] 0 entity object(s) were destroyed without a despawn; forgetting them
[nebula] 0 entity object(s) were destroyed without a despawn; forgetting them
[nebula] 0 entity object(s) were destroyed without a despawn; forgetting them
[nebula] 0 entity object(s) were destroyed without a despawn; forgetting them
[nebula] 0 entity object(s) were destroyed without a despawn; forgetting them
[nebula] 0 entity object(s) were destroyed without a despawn; forgetting them
[nebula] 0 entity object(s) were destroyed without a despawn; forgetting them
[nebula] 0 entity object(s) were destroyed without a despawn; forgetting them
[nebula] 0 entity object(s) were destroyed without a despawn; forgetting them
[nebula] 0 entity object(s) were destroyed without a despawn; forgetting them
[nebula] 0 entity object(s) were destroyed without a despawn; forgetting them
[nebula] 0 entity object(s) were destroyed without a despawn; forgetting them
[nebula] local handover Player(Clone)#844424930131969(e2,rt_9223367638808264706,auth) rt_9223367638808264705 -> rt_9223367638808264706
[nebula] 0 entity object(s) were destroyed without a despawn; forgetting them
[nebula] 0 entity object(s) were destroyed without a despawn; forgetting them
[nebula] 0 entity object(s) were destroyed without a despawn; forgetting them
[nebula] 0 entity object(s) were destroyed without a despawn; forgetting them
[nebula] 0 entity object(s) were destroyed without a despawn; forgetting them
[nebula] 0 entity object(s) were destroyed without a despawn; forgetting them
[nebula] 0 entity object(s) were destroyed without a despawn; forgetting them
[nebula] 0 entity object(s) were destroyed without a despawn; forgetting them
[nebula] 0 entity object(s) were destroyed without a despawn; forgetting them
[nebula] 0 entity object(s) were destroyed without a despawn; forgetting them
[nebula] 0 entity object(s) were destroyed without a despawn; forgetting them
[nebula] 0 entity object(s) were destroyed without a despawn; forgetting them
[nebula] 0 entity object(s) were destroyed without a despawn; forgetting them
[nebula] 0 entity object(s) were destroyed without a despawn; forgetting them
[nebula] 0 entity object(s) were destroyed without a despawn; forgetting them
[nebula] 0 entity object(s) were destroyed without a despawn; forgetting them
[nebula] 0 entity object(s) were destroyed without a despawn; forgetting them
[nebula] 0 entity object(s) were destroyed without a despawn; forgetting them
[nebula] spawned Prop(Clone)#281474976710686(e1,rt_0,auth)
[nebula] 0 entity object(s) were destroyed without a despawn; forgetting them
[nebula] 0 entity object(s) were destroyed without a despawn; forgetting them
[nebula] 0 entity object(s) were destroyed without a despawn; forgetting them
[nebula] 0 entity object(s) were destroyed without a despawn; forgetting them
[nebula] 0 entity object(s) were destroyed without a despawn; forgetting them
[nebula] 0 entity object(s) were destroyed without a despawn; forgetting them
[nebula] 0 entity object(s) were destroyed without a despawn; forgetting them
[nebula] 0 entity object(s) were destroyed without a despawn; forgetting them
[nebula] 0 entity object(s) were destroyed without a despawn; forgetting them
[nebula] 0 entity object(s) were destroyed without a despawn; forgetting them
[nebula] 0 entity object(s) were destroyed without a despawn; forgetting them
[nebula] 0 entity object(s) were destroyed without a despawn; forgetting them
[nebula] 0 entity object(s) were destroyed without a despawn; forgetting them
[nebula] 0 entity object(s) were destroyed without a despawn; forgetting them
[nebula] 0 entity object(s) were destroyed without a despawn; forgetting them
[nebula] 0 entity object(s) were destroyed without a despawn; forgetting them
[nebula] 0 entity object(s) were destroyed without a despawn; forgetting them
[nebula] 0 entity object(s) were destroyed without a despawn; forgetting them
[nebula] 0 entity object(s) were destroyed without a despawn; forgetting them
[nebula] 0 entity object(s) were destroyed without a despawn; forgetting them
[nebula] 0 entity object(s) were destroyed without a despawn; forgetting them
[nebula] 0 entity object(s) were destroyed without a despawn; forgetting them
[nebula] 0 entity object(s) were destroyed without a despawn; forgetting them
[nebula] 0 entity object(s) were destroyed without a despawn; forgetting them
[nebula] 0 entity object(s) were destroyed without a despawn; forgetting them
[nebula] 0 entity object(s) were destroyed without a despawn; forgetting them
[nebula] 0 entity object(s) were destroyed without a despawn; forgetting them
[nebula] 0 entity object(s) were destroyed without a despawn; forgetting them
[nebula] 0 entity object(s) were destroyed without a despawn; forgetting them
[nebula] 0 entity object(s) were destroyed without a despawn; forgetting them
[nebula] 0 entity object(s) were destroyed without a despawn; forgetting them
[nebula] 0 entity object(s) were destroyed without a despawn; forgetting them
[nebula] 0 entity object(s) were destroyed without a despawn; forgetting them
[nebula] 0 entity object(s) were destroyed without a despawn; forgetting them
[nebula] 0 entity object(s) were destroyed without a despawn; forgetting them
[nebula] 0 entity object(s) were destroyed without a despawn; forgetting them
[nebula] 0 entity object(s) were destroyed without a despawn; forgetting them
[nebula] 0 entity object(s) were destroyed without a despawn; forgetting them
[nebula] 0 entity object(s) were destroyed without a despawn; forgetting them
[nebula] 0 entity object(s) were destroyed without a despawn; forgetting them
[nebula] 0 entity object(s) were destroyed without a despawn; forgetting them
[nebula] 0 entity object(s) were destroyed without a despawn; forgetting them
[nebula] 0 entity object(s) were destroyed without a despawn; forgetting them
[nebula] 0 entity object(s) were destroyed without a despawn; forgetting them
[nebula] 0 entity object(s) were destroyed without a despawn; forgetting them
[nebula] 0 entity object(s) were destroyed without a despawn; forgetting them
[nebula] 0 entity object(s) were destroyed without a despawn; forgetting them
[nebula] 0 entity object(s) were destroyed without a despawn; forgetting them
[nebula] local handover Player(Clone)#844424930131969(e2,rt_9223363240761753602,auth) rt_9223367638808264706 -> rt_9223363240761753602
[nebula] 0 entity object(s) were destroyed without a despawn; forgetting them
[nebula] 0 entity object(s) were destroyed without a despawn; forgetting them
[nebula] 0 entity object(s) were destroyed without a despawn; forgetting them
[nebula] 0 entity object(s) were destroyed without a despawn; forgetting them
[nebula] 0 entity object(s) were destroyed without a despawn; forgetting them
[nebula] 0 entity object(s) were destroyed without a despawn; forgetting them
[nebula] 0 entity object(s) were destroyed without a despawn; forgetting them
[nebula] 0 entity object(s) were destroyed without a despawn; forgetting them
[nebula] 0 entity object(s) were destroyed without a despawn; forgetting them
[nebula] 0 entity object(s) were destroyed without a despawn; forgetting them
[nebula] 0 entity object(s) were destroyed without a despawn; forgetting them
[nebula] 0 entity object(s) were destroyed without a despawn; forgetting them
[nebula] 0 entity object(s) were destroyed without a despawn; forgetting them
[nebula] 0 entity object(s) were destroyed without a despawn; forgetting them
[nebula] 0 entity object(s) were destroyed without a despawn; forgetting them
[nebula] 0 entity object(s) were destroyed without a despawn; forgetting them
[nebula] 0 entity object(s) were destroyed without a despawn; forgetting them
[nebula] 0 entity object(s) were destroyed without a despawn; forgetting them
[nebula] 0 entity object(s) were destroyed without a despawn; forgetting them
[nebula] 0 entity object(s) were destroyed without a despawn; forgetting them
[nebula] 0 entity object(s) were destroyed without a despawn; forgetting them
[nebula] 0 entity object(s) were destroyed without a despawn; forgetting them
[nebula] 0 entity object(s) were destroyed without a despawn; forgetting them
[nebula] 0 entity object(s) were destroyed without a despawn; forgetting them
[nebula] 0 entity object(s) were destroyed without a despawn; forgetting them
[nebula] 0 entity object(s) were destroyed without a despawn; forgetting them
[nebula] 0 entity object(s) were destroyed without a despawn; forgetting them
[nebula] 0 entity object(s) were destroyed without a despawn; forgetting them
[nebula] 0 entity object(s) were destroyed without a despawn; forgetting them
[nebula] 0 entity object(s) were destroyed without a despawn; forgetting them
[nebula] 0 entity object(s) were destroyed without a despawn; forgetting them
[nebula] 0 entity object(s) were destroyed without a despawn; forgetting them
[nebula] 0 entity object(s) were destroyed without a despawn; forgetting them
[nebula] 0 entity object(s) were destroyed without a despawn; forgetting them
[nebula] 0 entity object(s) were destroyed without a despawn; forgetting them
[nebula] 0 entity object(s) were destroyed without a despawn; forgetting them
[nebula] 0 entity object(s) were destroyed without a despawn; forgetting them
[nebula] 0 entity object(s) were destroyed without a despawn; forgetting them
[nebula] 0 entity object(s) were destroyed without a despawn; forgetting them
[nebula] 0 entity object(s) were destroyed without a despawn; forgetting them
[nebula] 0 entity object(s) were destroyed without a despawn; forgetting them
[nebula] 0 entity object(s) were destroyed without a despawn; forgetting them
[nebula] 0 entity object(s) were destroyed without a despawn; forgetting them
[nebula] 0 entity object(s) were destroyed without a despawn; forgetting them
[nebula] profile 300 ticks/5s 300 frames avg 0.8ms max 2.1ms dup 0 skip 0 gc 33 auth 28 ghosts 0 | poll=0.01 ghosts=0.00 physics.sync=0.00 simulate=0.01 poses=0.04 containers=0.56 band=0.03 publish=0.03 gap=15.90 interest=0.01
[nebula] 0 entity object(s) were destroyed without a despawn; forgetting them
[nebula] 0 entity object(s) were destroyed without a despawn; forgetting them
[nebula] 0 entity object(s) were destroyed without a despawn; forgetting them
[nebula] 0 entity object(s) were destroyed without a despawn; forgetting them
[nebula] 0 entity object(s) were destroyed without a despawn; forgetting them
[nebula] 0 entity object(s) were destroyed without a despawn; forgetting them
[nebula] 0 entity object(s) were destroyed without a despawn; forgetting them
[nebula] 0 entity object(s) were destroyed without a despawn; forgetting them
[nebula] 0 entity object(s) were destroyed without a despawn; forgetting them
[nebula] 0 entity object(s) were destroyed without a despawn; forgetting them
[nebula] 0 entity object(s) were destroyed without a despawn; forgetting them
[nebula] 0 entity object(s) were destroyed without a despawn; forgetting them
[nebula] 0 entity object(s) were destroyed without a despawn; forgetting them
[nebula] 0 entity object(s) were destroyed without a despawn; forgetting them
[nebula] 0 entity object(s) were destroyed without a despawn; forgetting them
[nebula] 0 entity object(s) were destroyed without a despawn; forgetting them
[nebula] 0 entity object(s) were destroyed without a despawn; forgetting them
[nebula] 0 entity object(s) were destroyed without a despawn; forgetting them
[nebula] 0 entity object(s) were destroyed without a despawn; forgetting them
[nebula] 0 entity object(s) were destroyed without a despawn; forgetting them
[nebula] 0 entity object(s) were destroyed without a despawn; forgetting them
[nebula] 0 entity object(s) were destroyed without a despawn; forgetting them
[nebula] 0 entity object(s) were destroyed without a despawn; forgetting them
[nebula] 0 entity object(s) were destroyed without a despawn; forgetting them
[nebula] 0 entity object(s) were destroyed without a despawn; forgetting them
[nebula] 0 entity object(s) were destroyed without a despawn; forgetting them
[nebula] 0 entity object(s) were destroyed without a despawn; forgetting them
[nebula] 0 entity object(s) were destroyed without a despawn; forgetting them
[nebula] 0 entity object(s) were destroyed without a despawn; forgetting them
[nebula] 0 entity object(s) were destroyed without a despawn; forgetting them
[nebula] 0 entity object(s) were destroyed without a despawn; forgetting them
[nebula] 0 entity object(s) were destroyed without a despawn; forgetting them
[nebula] 0 entity object(s) were destroyed without a despawn; forgetting them
[nebula] 0 entity object(s) were destroyed without a despawn; forgetting them
[nebula] 0 entity object(s) were destroyed without a despawn; forgetting them
[nebula] 0 entity object(s) were destroyed without a despawn; forgetting them
[nebula] 0 entity object(s) were destroyed without a despawn; forgetting them
[nebula] 0 entity object(s) were destroyed without a despawn; forgetting them
[nebula] 0 entity object(s) were destroyed without a despawn; forgetting them
[nebula] 0 entity object(s) were destroyed without a despawn; forgetting them
[nebula] 0 entity object(s) were destroyed without a despawn; forgetting them
[nebula] 0 entity object(s) were destroyed without a despawn; forgetting them
[nebula] 0 entity object(s) were destroyed without a despawn; forgetting them
[nebula] 0 entity object(s) were destroyed without a despawn; forgetting them
[nebula] 0 entity object(s) were destroyed without a despawn; forgetting them
[nebula] 0 entity object(s) were destroyed without a despawn; forgetting them
[nebula] 0 entity object(s) were destroyed without a despawn; forgetting them
[nebula] 0 entity object(s) were destroyed without a despawn; forgetting them
[nebula] 0 entity object(s) were destroyed without a despawn; forgetting them
[nebula] 0 entity object(s) were destroyed without a despawn; forgetting them
[nebula] 0 entity object(s) were destroyed without a despawn; forgetting them
[nebula] 0 entity object(s) were destroyed without a despawn; forgetting them
[nebula] 0 entity object(s) were destroyed without a despawn; forgetting them
[nebula] 0 entity object(s) were destroyed without a despawn; forgetting them
[nebula] 0 entity object(s) were destroyed without a despawn; forgetting them
[nebula] 0 entity object(s) were destroyed without a despawn; forgetting them
[nebula] 0 entity object(s) were destroyed without a despawn; forgetting them
[nebula] 0 entity object(s) were destroyed without a despawn; forgetting them
[nebula] 0 entity object(s) were destroyed without a despawn; forgetting them
[nebula] 0 entity object(s) were destroyed without a despawn; forgetting them
[nebula] 0 entity object(s) were destroyed without a despawn; forgetting them
[nebula] 0 entity object(s) were destroyed without a despawn; forgetting them
[nebula] 0 entity object(s) were destroyed without a despawn; forgetting them
[nebula] 0 entity object(s) were destroyed without a despawn; forgetting them
[nebula] 0 entity object(s) were destroyed without a despawn; forgetting them
[nebula] 0 entity object(s) were destroyed without a despawn; forgetting them
[nebula] 0 entity object(s) were destroyed without a despawn; forgetting them
[nebula] 0 entity object(s) were destroyed without a despawn; forgetting them
[nebula] 0 entity object(s) were destroyed without a despawn; forgetting them
[nebula] 0 entity object(s) were destroyed without a despawn; forgetting them
[nebula] 0 entity object(s) were destroyed without a despawn; forgetting them
[nebula] 0 entity object(s) were destroyed without a despawn; forgetting them
[nebula] 0 entity object(s) were destroyed without a despawn; forgetting them
[nebula] 0 entity object(s) were destroyed without a despawn; forgetting them
[nebula] 0 entity object(s) were destroyed without a despawn; forgetting them
[nebula] 0 entity object(s) were destroyed without a despawn; forgetting them
[nebula] 0 entity object(s) were destroyed without a despawn; forgetting them
[nebula] 0 entity object(s) were destroyed without a despawn; forgetting them
[nebula] 0 entity object(s) were destroyed without a despawn; forgetting them
[nebula] 0 entity object(s) were destroyed without a despawn; forgetting them
[nebula] 0 entity object(s) were destroyed without a despawn; forgetting them
[nebula] 0 entity object(s) were destroyed without a despawn; forgetting them
[nebula] 0 entity object(s) were destroyed without a despawn; forgetting them
[nebula] 0 entity object(s) were destroyed without a despawn; forgetting them
[nebula] 0 entity object(s) were destroyed without a despawn; forgetting them
[nebula] 0 entity object(s) were destroyed without a despawn; forgetting them
[nebula] 0 entity object(s) were destroyed without a despawn; forgetting them
[nebula] 0 entity object(s) were destroyed without a despawn; forgetting them
[nebula] 0 entity object(s) were destroyed without a despawn; forgetting them
[nebula] 0 entity object(s) were destroyed without a despawn; forgetting them
[nebula] 0 entity object(s) were destroyed without a despawn; forgetting them
[nebula] ghost Player(Clone)#281474976710657(e7,rt_4398046511104,auth) -> w4
[nebula] handover IN  Player(Clone)#281474976710657(e7,rt_4398046511104,auth) <- w4 (epoch 7, tick 1365011314)
[nebula] 0 entity object(s) were destroyed without a despawn; forgetting them
[nebula] 0 entity object(s) were destroyed without a despawn; forgetting them
[nebula] 0 entity object(s) were destroyed without a despawn; forgetting them
[nebula] 0 entity object(s) were destroyed without a despawn; forgetting them
[nebula] 0 entity object(s) were destroyed without a despawn; forgetting them
[nebula] 0 entity object(s) were destroyed without a despawn; forgetting them
[nebula] 0 entity object(s) were destroyed without a despawn; forgetting them
[nebula] 0 entity object(s) were destroyed without a despawn; forgetting them
[nebula] 0 entity object(s) were destroyed without a despawn; forgetting them
[nebula] 0 entity object(s) were destroyed without a despawn; forgetting them
[nebula] 0 entity object(s) were destroyed without a despawn; forgetting them
[nebula] 0 entity object(s) were destroyed without a despawn; forgetting them
[nebula] 0 entity object(s) were destroyed without a despawn; forgetting them
[nebula] 0 entity object(s) were destroyed without a despawn; forgetting them
[nebula] 0 entity object(s) were destroyed without a despawn; forgetting them
[nebula] 0 entity object(s) were destroyed without a despawn; forgetting them
[nebula] 0 entity object(s) were destroyed without a despawn; forgetting them
[nebula] 0 entity object(s) were destroyed without a despawn; forgetting them
[nebula] 0 entity object(s) were destroyed without a despawn; forgetting them
[nebula] 0 entity object(s) were destroyed without a despawn; forgetting them
[nebula] 0 entity object(s) were destroyed without a despawn; forgetting them
[nebula] 0 entity object(s) were destroyed without a despawn; forgetting them
[nebula] 0 entity object(s) were destroyed without a despawn; forgetting them
[nebula] 0 entity object(s) were destroyed without a despawn; forgetting them
[nebula] 0 entity object(s) were destroyed without a despawn; forgetting them
[nebula] 0 entity object(s) were destroyed without a despawn; forgetting them
[nebula] 0 entity object(s) were destroyed without a despawn; forgetting them
[nebula] 0 entity object(s) were destroyed without a despawn; forgetting them
[nebula] 0 entity object(s) were destroyed without a despawn; forgetting them
[nebula] 0 entity object(s) were destroyed without a despawn; forgetting them
[nebula] 0 entity object(s) were destroyed without a despawn; forgetting them
[nebula] 0 entity object(s) were destroyed without a despawn; forgetting them
[nebula] 0 entity object(s) were destroyed without a despawn; forgetting them
[nebula] 0 entity object(s) were destroyed without a despawn; forgetting them
[nebula] 0 entity object(s) were destroyed without a despawn; forgetting them
[nebula] 0 entity object(s) were destroyed without a despawn; forgetting them
[nebula] 0 entity object(s) were destroyed without a despawn; forgetting them
[nebula] 0 entity object(s) were destroyed without a despawn; forgetting them
[nebula] 0 entity object(s) were destroyed without a despawn; forgetting them
[nebula] 0 entity object(s) were destroyed without a despawn; forgetting them
[nebula] 0 entity object(s) were destroyed without a despawn; forgetting them
[nebula] 0 entity object(s) were destroyed without a despawn; forgetting them
[nebula] 0 entity object(s) were destroyed without a despawn; forgetting them
[nebula] 0 entity object(s) were destroyed without a despawn; forgetting them
[nebula] local handover Player(Clone)#844424930131969(e2,rt_9223363240761753601,auth) rt_9223363240761753602 -> rt_9223363240761753601
[nebula] 0 entity object(s) were destroyed without a despawn; forgetting them
[nebula] 0 entity object(s) were destroyed without a despawn; forgetting them
[nebula] 0 entity object(s) were destroyed without a despawn; forgetting them
[nebula] 0 entity object(s) were destroyed without a despawn; forgetting them
[nebula] 0 entity object(s) were destroyed without a despawn; forgetting them
[nebula] 0 entity object(s) were destroyed without a despawn; forgetting them
[nebula] 0 entity object(s) were destroyed without a despawn; forgetting them
[nebula] 0 entity object(s) were destroyed without a despawn; forgetting them
[nebula] 0 entity object(s) were destroyed without a despawn; forgetting them
[nebula] 0 entity object(s) were destroyed without a despawn; forgetting them
[nebula] 0 entity object(s) were destroyed without a despawn; forgetting them
[nebula] 0 entity object(s) were destroyed without a despawn; forgetting them
[nebula] 0 entity object(s) were destroyed without a despawn; forgetting them
[nebula] 0 entity object(s) were destroyed without a despawn; forgetting them
[nebula] 0 entity object(s) were destroyed without a despawn; forgetting them
[nebula] 0 entity object(s) were destroyed without a despawn; forgetting them
[nebula] 0 entity object(s) were destroyed without a despawn; forgetting them
[nebula] 0 entity object(s) were destroyed without a despawn; forgetting them
[nebula] 0 entity object(s) were destroyed without a despawn; forgetting them
[nebula] 0 entity object(s) were destroyed without a despawn; forgetting them
[nebula] 0 entity object(s) were destroyed without a despawn; forgetting them
[nebula] 0 entity object(s) were destroyed without a despawn; forgetting them
[nebula] 0 entity object(s) were destroyed without a despawn; forgetting them
[nebula] 0 entity object(s) were destroyed without a despawn; forgetting them
[nebula] 0 entity object(s) were destroyed without a despawn; forgetting them
[nebula] 0 entity object(s) were destroyed without a despawn; forgetting them
[nebula] 0 entity object(s) were destroyed without a despawn; forgetting them
[nebula] 0 entity object(s) were destroyed without a despawn; forgetting them
[nebula] 0 entity object(s) were destroyed without a despawn; forgetting them
[nebula] 0 entity object(s) were destroyed without a despawn; forgetting them
[nebula] 0 entity object(s) were destroyed without a despawn; forgetting them
[nebula] 0 entity object(s) were destroyed without a despawn; forgetting them
[nebula] 0 entity object(s) were destroyed without a despawn; forgetting them
[nebula] 0 entity object(s) were destroyed without a despawn; forgetting them
[nebula] 0 entity object(s) were destroyed without a despawn; forgetting them
[nebula] 0 entity object(s) were destroyed without a despawn; forgetting them
[nebula] 0 entity object(s) were destroyed without a despawn; forgetting them
[nebula] 0 entity object(s) were destroyed without a despawn; forgetting them
[nebula] 0 entity object(s) were destroyed without a despawn; forgetting them
[nebula] 0 entity object(s) were destroyed without a despawn; forgetting them
[nebula] 0 entity object(s) were destroyed without a despawn; forgetting them
[nebula] 0 entity object(s) were destroyed without a despawn; forgetting them
[nebula] 0 entity object(s) were destroyed without a despawn; forgetting them
[nebula] local handover Player(Clone)#844424930131969(e2,rt_9223367638808264705,auth) rt_9223363240761753601 -> rt_9223367638808264705
[nebula] 0 entity object(s) were destroyed without a despawn; forgetting them
[nebula] 0 entity object(s) were destroyed without a despawn; forgetting them
[nebula] 0 entity object(s) were destroyed without a despawn; forgetting them
[nebula] 0 entity object(s) were destroyed without a despawn; forgetting them
[nebula] 0 entity object(s) were destroyed without a despawn; forgetting them
[nebula] 0 entity object(s) were destroyed without a despawn; forgetting them
[nebula] 0 entity object(s) were destroyed without a despawn; forgetting them
[nebula] 0 entity object(s) were destroyed without a despawn; forgetting them
[nebula] 0 entity object(s) were destroyed without a despawn; forgetting them
[nebula] 0 entity object(s) were destroyed without a despawn; forgetting them
[nebula] 0 entity object(s) were destroyed without a despawn; forgetting them
[nebula] 0 entity object(s) were destroyed without a despawn; forgetting them
[nebula] 0 entity object(s) were destroyed without a despawn; forgetting them
[nebula] 0 entity object(s) were destroyed without a despawn; forgetting them
[nebula] 0 entity object(s) were destroyed without a despawn; forgetting them
[nebula] 0 entity object(s) were destroyed without a despawn; forgetting them
[nebula] 0 entity object(s) were destroyed without a despawn; forgetting them
[nebula] 0 entity object(s) were destroyed without a despawn; forgetting them
[nebula] 0 entity object(s) were destroyed without a despawn; forgetting them
[nebula] 0 entity object(s) were destroyed without a despawn; forgetting them
[nebula] 0 entity object(s) were destroyed without a despawn; forgetting them
[nebula] 0 entity object(s) were destroyed without a despawn; forgetting them
[nebula] 0 entity object(s) were destroyed without a despawn; forgetting them
[nebula] 0 entity object(s) were destroyed without a despawn; forgetting them
[nebula] 0 entity object(s) were destroyed without a despawn; forgetting them
[nebula] 0 entity object(s) were destroyed without a despawn; forgetting them
[nebula] 0 entity object(s) were destroyed without a despawn; forgetting them
[nebula] 0 entity object(s) were destroyed without a despawn; forgetting them
[nebula] 0 entity object(s) were destroyed without a despawn; forgetting them
[nebula] 0 entity object(s) were destroyed without a despawn; forgetting them
[nebula] spawned Prop(Clone)#281474976710687(e1,rt_0,auth)
[nebula] 0 entity object(s) were destroyed without a despawn; forgetting them
[nebula] 0 entity object(s) were destroyed without a despawn; forgetting them
[nebula] 0 entity object(s) were destroyed without a despawn; forgetting them
[nebula] 0 entity object(s) were destroyed without a despawn; forgetting them
[nebula] 0 entity object(s) were destroyed without a despawn; forgetting them
[nebula] 0 entity object(s) were destroyed without a despawn; forgetting them
[nebula] 0 entity object(s) were destroyed without a despawn; forgetting them
[nebula] 0 entity object(s) were destroyed without a despawn; forgetting them
[nebula] 0 entity object(s) were destroyed without a despawn; forgetting them
[nebula] 0 entity object(s) were destroyed without a despawn; forgetting them
[nebula] 0 entity object(s) were destroyed without a despawn; forgetting them
[nebula] 0 entity object(s) were destroyed without a despawn; forgetting them
[nebula] 0 entity object(s) were destroyed without a despawn; forgetting them
[nebula] 0 entity object(s) were destroyed without a despawn; forgetting them
[nebula] 0 entity object(s) were destroyed without a despawn; forgetting them
[nebula] 0 entity object(s) were destroyed without a despawn; forgetting them
[nebula] 0 entity object(s) were destroyed without a despawn; forgetting them
[nebula] 0 entity object(s) were destroyed without a despawn; forgetting them
[nebula] 0 entity object(s) were destroyed without a despawn; forgetting them
[nebula] 0 entity object(s) were destroyed without a despawn; forgetting them
[nebula] 0 entity object(s) were destroyed without a despawn; forgetting them
[nebula] 0 entity object(s) were destroyed without a despawn; forgetting them
[nebula] 0 entity object(s) were destroyed without a despawn; forgetting them
[nebula] 0 entity object(s) were destroyed without a despawn; forgetting them
[nebula] 0 entity object(s) were destroyed without a despawn; forgetting them
[nebula] 0 entity object(s) were destroyed without a despawn; forgetting them
[nebula] 0 entity object(s) were destroyed without a despawn; forgetting them
[nebula] 0 entity object(s) were destroyed without a despawn; forgetting them
[nebula] 0 entity object(s) were destroyed without a despawn; forgetting them
[nebula] 0 entity object(s) were destroyed without a despawn; forgetting them
[nebula] 0 entity object(s) were destroyed without a despawn; forgetting them
[nebula] 0 entity object(s) were destroyed without a despawn; forgetting them
[nebula] 0 entity object(s) were destroyed without a despawn; forgetting them
[nebula] 0 entity object(s) were destroyed without a despawn; forgetting them
[nebula] 0 entity object(s) were destroyed without a despawn; forgetting them
[nebula] 0 entity object(s) were destroyed without a despawn; forgetting them
[nebula] 0 entity object(s) were destroyed without a despawn; forgetting them
[nebula] 0 entity object(s) were destroyed without a despawn; forgetting them
[nebula] 0 entity object(s) were destroyed without a despawn; forgetting them
[nebula] 0 entity object(s) were destroyed without a despawn; forgetting them
[nebula] 0 entity object(s) were destroyed without a despawn; forgetting them
[nebula] 0 entity object(s) were destroyed without a despawn; forgetting them
[nebula] 0 entity object(s) were destroyed without a despawn; forgetting them
[nebula] 0 entity object(s) were destroyed without a despawn; forgetting them
[nebula] 0 entity object(s) were destroyed without a despawn; forgetting them
[nebula] 0 entity object(s) were destroyed without a despawn; forgetting them
[nebula] 0 entity object(s) were destroyed without a despawn; forgetting them
[nebula] 0 entity object(s) were destroyed without a despawn; forgetting them
[nebula] 0 entity object(s) were destroyed without a despawn; forgetting them
[nebula] 0 entity object(s) were destroyed without a despawn; forgetting them
[nebula] 0 entity object(s) were destroyed without a despawn; forgetting them
[nebula] 0 entity object(s) were destroyed without a despawn; forgetting them
[nebula] 0 entity object(s) were destroyed without a despawn; forgetting them
[nebula] 0 entity object(s) were destroyed without a despawn; forgetting them
[nebula] 0 entity object(s) were destroyed without a despawn; forgetting them
[nebula] 0 entity object(s) were destroyed without a despawn; forgetting them
[nebula] 0 entity object(s) were destroyed without a despawn; forgetting them
[nebula] 0 entity object(s) were destroyed without a despawn; forgetting them
[nebula] 0 entity object(s) were destroyed without a despawn; forgetting them
[nebula] 0 entity object(s) were destroyed without a despawn; forgetting them
[nebula] 0 entity object(s) were destroyed without a despawn; forgetting them
[nebula] 0 entity object(s) were destroyed without a despawn; forgetting them
[nebula] 0 entity object(s) were destroyed without a despawn; forgetting them
[nebula] 0 entity object(s) were destroyed without a despawn; forgetting them
[nebula] 0 entity object(s) were destroyed without a despawn; forgetting them
[nebula] 0 entity object(s) were destroyed without a despawn; forgetting them
[nebula] 0 entity object(s) were destroyed without a despawn; forgetting them
[nebula] 0 entity object(s) were destroyed without a despawn; forgetting them
[nebula] 0 entity object(s) were destroyed without a despawn; forgetting them
[nebula] 0 entity object(s) were destroyed without a despawn; forgetting them
[nebula] 0 entity object(s) were destroyed without a despawn; forgetting them
[nebula] 0 entity object(s) were destroyed without a despawn; forgetting them
[nebula] 0 entity object(s) were destroyed without a despawn; forgetting them
[nebula] 0 entity object(s) were destroyed without a despawn; forgetting them
[nebula] 0 entity object(s) were destroyed without a despawn; forgetting them
[nebula] 0 entity object(s) were destroyed without a despawn; forgetting them
[nebula] 0 entity object(s) were destroyed without a despawn; forgetting them
[nebula] 0 entity object(s) were destroyed without a despawn; forgetting them
[nebula] 0 entity object(s) were destroyed without a despawn; forgetting them
[nebula] 0 entity object(s) were destroyed without a despawn; forgetting them
[nebula] 0 entity object(s) were destroyed without a despawn; forgetting them
[nebula] 0 entity object(s) were destroyed without a despawn; forgetting them
[nebula] 0 entity object(s) were destroyed without a despawn; forgetting them
[nebula] 0 entity object(s) were destroyed without a despawn; forgetting them
[nebula] 0 entity object(s) were destroyed without a despawn; forgetting them
[nebula] 0 entity object(s) were destroyed without a despawn; forgetting them
[nebula] 0 entity object(s) were destroyed without a despawn; forgetting them
[nebula] 0 entity object(s) were destroyed without a despawn; forgetting them
[nebula] 0 entity object(s) were destroyed without a despawn; forgetting them
[nebula] 0 entity object(s) were destroyed without a despawn; forgetting them
[nebula] 0 entity object(s) were destroyed without a despawn; forgetting them
[nebula] 0 entity object(s) were destroyed without a despawn; forgetting them
[nebula] profile 300 ticks/5s 300 frames avg 0.8ms max 2.2ms dup 0 skip 0 gc 22 auth 30 ghosts 0 | poll=0.01 ghosts=0.00 physics.sync=0.00 simulate=0.01 poses=0.04 containers=0.63 band=0.03 publish=0.02 gap=15.83 interest=0.01
[nebula] 0 entity object(s) were destroyed without a despawn; forgetting them
[nebula] 0 entity object(s) were destroyed without a despawn; forgetting them
[nebula] 0 entity object(s) were destroyed without a despawn; forgetting them
[nebula] 0 entity object(s) were destroyed without a despawn; forgetting them
[nebula] 0 entity object(s) were destroyed without a despawn; forgetting them
[nebula] 0 entity object(s) were destroyed without a despawn; forgetting them
[nebula] 0 entity object(s) were destroyed without a despawn; forgetting them
[nebula] 0 entity object(s) were destroyed without a despawn; forgetting them
[nebula] 0 entity object(s) were destroyed without a despawn; forgetting them
[nebula] 0 entity object(s) were destroyed without a despawn; forgetting them
[nebula] 0 entity object(s) were destroyed without a despawn; forgetting them
[nebula] 0 entity object(s) were destroyed without a despawn; forgetting them
[nebula] 0 entity object(s) were destroyed without a despawn; forgetting them
[nebula] 0 entity object(s) were destroyed without a despawn; forgetting them
[nebula] 0 entity object(s) were destroyed without a despawn; forgetting them
[nebula] 0 entity object(s) were destroyed without a despawn; forgetting them
[nebula] 0 entity object(s) were destroyed without a despawn; forgetting them
[nebula] 0 entity object(s) were destroyed without a despawn; forgetting them
[nebula] 0 entity object(s) were destroyed without a despawn; forgetting them
[nebula] 0 entity object(s) were destroyed without a despawn; forgetting them
[nebula] 0 entity object(s) were destroyed without a despawn; forgetting them
[nebula] 0 entity object(s) were destroyed without a despawn; forgetting them
[nebula] 0 entity object(s) were destroyed without a despawn; forgetting them
[nebula] 0 entity object(s) were destroyed without a despawn; forgetting them
[nebula] 0 entity object(s) were destroyed without a despawn; forgetting them
[nebula] 0 entity object(s) were destroyed without a despawn; forgetting them
[nebula] 0 entity object(s) were destroyed without a despawn; forgetting them
[nebula] 0 entity object(s) were destroyed without a despawn; forgetting them
[nebula] 0 entity object(s) were destroyed without a despawn; forgetting them
[nebula] 0 entity object(s) were destroyed without a despawn; forgetting them
[nebula] 0 entity object(s) were destroyed without a despawn; forgetting them
[nebula] 0 entity object(s) were destroyed without a despawn; forgetting them
[nebula] 0 entity object(s) were destroyed without a despawn; forgetting them
[nebula] 0 entity object(s) were destroyed without a despawn; forgetting them
[nebula] 0 entity object(s) were destroyed without a despawn; forgetting them
[nebula] 0 entity object(s) were destroyed without a despawn; forgetting them
[nebula] 0 entity object(s) were destroyed without a despawn; forgetting them
[nebula] 0 entity object(s) were destroyed without a despawn; forgetting them
[nebula] 0 entity object(s) were destroyed without a despawn; forgetting them
[nebula] 0 entity object(s) were destroyed without a despawn; forgetting them
[nebula] 0 entity object(s) were destroyed without a despawn; forgetting them
[nebula] 0 entity object(s) were destroyed without a despawn; forgetting them
[nebula] 0 entity object(s) were destroyed without a despawn; forgetting them
[nebula] 0 entity object(s) were destroyed without a despawn; forgetting them
[nebula] 0 entity object(s) were destroyed without a despawn; forgetting them
[nebula] 0 entity object(s) were destroyed without a despawn; forgetting them
[nebula] 0 entity object(s) were destroyed without a despawn; forgetting them
[nebula] 0 entity object(s) were destroyed without a despawn; forgetting them
[nebula] 0 entity object(s) were destroyed without a despawn; forgetting them
[nebula] 0 entity object(s) were destroyed without a despawn; forgetting them
[nebula] 0 entity object(s) were destroyed without a despawn; forgetting them
[nebula] 0 entity object(s) were destroyed without a despawn; forgetting them
[nebula] 0 entity object(s) were destroyed without a despawn; forgetting them
[nebula] 0 entity object(s) were destroyed without a despawn; forgetting them
[nebula] 0 entity object(s) were destroyed without a despawn; forgetting them
[nebula] 0 entity object(s) were destroyed without a despawn; forgetting them
[nebula] 0 entity object(s) were destroyed without a despawn; forgetting them
[nebula] 0 entity object(s) were destroyed without a despawn; forgetting them
[nebula] 0 entity object(s) were destroyed without a despawn; forgetting them
[nebula] 0 entity object(s) were destroyed without a despawn; forgetting them
[nebula] 0 entity object(s) were destroyed without a despawn; forgetting them
[nebula] 0 entity object(s) were destroyed without a despawn; forgetting them
[nebula] 0 entity object(s) were destroyed without a despawn; forgetting them
[nebula] local handover Player(Clone)#844424930131969(e2,rt_9223363240761753601,auth) rt_9223367638808264705 -> rt_9223363240761753601
[nebula] 0 entity object(s) were destroyed without a despawn; forgetting them
[nebula] 0 entity object(s) were destroyed without a despawn; forgetting them
[nebula] 0 entity object(s) were destroyed without a despawn; forgetting them
[nebula] 0 entity object(s) were destroyed without a despawn; forgetting them
[nebula] 0 entity object(s) were destroyed without a despawn; forgetting them
[nebula] 0 entity object(s) were destroyed without a despawn; forgetting them
[nebula] 0 entity object(s) were destroyed without a despawn; forgetting them
[nebula] 0 entity object(s) were destroyed without a despawn; forgetting them
[nebula] 0 entity object(s) were destroyed without a despawn; forgetting them
[nebula] 0 entity object(s) were destroyed without a despawn; forgetting them
[nebula] 0 entity object(s) were destroyed without a despawn; forgetting them
[nebula] 0 entity object(s) were destroyed without a despawn; forgetting them
[nebula] 0 entity object(s) were destroyed without a despawn; forgetting them
[nebula] 0 entity object(s) were destroyed without a despawn; forgetting them
[nebula] 0 entity object(s) were destroyed without a despawn; forgetting them
[nebula] 0 entity object(s) were destroyed without a despawn; forgetting them
[nebula] 0 entity object(s) were destroyed without a despawn; forgetting them
[nebula] 0 entity object(s) were destroyed without a despawn; forgetting them
[nebula] 0 entity object(s) were destroyed without a despawn; forgetting them
[nebula] 0 entity object(s) were destroyed without a despawn; forgetting them
[nebula] 0 entity object(s) were destroyed without a despawn; forgetting them
[nebula] 0 entity object(s) were destroyed without a despawn; forgetting them
[nebula] 0 entity object(s) were destroyed without a despawn; forgetting them
[nebula] 0 entity object(s) were destroyed without a despawn; forgetting them
[nebula] 0 entity object(s) were destroyed without a despawn; forgetting them
[nebula] 0 entity object(s) were destroyed without a despawn; forgetting them
[nebula] 0 entity object(s) were destroyed without a despawn; forgetting them
[nebula] 0 entity object(s) were destroyed without a despawn; forgetting them
[nebula] 0 entity object(s) were destroyed without a despawn; forgetting them
[nebula] 0 entity object(s) were destroyed without a despawn; forgetting them
[nebula] 0 entity object(s) were destroyed without a despawn; forgetting them
[nebula] 0 entity object(s) were destroyed without a despawn; forgetting them
[nebula] 0 entity object(s) were destroyed without a despawn; forgetting them
[nebula] 0 entity object(s) were destroyed without a despawn; forgetting them
[nebula] 0 entity object(s) were destroyed without a despawn; forgetting them
[nebula] 0 entity object(s) were destroyed without a despawn; forgetting them
[nebula] 0 entity object(s) were destroyed without a despawn; forgetting them
[nebula] 0 entity object(s) were destroyed without a despawn; forgetting them
[nebula] 0 entity object(s) were destroyed without a despawn; forgetting them
[nebula] 0 entity object(s) were destroyed without a despawn; forgetting them
[nebula] 0 entity object(s) were destroyed without a despawn; forgetting them
[nebula] 0 entity object(s) were destroyed without a despawn; forgetting them
[nebula] 0 entity object(s) were destroyed without a despawn; forgetting them
[nebula] 0 entity object(s) were destroyed without a despawn; forgetting them
[nebula] 0 entity object(s) were destroyed without a despawn; forgetting them
[nebula] 0 entity object(s) were destroyed without a despawn; forgetting them
[nebula] 0 entity object(s) were destroyed without a despawn; forgetting them
[nebula] 0 entity object(s) were destroyed without a despawn; forgetting them
[nebula] 0 entity object(s) were destroyed without a despawn; forgetting them
[nebula] 0 entity object(s) were destroyed without a despawn; forgetting them
[nebula] 0 entity object(s) were destroyed without a despawn; forgetting them
[nebula] 0 entity object(s) were destroyed without a despawn; forgetting them
[nebula] 0 entity object(s) were destroyed without a despawn; forgetting them
[nebula] 0 entity object(s) were destroyed without a despawn; forgetting them
[nebula] 0 entity object(s) were destroyed without a despawn; forgetting them
[nebula] 0 entity object(s) were destroyed without a despawn; forgetting them
[nebula] 0 entity object(s) were destroyed without a despawn; forgetting them
[nebula] 0 entity object(s) were destroyed without a despawn; forgetting them
[nebula] 0 entity object(s) were destroyed without a despawn; forgetting them
[nebula] 0 entity object(s) were destroyed without a despawn; forgetting them
[nebula] 0 entity object(s) were destroyed without a despawn; forgetting them
[nebula] 0 entity object(s) were destroyed without a despawn; forgetting them
[nebula] 0 entity object(s) were destroyed without a despawn; forgetting them
[nebula] 0 entity object(s) were destroyed without a despawn; forgetting them
[nebula] 0 entity object(s) were destroyed without a despawn; forgetting them
[nebula] 0 entity object(s) were destroyed without a despawn; forgetting them
[nebula] 0 entity object(s) were destroyed without a despawn; forgetting them
[nebula] 0 entity object(s) were destroyed without a despawn; forgetting them
[nebula] 0 entity object(s) were destroyed without a despawn; forgetting them
[nebula] 0 entity object(s) were destroyed without a despawn; forgetting them
[nebula] 0 entity object(s) were destroyed without a despawn; forgetting them
[nebula] 0 entity object(s) were destroyed without a despawn; forgetting them
[nebula] 0 entity object(s) were destroyed without a despawn; forgetting them
[nebula] 0 entity object(s) were destroyed without a despawn; forgetting them
[nebula] 0 entity object(s) were destroyed without a despawn; forgetting them
[nebula] 0 entity object(s) were destroyed without a despawn; forgetting them
[nebula] 0 entity object(s) were destroyed without a despawn; forgetting them
[nebula] 0 entity object(s) were destroyed without a despawn; forgetting them
[nebula] 0 entity object(s) were destroyed without a despawn; forgetting them
[nebula] 0 entity object(s) were destroyed without a despawn; forgetting them
[nebula] 0 entity object(s) were destroyed without a despawn; forgetting them
[nebula] 0 entity object(s) were destroyed without a despawn; forgetting them
[nebula] 0 entity object(s) were destroyed without a despawn; forgetting them
[nebula] 0 entity object(s) were destroyed without a despawn; forgetting them
[nebula] 0 entity object(s) were destroyed without a despawn; forgetting them
[nebula] 0 entity object(s) were destroyed without a despawn; forgetting them
[nebula] 0 entity object(s) were destroyed without a despawn; forgetting them
[nebula] 0 entity object(s) were destroyed without a despawn; forgetting them
[nebula] 0 entity object(s) were destroyed without a despawn; forgetting them
[nebula] 0 entity object(s) were destroyed without a despawn; forgetting them
[nebula] 0 entity object(s) were destroyed without a despawn; forgetting them
[nebula] 0 entity object(s) were destroyed without a despawn; forgetting them
[nebula] 0 entity object(s) were destroyed without a despawn; forgetting them
[nebula] 0 entity object(s) were destroyed without a despawn; forgetting them
[nebula] 0 entity object(s) were destroyed without a despawn; forgetting them
[nebula] 0 entity object(s) were destroyed without a despawn; forgetting them
[nebula] 0 entity object(s) were destroyed without a despawn; forgetting them
[nebula] 0 entity object(s) were destroyed without a despawn; forgetting them
[nebula] 0 entity object(s) were destroyed without a despawn; forgetting them
[nebula] 0 entity object(s) were destroyed without a despawn; forgetting them
[nebula] 0 entity object(s) were destroyed without a despawn; forgetting them
[nebula] 0 entity object(s) were destroyed without a despawn; forgetting them
[nebula] 0 entity object(s) were destroyed without a despawn; forgetting them
[nebula] 0 entity object(s) were destroyed without a despawn; forgetting them
[nebula] 0 entity object(s) were destroyed without a despawn; forgetting them
[nebula] 0 entity object(s) were destroyed without a despawn; forgetting them
[nebula] 0 entity object(s) were destroyed without a despawn; forgetting them
[nebula] 0 entity object(s) were destroyed without a despawn; forgetting them
[nebula] 0 entity object(s) were destroyed without a despawn; forgetting them
[nebula] 0 entity object(s) were destroyed without a despawn; forgetting them
[nebula] 0 entity object(s) were destroyed without a despawn; forgetting them
[nebula] 0 entity object(s) were destroyed without a despawn; forgetting them
[nebula] 0 entity object(s) were destroyed without a despawn; forgetting them
[nebula] 0 entity object(s) were destroyed without a despawn; forgetting them
[nebula] 0 entity object(s) were destroyed without a despawn; forgetting them
[nebula] 0 entity object(s) were destroyed without a despawn; forgetting them
[nebula] 0 entity object(s) were destroyed without a despawn; forgetting them
[nebula] 0 entity object(s) were destroyed without a despawn; forgetting them
[nebula] 0 entity object(s) were destroyed without a despawn; forgetting them
[nebula] 0 entity object(s) were destroyed without a despawn; forgetting them
[nebula] 0 entity object(s) were destroyed without a despawn; forgetting them
[nebula] 0 entity object(s) were destroyed without a despawn; forgetting them
[nebula] 0 entity object(s) were destroyed without a despawn; forgetting them
[nebula] 0 entity object(s) were destroyed without a despawn; forgetting them
[nebula] 0 entity object(s) were destroyed without a despawn; forgetting them
[nebula] 0 entity object(s) were destroyed without a despawn; forgetting them
[nebula] 0 entity object(s) were destroyed without a despawn; forgetting them
[nebula] 0 entity object(s) were destroyed without a despawn; forgetting them
[nebula] 0 entity object(s) were destroyed without a despawn; forgetting them
[nebula] 0 entity object(s) were destroyed without a despawn; forgetting them
[nebula] 0 entity object(s) were destroyed without a despawn; forgetting them
[nebula] 0 entity object(s) were destroyed without a despawn; forgetting them
[nebula] 0 entity object(s) were destroyed without a despawn; forgetting them
[nebula] 0 entity object(s) were destroyed without a despawn; forgetting them
[nebula] 0 entity object(s) were destroyed without a despawn; forgetting them
[nebula] 0 entity object(s) were destroyed without a despawn; forgetting them
[nebula] 0 entity object(s) were destroyed without a despawn; forgetting them
[nebula] 0 entity object(s) were destroyed without a despawn; forgetting them
[nebula] 0 entity object(s) were destroyed without a despawn; forgetting them
[nebula] 0 entity object(s) were destroyed without a despawn; forgetting them
[nebula] 0 entity object(s) were destroyed without a despawn; forgetting them
[nebula] 0 entity object(s) were destroyed without a despawn; forgetting them
[nebula] 0 entity object(s) were destroyed without a despawn; forgetting them
[nebula] 0 entity object(s) were destroyed without a despawn; forgetting them
[nebula] 0 entity object(s) were destroyed without a despawn; forgetting them
[nebula] 0 entity object(s) were destroyed without a despawn; forgetting them
[nebula] 0 entity object(s) were destroyed without a despawn; forgetting them
[nebula] 0 entity object(s) were destroyed without a despawn; forgetting them
[nebula] 0 entity object(s) were destroyed without a despawn; forgetting them
[nebula] local handover Player(Clone)#844424930131969(e2,rt_9223363240761753602,auth) rt_9223363240761753601 -> rt_9223363240761753602
[nebula] 0 entity object(s) were destroyed without a despawn; forgetting them
[nebula] 0 entity object(s) were destroyed without a despawn; forgetting them
[nebula] 0 entity object(s) were destroyed without a despawn; forgetting them
[nebula] 0 entity object(s) were destroyed without a despawn; forgetting them
[nebula] 0 entity object(s) were destroyed without a despawn; forgetting them
[nebula] 0 entity object(s) were destroyed without a despawn; forgetting them
[nebula] 0 entity object(s) were destroyed without a despawn; forgetting them
[nebula] 0 entity object(s) were destroyed without a despawn; forgetting them
[nebula] 0 entity object(s) were destroyed without a despawn; forgetting them
[nebula] 0 entity object(s) were destroyed without a despawn; forgetting them
[nebula] 0 entity object(s) were destroyed without a despawn; forgetting them
[nebula] 0 entity object(s) were destroyed without a despawn; forgetting them
[nebula] 0 entity object(s) were destroyed without a despawn; forgetting them
[nebula] 0 entity object(s) were destroyed without a despawn; forgetting them
[nebula] 0 entity object(s) were destroyed without a despawn; forgetting them
[nebula] 0 entity object(s) were destroyed without a despawn; forgetting them
[nebula] 0 entity object(s) were destroyed without a despawn; forgetting them
[nebula] 0 entity object(s) were destroyed without a despawn; forgetting them
[nebula] 0 entity object(s) were destroyed without a despawn; forgetting them
[nebula] 0 entity object(s) were destroyed without a despawn; forgetting them
[nebula] 0 entity object(s) were destroyed without a despawn; forgetting them
[nebula] 0 entity object(s) were destroyed without a despawn; forgetting them
[nebula] 0 entity object(s) were destroyed without a despawn; forgetting them
[nebula] 0 entity object(s) were destroyed without a despawn; forgetting them
[nebula] 0 entity object(s) were destroyed without a despawn; forgetting them
[nebula] 0 entity object(s) were destroyed without a despawn; forgetting them
[nebula] 0 entity object(s) were destroyed without a despawn; forgetting them
[nebula] 0 entity object(s) were destroyed without a despawn; forgetting them
[nebula] 0 entity object(s) were destroyed without a despawn; forgetting them
[nebula] 0 entity object(s) were destroyed without a despawn; forgetting them
[nebula] 0 entity object(s) were destroyed without a despawn; forgetting them
[nebula] 0 entity object(s) were destroyed without a despawn; forgetting them
[nebula] 0 entity object(s) were destroyed without a despawn; forgetting them
[nebula] 0 entity object(s) were destroyed without a despawn; forgetting them
[nebula] 0 entity object(s) were destroyed without a despawn; forgetting them
[nebula] 0 entity object(s) were destroyed without a despawn; forgetting them
[nebula] 0 entity object(s) were destroyed without a despawn; forgetting them
[nebula] 0 entity object(s) were destroyed without a despawn; forgetting them
[nebula] 0 entity object(s) were destroyed without a despawn; forgetting them
[nebula] 0 entity object(s) were destroyed without a despawn; forgetting them
[nebula] 0 entity object(s) were destroyed without a despawn; forgetting them
[nebula] 0 entity object(s) were destroyed without a despawn; forgetting them
[nebula] 0 entity object(s) were destroyed without a despawn; forgetting them
[nebula] 0 entity object(s) were destroyed without a despawn; forgetting them
[nebula] 0 entity object(s) were destroyed without a despawn; forgetting them
[nebula] 0 entity object(s) were destroyed without a despawn; forgetting them
[nebula] 0 entity object(s) were destroyed without a despawn; forgetting them
[nebula] 0 entity object(s) were destroyed without a despawn; forgetting them
[nebula] 0 entity object(s) were destroyed without a despawn; forgetting them
[nebula] 0 entity object(s) were destroyed without a despawn; forgetting them
[nebula] 0 entity object(s) were destroyed without a despawn; forgetting them
[nebula] 0 entity object(s) were destroyed without a despawn; forgetting them
[nebula] 0 entity object(s) were destroyed without a despawn; forgetting them
[nebula] 0 entity object(s) were destroyed without a despawn; forgetting them
[nebula] 0 entity object(s) were destroyed without a despawn; forgetting them
[nebula] 0 entity object(s) were destroyed without a despawn; forgetting them
[nebula] 0 entity object(s) were destroyed without a despawn; forgetting them
[nebula] 0 entity object(s) were destroyed without a despawn; forgetting them
[nebula] 0 entity object(s) were destroyed without a despawn; forgetting them
[nebula] 0 entity object(s) were destroyed without a despawn; forgetting them
[nebula] 0 entity object(s) were destroyed without a despawn; forgetting them
[nebula] 0 entity object(s) were destroyed without a despawn; forgetting them
[nebula] 0 entity object(s) were destroyed without a despawn; forgetting them
[nebula] 0 entity object(s) were destroyed without a despawn; forgetting them
[nebula] 0 entity object(s) were destroyed without a despawn; forgetting them
[nebula] 0 entity object(s) were destroyed without a despawn; forgetting them
[nebula] 0 entity object(s) were destroyed without a despawn; forgetting them
[nebula] 0 entity object(s) were destroyed without a despawn; forgetting them
[nebula] 0 entity object(s) were destroyed without a despawn; forgetting them
[nebula] 0 entity object(s) were destroyed without a despawn; forgetting them
[nebula] 0 entity object(s) were destroyed without a despawn; forgetting them
[nebula] 0 entity object(s) were destroyed without a despawn; forgetting them
[nebula] 0 entity object(s) were destroyed without a despawn; forgetting them
[nebula] 0 entity object(s) were destroyed without a despawn; forgetting them
[nebula] 0 entity object(s) were destroyed without a despawn; forgetting them
[nebula] 0 entity object(s) were destroyed without a despawn; forgetting them
[nebula] 0 entity object(s) were destroyed without a despawn; forgetting them
[nebula] 0 entity object(s) were destroyed without a despawn; forgetting them
[nebula] 0 entity object(s) were destroyed without a despawn; forgetting them
[nebula] 0 entity object(s) were destroyed without a despawn; forgetting them
[nebula] 0 entity object(s) were destroyed without a despawn; forgetting them
[nebula] 0 entity object(s) were destroyed without a despawn; forgetting them
[nebula] 0 entity object(s) were destroyed without a despawn; forgetting them
[nebula] 0 entity object(s) were destroyed without a despawn; forgetting them
[nebula] 0 entity object(s) were destroyed without a despawn; forgetting them
[nebula] 0 entity object(s) were destroyed without a despawn; forgetting them
[nebula] 0 entity object(s) were destroyed without a despawn; forgetting them
[nebula] 0 entity object(s) were destroyed without a despawn; forgetting them
[nebula] profile 300 ticks/5s 300 frames avg 0.9ms max 1.3ms dup 0 skip 0 gc 24 auth 30 ghosts 0 | poll=0.01 ghosts=0.00 physics.sync=0.00 simulate=0.01 poses=0.04 containers=0.67 band=0.03 publish=0.02 gap=15.77 interest=0.02
[nebula] 0 entity object(s) were destroyed without a despawn; forgetting them
[nebula] 0 entity object(s) were destroyed without a despawn; forgetting them
[nebula] 0 entity object(s) were destroyed without a despawn; forgetting them
[nebula] 0 entity object(s) were destroyed without a despawn; forgetting them
[nebula] 0 entity object(s) were destroyed without a despawn; forgetting them
[nebula] 0 entity object(s) were destroyed without a despawn; forgetting them
[nebula] 0 entity object(s) were destroyed without a despawn; forgetting them
[nebula] 0 entity object(s) were destroyed without a despawn; forgetting them
[nebula] 0 entity object(s) were destroyed without a despawn; forgetting them
[nebula] 0 entity object(s) were destroyed without a despawn; forgetting them
[nebula] 0 entity object(s) were destroyed without a despawn; forgetting them
[nebula] 0 entity object(s) were destroyed without a despawn; forgetting them
[nebula] 0 entity object(s) were destroyed without a despawn; forgetting them
[nebula] 0 entity object(s) were destroyed without a despawn; forgetting them
[nebula] 0 entity object(s) were destroyed without a despawn; forgetting them
[nebula] 0 entity object(s) were destroyed without a despawn; forgetting them
[nebula] 0 entity object(s) were destroyed without a despawn; forgetting them
[nebula] 0 entity object(s) were destroyed without a despawn; forgetting them
[nebula] 0 entity object(s) were destroyed without a despawn; forgetting them
[nebula] 0 entity object(s) were destroyed without a despawn; forgetting them
[nebula] 0 entity object(s) were destroyed without a despawn; forgetting them
[nebula] 0 entity object(s) were destroyed without a despawn; forgetting them
[nebula] 0 entity object(s) were destroyed without a despawn; forgetting them
[nebula] 0 entity object(s) were destroyed without a despawn; forgetting them
[nebula] 0 entity object(s) were destroyed without a despawn; forgetting them
[nebula] 0 entity object(s) were destroyed without a despawn; forgetting them
[nebula] 0 entity object(s) were destroyed without a despawn; forgetting them
[nebula] 0 entity object(s) were destroyed without a despawn; forgetting them
[nebula] 0 entity object(s) were destroyed without a despawn; forgetting them
[nebula] 0 entity object(s) were destroyed without a despawn; forgetting them
[nebula] 0 entity object(s) were destroyed without a despawn; forgetting them
[nebula] 0 entity object(s) were destroyed without a despawn; forgetting them
[nebula] 0 entity object(s) were destroyed without a despawn; forgetting them
[nebula] 0 entity object(s) were destroyed without a despawn; forgetting them
[nebula] 0 entity object(s) were destroyed without a despawn; forgetting them
[nebula] 0 entity object(s) were destroyed without a despawn; forgetting them
[nebula] 0 entity object(s) were destroyed without a despawn; forgetting them
[nebula] 0 entity object(s) were destroyed without a despawn; forgetting them
[nebula] 0 entity object(s) were destroyed without a despawn; forgetting them
[nebula] 0 entity object(s) were destroyed without a despawn; forgetting them
[nebula] 0 entity object(s) were destroyed without a despawn; forgetting them
[nebula] 0 entity object(s) were destroyed without a despawn; forgetting them
[nebula] 0 entity object(s) were destroyed without a despawn; forgetting them
[nebula] 0 entity object(s) were destroyed without a despawn; forgetting them
[nebula] 0 entity object(s) were destroyed without a despawn; forgetting them
[nebula] 0 entity object(s) were destroyed without a despawn; forgetting them
[nebula] 0 entity object(s) were destroyed without a despawn; forgetting them
[nebula] 0 entity object(s) were destroyed without a despawn; forgetting them
[nebula] 0 entity object(s) were destroyed without a despawn; forgetting them
[nebula] 0 entity object(s) were destroyed without a despawn; forgetting them
[nebula] 0 entity object(s) were destroyed without a despawn; forgetting them
[nebula] 0 entity object(s) were destroyed without a despawn; forgetting them
[nebula] 0 entity object(s) were destroyed without a despawn; forgetting them
[nebula] 0 entity object(s) were destroyed without a despawn; forgetting them
[nebula] 0 entity object(s) were destroyed without a despawn; forgetting them
[nebula] 0 entity object(s) were destroyed without a despawn; forgetting them
[nebula] 0 entity object(s) were destroyed without a despawn; forgetting them
[nebula] 0 entity object(s) were destroyed without a despawn; forgetting them
[nebula] 0 entity object(s) were destroyed without a despawn; forgetting them
[nebula] 0 entity object(s) were destroyed without a despawn; forgetting them
[nebula] 0 entity object(s) were destroyed without a despawn; forgetting them
[nebula] 0 entity object(s) were destroyed without a despawn; forgetting them
[nebula] 0 entity object(s) were destroyed without a despawn; forgetting them
[nebula] 0 entity object(s) were destroyed without a despawn; forgetting them
[nebula] 0 entity object(s) were destroyed without a despawn; forgetting them
[nebula] local handover Player(Clone)#1125899906842625(e10,rt_1,auth) rt_0 -> rt_1
[nebula] 0 entity object(s) were destroyed without a despawn; forgetting them
[nebula] 0 entity object(s) were destroyed without a despawn; forgetting them
[nebula] 0 entity object(s) were destroyed without a despawn; forgetting them
[nebula] 0 entity object(s) were destroyed without a despawn; forgetting them
[nebula] 0 entity object(s) were destroyed without a despawn; forgetting them
[nebula] 0 entity object(s) were destroyed without a despawn; forgetting them
[nebula] 0 entity object(s) were destroyed without a despawn; forgetting them
[nebula] 0 entity object(s) were destroyed without a despawn; forgetting them
[nebula] 0 entity object(s) were destroyed without a despawn; forgetting them
[nebula] 0 entity object(s) were destroyed without a despawn; forgetting them
[nebula] 0 entity object(s) were destroyed without a despawn; forgetting them
[nebula] 0 entity object(s) were destroyed without a despawn; forgetting them
[nebula] 0 entity object(s) were destroyed without a despawn; forgetting them
[nebula] 0 entity object(s) were destroyed without a despawn; forgetting them
[nebula] 0 entity object(s) were destroyed without a despawn; forgetting them
[nebula] 0 entity object(s) were destroyed without a despawn; forgetting them
[nebula] 0 entity object(s) were destroyed without a despawn; forgetting them
[nebula] 0 entity object(s) were destroyed without a despawn; forgetting them
[nebula] 0 entity object(s) were destroyed without a despawn; forgetting them
[nebula] 0 entity object(s) were destroyed without a despawn; forgetting them
[nebula] 0 entity object(s) were destroyed without a despawn; forgetting them
[nebula] 0 entity object(s) were destroyed without a despawn; forgetting them
[nebula] 0 entity object(s) were destroyed without a despawn; forgetting them
[nebula] 0 entity object(s) were destroyed without a despawn; forgetting them
[nebula] 0 entity object(s) were destroyed without a despawn; forgetting them
[nebula] 0 entity object(s) were destroyed without a despawn; forgetting them
[nebula] 0 entity object(s) were destroyed without a despawn; forgetting them
[nebula] 0 entity object(s) were destroyed without a despawn; forgetting them
[nebula] 0 entity object(s) were destroyed without a despawn; forgetting them
[nebula] 0 entity object(s) were destroyed without a despawn; forgetting them
[nebula] 0 entity object(s) were destroyed without a despawn; forgetting them
[nebula] 0 entity object(s) were destroyed without a despawn; forgetting them
[nebula] 0 entity object(s) were destroyed without a despawn; forgetting them
[nebula] 0 entity object(s) were destroyed without a despawn; forgetting them
[nebula] 0 entity object(s) were destroyed without a despawn; forgetting them
[nebula] 0 entity object(s) were destroyed without a despawn; forgetting them
[nebula] 0 entity object(s) were destroyed without a despawn; forgetting them
[nebula] 0 entity object(s) were destroyed without a despawn; forgetting them
[nebula] 0 entity object(s) were destroyed without a despawn; forgetting them
[nebula] 0 entity object(s) were destroyed without a despawn; forgetting them
[nebula] 0 entity object(s) were destroyed without a despawn; forgetting them
[nebula] 0 entity object(s) were destroyed without a despawn; forgetting them
[nebula] 0 entity object(s) were destroyed without a despawn; forgetting them
[nebula] 0 entity object(s) were destroyed without a despawn; forgetting them
[nebula] 0 entity object(s) were destroyed without a despawn; forgetting them
[nebula] 0 entity object(s) were destroyed without a despawn; forgetting them
[nebula] 0 entity object(s) were destroyed without a despawn; forgetting them
[nebula] 0 entity object(s) were destroyed without a despawn; forgetting them
[nebula] 0 entity object(s) were destroyed without a despawn; forgetting them
[nebula] 0 entity object(s) were destroyed without a despawn; forgetting them
[nebula] 0 entity object(s) were destroyed without a despawn; forgetting them
[nebula] 0 entity object(s) were destroyed without a despawn; forgetting them
[nebula] 0 entity object(s) were destroyed without a despawn; forgetting them
[nebula] 0 entity object(s) were destroyed without a despawn; forgetting them
[nebula] 0 entity object(s) were destroyed without a despawn; forgetting them
[nebula] 0 entity object(s) were destroyed without a despawn; forgetting them
[nebula] 0 entity object(s) were destroyed without a despawn; forgetting them
[nebula] 0 entity object(s) were destroyed without a despawn; forgetting them
[nebula] 0 entity object(s) were destroyed without a despawn; forgetting them
[nebula] 0 entity object(s) were destroyed without a despawn; forgetting them
[nebula] 0 entity object(s) were destroyed without a despawn; forgetting them
[nebula] 0 entity object(s) were destroyed without a despawn; forgetting them
[nebula] 0 entity object(s) were destroyed without a despawn; forgetting them
[nebula] 0 entity object(s) were destroyed without a despawn; forgetting them
[nebula] 0 entity object(s) were destroyed without a despawn; forgetting them
[nebula] 0 entity object(s) were destroyed without a despawn; forgetting them
[nebula] 0 entity object(s) were destroyed without a despawn; forgetting them
[nebula] 0 entity object(s) were destroyed without a despawn; forgetting them
[nebula] 0 entity object(s) were destroyed without a despawn; forgetting them
[nebula] 0 entity object(s) were destroyed without a despawn; forgetting them
[nebula] 0 entity object(s) were destroyed without a despawn; forgetting them
[nebula] 0 entity object(s) were destroyed without a despawn; forgetting them
[nebula] 0 entity object(s) were destroyed without a despawn; forgetting them
[nebula] 0 entity object(s) were destroyed without a despawn; forgetting them
[nebula] 0 entity object(s) were destroyed without a despawn; forgetting them
[nebula] 0 entity object(s) were destroyed without a despawn; forgetting them
[nebula] 0 entity object(s) were destroyed without a despawn; forgetting them
[nebula] 0 entity object(s) were destroyed without a despawn; forgetting them
[nebula] 0 entity object(s) were destroyed without a despawn; forgetting them
[nebula] 0 entity object(s) were destroyed without a despawn; forgetting them
[nebula] 0 entity object(s) were destroyed without a despawn; forgetting them
[nebula] 0 entity object(s) were destroyed without a despawn; forgetting them
[nebula] 0 entity object(s) were destroyed without a despawn; forgetting them
[nebula] 0 entity object(s) were destroyed without a despawn; forgetting them
[nebula] 0 entity object(s) were destroyed without a despawn; forgetting them
[nebula] 0 entity object(s) were destroyed without a despawn; forgetting them
[nebula] 0 entity object(s) were destroyed without a despawn; forgetting them
[nebula] 0 entity object(s) were destroyed without a despawn; forgetting them
[nebula] 0 entity object(s) were destroyed without a despawn; forgetting them
[nebula] 0 entity object(s) were destroyed without a despawn; forgetting them
[nebula] 0 entity object(s) were destroyed without a despawn; forgetting them
[nebula] 0 entity object(s) were destroyed without a despawn; forgetting them
[nebula] 0 entity object(s) were destroyed without a despawn; forgetting them
[nebula] 0 entity object(s) were destroyed without a despawn; forgetting them
[nebula] 0 entity object(s) were destroyed without a despawn; forgetting them
[nebula] 0 entity object(s) were destroyed without a despawn; forgetting them
[nebula] 0 entity object(s) were destroyed without a despawn; forgetting them
[nebula] 0 entity object(s) were destroyed without a despawn; forgetting them
[nebula] 0 entity object(s) were destroyed without a despawn; forgetting them
[nebula] 0 entity object(s) were destroyed without a despawn; forgetting them
[nebula] 0 entity object(s) were destroyed without a despawn; forgetting them
[nebula] 0 entity object(s) were destroyed without a despawn; forgetting them
[nebula] 0 entity object(s) were destroyed without a despawn; forgetting them
[nebula] 0 entity object(s) were destroyed without a despawn; forgetting them
[nebula] 0 entity object(s) were destroyed without a despawn; forgetting them
[nebula] 0 entity object(s) were destroyed without a despawn; forgetting them
[nebula] 0 entity object(s) were destroyed without a despawn; forgetting them
[nebula] 0 entity object(s) were destroyed without a despawn; forgetting them
[nebula] 0 entity object(s) were destroyed without a despawn; forgetting them
[nebula] 0 entity object(s) were destroyed without a despawn; forgetting them
[nebula] 0 entity object(s) were destroyed without a despawn; forgetting them
[nebula] 0 entity object(s) were destroyed without a despawn; forgetting them
[nebula] 0 entity object(s) were destroyed without a despawn; forgetting them
[nebula] 0 entity object(s) were destroyed without a despawn; forgetting them
[nebula] 0 entity object(s) were destroyed without a despawn; forgetting them
[nebula] 0 entity object(s) were destroyed without a despawn; forgetting them
[nebula] 0 entity object(s) were destroyed without a despawn; forgetting them
[nebula] 0 entity object(s) were destroyed without a despawn; forgetting them
[nebula] 0 entity object(s) were destroyed without a despawn; forgetting them
[nebula] 0 entity object(s) were destroyed without a despawn; forgetting them
[nebula] 0 entity object(s) were destroyed without a despawn; forgetting them
[nebula] 0 entity object(s) were destroyed without a despawn; forgetting them
[nebula] 0 entity object(s) were destroyed without a despawn; forgetting them
[nebula] 0 entity object(s) were destroyed without a despawn; forgetting them
[nebula] 0 entity object(s) were destroyed without a despawn; forgetting them
[nebula] 0 entity object(s) were destroyed without a despawn; forgetting them
[nebula] 0 entity object(s) were destroyed without a despawn; forgetting them
[nebula] 0 entity object(s) were destroyed without a despawn; forgetting them
[nebula] 0 entity object(s) were destroyed without a despawn; forgetting them
[nebula] 0 entity object(s) were destroyed without a despawn; forgetting them
[nebula] 0 entity object(s) were destroyed without a despawn; forgetting them
[nebula] 0 entity object(s) were destroyed without a despawn; forgetting them
[nebula] 0 entity object(s) were destroyed without a despawn; forgetting them
[nebula] 0 entity object(s) were destroyed without a despawn; forgetting them
[nebula] 0 entity object(s) were destroyed without a despawn; forgetting them
[nebula] 0 entity object(s) were destroyed without a despawn; forgetting them
[nebula] 0 entity object(s) were destroyed without a despawn; forgetting them
[nebula] 0 entity object(s) were destroyed without a despawn; forgetting them
[nebula] 0 entity object(s) were destroyed without a despawn; forgetting them
[nebula] 0 entity object(s) were destroyed without a despawn; forgetting them
[nebula] 0 entity object(s) were destroyed without a despawn; forgetting them
[nebula] 0 entity object(s) were destroyed without a despawn; forgetting them
[nebula] 0 entity object(s) were destroyed without a despawn; forgetting them
[nebula] 0 entity object(s) were destroyed without a despawn; forgetting them
[nebula] 0 entity object(s) were destroyed without a despawn; forgetting them
[nebula] 0 entity object(s) were destroyed without a despawn; forgetting them
[nebula] 0 entity object(s) were destroyed without a despawn; forgetting them
[nebula] 0 entity object(s) were destroyed without a despawn; forgetting them
[nebula] 0 entity object(s) were destroyed without a despawn; forgetting them
[nebula] 0 entity object(s) were destroyed without a despawn; forgetting them
[nebula] 0 entity object(s) were destroyed without a despawn; forgetting them
[nebula] 0 entity object(s) were destroyed without a despawn; forgetting them
[nebula] 0 entity object(s) were destroyed without a despawn; forgetting them
[nebula] 0 entity object(s) were destroyed without a despawn; forgetting them
[nebula] 0 entity object(s) were destroyed without a despawn; forgetting them
[nebula] 0 entity object(s) were destroyed without a despawn; forgetting them
[nebula] 0 entity object(s) were destroyed without a despawn; forgetting them
[nebula] 0 entity object(s) were destroyed without a despawn; forgetting them
[nebula] 0 entity object(s) were destroyed without a despawn; forgetting them
[nebula] 0 entity object(s) were destroyed without a despawn; forgetting them
[nebula] 0 entity object(s) were destroyed without a despawn; forgetting them
[nebula] 0 entity object(s) were destroyed without a despawn; forgetting them
[nebula] 0 entity object(s) were destroyed without a despawn; forgetting them
[nebula] 0 entity object(s) were destroyed without a despawn; forgetting them
[nebula] 0 entity object(s) were destroyed without a despawn; forgetting them
[nebula] 0 entity object(s) were destroyed without a despawn; forgetting them
[nebula] 0 entity object(s) were destroyed without a despawn; forgetting them
[nebula] 0 entity object(s) were destroyed without a despawn; forgetting them
[nebula] 0 entity object(s) were destroyed without a despawn; forgetting them
[nebula] 0 entity object(s) were destroyed without a despawn; forgetting them
[nebula] 0 entity object(s) were destroyed without a despawn; forgetting them
[nebula] 0 entity object(s) were destroyed without a despawn; forgetting them
[nebula] 0 entity object(s) were destroyed without a despawn; forgetting them
[nebula] 0 entity object(s) were destroyed without a despawn; forgetting them
[nebula] 0 entity object(s) were destroyed without a despawn; forgetting them
[nebula] 0 entity object(s) were destroyed without a despawn; forgetting them
[nebula] 0 entity object(s) were destroyed without a despawn; forgetting them
[nebula] 0 entity object(s) were destroyed without a despawn; forgetting them
[nebula] 0 entity object(s) were destroyed without a despawn; forgetting them
[nebula] 0 entity object(s) were destroyed without a despawn; forgetting them
[nebula] 0 entity object(s) were destroyed without a despawn; forgetting them
[nebula] 0 entity object(s) were destroyed without a despawn; forgetting them
[nebula] 0 entity object(s) were destroyed without a despawn; forgetting them
[nebula] 0 entity object(s) were destroyed without a despawn; forgetting them
[nebula] 0 entity object(s) were destroyed without a despawn; forgetting them
[nebula] 0 entity object(s) were destroyed without a despawn; forgetting them
[nebula] 0 entity object(s) were destroyed without a despawn; forgetting them
[nebula] 0 entity object(s) were destroyed without a despawn; forgetting them
[nebula] 0 entity object(s) were destroyed without a despawn; forgetting them
[nebula] 0 entity object(s) were destroyed without a despawn; forgetting them
[nebula] 0 entity object(s) were destroyed without a despawn; forgetting them
[nebula] 0 entity object(s) were destroyed without a despawn; forgetting them
[nebula] 0 entity object(s) were destroyed without a despawn; forgetting them
[nebula] 0 entity object(s) were destroyed without a despawn; forgetting them
[nebula] 0 entity object(s) were destroyed without a despawn; forgetting them
[nebula] 0 entity object(s) were destroyed without a despawn; forgetting them
[nebula] 0 entity object(s) were destroyed without a despawn; forgetting them
[nebula] 0 entity object(s) were destroyed without a despawn; forgetting them
[nebula] 0 entity object(s) were destroyed without a despawn; forgetting them
[nebula] 0 entity object(s) were destroyed without a despawn; forgetting them
[nebula] 0 entity object(s) were destroyed without a despawn; forgetting them
[nebula] 0 entity object(s) were destroyed without a despawn; forgetting them
[nebula] 0 entity object(s) were destroyed without a despawn; forgetting them
[nebula] 0 entity object(s) were destroyed without a despawn; forgetting them
[nebula] 0 entity object(s) were destroyed without a despawn; forgetting them
[nebula] 0 entity object(s) were destroyed without a despawn; forgetting them
[nebula] 0 entity object(s) were destroyed without a despawn; forgetting them
[nebula] 0 entity object(s) were destroyed without a despawn; forgetting them
[nebula] 0 entity object(s) were destroyed without a despawn; forgetting them
[nebula] 0 entity object(s) were destroyed without a despawn; forgetting them
[nebula] 0 entity object(s) were destroyed without a despawn; forgetting them
[nebula] 0 entity object(s) were destroyed without a despawn; forgetting them
[nebula] 0 entity object(s) were destroyed without a despawn; forgetting them
[nebula] 0 entity object(s) were destroyed without a despawn; forgetting them
[nebula] 0 entity object(s) were destroyed without a despawn; forgetting them
[nebula] 0 entity object(s) were destroyed without a despawn; forgetting them
[nebula] 0 entity object(s) were destroyed without a despawn; forgetting them
[nebula] 0 entity object(s) were destroyed without a despawn; forgetting them
[nebula] 0 entity object(s) were destroyed without a despawn; forgetting them
[nebula] 0 entity object(s) were destroyed without a despawn; forgetting them
[nebula] 0 entity object(s) were destroyed without a despawn; forgetting them
[nebula] 0 entity object(s) were destroyed without a despawn; forgetting them
[nebula] 0 entity object(s) were destroyed without a despawn; forgetting them
[nebula] 0 entity object(s) were destroyed without a despawn; forgetting them
[nebula] 0 entity object(s) were destroyed without a despawn; forgetting them
[nebula] 0 entity object(s) were destroyed without a despawn; forgetting them
[nebula] 0 entity object(s) were destroyed without a despawn; forgetting them
[nebula] 0 entity object(s) were destroyed without a despawn; forgetting them
[nebula] 0 entity object(s) were destroyed without a despawn; forgetting them
[nebula] 0 entity object(s) were destroyed without a despawn; forgetting them
[nebula] 0 entity object(s) were destroyed without a despawn; forgetting them
[nebula] 0 entity object(s) were destroyed without a despawn; forgetting them
[nebula] 0 entity object(s) were destroyed without a despawn; forgetting them
[nebula] 0 entity object(s) were destroyed without a despawn; forgetting them
[nebula] 0 entity object(s) were destroyed without a despawn; forgetting them
[nebula] profile 300 ticks/5s 300 frames avg 0.9ms max 2.3ms dup 0 skip 0 gc 31 auth 30 ghosts 0 | poll=0.01 ghosts=0.00 physics.sync=0.00 simulate=0.01 poses=0.04 containers=0.66 band=0.03 publish=0.03 gap=15.78 interest=0.02
[nebula] 0 entity object(s) were destroyed without a despawn; forgetting them
[nebula] 0 entity object(s) were destroyed without a despawn; forgetting them
[nebula] 0 entity object(s) were destroyed without a despawn; forgetting them
[nebula] 0 entity object(s) were destroyed without a despawn; forgetting them
[nebula] 0 entity object(s) were destroyed without a despawn; forgetting them
[nebula] 0 entity object(s) were destroyed without a despawn; forgetting them
[nebula] 0 entity object(s) were destroyed without a despawn; forgetting them
[nebula] 0 entity object(s) were destroyed without a despawn; forgetting them
[nebula] 0 entity object(s) were destroyed without a despawn; forgetting them
[nebula] 0 entity object(s) were destroyed without a despawn; forgetting them
[nebula] 0 entity object(s) were destroyed without a despawn; forgetting them
[nebula] 0 entity object(s) were destroyed without a despawn; forgetting them
[nebula] 0 entity object(s) were destroyed without a despawn; forgetting them
[nebula] 0 entity object(s) were destroyed without a despawn; forgetting them
[nebula] 0 entity object(s) were destroyed without a despawn; forgetting them
[nebula] 0 entity object(s) were destroyed without a despawn; forgetting them
[nebula] 0 entity object(s) were destroyed without a despawn; forgetting them
[nebula] 0 entity object(s) were destroyed without a despawn; forgetting them
[nebula] 0 entity object(s) were destroyed without a despawn; forgetting them
[nebula] 0 entity object(s) were destroyed without a despawn; forgetting them
[nebula] 0 entity object(s) were destroyed without a despawn; forgetting them
[nebula] 0 entity object(s) were destroyed without a despawn; forgetting them
[nebula] 0 entity object(s) were destroyed without a despawn; forgetting them
[nebula] 0 entity object(s) were destroyed without a despawn; forgetting them
[nebula] 0 entity object(s) were destroyed without a despawn; forgetting them
[nebula] 0 entity object(s) were destroyed without a despawn; forgetting them
[nebula] 0 entity object(s) were destroyed without a despawn; forgetting them
[nebula] 0 entity object(s) were destroyed without a despawn; forgetting them
[nebula] 0 entity object(s) were destroyed without a despawn; forgetting them
[nebula] 0 entity object(s) were destroyed without a despawn; forgetting them
[nebula] 0 entity object(s) were destroyed without a despawn; forgetting them
[nebula] 0 entity object(s) were destroyed without a despawn; forgetting them
[nebula] 0 entity object(s) were destroyed without a despawn; forgetting them
[nebula] 0 entity object(s) were destroyed without a despawn; forgetting them
[nebula] 0 entity object(s) were destroyed without a despawn; forgetting them
[nebula] 0 entity object(s) were destroyed without a despawn; forgetting them
[nebula] 0 entity object(s) were destroyed without a despawn; forgetting them
[nebula] 0 entity object(s) were destroyed without a despawn; forgetting them
[nebula] 0 entity object(s) were destroyed without a despawn; forgetting them
[nebula] 0 entity object(s) were destroyed without a despawn; forgetting them
[nebula] 0 entity object(s) were destroyed without a despawn; forgetting them
[nebula] 0 entity object(s) were destroyed without a despawn; forgetting them
[nebula] 0 entity object(s) were destroyed without a despawn; forgetting them
[nebula] 0 entity object(s) were destroyed without a despawn; forgetting them
[nebula] 0 entity object(s) were destroyed without a despawn; forgetting them
[nebula] local handover Player(Clone)#844424930131969(e2,rt_9223363240761753601,auth) rt_9223363240761753602 -> rt_9223363240761753601
[nebula] 0 entity object(s) were destroyed without a despawn; forgetting them
[nebula] 0 entity object(s) were destroyed without a despawn; forgetting them
[nebula] 0 entity object(s) were destroyed without a despawn; forgetting them
[nebula] 0 entity object(s) were destroyed without a despawn; forgetting them
[nebula] 0 entity object(s) were destroyed without a despawn; forgetting them
[nebula] 0 entity object(s) were destroyed without a despawn; forgetting them
[nebula] 0 entity object(s) were destroyed without a despawn; forgetting them
[nebula] 0 entity object(s) were destroyed without a despawn; forgetting them
[nebula] 0 entity object(s) were destroyed without a despawn; forgetting them
[nebula] 0 entity object(s) were destroyed without a despawn; forgetting them
[nebula] spawned Prop(Clone)#281474976710688(e1,rt_4398046511104,auth)
[nebula] 0 entity object(s) were destroyed without a despawn; forgetting them
[nebula] 0 entity object(s) were destroyed without a despawn; forgetting them
[nebula] local handover Player(Clone)#844424930131969(e2,rt_9223367638808264705,auth) rt_9223363240761753601 -> rt_9223367638808264705
[nebula] 0 entity object(s) were destroyed without a despawn; forgetting them
[nebula] 0 entity object(s) were destroyed without a despawn; forgetting them
[nebula] 0 entity object(s) were destroyed without a despawn; forgetting them
[nebula] 0 entity object(s) were destroyed without a despawn; forgetting them
[nebula] 0 entity object(s) were destroyed without a despawn; forgetting them
[nebula] 0 entity object(s) were destroyed without a despawn; forgetting them
[nebula] 0 entity object(s) were destroyed without a despawn; forgetting them
[nebula] 0 entity object(s) were destroyed without a despawn; forgetting them
[nebula] 0 entity object(s) were destroyed without a despawn; forgetting them
[nebula] 0 entity object(s) were destroyed without a despawn; forgetting them
[nebula] 0 entity object(s) were destroyed without a despawn; forgetting them
[nebula] 0 entity object(s) were destroyed without a despawn; forgetting them
[nebula] 0 entity object(s) were destroyed without a despawn; forgetting them
[nebula] 0 entity object(s) were destroyed without a despawn; forgetting them
[nebula] 0 entity object(s) were destroyed without a despawn; forgetting them
[nebula] 0 entity object(s) were destroyed without a despawn; forgetting them
[nebula] 0 entity object(s) were destroyed without a despawn; forgetting them
[nebula] 0 entity object(s) were destroyed without a despawn; forgetting them
[nebula] 0 entity object(s) were destroyed without a despawn; forgetting them
[nebula] 0 entity object(s) were destroyed without a despawn; forgetting them
[nebula] 0 entity object(s) were destroyed without a despawn; forgetting them
[nebula] 0 entity object(s) were destroyed without a despawn; forgetting them
[nebula] 0 entity object(s) were destroyed without a despawn; forgetting them
[nebula] 0 entity object(s) were destroyed without a despawn; forgetting them
[nebula] 0 entity object(s) were destroyed without a despawn; forgetting them
[nebula] 0 entity object(s) were destroyed without a despawn; forgetting them
[nebula] 0 entity object(s) were destroyed without a despawn; forgetting them
[nebula] 0 entity object(s) were destroyed without a despawn; forgetting them
[nebula] 0 entity object(s) were destroyed without a despawn; forgetting them
[nebula] 0 entity object(s) were destroyed without a despawn; forgetting them
[nebula] 0 entity object(s) were destroyed without a despawn; forgetting them
[nebula] 0 entity object(s) were destroyed without a despawn; forgetting them
[nebula] 0 entity object(s) were destroyed without a despawn; forgetting them
[nebula] 0 entity object(s) were destroyed without a despawn; forgetting them
[nebula] 0 entity object(s) were destroyed without a despawn; forgetting them
[nebula] 0 entity object(s) were destroyed without a despawn; forgetting them
[nebula] 0 entity object(s) were destroyed without a despawn; forgetting them
[nebula] 0 entity object(s) were destroyed without a despawn; forgetting them
[nebula] 0 entity object(s) were destroyed without a despawn; forgetting them
[nebula] 0 entity object(s) were destroyed without a despawn; forgetting them
[nebula] 0 entity object(s) were destroyed without a despawn; forgetting them
[nebula] 0 entity object(s) were destroyed without a despawn; forgetting them
[nebula] 0 entity object(s) were destroyed without a despawn; forgetting them
[nebula] 0 entity object(s) were destroyed without a despawn; forgetting them
[nebula] 0 entity object(s) were destroyed without a despawn; forgetting them
[nebula] 0 entity object(s) were destroyed without a despawn; forgetting them
[nebula] 0 entity object(s) were destroyed without a despawn; forgetting them
[nebula] 0 entity object(s) were destroyed without a despawn; forgetting them
[nebula] 0 entity object(s) were destroyed without a despawn; forgetting them
[nebula] 0 entity object(s) were destroyed without a despawn; forgetting them
[nebula] 0 entity object(s) were destroyed without a despawn; forgetting them
[nebula] 0 entity object(s) were destroyed without a despawn; forgetting them
[nebula] 0 entity object(s) were destroyed without a despawn; forgetting them
[nebula] 0 entity object(s) were destroyed without a despawn; forgetting them
[nebula] 0 entity object(s) were destroyed without a despawn; forgetting them
[nebula] 0 entity object(s) were destroyed without a despawn; forgetting them
[nebula] 0 entity object(s) were destroyed without a despawn; forgetting them
[nebula] 0 entity object(s) were destroyed without a despawn; forgetting them
[nebula] 0 entity object(s) were destroyed without a despawn; forgetting them
[nebula] 0 entity object(s) were destroyed without a despawn; forgetting them
[nebula] 0 entity object(s) were destroyed without a despawn; forgetting them
[nebula] 0 entity object(s) were destroyed without a despawn; forgetting them
[nebula] 0 entity object(s) were destroyed without a despawn; forgetting them
[nebula] 0 entity object(s) were destroyed without a despawn; forgetting them
[nebula] 0 entity object(s) were destroyed without a despawn; forgetting them
[nebula] 0 entity object(s) were destroyed without a despawn; forgetting them
[nebula] 0 entity object(s) were destroyed without a despawn; forgetting them
[nebula] 0 entity object(s) were destroyed without a despawn; forgetting them
[nebula] 0 entity object(s) were destroyed without a despawn; forgetting them
[nebula] 0 entity object(s) were destroyed without a despawn; forgetting them
[nebula] 0 entity object(s) were destroyed without a despawn; forgetting them
[nebula] 0 entity object(s) were destroyed without a despawn; forgetting them
[nebula] 0 entity object(s) were destroyed without a despawn; forgetting them
[nebula] 0 entity object(s) were destroyed without a despawn; forgetting them
[nebula] 0 entity object(s) were destroyed without a despawn; forgetting them
[nebula] 0 entity object(s) were destroyed without a despawn; forgetting them
[nebula] 0 entity object(s) were destroyed without a despawn; forgetting them
[nebula] 0 entity object(s) were destroyed without a despawn; forgetting them
[nebula] 0 entity object(s) were destroyed without a despawn; forgetting them
[nebula] 0 entity object(s) were destroyed without a despawn; forgetting them
[nebula] 0 entity object(s) were destroyed without a despawn; forgetting them
[nebula] 0 entity object(s) were destroyed without a despawn; forgetting them
[nebula] 0 entity object(s) were destroyed without a despawn; forgetting them
[nebula] 0 entity object(s) were destroyed without a despawn; forgetting them
[nebula] 0 entity object(s) were destroyed without a despawn; forgetting them
[nebula] 0 entity object(s) were destroyed without a despawn; forgetting them
[nebula] 0 entity object(s) were destroyed without a despawn; forgetting them
[nebula] 0 entity object(s) were destroyed without a despawn; forgetting them
[nebula] 0 entity object(s) were destroyed without a despawn; forgetting them
[nebula] 0 entity object(s) were destroyed without a despawn; forgetting them
[nebula] 0 entity object(s) were destroyed without a despawn; forgetting them
[nebula] 0 entity object(s) were destroyed without a despawn; forgetting them
[nebula] 0 entity object(s) were destroyed without a despawn; forgetting them
[nebula] 0 entity object(s) were destroyed without a despawn; forgetting them
[nebula] 0 entity object(s) were destroyed without a despawn; forgetting them
[nebula] 0 entity object(s) were destroyed without a despawn; forgetting them
[nebula] 0 entity object(s) were destroyed without a despawn; forgetting them
[nebula] 0 entity object(s) were destroyed without a despawn; forgetting them
[nebula] 0 entity object(s) were destroyed without a despawn; forgetting them
[nebula] 0 entity object(s) were destroyed without a despawn; forgetting them
[nebula] 0 entity object(s) were destroyed without a despawn; forgetting them
[nebula] 0 entity object(s) were destroyed without a despawn; forgetting them
[nebula] 0 entity object(s) were destroyed without a despawn; forgetting them
[nebula] 0 entity object(s) were destroyed without a despawn; forgetting them
[nebula] 0 entity object(s) were destroyed without a despawn; forgetting them
[nebula] 0 entity object(s) were destroyed without a despawn; forgetting them
[nebula] 0 entity object(s) were destroyed without a despawn; forgetting them
[nebula] 0 entity object(s) were destroyed without a despawn; forgetting them
[nebula] 0 entity object(s) were destroyed without a despawn; forgetting them
[nebula] 0 entity object(s) were destroyed without a despawn; forgetting them
[nebula] 0 entity object(s) were destroyed without a despawn; forgetting them
[nebula] 0 entity object(s) were destroyed without a despawn; forgetting them
[nebula] 0 entity object(s) were destroyed without a despawn; forgetting them
[nebula] 0 entity object(s) were destroyed without a despawn; forgetting them
[nebula] 0 entity object(s) were destroyed without a despawn; forgetting them
[nebula] 0 entity object(s) were destroyed without a despawn; forgetting them
[nebula] 0 entity object(s) were destroyed without a despawn; forgetting them
[nebula] 0 entity object(s) were destroyed without a despawn; forgetting them
[nebula] 0 entity object(s) were destroyed without a despawn; forgetting them
[nebula] 0 entity object(s) were destroyed without a despawn; forgetting them
[nebula] 0 entity object(s) were destroyed without a despawn; forgetting them
[nebula] 0 entity object(s) were destroyed without a despawn; forgetting them
[nebula] 0 entity object(s) were destroyed without a despawn; forgetting them
[nebula] 0 entity object(s) were destroyed without a despawn; forgetting them
[nebula] 0 entity object(s) were destroyed without a despawn; forgetting them
[nebula] 0 entity object(s) were destroyed without a despawn; forgetting them
[nebula] 0 entity object(s) were destroyed without a despawn; forgetting them
[nebula] ghost Player(Clone)#281474976710657(e7,rt_4398046511104,auth) -> w4
[nebula] 0 entity object(s) were destroyed without a despawn; forgetting them
[nebula] 0 entity object(s) were destroyed without a despawn; forgetting them
[nebula] 0 entity object(s) were destroyed without a despawn; forgetting them
[nebula] 0 entity object(s) were destroyed without a despawn; forgetting them
[nebula] 0 entity object(s) were destroyed without a despawn; forgetting them
[nebula] 0 entity object(s) were destroyed without a despawn; forgetting them
[nebula] 0 entity object(s) were destroyed without a despawn; forgetting them
[nebula] 0 entity object(s) were destroyed without a despawn; forgetting them
[nebula] 0 entity object(s) were destroyed without a despawn; forgetting them
[nebula] 0 entity object(s) were destroyed without a despawn; forgetting them
[nebula] 0 entity object(s) were destroyed without a despawn; forgetting them
[nebula] 0 entity object(s) were destroyed without a despawn; forgetting them
[nebula] 0 entity object(s) were destroyed without a despawn; forgetting them
[nebula] 0 entity object(s) were destroyed without a despawn; forgetting them
[nebula] 0 entity object(s) were destroyed without a despawn; forgetting them
[nebula] 0 entity object(s) were destroyed without a despawn; forgetting them
[nebula] 0 entity object(s) were destroyed without a despawn; forgetting them
[nebula] 0 entity object(s) were destroyed without a despawn; forgetting them
[nebula] 0 entity object(s) were destroyed without a despawn; forgetting them
[nebula] 0 entity object(s) were destroyed without a despawn; forgetting them
[nebula] 0 entity object(s) were destroyed without a despawn; forgetting them
[nebula] 0 entity object(s) were destroyed without a despawn; forgetting them
[nebula] 0 entity object(s) were destroyed without a despawn; forgetting them
[nebula] 0 entity object(s) were destroyed without a despawn; forgetting them
[nebula] 0 entity object(s) were destroyed without a despawn; forgetting them
[nebula] 0 entity object(s) were destroyed without a despawn; forgetting them
[nebula] 0 entity object(s) were destroyed without a despawn; forgetting them
[nebula] 0 entity object(s) were destroyed without a despawn; forgetting them
[nebula] 0 entity object(s) were destroyed without a despawn; forgetting them
[nebula] 0 entity object(s) were destroyed without a despawn; forgetting them
[nebula] 0 entity object(s) were destroyed without a despawn; forgetting them
[nebula] 0 entity object(s) were destroyed without a despawn; forgetting them
[nebula] 0 entity object(s) were destroyed without a despawn; forgetting them
[nebula] 0 entity object(s) were destroyed without a despawn; forgetting them
[nebula] 0 entity object(s) were destroyed without a despawn; forgetting them
[nebula] 0 entity object(s) were destroyed without a despawn; forgetting them
[nebula] 0 entity object(s) were destroyed without a despawn; forgetting them
[nebula] 0 entity object(s) were destroyed without a despawn; forgetting them
[nebula] 0 entity object(s) were destroyed without a despawn; forgetting them
[nebula] 0 entity object(s) were destroyed without a despawn; forgetting them
[nebula] 0 entity object(s) were destroyed without a despawn; forgetting them
[nebula] 0 entity object(s) were destroyed without a despawn; forgetting them
[nebula] 0 entity object(s) were destroyed without a despawn; forgetting them
[nebula] 0 entity object(s) were destroyed without a despawn; forgetting them
[nebula] 0 entity object(s) were destroyed without a despawn; forgetting them
[nebula] 0 entity object(s) were destroyed without a despawn; forgetting them
[nebula] 0 entity object(s) were destroyed without a despawn; forgetting them
[nebula] 0 entity object(s) were destroyed without a despawn; forgetting them
[nebula] handover OUT Player(Clone)#281474976710657(e8,rt_8796093022208,ghost) -> w4 (epoch 8, tick 1365012355)
[nebula] 0 entity object(s) were destroyed without a despawn; forgetting them
[nebula] 0 entity object(s) were destroyed without a despawn; forgetting them
[nebula] 0 entity object(s) were destroyed without a despawn; forgetting them
[nebula] 0 entity object(s) were destroyed without a despawn; forgetting them
[nebula] 0 entity object(s) were destroyed without a despawn; forgetting them
[nebula] 0 entity object(s) were destroyed without a despawn; forgetting them
[nebula] 0 entity object(s) were destroyed without a despawn; forgetting them
[nebula] 0 entity object(s) were destroyed without a despawn; forgetting them
[nebula] 0 entity object(s) were destroyed without a despawn; forgetting them
[nebula] 0 entity object(s) were destroyed without a despawn; forgetting them
[nebula] 0 entity object(s) were destroyed without a despawn; forgetting them
[nebula] 0 entity object(s) were destroyed without a despawn; forgetting them
[nebula] 0 entity object(s) were destroyed without a despawn; forgetting them
[nebula] 0 entity object(s) were destroyed without a despawn; forgetting them
[nebula] 0 entity object(s) were destroyed without a despawn; forgetting them
[nebula] 0 entity object(s) were destroyed without a despawn; forgetting them
[nebula] 0 entity object(s) were destroyed without a despawn; forgetting them
[nebula] 0 entity object(s) were destroyed without a despawn; forgetting them
[nebula] 0 entity object(s) were destroyed without a despawn; forgetting them
[nebula] 0 entity object(s) were destroyed without a despawn; forgetting them
[nebula] 0 entity object(s) were destroyed without a despawn; forgetting them
[nebula] 0 entity object(s) were destroyed without a despawn; forgetting them
[nebula] 0 entity object(s) were destroyed without a despawn; forgetting them
[nebula] 0 entity object(s) were destroyed without a despawn; forgetting them
[nebula] 0 entity object(s) were destroyed without a despawn; forgetting them
[nebula] 0 entity object(s) were destroyed without a despawn; forgetting them
[nebula] 0 entity object(s) were destroyed without a despawn; forgetting them
[nebula] 0 entity object(s) were destroyed without a despawn; forgetting them
[nebula] 0 entity object(s) were destroyed without a despawn; forgetting them
[nebula] 0 entity object(s) were destroyed without a despawn; forgetting them
[nebula] 0 entity object(s) were destroyed without a despawn; forgetting them
[nebula] 0 entity object(s) were destroyed without a despawn; forgetting them
[nebula] 0 entity object(s) were destroyed without a despawn; forgetting them
[nebula] 0 entity object(s) were destroyed without a despawn; forgetting them
[nebula] 0 entity object(s) were destroyed without a despawn; forgetting them
[nebula] 0 entity object(s) were destroyed without a despawn; forgetting them
[nebula] 0 entity object(s) were destroyed without a despawn; forgetting them
[nebula] 0 entity object(s) were destroyed without a despawn; forgetting them
[nebula] 0 entity object(s) were destroyed without a despawn; forgetting them
[nebula] 0 entity object(s) were destroyed without a despawn; forgetting them
[nebula] 0 entity object(s) were destroyed without a despawn; forgetting them
[nebula] 0 entity object(s) were destroyed without a despawn; forgetting them
[nebula] 0 entity object(s) were destroyed without a despawn; forgetting them
[nebula] 0 entity object(s) were destroyed without a despawn; forgetting them
[nebula] 0 entity object(s) were destroyed without a despawn; forgetting them
[nebula] 0 entity object(s) were destroyed without a despawn; forgetting them
[nebula] 0 entity object(s) were destroyed without a despawn; forgetting them
[nebula] 0 entity object(s) were destroyed without a despawn; forgetting them
[nebula] 0 entity object(s) were destroyed without a despawn; forgetting them
[nebula] 0 entity object(s) were destroyed without a despawn; forgetting them
[nebula] 0 entity object(s) were destroyed without a despawn; forgetting them
[nebula] 0 entity object(s) were destroyed without a despawn; forgetting them
[nebula] 0 entity object(s) were destroyed without a despawn; forgetting them
[nebula] 0 entity object(s) were destroyed without a despawn; forgetting them
[nebula] 0 entity object(s) were destroyed without a despawn; forgetting them
[nebula] 0 entity object(s) were destroyed without a despawn; forgetting them
[nebula] 0 entity object(s) were destroyed without a despawn; forgetting them
[nebula] 0 entity object(s) were destroyed without a despawn; forgetting them
[nebula] 0 entity object(s) were destroyed without a despawn; forgetting them
[nebula] 0 entity object(s) were destroyed without a despawn; forgetting them
[nebula] 0 entity object(s) were destroyed without a despawn; forgetting them
[nebula] 0 entity object(s) were destroyed without a despawn; forgetting them
[nebula] 0 entity object(s) were destroyed without a despawn; forgetting them
[nebula] 0 entity object(s) were destroyed without a despawn; forgetting them
[nebula] 0 entity object(s) were destroyed without a despawn; forgetting them
[nebula] 0 entity object(s) were destroyed without a despawn; forgetting them
[nebula] 0 entity object(s) were destroyed without a despawn; forgetting them
[nebula] 0 entity object(s) were destroyed without a despawn; forgetting them
[nebula] profile 300 ticks/5s 300 frames avg 0.9ms max 2.7ms dup 0 skip 0 gc 22 auth 30 ghosts 1 | poll=0.01 ghosts=0.00 physics.sync=0.00 simulate=0.01 poses=0.04 containers=0.67 band=0.03 publish=0.03 gap=15.77 interest=0.02
[nebula] 0 entity object(s) were destroyed without a despawn; forgetting them
[nebula] 0 entity object(s) were destroyed without a despawn; forgetting them
[nebula] 0 entity object(s) were destroyed without a despawn; forgetting them
[nebula] 0 entity object(s) were destroyed without a despawn; forgetting them
[nebula] 0 entity object(s) were destroyed without a despawn; forgetting them
[nebula] 0 entity object(s) were destroyed without a despawn; forgetting them
[nebula] 0 entity object(s) were destroyed without a despawn; forgetting them
[nebula] 0 entity object(s) were destroyed without a despawn; forgetting them
[nebula] 0 entity object(s) were destroyed without a despawn; forgetting them
[nebula] 0 entity object(s) were destroyed without a despawn; forgetting them
[nebula] 0 entity object(s) were destroyed without a despawn; forgetting them
[nebula] 0 entity object(s) were destroyed without a despawn; forgetting them
[nebula] 0 entity object(s) were destroyed without a despawn; forgetting them
[nebula] 0 entity object(s) were destroyed without a despawn; forgetting them
[nebula] 0 entity object(s) were destroyed without a despawn; forgetting them
[nebula] 0 entity object(s) were destroyed without a despawn; forgetting them
[nebula] 0 entity object(s) were destroyed without a despawn; forgetting them
[nebula] 0 entity object(s) were destroyed without a despawn; forgetting them
[nebula] 0 entity object(s) were destroyed without a despawn; forgetting them
[nebula] 0 entity object(s) were destroyed without a despawn; forgetting them
[nebula] 0 entity object(s) were destroyed without a despawn; forgetting them
[nebula] 0 entity object(s) were destroyed without a despawn; forgetting them
[nebula] 0 entity object(s) were destroyed without a despawn; forgetting them
[nebula] 0 entity object(s) were destroyed without a despawn; forgetting them
[nebula] 0 entity object(s) were destroyed without a despawn; forgetting them
[nebula] 0 entity object(s) were destroyed without a despawn; forgetting them
[nebula] 0 entity object(s) were destroyed without a despawn; forgetting them
[nebula] 0 entity object(s) were destroyed without a despawn; forgetting them
[nebula] 0 entity object(s) were destroyed without a despawn; forgetting them
[nebula] 0 entity object(s) were destroyed without a despawn; forgetting them
[nebula] 0 entity object(s) were destroyed without a despawn; forgetting them
[nebula] 0 entity object(s) were destroyed without a despawn; forgetting them
[nebula] 0 entity object(s) were destroyed without a despawn; forgetting them
[nebula] 0 entity object(s) were destroyed without a despawn; forgetting them
[nebula] 0 entity object(s) were destroyed without a despawn; forgetting them
[nebula] 0 entity object(s) were destroyed without a despawn; forgetting them
[nebula] 0 entity object(s) were destroyed without a despawn; forgetting them
[nebula] 0 entity object(s) were destroyed without a despawn; forgetting them
[nebula] 0 entity object(s) were destroyed without a despawn; forgetting them
[nebula] 0 entity object(s) were destroyed without a despawn; forgetting them
[nebula] 0 entity object(s) were destroyed without a despawn; forgetting them
[nebula] 0 entity object(s) were destroyed without a despawn; forgetting them
[nebula] 0 entity object(s) were destroyed without a despawn; forgetting them
[nebula] 0 entity object(s) were destroyed without a despawn; forgetting them
[nebula] 0 entity object(s) were destroyed without a despawn; forgetting them
[nebula] local handover Player(Clone)#1125899906842625(e10,rt_0,auth) rt_1 -> rt_0
[nebula] 0 entity object(s) were destroyed without a despawn; forgetting them
[nebula] 0 entity object(s) were destroyed without a despawn; forgetting them
[nebula] 0 entity object(s) were destroyed without a despawn; forgetting them
[nebula] 0 entity object(s) were destroyed without a despawn; forgetting them
[nebula] 0 entity object(s) were destroyed without a despawn; forgetting them
[nebula] 0 entity object(s) were destroyed without a despawn; forgetting them
[nebula] 0 entity object(s) were destroyed without a despawn; forgetting them
[nebula] 0 entity object(s) were destroyed without a despawn; forgetting them
[nebula] 0 entity object(s) were destroyed without a despawn; forgetting them
[nebula] 0 entity object(s) were destroyed without a despawn; forgetting them
[nebula] 0 entity object(s) were destroyed without a despawn; forgetting them
[nebula] 0 entity object(s) were destroyed without a despawn; forgetting them
[nebula] 0 entity object(s) were destroyed without a despawn; forgetting them
[nebula] 0 entity object(s) were destroyed without a despawn; forgetting them
[nebula] 0 entity object(s) were destroyed without a despawn; forgetting them
[nebula] 0 entity object(s) were destroyed without a despawn; forgetting them
[nebula] 0 entity object(s) were destroyed without a despawn; forgetting them
[nebula] 0 entity object(s) were destroyed without a despawn; forgetting them
[nebula] 0 entity object(s) were destroyed without a despawn; forgetting them
[nebula] 0 entity object(s) were destroyed without a despawn; forgetting them
[nebula] 0 entity object(s) were destroyed without a despawn; forgetting them
[nebula] 0 entity object(s) were destroyed without a despawn; forgetting them
[nebula] 0 entity object(s) were destroyed without a despawn; forgetting them
[nebula] 0 entity object(s) were destroyed without a despawn; forgetting them
[nebula] 0 entity object(s) were destroyed without a despawn; forgetting them
[nebula] 0 entity object(s) were destroyed without a despawn; forgetting them
[nebula] 0 entity object(s) were destroyed without a despawn; forgetting them
[nebula] 0 entity object(s) were destroyed without a despawn; forgetting them
[nebula] 0 entity object(s) were destroyed without a despawn; forgetting them
[nebula] 0 entity object(s) were destroyed without a despawn; forgetting them
[nebula] 0 entity object(s) were destroyed without a despawn; forgetting them
[nebula] 0 entity object(s) were destroyed without a despawn; forgetting them
[nebula] 0 entity object(s) were destroyed without a despawn; forgetting them
[nebula] 0 entity object(s) were destroyed without a despawn; forgetting them
[nebula] 0 entity object(s) were destroyed without a despawn; forgetting them
[nebula] 0 entity object(s) were destroyed without a despawn; forgetting them
[nebula] 0 entity object(s) were destroyed without a despawn; forgetting them
[nebula] 0 entity object(s) were destroyed without a despawn; forgetting them
[nebula] 0 entity object(s) were destroyed without a despawn; forgetting them
[nebula] 0 entity object(s) were destroyed without a despawn; forgetting them
[nebula] 0 entity object(s) were destroyed without a despawn; forgetting them
[nebula] 0 entity object(s) were destroyed without a despawn; forgetting them
[nebula] 0 entity object(s) were destroyed without a despawn; forgetting them
[nebula] 0 entity object(s) were destroyed without a despawn; forgetting them
[nebula] 0 entity object(s) were destroyed without a despawn; forgetting them
[nebula] 0 entity object(s) were destroyed without a despawn; forgetting them
[nebula] 0 entity object(s) were destroyed without a despawn; forgetting them
[nebula] 0 entity object(s) were destroyed without a despawn; forgetting them
[nebula] 0 entity object(s) were destroyed without a despawn; forgetting them
[nebula] 0 entity object(s) were destroyed without a despawn; forgetting them
[nebula] 0 entity object(s) were destroyed without a despawn; forgetting them
[nebula] 0 entity object(s) were destroyed without a despawn; forgetting them
[nebula] 0 entity object(s) were destroyed without a despawn; forgetting them
[nebula] 0 entity object(s) were destroyed without a despawn; forgetting them
[nebula] 0 entity object(s) were destroyed without a despawn; forgetting them
[nebula] 0 entity object(s) were destroyed without a despawn; forgetting them
[nebula] 0 entity object(s) were destroyed without a despawn; forgetting them
[nebula] 0 entity object(s) were destroyed without a despawn; forgetting them
[nebula] 0 entity object(s) were destroyed without a despawn; forgetting them
[nebula] 0 entity object(s) were destroyed without a despawn; forgetting them
[nebula] 0 entity object(s) were destroyed without a despawn; forgetting them
[nebula] 0 entity object(s) were destroyed without a despawn; forgetting them
[nebula] 0 entity object(s) were destroyed without a despawn; forgetting them
[nebula] 0 entity object(s) were destroyed without a despawn; forgetting them
[nebula] 0 entity object(s) were destroyed without a despawn; forgetting them
[nebula] 0 entity object(s) were destroyed without a despawn; forgetting them
[nebula] 0 entity object(s) were destroyed without a despawn; forgetting them
[nebula] 0 entity object(s) were destroyed without a despawn; forgetting them
[nebula] 0 entity object(s) were destroyed without a despawn; forgetting them
[nebula] 0 entity object(s) were destroyed without a despawn; forgetting them
[nebula] 0 entity object(s) were destroyed without a despawn; forgetting them
[nebula] 0 entity object(s) were destroyed without a despawn; forgetting them
[nebula] local handover Player(Clone)#844424930131969(e2,rt_9223363240761753601,auth) rt_9223367638808264705 -> rt_9223363240761753601
[nebula] 0 entity object(s) were destroyed without a despawn; forgetting them
[nebula] 0 entity object(s) were destroyed without a despawn; forgetting them
[nebula] 0 entity object(s) were destroyed without a despawn; forgetting them
[nebula] 0 entity object(s) were destroyed without a despawn; forgetting them
[nebula] 0 entity object(s) were destroyed without a despawn; forgetting them
[nebula] 0 entity object(s) were destroyed without a despawn; forgetting them
[nebula] 0 entity object(s) were destroyed without a despawn; forgetting them
[nebula] 0 entity object(s) were destroyed without a despawn; forgetting them
[nebula] 0 entity object(s) were destroyed without a despawn; forgetting them
[nebula] 0 entity object(s) were destroyed without a despawn; forgetting them
[nebula] 0 entity object(s) were destroyed without a despawn; forgetting them
[nebula] 0 entity object(s) were destroyed without a despawn; forgetting them
[nebula] 0 entity object(s) were destroyed without a despawn; forgetting them
[nebula] 0 entity object(s) were destroyed without a despawn; forgetting them
[nebula] 0 entity object(s) were destroyed without a despawn; forgetting them
[nebula] 0 entity object(s) were destroyed without a despawn; forgetting them
[nebula] 0 entity object(s) were destroyed without a despawn; forgetting them
[nebula] 0 entity object(s) were destroyed without a despawn; forgetting them
[nebula] 0 entity object(s) were destroyed without a despawn; forgetting them
[nebula] 0 entity object(s) were destroyed without a despawn; forgetting them
[nebula] 0 entity object(s) were destroyed without a despawn; forgetting them
[nebula] 0 entity object(s) were destroyed without a despawn; forgetting them
[nebula] 0 entity object(s) were destroyed without a despawn; forgetting them
[nebula] 0 entity object(s) were destroyed without a despawn; forgetting them
[nebula] 0 entity object(s) were destroyed without a despawn; forgetting them
[nebula] 0 entity object(s) were destroyed without a despawn; forgetting them
[nebula] 0 entity object(s) were destroyed without a despawn; forgetting them
[nebula] 0 entity object(s) were destroyed without a despawn; forgetting them
[nebula] 0 entity object(s) were destroyed without a despawn; forgetting them
[nebula] 0 entity object(s) were destroyed without a despawn; forgetting them
[nebula] 0 entity object(s) were destroyed without a despawn; forgetting them
[nebula] 0 entity object(s) were destroyed without a despawn; forgetting them
[nebula] 0 entity object(s) were destroyed without a despawn; forgetting them
[nebula] 0 entity object(s) were destroyed without a despawn; forgetting them
[nebula] 0 entity object(s) were destroyed without a despawn; forgetting them
[nebula] 0 entity object(s) were destroyed without a despawn; forgetting them
[nebula] 0 entity object(s) were destroyed without a despawn; forgetting them
[nebula] 0 entity object(s) were destroyed without a despawn; forgetting them
[nebula] 0 entity object(s) were destroyed without a despawn; forgetting them
[nebula] 0 entity object(s) were destroyed without a despawn; forgetting them
[nebula] 0 entity object(s) were destroyed without a despawn; forgetting them
[nebula] 0 entity object(s) were destroyed without a despawn; forgetting them
[nebula] 0 entity object(s) were destroyed without a despawn; forgetting them
[nebula] 0 entity object(s) were destroyed without a despawn; forgetting them
[nebula] 0 entity object(s) were destroyed without a despawn; forgetting them
[nebula] 0 entity object(s) were destroyed without a despawn; forgetting them
[nebula] 0 entity object(s) were destroyed without a despawn; forgetting them
[nebula] 0 entity object(s) were destroyed without a despawn; forgetting them
[nebula] 0 entity object(s) were destroyed without a despawn; forgetting them
[nebula] 0 entity object(s) were destroyed without a despawn; forgetting them
[nebula] 0 entity object(s) were destroyed without a despawn; forgetting them
[nebula] 0 entity object(s) were destroyed without a despawn; forgetting them
[nebula] 0 entity object(s) were destroyed without a despawn; forgetting them
[nebula] 0 entity object(s) were destroyed without a despawn; forgetting them
[nebula] 0 entity object(s) were destroyed without a despawn; forgetting them
[nebula] 0 entity object(s) were destroyed without a despawn; forgetting them
[nebula] 0 entity object(s) were destroyed without a despawn; forgetting them
[nebula] 0 entity object(s) were destroyed without a despawn; forgetting them
[nebula] 0 entity object(s) were destroyed without a despawn; forgetting them
[nebula] 0 entity object(s) were destroyed without a despawn; forgetting them
[nebula] 0 entity object(s) were destroyed without a despawn; forgetting them
[nebula] 0 entity object(s) were destroyed without a despawn; forgetting them
[nebula] 0 entity object(s) were destroyed without a despawn; forgetting them
[nebula] 0 entity object(s) were destroyed without a despawn; forgetting them
[nebula] 0 entity object(s) were destroyed without a despawn; forgetting them
[nebula] 0 entity object(s) were destroyed without a despawn; forgetting them
[nebula] 0 entity object(s) were destroyed without a despawn; forgetting them
[nebula] 0 entity object(s) were destroyed without a despawn; forgetting them
[nebula] 0 entity object(s) were destroyed without a despawn; forgetting them
[nebula] 0 entity object(s) were destroyed without a despawn; forgetting them
[nebula] 0 entity object(s) were destroyed without a despawn; forgetting them
[nebula] 0 entity object(s) were destroyed without a despawn; forgetting them
[nebula] 0 entity object(s) were destroyed without a despawn; forgetting them
[nebula] 0 entity object(s) were destroyed without a despawn; forgetting them
[nebula] 0 entity object(s) were destroyed without a despawn; forgetting them
[nebula] 0 entity object(s) were destroyed without a despawn; forgetting them
[nebula] 0 entity object(s) were destroyed without a despawn; forgetting them
[nebula] 0 entity object(s) were destroyed without a despawn; forgetting them
[nebula] 0 entity object(s) were destroyed without a despawn; forgetting them
[nebula] 0 entity object(s) were destroyed without a despawn; forgetting them
[nebula] 0 entity object(s) were destroyed without a despawn; forgetting them
[nebula] 0 entity object(s) were destroyed without a despawn; forgetting them
[nebula] 0 entity object(s) were destroyed without a despawn; forgetting them
[nebula] 0 entity object(s) were destroyed without a despawn; forgetting them
[nebula] 0 entity object(s) were destroyed without a despawn; forgetting them
[nebula] 0 entity object(s) were destroyed without a despawn; forgetting them
[nebula] 0 entity object(s) were destroyed without a despawn; forgetting them
[nebula] 0 entity object(s) were destroyed without a despawn; forgetting them
[nebula] 0 entity object(s) were destroyed without a despawn; forgetting them
[nebula] ghost Player(Clone)#844424930131970(e4,rt_0,auth) -> w3
[nebula] handover IN  Player(Clone)#844424930131970(e4,rt_0,auth) <- w3 (epoch 4, tick 1365012629)
[nebula] 0 entity object(s) were destroyed without a despawn; forgetting them
[nebula] 0 entity object(s) were destroyed without a despawn; forgetting them
[nebula] 0 entity object(s) were destroyed without a despawn; forgetting them
[nebula] 0 entity object(s) were destroyed without a despawn; forgetting them
[nebula] 0 entity object(s) were destroyed without a despawn; forgetting them
[nebula] 0 entity object(s) were destroyed without a despawn; forgetting them
[nebula] local handover Player(Clone)#1125899906842625(e10,rt_4398046511104,auth) rt_0 -> rt_4398046511104
[nebula] 0 entity object(s) were destroyed without a despawn; forgetting them
[nebula] 0 entity object(s) were destroyed without a despawn; forgetting them
[nebula] 0 entity object(s) were destroyed without a despawn; forgetting them
[nebula] 0 entity object(s) were destroyed without a despawn; forgetting them
[nebula] 0 entity object(s) were destroyed without a despawn; forgetting them
[nebula] 0 entity object(s) were destroyed without a despawn; forgetting them
[nebula] 0 entity object(s) were destroyed without a despawn; forgetting them
[nebula] 0 entity object(s) were destroyed without a despawn; forgetting them
[nebula] 0 entity object(s) were destroyed without a despawn; forgetting them
[nebula] 0 entity object(s) were destroyed without a despawn; forgetting them
[nebula] 0 entity object(s) were destroyed without a despawn; forgetting them
[nebula] 0 entity object(s) were destroyed without a despawn; forgetting them
[nebula] 0 entity object(s) were destroyed without a despawn; forgetting them
[nebula] 0 entity object(s) were destroyed without a despawn; forgetting them
[nebula] 0 entity object(s) were destroyed without a despawn; forgetting them
[nebula] 0 entity object(s) were destroyed without a despawn; forgetting them
[nebula] 0 entity object(s) were destroyed without a despawn; forgetting them
[nebula] 0 entity object(s) were destroyed without a despawn; forgetting them
[nebula] 0 entity object(s) were destroyed without a despawn; forgetting them
[nebula] 0 entity object(s) were destroyed without a despawn; forgetting them
[nebula] 0 entity object(s) were destroyed without a despawn; forgetting them
[nebula] 0 entity object(s) were destroyed without a despawn; forgetting them
[nebula] 0 entity object(s) were destroyed without a despawn; forgetting them
[nebula] 0 entity object(s) were destroyed without a despawn; forgetting them
[nebula] 0 entity object(s) were destroyed without a despawn; forgetting them
[nebula] 0 entity object(s) were destroyed without a despawn; forgetting them
[nebula] 0 entity object(s) were destroyed without a despawn; forgetting them
[nebula] 0 entity object(s) were destroyed without a despawn; forgetting them
[nebula] 0 entity object(s) were destroyed without a despawn; forgetting them
[nebula] 0 entity object(s) were destroyed without a despawn; forgetting them
[nebula] 0 entity object(s) were destroyed without a despawn; forgetting them
[nebula] 0 entity object(s) were destroyed without a despawn; forgetting them
[nebula] 0 entity object(s) were destroyed without a despawn; forgetting them
[nebula] 0 entity object(s) were destroyed without a despawn; forgetting them
[nebula] 0 entity object(s) were destroyed without a despawn; forgetting them
[nebula] 0 entity object(s) were destroyed without a despawn; forgetting them
[nebula] 0 entity object(s) were destroyed without a despawn; forgetting them
[nebula] 0 entity object(s) were destroyed without a despawn; forgetting them
[nebula] 0 entity object(s) were destroyed without a despawn; forgetting them
[nebula] 0 entity object(s) were destroyed without a despawn; forgetting them
[nebula] 0 entity object(s) were destroyed without a despawn; forgetting them
[nebula] 0 entity object(s) were destroyed without a despawn; forgetting them
[nebula] 0 entity object(s) were destroyed without a despawn; forgetting them
[nebula] 0 entity object(s) were destroyed without a despawn; forgetting them
[nebula] 0 entity object(s) were destroyed without a despawn; forgetting them
[nebula] 0 entity object(s) were destroyed without a despawn; forgetting them
[nebula] 0 entity object(s) were destroyed without a despawn; forgetting them
[nebula] 0 entity object(s) were destroyed without a despawn; forgetting them
[nebula] spawned Prop(Clone)#281474976710689(e1,rt_4398046511104,auth)
[nebula] 0 entity object(s) were destroyed without a despawn; forgetting them
[nebula] 0 entity object(s) were destroyed without a despawn; forgetting them
[nebula] 0 entity object(s) were destroyed without a despawn; forgetting them
[nebula] 0 entity object(s) were destroyed without a despawn; forgetting them
[nebula] 0 entity object(s) were destroyed without a despawn; forgetting them
[nebula] 0 entity object(s) were destroyed without a despawn; forgetting them
[nebula] 0 entity object(s) were destroyed without a despawn; forgetting them
[nebula] 0 entity object(s) were destroyed without a despawn; forgetting them
[nebula] 0 entity object(s) were destroyed without a despawn; forgetting them
[nebula] 0 entity object(s) were destroyed without a despawn; forgetting them
[nebula] 0 entity object(s) were destroyed without a despawn; forgetting them
[nebula] 0 entity object(s) were destroyed without a despawn; forgetting them
[nebula] 0 entity object(s) were destroyed without a despawn; forgetting them
[nebula] 0 entity object(s) were destroyed without a despawn; forgetting them
[nebula] 0 entity object(s) were destroyed without a despawn; forgetting them
[nebula] 0 entity object(s) were destroyed without a despawn; forgetting them
[nebula] 0 entity object(s) were destroyed without a despawn; forgetting them
[nebula] 0 entity object(s) were destroyed without a despawn; forgetting them
[nebula] 0 entity object(s) were destroyed without a despawn; forgetting them
[nebula] 0 entity object(s) were destroyed without a despawn; forgetting them
[nebula] 0 entity object(s) were destroyed without a despawn; forgetting them
[nebula] 0 entity object(s) were destroyed without a despawn; forgetting them
[nebula] 0 entity object(s) were destroyed without a despawn; forgetting them
[nebula] 0 entity object(s) were destroyed without a despawn; forgetting them
[nebula] 0 entity object(s) were destroyed without a despawn; forgetting them
[nebula] 0 entity object(s) were destroyed without a despawn; forgetting them
[nebula] 0 entity object(s) were destroyed without a despawn; forgetting them
[nebula] 0 entity object(s) were destroyed without a despawn; forgetting them
[nebula] 0 entity object(s) were destroyed without a despawn; forgetting them
[nebula] 0 entity object(s) were destroyed without a despawn; forgetting them
[nebula] 0 entity object(s) were destroyed without a despawn; forgetting them
[nebula] 0 entity object(s) were destroyed without a despawn; forgetting them
[nebula] 0 entity object(s) were destroyed without a despawn; forgetting them
[nebula] 0 entity object(s) were destroyed without a despawn; forgetting them
[nebula] 0 entity object(s) were destroyed without a despawn; forgetting them
[nebula] 0 entity object(s) were destroyed without a despawn; forgetting them
[nebula] 0 entity object(s) were destroyed without a despawn; forgetting them
[nebula] 0 entity object(s) were destroyed without a despawn; forgetting them
[nebula] 0 entity object(s) were destroyed without a despawn; forgetting them
[nebula] 0 entity object(s) were destroyed without a despawn; forgetting them
[nebula] profile 300 ticks/5s 300 frames avg 0.9ms max 1.5ms dup 0 skip 0 gc 25 auth 32 ghosts 0 | poll=0.01 ghosts=0.00 physics.sync=0.00 simulate=0.01 poses=0.04 containers=0.65 band=0.03 publish=0.02 gap=15.80 interest=0.01
[nebula] 0 entity object(s) were destroyed without a despawn; forgetting them
[nebula] 0 entity object(s) were destroyed without a despawn; forgetting them
[nebula] 0 entity object(s) were destroyed without a despawn; forgetting them
[nebula] 0 entity object(s) were destroyed without a despawn; forgetting them
[nebula] 0 entity object(s) were destroyed without a despawn; forgetting them
[nebula] 0 entity object(s) were destroyed without a despawn; forgetting them
[nebula] 0 entity object(s) were destroyed without a despawn; forgetting them
[nebula] 0 entity object(s) were destroyed without a despawn; forgetting them
[nebula] 0 entity object(s) were destroyed without a despawn; forgetting them
[nebula] 0 entity object(s) were destroyed without a despawn; forgetting them
[nebula] 0 entity object(s) were destroyed without a despawn; forgetting them
[nebula] 0 entity object(s) were destroyed without a despawn; forgetting them
[nebula] 0 entity object(s) were destroyed without a despawn; forgetting them
[nebula] 0 entity object(s) were destroyed without a despawn; forgetting them
[nebula] 0 entity object(s) were destroyed without a despawn; forgetting them
[nebula] 0 entity object(s) were destroyed without a despawn; forgetting them
[nebula] 0 entity object(s) were destroyed without a despawn; forgetting them
[nebula] 0 entity object(s) were destroyed without a despawn; forgetting them
[nebula] 0 entity object(s) were destroyed without a despawn; forgetting them
[nebula] 0 entity object(s) were destroyed without a despawn; forgetting them
[nebula] 0 entity object(s) were destroyed without a despawn; forgetting them
[nebula] 0 entity object(s) were destroyed without a despawn; forgetting them
[nebula] 0 entity object(s) were destroyed without a despawn; forgetting them
[nebula] 0 entity object(s) were destroyed without a despawn; forgetting them
[nebula] 0 entity object(s) were destroyed without a despawn; forgetting them
[nebula] 0 entity object(s) were destroyed without a despawn; forgetting them
[nebula] 0 entity object(s) were destroyed without a despawn; forgetting them
[nebula] 0 entity object(s) were destroyed without a despawn; forgetting them
[nebula] 0 entity object(s) were destroyed without a despawn; forgetting them
[nebula] 0 entity object(s) were destroyed without a despawn; forgetting them
[nebula] 0 entity object(s) were destroyed without a despawn; forgetting them
[nebula] 0 entity object(s) were destroyed without a despawn; forgetting them
[nebula] 0 entity object(s) were destroyed without a despawn; forgetting them
[nebula] 0 entity object(s) were destroyed without a despawn; forgetting them
[nebula] 0 entity object(s) were destroyed without a despawn; forgetting them
[nebula] 0 entity object(s) were destroyed without a despawn; forgetting them
[nebula] 0 entity object(s) were destroyed without a despawn; forgetting them
[nebula] 0 entity object(s) were destroyed without a despawn; forgetting them
[nebula] 0 entity object(s) were destroyed without a despawn; forgetting them
[nebula] 0 entity object(s) were destroyed without a despawn; forgetting them
[nebula] 0 entity object(s) were destroyed without a despawn; forgetting them
[nebula] 0 entity object(s) were destroyed without a despawn; forgetting them
[nebula] 0 entity object(s) were destroyed without a despawn; forgetting them
[nebula] 0 entity object(s) were destroyed without a despawn; forgetting them
[nebula] 0 entity object(s) were destroyed without a despawn; forgetting them
[nebula] 0 entity object(s) were destroyed without a despawn; forgetting them
[nebula] 0 entity object(s) were destroyed without a despawn; forgetting them
[nebula] 0 entity object(s) were destroyed without a despawn; forgetting them
[nebula] 0 entity object(s) were destroyed without a despawn; forgetting them
[nebula] 0 entity object(s) were destroyed without a despawn; forgetting them
[nebula] 0 entity object(s) were destroyed without a despawn; forgetting them
[nebula] 0 entity object(s) were destroyed without a despawn; forgetting them
[nebula] 0 entity object(s) were destroyed without a despawn; forgetting them
[nebula] 0 entity object(s) were destroyed without a despawn; forgetting them
[nebula] 0 entity object(s) were destroyed without a despawn; forgetting them
[nebula] 0 entity object(s) were destroyed without a despawn; forgetting them
[nebula] 0 entity object(s) were destroyed without a despawn; forgetting them
[nebula] 0 entity object(s) were destroyed without a despawn; forgetting them
[nebula] 0 entity object(s) were destroyed without a despawn; forgetting them
[nebula] 0 entity object(s) were destroyed without a despawn; forgetting them
[nebula] 0 entity object(s) were destroyed without a despawn; forgetting them
[nebula] 0 entity object(s) were destroyed without a despawn; forgetting them
[nebula] 0 entity object(s) were destroyed without a despawn; forgetting them
[nebula] 0 entity object(s) were destroyed without a despawn; forgetting them
[nebula] 0 entity object(s) were destroyed without a despawn; forgetting them
[nebula] 0 entity object(s) were destroyed without a despawn; forgetting them
[nebula] 0 entity object(s) were destroyed without a despawn; forgetting them
[nebula] 0 entity object(s) were destroyed without a despawn; forgetting them
[nebula] 0 entity object(s) were destroyed without a despawn; forgetting them
[nebula] 0 entity object(s) were destroyed without a despawn; forgetting them
[nebula] 0 entity object(s) were destroyed without a despawn; forgetting them
[nebula] 0 entity object(s) were destroyed without a despawn; forgetting them
[nebula] 0 entity object(s) were destroyed without a despawn; forgetting them
[nebula] local handover Player(Clone)#1125899906842625(e10,rt_4398046511105,auth) rt_4398046511104 -> rt_4398046511105
[nebula] 0 entity object(s) were destroyed without a despawn; forgetting them
[nebula] 0 entity object(s) were destroyed without a despawn; forgetting them
[nebula] 0 entity object(s) were destroyed without a despawn; forgetting them
[nebula] 0 entity object(s) were destroyed without a despawn; forgetting them
[nebula] 0 entity object(s) were destroyed without a despawn; forgetting them
[nebula] 0 entity object(s) were destroyed without a despawn; forgetting them
[nebula] 0 entity object(s) were destroyed without a despawn; forgetting them
[nebula] 0 entity object(s) were destroyed without a despawn; forgetting them
[nebula] 0 entity object(s) were destroyed without a despawn; forgetting them
[nebula] 0 entity object(s) were destroyed without a despawn; forgetting them
[nebula] 0 entity object(s) were destroyed without a despawn; forgetting them
[nebula] 0 entity object(s) were destroyed without a despawn; forgetting them
[nebula] 0 entity object(s) were destroyed without a despawn; forgetting them
[nebula] 0 entity object(s) were destroyed without a despawn; forgetting them
[nebula] 0 entity object(s) were destroyed without a despawn; forgetting them
[nebula] handover OUT Prop(Clone)#281474976710659(e2,rt_4398046511105,ghost) -> w4 (epoch 2, tick 1365012811)
[nebula] handover OUT Prop(Clone)#281474976710662(e2,rt_4398046511105,ghost) -> w4 (epoch 2, tick 1365012811)
[nebula] handover OUT Prop(Clone)#281474976710665(e2,rt_4398046511105,ghost) -> w4 (epoch 2, tick 1365012811)
[nebula] handover OUT Prop(Clone)#281474976710668(e2,rt_1,ghost) -> w4 (epoch 2, tick 1365012811)
[nebula] handover OUT Prop(Clone)#281474976710671(e2,rt_4398046511105,ghost) -> w4 (epoch 2, tick 1365012811)
[nebula] handover OUT Prop(Clone)#281474976710672(e2,rt_1,ghost) -> w4 (epoch 2, tick 1365012811)
[nebula] handover OUT Prop(Clone)#281474976710678(e2,rt_1,ghost) -> w4 (epoch 2, tick 1365012811)
[nebula] handover OUT Player(Clone)#1125899906842625(e11,rt_4398046511105,ghost) -> w4 (epoch 11, tick 1365012811)
[nebula] handover OUT Prop(Clone)#281474976710679(e2,rt_4398046511105,ghost) -> w4 (epoch 2, tick 1365012811)
[nebula] handover OUT Prop(Clone)#281474976710680(e2,rt_1,ghost) -> w4 (epoch 2, tick 1365012811)
[nebula] 0 entity object(s) were destroyed without a despawn; forgetting them
[nebula] 0 entity object(s) were destroyed without a despawn; forgetting them
[nebula] 0 entity object(s) were destroyed without a despawn; forgetting them
[nebula] 0 entity object(s) were destroyed without a despawn; forgetting them
[nebula] 0 entity object(s) were destroyed without a despawn; forgetting them
[nebula] 0 entity object(s) were destroyed without a despawn; forgetting them
[nebula] 0 entity object(s) were destroyed without a despawn; forgetting them
[nebula] 0 entity object(s) were destroyed without a despawn; forgetting them
[nebula] 0 entity object(s) were destroyed without a despawn; forgetting them
[nebula] 0 entity object(s) were destroyed without a despawn; forgetting them
[nebula] 0 entity object(s) were destroyed without a despawn; forgetting them
[nebula] 0 entity object(s) were destroyed without a despawn; forgetting them
[nebula] 0 entity object(s) were destroyed without a despawn; forgetting them
[nebula] 0 entity object(s) were destroyed without a despawn; forgetting them
[nebula] 0 entity object(s) were destroyed without a despawn; forgetting them
[nebula] 0 entity object(s) were destroyed without a despawn; forgetting them
[nebula] 0 entity object(s) were destroyed without a despawn; forgetting them
[nebula] 0 entity object(s) were destroyed without a despawn; forgetting them
[nebula] 0 entity object(s) were destroyed without a despawn; forgetting them
[nebula] 0 entity object(s) were destroyed without a despawn; forgetting them
[nebula] 0 entity object(s) were destroyed without a despawn; forgetting them
[nebula] 0 entity object(s) were destroyed without a despawn; forgetting them
[nebula] 0 entity object(s) were destroyed without a despawn; forgetting them
[nebula] 0 entity object(s) were destroyed without a despawn; forgetting them
[nebula] 0 entity object(s) were destroyed without a despawn; forgetting them
[nebula] 0 entity object(s) were destroyed without a despawn; forgetting them
[nebula] 0 entity object(s) were destroyed without a despawn; forgetting them
[nebula] 0 entity object(s) were destroyed without a despawn; forgetting them
[nebula] 0 entity object(s) were destroyed without a despawn; forgetting them
[nebula] 0 entity object(s) were destroyed without a despawn; forgetting them
[nebula] 0 entity object(s) were destroyed without a despawn; forgetting them
[nebula] 0 entity object(s) were destroyed without a despawn; forgetting them
[nebula] 0 entity object(s) were destroyed without a despawn; forgetting them
[nebula] 0 entity object(s) were destroyed without a despawn; forgetting them
[nebula] 0 entity object(s) were destroyed without a despawn; forgetting them
[nebula] 0 entity object(s) were destroyed without a despawn; forgetting them
[nebula] 0 entity object(s) were destroyed without a despawn; forgetting them
[nebula] 0 entity object(s) were destroyed without a despawn; forgetting them
[nebula] 0 entity object(s) were destroyed without a despawn; forgetting them
[nebula] 0 entity object(s) were destroyed without a despawn; forgetting them
[nebula] 0 entity object(s) were destroyed without a despawn; forgetting them
[nebula] 0 entity object(s) were destroyed without a despawn; forgetting them
[nebula] 0 entity object(s) were destroyed without a despawn; forgetting them
[nebula] 0 entity object(s) were destroyed without a despawn; forgetting them
[nebula] 0 entity object(s) were destroyed without a despawn; forgetting them
[nebula] 0 entity object(s) were destroyed without a despawn; forgetting them
[nebula] 0 entity object(s) were destroyed without a despawn; forgetting them
[nebula] 0 entity object(s) were destroyed without a despawn; forgetting them
[nebula] 0 entity object(s) were destroyed without a despawn; forgetting them
[nebula] 0 entity object(s) were destroyed without a despawn; forgetting them
[nebula] 0 entity object(s) were destroyed without a despawn; forgetting them
[nebula] 0 entity object(s) were destroyed without a despawn; forgetting them
[nebula] 0 entity object(s) were destroyed without a despawn; forgetting them
[nebula] 0 entity object(s) were destroyed without a despawn; forgetting them
[nebula] 0 entity object(s) were destroyed without a despawn; forgetting them
[nebula] 0 entity object(s) were destroyed without a despawn; forgetting them
[nebula] 0 entity object(s) were destroyed without a despawn; forgetting them
[nebula] 0 entity object(s) were destroyed without a despawn; forgetting them
[nebula] 0 entity object(s) were destroyed without a despawn; forgetting them
[nebula] 0 entity object(s) were destroyed without a despawn; forgetting them
[nebula] 0 entity object(s) were destroyed without a despawn; forgetting them
[nebula] 0 entity object(s) were destroyed without a despawn; forgetting them
[nebula] 0 entity object(s) were destroyed without a despawn; forgetting them
[nebula] 0 entity object(s) were destroyed without a despawn; forgetting them
[nebula] 0 entity object(s) were destroyed without a despawn; forgetting them
[nebula] 0 entity object(s) were destroyed without a despawn; forgetting them
[nebula] 0 entity object(s) were destroyed without a despawn; forgetting them
[nebula] 0 entity object(s) were destroyed without a despawn; forgetting them
[nebula] 0 entity object(s) were destroyed without a despawn; forgetting them
[nebula] 0 entity object(s) were destroyed without a despawn; forgetting them
[nebula] 0 entity object(s) were destroyed without a despawn; forgetting them
[nebula] 0 entity object(s) were destroyed without a despawn; forgetting them
[nebula] 0 entity object(s) were destroyed without a despawn; forgetting them
[nebula] 0 entity object(s) were destroyed without a despawn; forgetting them
[nebula] 0 entity object(s) were destroyed without a despawn; forgetting them
[nebula] 0 entity object(s) were destroyed without a despawn; forgetting them
[nebula] 0 entity object(s) were destroyed without a despawn; forgetting them
[nebula] 0 entity object(s) were destroyed without a despawn; forgetting them
[nebula] 0 entity object(s) were destroyed without a despawn; forgetting them
[nebula] 0 entity object(s) were destroyed without a despawn; forgetting them
[nebula] 0 entity object(s) were destroyed without a despawn; forgetting them
[nebula] 0 entity object(s) were destroyed without a despawn; forgetting them
[nebula] 0 entity object(s) were destroyed without a despawn; forgetting them
[nebula] 0 entity object(s) were destroyed without a despawn; forgetting them
[nebula] 0 entity object(s) were destroyed without a despawn; forgetting them
[nebula] 0 entity object(s) were destroyed without a despawn; forgetting them
[nebula] 0 entity object(s) were destroyed without a despawn; forgetting them
[nebula] 0 entity object(s) were destroyed without a despawn; forgetting them
[nebula] 0 entity object(s) were destroyed without a despawn; forgetting them
[nebula] 0 entity object(s) were destroyed without a despawn; forgetting them
[nebula] 0 entity object(s) were destroyed without a despawn; forgetting them
[nebula] 0 entity object(s) were destroyed without a despawn; forgetting them
[nebula] ghost Player(Clone)#281474976710657(e9,rt_4398046511104,auth) -> w4
[nebula] handover IN  Player(Clone)#281474976710657(e9,rt_4398046511104,auth) <- w4 (epoch 9, tick 1365012903)
[nebula] 0 entity object(s) were destroyed without a despawn; forgetting them
[nebula] 0 entity object(s) were destroyed without a despawn; forgetting them
[nebula] 0 entity object(s) were destroyed without a despawn; forgetting them
[nebula] 0 entity object(s) were destroyed without a despawn; forgetting them
[nebula] 0 entity object(s) were destroyed without a despawn; forgetting them
[nebula] 0 entity object(s) were destroyed without a despawn; forgetting them
[nebula] 0 entity object(s) were destroyed without a despawn; forgetting them
[nebula] 0 entity object(s) were destroyed without a despawn; forgetting them
[nebula] 0 entity object(s) were destroyed without a despawn; forgetting them
[nebula] 0 entity object(s) were destroyed without a despawn; forgetting them
[nebula] 0 entity object(s) were destroyed without a despawn; forgetting them
[nebula] 0 entity object(s) were destroyed without a despawn; forgetting them
[nebula] 0 entity object(s) were destroyed without a despawn; forgetting them
[nebula] 0 entity object(s) were destroyed without a despawn; forgetting them
[nebula] 0 entity object(s) were destroyed without a despawn; forgetting them
[nebula] 0 entity object(s) were destroyed without a despawn; forgetting them
[nebula] 0 entity object(s) were destroyed without a despawn; forgetting them
[nebula] 0 entity object(s) were destroyed without a despawn; forgetting them
[nebula] 0 entity object(s) were destroyed without a despawn; forgetting them
[nebula] 0 entity object(s) were destroyed without a despawn; forgetting them
[nebula] 0 entity object(s) were destroyed without a despawn; forgetting them
[nebula] 0 entity object(s) were destroyed without a despawn; forgetting them
[nebula] 0 entity object(s) were destroyed without a despawn; forgetting them
[nebula] 0 entity object(s) were destroyed without a despawn; forgetting them
[nebula] 0 entity object(s) were destroyed without a despawn; forgetting them
[nebula] 0 entity object(s) were destroyed without a despawn; forgetting them
[nebula] 0 entity object(s) were destroyed without a despawn; forgetting them
[nebula] 0 entity object(s) were destroyed without a despawn; forgetting them
[nebula] 0 entity object(s) were destroyed without a despawn; forgetting them
[nebula] 0 entity object(s) were destroyed without a despawn; forgetting them
[nebula] 0 entity object(s) were destroyed without a despawn; forgetting them
[nebula] 0 entity object(s) were destroyed without a despawn; forgetting them
[nebula] 0 entity object(s) were destroyed without a despawn; forgetting them
[nebula] 0 entity object(s) were destroyed without a despawn; forgetting them
[nebula] spawned Prop(Clone)#281474976710690(e1,rt_0,auth)
[nebula] 0 entity object(s) were destroyed without a despawn; forgetting them
[nebula] 0 entity object(s) were destroyed without a despawn; forgetting them
[nebula] 0 entity object(s) were destroyed without a despawn; forgetting them
[nebula] 0 entity object(s) were destroyed without a despawn; forgetting them
[nebula] 0 entity object(s) were destroyed without a despawn; forgetting them
[nebula] 0 entity object(s) were destroyed without a despawn; forgetting them
[nebula] 0 entity object(s) were destroyed without a despawn; forgetting them
[nebula] 0 entity object(s) were destroyed without a despawn; forgetting them
[nebula] 0 entity object(s) were destroyed without a despawn; forgetting them
[nebula] 0 entity object(s) were destroyed without a despawn; forgetting them
[nebula] 0 entity object(s) were destroyed without a despawn; forgetting them
[nebula] 0 entity object(s) were destroyed without a despawn; forgetting them
[nebula] 0 entity object(s) were destroyed without a despawn; forgetting them
[nebula] 0 entity object(s) were destroyed without a despawn; forgetting them
[nebula] 0 entity object(s) were destroyed without a despawn; forgetting them
[nebula] 0 entity object(s) were destroyed without a despawn; forgetting them
[nebula] 0 entity object(s) were destroyed without a despawn; forgetting them
[nebula] 0 entity object(s) were destroyed without a despawn; forgetting them
[nebula] 0 entity object(s) were destroyed without a despawn; forgetting them
[nebula] 0 entity object(s) were destroyed without a despawn; forgetting them
[nebula] 0 entity object(s) were destroyed without a despawn; forgetting them
[nebula] 0 entity object(s) were destroyed without a despawn; forgetting them
[nebula] 0 entity object(s) were destroyed without a despawn; forgetting them
[nebula] 0 entity object(s) were destroyed without a despawn; forgetting them
[nebula] 0 entity object(s) were destroyed without a despawn; forgetting them
[nebula] 0 entity object(s) were destroyed without a despawn; forgetting them
[nebula] 0 entity object(s) were destroyed without a despawn; forgetting them
[nebula] 0 entity object(s) were destroyed without a despawn; forgetting them
[nebula] 0 entity object(s) were destroyed without a despawn; forgetting them
[nebula] 0 entity object(s) were destroyed without a despawn; forgetting them
[nebula] 0 entity object(s) were destroyed without a despawn; forgetting them
[nebula] 0 entity object(s) were destroyed without a despawn; forgetting them
[nebula] 0 entity object(s) were destroyed without a despawn; forgetting them
[nebula] 0 entity object(s) were destroyed without a despawn; forgetting them
[nebula] 0 entity object(s) were destroyed without a despawn; forgetting them
[nebula] 0 entity object(s) were destroyed without a despawn; forgetting them
[nebula] 0 entity object(s) were destroyed without a despawn; forgetting them
[nebula] 0 entity object(s) were destroyed without a despawn; forgetting them
[nebula] 0 entity object(s) were destroyed without a despawn; forgetting them
[nebula] 0 entity object(s) were destroyed without a despawn; forgetting them
[nebula] 0 entity object(s) were destroyed without a despawn; forgetting them
[nebula] 0 entity object(s) were destroyed without a despawn; forgetting them
[nebula] 0 entity object(s) were destroyed without a despawn; forgetting them
[nebula] 0 entity object(s) were destroyed without a despawn; forgetting them
[nebula] 0 entity object(s) were destroyed without a despawn; forgetting them
[nebula] 0 entity object(s) were destroyed without a despawn; forgetting them
[nebula] 0 entity object(s) were destroyed without a despawn; forgetting them
[nebula] 0 entity object(s) were destroyed without a despawn; forgetting them
[nebula] 0 entity object(s) were destroyed without a despawn; forgetting them
[nebula] 0 entity object(s) were destroyed without a despawn; forgetting them
[nebula] 0 entity object(s) were destroyed without a despawn; forgetting them
[nebula] 0 entity object(s) were destroyed without a despawn; forgetting them
[nebula] 0 entity object(s) were destroyed without a despawn; forgetting them
[nebula] 0 entity object(s) were destroyed without a despawn; forgetting them
[nebula] 0 entity object(s) were destroyed without a despawn; forgetting them
[nebula] 0 entity object(s) were destroyed without a despawn; forgetting them
[nebula] 0 entity object(s) were destroyed without a despawn; forgetting them
[nebula] 0 entity object(s) were destroyed without a despawn; forgetting them
[nebula] 0 entity object(s) were destroyed without a despawn; forgetting them
[nebula] 0 entity object(s) were destroyed without a despawn; forgetting them
[nebula] 0 entity object(s) were destroyed without a despawn; forgetting them
[nebula] 0 entity object(s) were destroyed without a despawn; forgetting them
[nebula] 0 entity object(s) were destroyed without a despawn; forgetting them
[nebula] 0 entity object(s) were destroyed without a despawn; forgetting them
[nebula] 0 entity object(s) were destroyed without a despawn; forgetting them
[nebula] 0 entity object(s) were destroyed without a despawn; forgetting them
[nebula] 0 entity object(s) were destroyed without a despawn; forgetting them
[nebula] 0 entity object(s) were destroyed without a despawn; forgetting them
[nebula] 0 entity object(s) were destroyed without a despawn; forgetting them
[nebula] 0 entity object(s) were destroyed without a despawn; forgetting them
[nebula] 0 entity object(s) were destroyed without a despawn; forgetting them
[nebula] 0 entity object(s) were destroyed without a despawn; forgetting them
[nebula] 0 entity object(s) were destroyed without a despawn; forgetting them
[nebula] 0 entity object(s) were destroyed without a despawn; forgetting them
[nebula] 0 entity object(s) were destroyed without a despawn; forgetting them
[nebula] 0 entity object(s) were destroyed without a despawn; forgetting them
[nebula] 0 entity object(s) were destroyed without a despawn; forgetting them
[nebula] 0 entity object(s) were destroyed without a despawn; forgetting them
[nebula] 0 entity object(s) were destroyed without a despawn; forgetting them
[nebula] 0 entity object(s) were destroyed without a despawn; forgetting them
[nebula] 0 entity object(s) were destroyed without a despawn; forgetting them
[nebula] 0 entity object(s) were destroyed without a despawn; forgetting them
[nebula] 0 entity object(s) were destroyed without a despawn; forgetting them
[nebula] 0 entity object(s) were destroyed without a despawn; forgetting them
[nebula] 0 entity object(s) were destroyed without a despawn; forgetting them
[nebula] local handover Player(Clone)#844424930131969(e2,rt_9223363240761753600,auth) rt_9223363240761753601 -> rt_9223363240761753600
[nebula] 0 entity object(s) were destroyed without a despawn; forgetting them
[nebula] profile 300 ticks/5s 300 frames avg 0.8ms max 1.3ms dup 1 skip 0 gc 34 auth 24 ghosts 0 | poll=0.02 ghosts=0.01 physics.sync=0.00 simulate=0.01 poses=0.04 containers=0.56 band=0.03 publish=0.02 gap=15.89 interest=0.01
[nebula] 0 entity object(s) were destroyed without a despawn; forgetting them
[nebula] 0 entity object(s) were destroyed without a despawn; forgetting them
[nebula] 0 entity object(s) were destroyed without a despawn; forgetting them
[nebula] 0 entity object(s) were destroyed without a despawn; forgetting them
[nebula] 0 entity object(s) were destroyed without a despawn; forgetting them
[nebula] 0 entity object(s) were destroyed without a despawn; forgetting them
[nebula] 0 entity object(s) were destroyed without a despawn; forgetting them
[nebula] 0 entity object(s) were destroyed without a despawn; forgetting them
[nebula] 0 entity object(s) were destroyed without a despawn; forgetting them
[nebula] 0 entity object(s) were destroyed without a despawn; forgetting them
[nebula] 0 entity object(s) were destroyed without a despawn; forgetting them
[nebula] 0 entity object(s) were destroyed without a despawn; forgetting them
[nebula] 0 entity object(s) were destroyed without a despawn; forgetting them
[nebula] 0 entity object(s) were destroyed without a despawn; forgetting them
[nebula] 0 entity object(s) were destroyed without a despawn; forgetting them
[nebula] 0 entity object(s) were destroyed without a despawn; forgetting them
[nebula] 0 entity object(s) were destroyed without a despawn; forgetting them
[nebula] 0 entity object(s) were destroyed without a despawn; forgetting them
[nebula] 0 entity object(s) were destroyed without a despawn; forgetting them
[nebula] 0 entity object(s) were destroyed without a despawn; forgetting them
[nebula] 0 entity object(s) were destroyed without a despawn; forgetting them
[nebula] 0 entity object(s) were destroyed without a despawn; forgetting them
[nebula] 0 entity object(s) were destroyed without a despawn; forgetting them
[nebula] 0 entity object(s) were destroyed without a despawn; forgetting them
[nebula] 0 entity object(s) were destroyed without a despawn; forgetting them
[nebula] 0 entity object(s) were destroyed without a despawn; forgetting them
[nebula] 0 entity object(s) were destroyed without a despawn; forgetting them
[nebula] 0 entity object(s) were destroyed without a despawn; forgetting them
[nebula] 0 entity object(s) were destroyed without a despawn; forgetting them
[nebula] 0 entity object(s) were destroyed without a despawn; forgetting them
[nebula] 0 entity object(s) were destroyed without a despawn; forgetting them
[nebula] 0 entity object(s) were destroyed without a despawn; forgetting them
[nebula] 0 entity object(s) were destroyed without a despawn; forgetting them
[nebula] 0 entity object(s) were destroyed without a despawn; forgetting them
[nebula] 0 entity object(s) were destroyed without a despawn; forgetting them
[nebula] 0 entity object(s) were destroyed without a despawn; forgetting them
[nebula] 0 entity object(s) were destroyed without a despawn; forgetting them
[nebula] 0 entity object(s) were destroyed without a despawn; forgetting them
[nebula] 0 entity object(s) were destroyed without a despawn; forgetting them
[nebula] 0 entity object(s) were destroyed without a despawn; forgetting them
[nebula] 0 entity object(s) were destroyed without a despawn; forgetting them
[nebula] 0 entity object(s) were destroyed without a despawn; forgetting them
[nebula] 0 entity object(s) were destroyed without a despawn; forgetting them
[nebula] 0 entity object(s) were destroyed without a despawn; forgetting them
[nebula] 0 entity object(s) were destroyed without a despawn; forgetting them
[nebula] 0 entity object(s) were destroyed without a despawn; forgetting them
[nebula] 0 entity object(s) were destroyed without a despawn; forgetting them
[nebula] 0 entity object(s) were destroyed without a despawn; forgetting them
[nebula] 0 entity object(s) were destroyed without a despawn; forgetting them
[nebula] 0 entity object(s) were destroyed without a despawn; forgetting them
[nebula] 0 entity object(s) were destroyed without a despawn; forgetting them
[nebula] 0 entity object(s) were destroyed without a despawn; forgetting them
[nebula] 0 entity object(s) were destroyed without a despawn; forgetting them
[nebula] 0 entity object(s) were destroyed without a despawn; forgetting them
[nebula] 0 entity object(s) were destroyed without a despawn; forgetting them
[nebula] 0 entity object(s) were destroyed without a despawn; forgetting them
[nebula] 0 entity object(s) were destroyed without a despawn; forgetting them
[nebula] 0 entity object(s) were destroyed without a despawn; forgetting them
[nebula] 0 entity object(s) were destroyed without a despawn; forgetting them
[nebula] 0 entity object(s) were destroyed without a despawn; forgetting them
[nebula] 0 entity object(s) were destroyed without a despawn; forgetting them
[nebula] 0 entity object(s) were destroyed without a despawn; forgetting them
[nebula] 0 entity object(s) were destroyed without a despawn; forgetting them
[nebula] 0 entity object(s) were destroyed without a despawn; forgetting them
[nebula] 0 entity object(s) were destroyed without a despawn; forgetting them
[nebula] 0 entity object(s) were destroyed without a despawn; forgetting them
[nebula] 0 entity object(s) were destroyed without a despawn; forgetting them
[nebula] 0 entity object(s) were destroyed without a despawn; forgetting them
[nebula] 0 entity object(s) were destroyed without a despawn; forgetting them
[nebula] 0 entity object(s) were destroyed without a despawn; forgetting them
[nebula] 0 entity object(s) were destroyed without a despawn; forgetting them
[nebula] 0 entity object(s) were destroyed without a despawn; forgetting them
[nebula] 0 entity object(s) were destroyed without a despawn; forgetting them
[nebula] 0 entity object(s) were destroyed without a despawn; forgetting them
[nebula] 0 entity object(s) were destroyed without a despawn; forgetting them
[nebula] 0 entity object(s) were destroyed without a despawn; forgetting them
[nebula] 0 entity object(s) were destroyed without a despawn; forgetting them
[nebula] 0 entity object(s) were destroyed without a despawn; forgetting them
[nebula] 0 entity object(s) were destroyed without a despawn; forgetting them
[nebula] 0 entity object(s) were destroyed without a despawn; forgetting them
[nebula] 0 entity object(s) were destroyed without a despawn; forgetting them
[nebula] 0 entity object(s) were destroyed without a despawn; forgetting them
[nebula] 0 entity object(s) were destroyed without a despawn; forgetting them
[nebula] 0 entity object(s) were destroyed without a despawn; forgetting them
[nebula] spawned Prop(Clone)#281474976710691(e1,rt_4398046511104,auth)
[nebula] 0 entity object(s) were destroyed without a despawn; forgetting them
[nebula] 0 entity object(s) were destroyed without a despawn; forgetting them
[nebula] 0 entity object(s) were destroyed without a despawn; forgetting them
[nebula] 0 entity object(s) were destroyed without a despawn; forgetting them
[nebula] 0 entity object(s) were destroyed without a despawn; forgetting them
[nebula] 0 entity object(s) were destroyed without a despawn; forgetting them
[nebula] 0 entity object(s) were destroyed without a despawn; forgetting them
[nebula] 0 entity object(s) were destroyed without a despawn; forgetting them
[nebula] 0 entity object(s) were destroyed without a despawn; forgetting them
[nebula] 0 entity object(s) were destroyed without a despawn; forgetting them
[nebula] 0 entity object(s) were destroyed without a despawn; forgetting them
[nebula] 0 entity object(s) were destroyed without a despawn; forgetting them
[nebula] 0 entity object(s) were destroyed without a despawn; forgetting them
[nebula] 0 entity object(s) were destroyed without a despawn; forgetting them
[nebula] 0 entity object(s) were destroyed without a despawn; forgetting them
[nebula] 0 entity object(s) were destroyed without a despawn; forgetting them
[nebula] 0 entity object(s) were destroyed without a despawn; forgetting them
[nebula] 0 entity object(s) were destroyed without a despawn; forgetting them
[nebula] 0 entity object(s) were destroyed without a despawn; forgetting them
[nebula] 0 entity object(s) were destroyed without a despawn; forgetting them
[nebula] 0 entity object(s) were destroyed without a despawn; forgetting them
[nebula] 0 entity object(s) were destroyed without a despawn; forgetting them
[nebula] 0 entity object(s) were destroyed without a despawn; forgetting them
[nebula] 0 entity object(s) were destroyed without a despawn; forgetting them
[nebula] 0 entity object(s) were destroyed without a despawn; forgetting them
[nebula] 0 entity object(s) were destroyed without a despawn; forgetting them
[nebula] 0 entity object(s) were destroyed without a despawn; forgetting them
[nebula] 0 entity object(s) were destroyed without a despawn; forgetting them
[nebula] 0 entity object(s) were destroyed without a despawn; forgetting them
[nebula] 0 entity object(s) were destroyed without a despawn; forgetting them
[nebula] 0 entity object(s) were destroyed without a despawn; forgetting them
[nebula] 0 entity object(s) were destroyed without a despawn; forgetting them
[nebula] 0 entity object(s) were destroyed without a despawn; forgetting them
[nebula] 0 entity object(s) were destroyed without a despawn; forgetting them
[nebula] 0 entity object(s) were destroyed without a despawn; forgetting them
[nebula] 0 entity object(s) were destroyed without a despawn; forgetting them
[nebula] 0 entity object(s) were destroyed without a despawn; forgetting them
[nebula] 0 entity object(s) were destroyed without a despawn; forgetting them
[nebula] 0 entity object(s) were destroyed without a despawn; forgetting them
[nebula] 0 entity object(s) were destroyed without a despawn; forgetting them
[nebula] 0 entity object(s) were destroyed without a despawn; forgetting them
[nebula] 0 entity object(s) were destroyed without a despawn; forgetting them
[nebula] 0 entity object(s) were destroyed without a despawn; forgetting them
[nebula] 0 entity object(s) were destroyed without a despawn; forgetting them
[nebula] 0 entity object(s) were destroyed without a despawn; forgetting them
[nebula] 0 entity object(s) were destroyed without a despawn; forgetting them
[nebula] 0 entity object(s) were destroyed without a despawn; forgetting them
[nebula] 0 entity object(s) were destroyed without a despawn; forgetting them
[nebula] 0 entity object(s) were destroyed without a despawn; forgetting them
[nebula] 0 entity object(s) were destroyed without a despawn; forgetting them
[nebula] 0 entity object(s) were destroyed without a despawn; forgetting them
[nebula] 0 entity object(s) were destroyed without a despawn; forgetting them
[nebula] 0 entity object(s) were destroyed without a despawn; forgetting them
[nebula] 0 entity object(s) were destroyed without a despawn; forgetting them
[nebula] 0 entity object(s) were destroyed without a despawn; forgetting them
[nebula] 0 entity object(s) were destroyed without a despawn; forgetting them
[nebula] 0 entity object(s) were destroyed without a despawn; forgetting them
[nebula] 0 entity object(s) were destroyed without a despawn; forgetting them
[nebula] 0 entity object(s) were destroyed without a despawn; forgetting them
[nebula] 0 entity object(s) were destroyed without a despawn; forgetting them
[nebula] 0 entity object(s) were destroyed without a despawn; forgetting them
[nebula] 0 entity object(s) were destroyed without a despawn; forgetting them
[nebula] 0 entity object(s) were destroyed without a despawn; forgetting them
[nebula] 0 entity object(s) were destroyed without a despawn; forgetting them
[nebula] 0 entity object(s) were destroyed without a despawn; forgetting them
[nebula] 0 entity object(s) were destroyed without a despawn; forgetting them
[nebula] 0 entity object(s) were destroyed without a despawn; forgetting them
[nebula] 0 entity object(s) were destroyed without a despawn; forgetting them
[nebula] 0 entity object(s) were destroyed without a despawn; forgetting them
[nebula] 0 entity object(s) were destroyed without a despawn; forgetting them
[nebula] 0 entity object(s) were destroyed without a despawn; forgetting them
[nebula] 0 entity object(s) were destroyed without a despawn; forgetting them
[nebula] 0 entity object(s) were destroyed without a despawn; forgetting them
[nebula] 0 entity object(s) were destroyed without a despawn; forgetting them
[nebula] 0 entity object(s) were destroyed without a despawn; forgetting them
[nebula] 0 entity object(s) were destroyed without a despawn; forgetting them
[nebula] 0 entity object(s) were destroyed without a despawn; forgetting them
[nebula] 0 entity object(s) were destroyed without a despawn; forgetting them
[nebula] 0 entity object(s) were destroyed without a despawn; forgetting them
[nebula] 0 entity object(s) were destroyed without a despawn; forgetting them
[nebula] 0 entity object(s) were destroyed without a despawn; forgetting them
[nebula] 0 entity object(s) were destroyed without a despawn; forgetting them
[nebula] 0 entity object(s) were destroyed without a despawn; forgetting them
[nebula] 0 entity object(s) were destroyed without a despawn; forgetting them
[nebula] 0 entity object(s) were destroyed without a despawn; forgetting them
[nebula] 0 entity object(s) were destroyed without a despawn; forgetting them
[nebula] 0 entity object(s) were destroyed without a despawn; forgetting them
[nebula] 0 entity object(s) were destroyed without a despawn; forgetting them
[nebula] 0 entity object(s) were destroyed without a despawn; forgetting them
[nebula] 0 entity object(s) were destroyed without a despawn; forgetting them
[nebula] 0 entity object(s) were destroyed without a despawn; forgetting them
[nebula] 0 entity object(s) were destroyed without a despawn; forgetting them
[nebula] 0 entity object(s) were destroyed without a despawn; forgetting them
[nebula] 0 entity object(s) were destroyed without a despawn; forgetting them
[nebula] 0 entity object(s) were destroyed without a despawn; forgetting them
[nebula] 0 entity object(s) were destroyed without a despawn; forgetting them
[nebula] 0 entity object(s) were destroyed without a despawn; forgetting them
[nebula] 0 entity object(s) were destroyed without a despawn; forgetting them
[nebula] 0 entity object(s) were destroyed without a despawn; forgetting them
[nebula] 0 entity object(s) were destroyed without a despawn; forgetting them
[nebula] 0 entity object(s) were destroyed without a despawn; forgetting them
[nebula] 0 entity object(s) were destroyed without a despawn; forgetting them
[nebula] 0 entity object(s) were destroyed without a despawn; forgetting them
[nebula] 0 entity object(s) were destroyed without a despawn; forgetting them
[nebula] 0 entity object(s) were destroyed without a despawn; forgetting them
[nebula] 0 entity object(s) were destroyed without a despawn; forgetting them
[nebula] 0 entity object(s) were destroyed without a despawn; forgetting them
[nebula] 0 entity object(s) were destroyed without a despawn; forgetting them
[nebula] 0 entity object(s) were destroyed without a despawn; forgetting them
[nebula] 0 entity object(s) were destroyed without a despawn; forgetting them
[nebula] 0 entity object(s) were destroyed without a despawn; forgetting them
[nebula] 0 entity object(s) were destroyed without a despawn; forgetting them
[nebula] 0 entity object(s) were destroyed without a despawn; forgetting them
[nebula] 0 entity object(s) were destroyed without a despawn; forgetting them
[nebula] 0 entity object(s) were destroyed without a despawn; forgetting them
[nebula] 0 entity object(s) were destroyed without a despawn; forgetting them
[nebula] 0 entity object(s) were destroyed without a despawn; forgetting them
[nebula] 0 entity object(s) were destroyed without a despawn; forgetting them
[nebula] 0 entity object(s) were destroyed without a despawn; forgetting them
[nebula] 0 entity object(s) were destroyed without a despawn; forgetting them
[nebula] 0 entity object(s) were destroyed without a despawn; forgetting them
[nebula] 0 entity object(s) were destroyed without a despawn; forgetting them
[nebula] 0 entity object(s) were destroyed without a despawn; forgetting them
[nebula] 0 entity object(s) were destroyed without a despawn; forgetting them
[nebula] 0 entity object(s) were destroyed without a despawn; forgetting them
[nebula] 0 entity object(s) were destroyed without a despawn; forgetting them
[nebula] 0 entity object(s) were destroyed without a despawn; forgetting them
[nebula] 0 entity object(s) were destroyed without a despawn; forgetting them
[nebula] 0 entity object(s) were destroyed without a despawn; forgetting them
[nebula] 0 entity object(s) were destroyed without a despawn; forgetting them
[nebula] 0 entity object(s) were destroyed without a despawn; forgetting them
[nebula] 0 entity object(s) were destroyed without a despawn; forgetting them
[nebula] 0 entity object(s) were destroyed without a despawn; forgetting them
[nebula] 0 entity object(s) were destroyed without a despawn; forgetting them
[nebula] 0 entity object(s) were destroyed without a despawn; forgetting them
[nebula] 0 entity object(s) were destroyed without a despawn; forgetting them
[nebula] 0 entity object(s) were destroyed without a despawn; forgetting them
[nebula] 0 entity object(s) were destroyed without a despawn; forgetting them
[nebula] 0 entity object(s) were destroyed without a despawn; forgetting them
[nebula] 0 entity object(s) were destroyed without a despawn; forgetting them
[nebula] 0 entity object(s) were destroyed without a despawn; forgetting them
[nebula] 0 entity object(s) were destroyed without a despawn; forgetting them
[nebula] 0 entity object(s) were destroyed without a despawn; forgetting them
[nebula] 0 entity object(s) were destroyed without a despawn; forgetting them
[nebula] 0 entity object(s) were destroyed without a despawn; forgetting them
[nebula] 0 entity object(s) were destroyed without a despawn; forgetting them
[nebula] 0 entity object(s) were destroyed without a despawn; forgetting them
[nebula] 0 entity object(s) were destroyed without a despawn; forgetting them
[nebula] 0 entity object(s) were destroyed without a despawn; forgetting them
[nebula] 0 entity object(s) were destroyed without a despawn; forgetting them
[nebula] 0 entity object(s) were destroyed without a despawn; forgetting them
[nebula] 0 entity object(s) were destroyed without a despawn; forgetting them
[nebula] 0 entity object(s) were destroyed without a despawn; forgetting them
[nebula] 0 entity object(s) were destroyed without a despawn; forgetting them
[nebula] 0 entity object(s) were destroyed without a despawn; forgetting them
[nebula] 0 entity object(s) were destroyed without a despawn; forgetting them
[nebula] 0 entity object(s) were destroyed without a despawn; forgetting them
[nebula] 0 entity object(s) were destroyed without a despawn; forgetting them
[nebula] 0 entity object(s) were destroyed without a despawn; forgetting them
[nebula] 0 entity object(s) were destroyed without a despawn; forgetting them
[nebula] 0 entity object(s) were destroyed without a despawn; forgetting them
[nebula] 0 entity object(s) were destroyed without a despawn; forgetting them
[nebula] 0 entity object(s) were destroyed without a despawn; forgetting them
[nebula] 0 entity object(s) were destroyed without a despawn; forgetting them
[nebula] 0 entity object(s) were destroyed without a despawn; forgetting them
[nebula] 0 entity object(s) were destroyed without a despawn; forgetting them
[nebula] 0 entity object(s) were destroyed without a despawn; forgetting them
[nebula] 0 entity object(s) were destroyed without a despawn; forgetting them
[nebula] 0 entity object(s) were destroyed without a despawn; forgetting them
[nebula] 0 entity object(s) were destroyed without a despawn; forgetting them
[nebula] 0 entity object(s) were destroyed without a despawn; forgetting them
[nebula] 0 entity object(s) were destroyed without a despawn; forgetting them
[nebula] 0 entity object(s) were destroyed without a despawn; forgetting them
[nebula] 0 entity object(s) were destroyed without a despawn; forgetting them
[nebula] 0 entity object(s) were destroyed without a despawn; forgetting them
[nebula] 0 entity object(s) were destroyed without a despawn; forgetting them
[nebula] 0 entity object(s) were destroyed without a despawn; forgetting them
[nebula] 0 entity object(s) were destroyed without a despawn; forgetting them
[nebula] 0 entity object(s) were destroyed without a despawn; forgetting them
[nebula] 0 entity object(s) were destroyed without a despawn; forgetting them
[nebula] 0 entity object(s) were destroyed without a despawn; forgetting them
[nebula] 0 entity object(s) were destroyed without a despawn; forgetting them
[nebula] 0 entity object(s) were destroyed without a despawn; forgetting them
[nebula] 0 entity object(s) were destroyed without a despawn; forgetting them
[nebula] 0 entity object(s) were destroyed without a despawn; forgetting them
[nebula] 0 entity object(s) were destroyed without a despawn; forgetting them
[nebula] 0 entity object(s) were destroyed without a despawn; forgetting them
[nebula] 0 entity object(s) were destroyed without a despawn; forgetting them
[nebula] 0 entity object(s) were destroyed without a despawn; forgetting them
[nebula] 0 entity object(s) were destroyed without a despawn; forgetting them
[nebula] 0 entity object(s) were destroyed without a despawn; forgetting them
[nebula] 0 entity object(s) were destroyed without a despawn; forgetting them
[nebula] 0 entity object(s) were destroyed without a despawn; forgetting them
[nebula] 0 entity object(s) were destroyed without a despawn; forgetting them
[nebula] 0 entity object(s) were destroyed without a despawn; forgetting them
[nebula] 0 entity object(s) were destroyed without a despawn; forgetting them
[nebula] 0 entity object(s) were destroyed without a despawn; forgetting them
[nebula] 0 entity object(s) were destroyed without a despawn; forgetting them
[nebula] 0 entity object(s) were destroyed without a despawn; forgetting them
[nebula] 0 entity object(s) were destroyed without a despawn; forgetting them
[nebula] 0 entity object(s) were destroyed without a despawn; forgetting them
[nebula] 0 entity object(s) were destroyed without a despawn; forgetting them
[nebula] 0 entity object(s) were destroyed without a despawn; forgetting them
[nebula] 0 entity object(s) were destroyed without a despawn; forgetting them
[nebula] 0 entity object(s) were destroyed without a despawn; forgetting them
[nebula] 0 entity object(s) were destroyed without a despawn; forgetting them
[nebula] 0 entity object(s) were destroyed without a despawn; forgetting them
[nebula] 0 entity object(s) were destroyed without a despawn; forgetting them
[nebula] 0 entity object(s) were destroyed without a despawn; forgetting them
[nebula] 0 entity object(s) were destroyed without a despawn; forgetting them
[nebula] 0 entity object(s) were destroyed without a despawn; forgetting them
[nebula] 0 entity object(s) were destroyed without a despawn; forgetting them
[nebula] 0 entity object(s) were destroyed without a despawn; forgetting them
[nebula] 0 entity object(s) were destroyed without a despawn; forgetting them
[nebula] 0 entity object(s) were destroyed without a despawn; forgetting them
[nebula] 0 entity object(s) were destroyed without a despawn; forgetting them
[nebula] profile 300 ticks/5s 300 frames avg 0.8ms max 1.2ms dup 0 skip 0 gc 19 auth 25 ghosts 1 | poll=0.01 ghosts=0.00 physics.sync=0.00 simulate=0.01 poses=0.04 containers=0.56 band=0.03 publish=0.02 gap=15.89 interest=0.01
[nebula] 0 entity object(s) were destroyed without a despawn; forgetting them
[nebula] 0 entity object(s) were destroyed without a despawn; forgetting them
[nebula] 0 entity object(s) were destroyed without a despawn; forgetting them
[nebula] 0 entity object(s) were destroyed without a despawn; forgetting them
[nebula] ghost Player(Clone)#844424930131970(e4,rt_0,auth) -> w4
[nebula] 0 entity object(s) were destroyed without a despawn; forgetting them
[nebula] ghost Player(Clone)#562949953421313(e8,rt_4398046511104,auth) -> w4
[nebula] handover IN  Player(Clone)#562949953421313(e8,rt_4398046511104,auth) <- w4 (epoch 8, tick 1365013328)
[nebula] 0 entity object(s) were destroyed without a despawn; forgetting them
[nebula] 0 entity object(s) were destroyed without a despawn; forgetting them
[nebula] 0 entity object(s) were destroyed without a despawn; forgetting them
[nebula] 0 entity object(s) were destroyed without a despawn; forgetting them
[nebula] 0 entity object(s) were destroyed without a despawn; forgetting them
[nebula] 0 entity object(s) were destroyed without a despawn; forgetting them
[nebula] 0 entity object(s) were destroyed without a despawn; forgetting them
[nebula] 0 entity object(s) were destroyed without a despawn; forgetting them
[nebula] 0 entity object(s) were destroyed without a despawn; forgetting them
[nebula] 0 entity object(s) were destroyed without a despawn; forgetting them
[nebula] 0 entity object(s) were destroyed without a despawn; forgetting them
[nebula] 0 entity object(s) were destroyed without a despawn; forgetting them
[nebula] 0 entity object(s) were destroyed without a despawn; forgetting them
[nebula] 0 entity object(s) were destroyed without a despawn; forgetting them
[nebula] 0 entity object(s) were destroyed without a despawn; forgetting them
[nebula] 0 entity object(s) were destroyed without a despawn; forgetting them
[nebula] 0 entity object(s) were destroyed without a despawn; forgetting them
[nebula] 0 entity object(s) were destroyed without a despawn; forgetting them
[nebula] 0 entity object(s) were destroyed without a despawn; forgetting them
[nebula] 0 entity object(s) were destroyed without a despawn; forgetting them
[nebula] 0 entity object(s) were destroyed without a despawn; forgetting them
[nebula] 0 entity object(s) were destroyed without a despawn; forgetting them
[nebula] 0 entity object(s) were destroyed without a despawn; forgetting them
[nebula] 0 entity object(s) were destroyed without a despawn; forgetting them
[nebula] 0 entity object(s) were destroyed without a despawn; forgetting them
[nebula] 0 entity object(s) were destroyed without a despawn; forgetting them
[nebula] 0 entity object(s) were destroyed without a despawn; forgetting them
[nebula] 0 entity object(s) were destroyed without a despawn; forgetting them
[nebula] 0 entity object(s) were destroyed without a despawn; forgetting them
[nebula] 0 entity object(s) were destroyed without a despawn; forgetting them
[nebula] 0 entity object(s) were destroyed without a despawn; forgetting them
[nebula] 0 entity object(s) were destroyed without a despawn; forgetting them
[nebula] 0 entity object(s) were destroyed without a despawn; forgetting them
[nebula] 0 entity object(s) were destroyed without a despawn; forgetting them
[nebula] 0 entity object(s) were destroyed without a despawn; forgetting them
[nebula] 0 entity object(s) were destroyed without a despawn; forgetting them
[nebula] 0 entity object(s) were destroyed without a despawn; forgetting them
[nebula] 0 entity object(s) were destroyed without a despawn; forgetting them
[nebula] 0 entity object(s) were destroyed without a despawn; forgetting them
[nebula] 0 entity object(s) were destroyed without a despawn; forgetting them
[nebula] 0 entity object(s) were destroyed without a despawn; forgetting them
[nebula] 0 entity object(s) were destroyed without a despawn; forgetting them
[nebula] 0 entity object(s) were destroyed without a despawn; forgetting them
[nebula] 0 entity object(s) were destroyed without a despawn; forgetting them
[nebula] 0 entity object(s) were destroyed without a despawn; forgetting them
[nebula] 0 entity object(s) were destroyed without a despawn; forgetting them
[nebula] 0 entity object(s) were destroyed without a despawn; forgetting them
[nebula] 0 entity object(s) were destroyed without a despawn; forgetting them
[nebula] 0 entity object(s) were destroyed without a despawn; forgetting them
[nebula] 0 entity object(s) were destroyed without a despawn; forgetting them
[nebula] 0 entity object(s) were destroyed without a despawn; forgetting them
[nebula] 0 entity object(s) were destroyed without a despawn; forgetting them
[nebula] 0 entity object(s) were destroyed without a despawn; forgetting them
[nebula] 0 entity object(s) were destroyed without a despawn; forgetting them
[nebula] 0 entity object(s) were destroyed without a despawn; forgetting them
[nebula] 0 entity object(s) were destroyed without a despawn; forgetting them
[nebula] 0 entity object(s) were destroyed without a despawn; forgetting them
[nebula] handover OUT Player(Clone)#844424930131970(e5,rt_1,ghost) -> w4 (epoch 5, tick 1365013385)
[nebula] 0 entity object(s) were destroyed without a despawn; forgetting them
[nebula] 0 entity object(s) were destroyed without a despawn; forgetting them
[nebula] 0 entity object(s) were destroyed without a despawn; forgetting them
[nebula] 0 entity object(s) were destroyed without a despawn; forgetting them
[nebula] 0 entity object(s) were destroyed without a despawn; forgetting them
[nebula] 0 entity object(s) were destroyed without a despawn; forgetting them
[nebula] 0 entity object(s) were destroyed without a despawn; forgetting them
[nebula] 0 entity object(s) were destroyed without a despawn; forgetting them
[nebula] 0 entity object(s) were destroyed without a despawn; forgetting them
[nebula] 0 entity object(s) were destroyed without a despawn; forgetting them
[nebula] 0 entity object(s) were destroyed without a despawn; forgetting them
[nebula] 0 entity object(s) were destroyed without a despawn; forgetting them
[nebula] 0 entity object(s) were destroyed without a despawn; forgetting them
[nebula] 0 entity object(s) were destroyed without a despawn; forgetting them
[nebula] local handover Player(Clone)#844424930131969(e2,rt_9223367638808264704,auth) rt_9223363240761753600 -> rt_9223367638808264704
[nebula] 0 entity object(s) were destroyed without a despawn; forgetting them
[nebula] 0 entity object(s) were destroyed without a despawn; forgetting them
[nebula] 0 entity object(s) were destroyed without a despawn; forgetting them
[nebula] 0 entity object(s) were destroyed without a despawn; forgetting them
[nebula] 0 entity object(s) were destroyed without a despawn; forgetting them
[nebula] 0 entity object(s) were destroyed without a despawn; forgetting them
[nebula] 0 entity object(s) were destroyed without a despawn; forgetting them
[nebula] 0 entity object(s) were destroyed without a despawn; forgetting them
[nebula] 0 entity object(s) were destroyed without a despawn; forgetting them
[nebula] 0 entity object(s) were destroyed without a despawn; forgetting them
[nebula] 0 entity object(s) were destroyed without a despawn; forgetting them
[nebula] 0 entity object(s) were destroyed without a despawn; forgetting them
[nebula] 0 entity object(s) were destroyed without a despawn; forgetting them
[nebula] local handover Player(Clone)#844424930131969(e2,rt_9223367638808264705,auth) rt_9223367638808264704 -> rt_9223367638808264705
[nebula] 0 entity object(s) were destroyed without a despawn; forgetting them
[nebula] 0 entity object(s) were destroyed without a despawn; forgetting them
[nebula] 0 entity object(s) were destroyed without a despawn; forgetting them
[nebula] 0 entity object(s) were destroyed without a despawn; forgetting them
[nebula] 0 entity object(s) were destroyed without a despawn; forgetting them
[nebula] 0 entity object(s) were destroyed without a despawn; forgetting them
[nebula] 0 entity object(s) were destroyed without a despawn; forgetting them
[nebula] 0 entity object(s) were destroyed without a despawn; forgetting them
[nebula] 0 entity object(s) were destroyed without a despawn; forgetting them
[nebula] 0 entity object(s) were destroyed without a despawn; forgetting them
[nebula] 0 entity object(s) were destroyed without a despawn; forgetting them
[nebula] 0 entity object(s) were destroyed without a despawn; forgetting them
[nebula] 0 entity object(s) were destroyed without a despawn; forgetting them
[nebula] 0 entity object(s) were destroyed without a despawn; forgetting them
[nebula] 0 entity object(s) were destroyed without a despawn; forgetting them
[nebula] 0 entity object(s) were destroyed without a despawn; forgetting them
[nebula] 0 entity object(s) were destroyed without a despawn; forgetting them
[nebula] 0 entity object(s) were destroyed without a despawn; forgetting them
[nebula] 0 entity object(s) were destroyed without a despawn; forgetting them
[nebula] 0 entity object(s) were destroyed without a despawn; forgetting them
[nebula] 0 entity object(s) were destroyed without a despawn; forgetting them
[nebula] 0 entity object(s) were destroyed without a despawn; forgetting them
[nebula] 0 entity object(s) were destroyed without a despawn; forgetting them
[nebula] 0 entity object(s) were destroyed without a despawn; forgetting them
[nebula] 0 entity object(s) were destroyed without a despawn; forgetting them
[nebula] 0 entity object(s) were destroyed without a despawn; forgetting them
[nebula] 0 entity object(s) were destroyed without a despawn; forgetting them
[nebula] 0 entity object(s) were destroyed without a despawn; forgetting them
[nebula] 0 entity object(s) were destroyed without a despawn; forgetting them
[nebula] 0 entity object(s) were destroyed without a despawn; forgetting them
[nebula] 0 entity object(s) were destroyed without a despawn; forgetting them
[nebula] 0 entity object(s) were destroyed without a despawn; forgetting them
[nebula] 0 entity object(s) were destroyed without a despawn; forgetting them
[nebula] 0 entity object(s) were destroyed without a despawn; forgetting them
[nebula] 0 entity object(s) were destroyed without a despawn; forgetting them
[nebula] 0 entity object(s) were destroyed without a despawn; forgetting them
[nebula] 0 entity object(s) were destroyed without a despawn; forgetting them
[nebula] 0 entity object(s) were destroyed without a despawn; forgetting them
[nebula] 0 entity object(s) were destroyed without a despawn; forgetting them
[nebula] 0 entity object(s) were destroyed without a despawn; forgetting them
[nebula] 0 entity object(s) were destroyed without a despawn; forgetting them
[nebula] 0 entity object(s) were destroyed without a despawn; forgetting them
[nebula] 0 entity object(s) were destroyed without a despawn; forgetting them
[nebula] 0 entity object(s) were destroyed without a despawn; forgetting them
[nebula] 0 entity object(s) were destroyed without a despawn; forgetting them
[nebula] 0 entity object(s) were destroyed without a despawn; forgetting them
[nebula] 0 entity object(s) were destroyed without a despawn; forgetting them
[nebula] 0 entity object(s) were destroyed without a despawn; forgetting them
[nebula] 0 entity object(s) were destroyed without a despawn; forgetting them
[nebula] 0 entity object(s) were destroyed without a despawn; forgetting them
[nebula] 0 entity object(s) were destroyed without a despawn; forgetting them
[nebula] 0 entity object(s) were destroyed without a despawn; forgetting them
[nebula] 0 entity object(s) were destroyed without a despawn; forgetting them
[nebula] 0 entity object(s) were destroyed without a despawn; forgetting them
[nebula] 0 entity object(s) were destroyed without a despawn; forgetting them
[nebula] 0 entity object(s) were destroyed without a despawn; forgetting them
[nebula] 0 entity object(s) were destroyed without a despawn; forgetting them
[nebula] 0 entity object(s) were destroyed without a despawn; forgetting them
[nebula] 0 entity object(s) were destroyed without a despawn; forgetting them
[nebula] 0 entity object(s) were destroyed without a despawn; forgetting them
[nebula] 0 entity object(s) were destroyed without a despawn; forgetting them
[nebula] 0 entity object(s) were destroyed without a despawn; forgetting them
[nebula] 0 entity object(s) were destroyed without a despawn; forgetting them
[nebula] 0 entity object(s) were destroyed without a despawn; forgetting them
[nebula] 0 entity object(s) were destroyed without a despawn; forgetting them
[nebula] 0 entity object(s) were destroyed without a despawn; forgetting them
[nebula] 0 entity object(s) were destroyed without a despawn; forgetting them
[nebula] 0 entity object(s) were destroyed without a despawn; forgetting them
[nebula] 0 entity object(s) were destroyed without a despawn; forgetting them
[nebula] 0 entity object(s) were destroyed without a despawn; forgetting them
[nebula] 0 entity object(s) were destroyed without a despawn; forgetting them
[nebula] 0 entity object(s) were destroyed without a despawn; forgetting them
[nebula] 0 entity object(s) were destroyed without a despawn; forgetting them
[nebula] 0 entity object(s) were destroyed without a despawn; forgetting them
[nebula] 0 entity object(s) were destroyed without a despawn; forgetting them
[nebula] 0 entity object(s) were destroyed without a despawn; forgetting them
[nebula] 0 entity object(s) were destroyed without a despawn; forgetting them
[nebula] 0 entity object(s) were destroyed without a despawn; forgetting them
[nebula] 0 entity object(s) were destroyed without a despawn; forgetting them
[nebula] 0 entity object(s) were destroyed without a despawn; forgetting them
[nebula] 0 entity object(s) were destroyed without a despawn; forgetting them
[nebula] 0 entity object(s) were destroyed without a despawn; forgetting them
[nebula] 0 entity object(s) were destroyed without a despawn; forgetting them
[nebula] 0 entity object(s) were destroyed without a despawn; forgetting them
[nebula] 0 entity object(s) were destroyed without a despawn; forgetting them
[nebula] 0 entity object(s) were destroyed without a despawn; forgetting them
[nebula] 0 entity object(s) were destroyed without a despawn; forgetting them
[nebula] 0 entity object(s) were destroyed without a despawn; forgetting them
[nebula] 0 entity object(s) were destroyed without a despawn; forgetting them
[nebula] 0 entity object(s) were destroyed without a despawn; forgetting them
[nebula] 0 entity object(s) were destroyed without a despawn; forgetting them
[nebula] 0 entity object(s) were destroyed without a despawn; forgetting them
[nebula] 0 entity object(s) were destroyed without a despawn; forgetting them
[nebula] 0 entity object(s) were destroyed without a despawn; forgetting them
[nebula] 0 entity object(s) were destroyed without a despawn; forgetting them
[nebula] 0 entity object(s) were destroyed without a despawn; forgetting them
[nebula] 0 entity object(s) were destroyed without a despawn; forgetting them
[nebula] 0 entity object(s) were destroyed without a despawn; forgetting them
[nebula] 0 entity object(s) were destroyed without a despawn; forgetting them
[nebula] 0 entity object(s) were destroyed without a despawn; forgetting them
[nebula] 0 entity object(s) were destroyed without a despawn; forgetting them
[nebula] 0 entity object(s) were destroyed without a despawn; forgetting them
[nebula] 0 entity object(s) were destroyed without a despawn; forgetting them
[nebula] 0 entity object(s) were destroyed without a despawn; forgetting them
[nebula] 0 entity object(s) were destroyed without a despawn; forgetting them
[nebula] 0 entity object(s) were destroyed without a despawn; forgetting them
[nebula] 0 entity object(s) were destroyed without a despawn; forgetting them
[nebula] 0 entity object(s) were destroyed without a despawn; forgetting them
[nebula] 0 entity object(s) were destroyed without a despawn; forgetting them
[nebula] 0 entity object(s) were destroyed without a despawn; forgetting them
[nebula] 0 entity object(s) were destroyed without a despawn; forgetting them
[nebula] 0 entity object(s) were destroyed without a despawn; forgetting them
[nebula] 0 entity object(s) were destroyed without a despawn; forgetting them
[nebula] 0 entity object(s) were destroyed without a despawn; forgetting them
[nebula] 0 entity object(s) were destroyed without a despawn; forgetting them
[nebula] 0 entity object(s) were destroyed without a despawn; forgetting them
[nebula] 0 entity object(s) were destroyed without a despawn; forgetting them
[nebula] 0 entity object(s) were destroyed without a despawn; forgetting them
[nebula] 0 entity object(s) were destroyed without a despawn; forgetting them
[nebula] 0 entity object(s) were destroyed without a despawn; forgetting them
[nebula] 0 entity object(s) were destroyed without a despawn; forgetting them
[nebula] 0 entity object(s) were destroyed without a despawn; forgetting them
[nebula] 0 entity object(s) were destroyed without a despawn; forgetting them
[nebula] 0 entity object(s) were destroyed without a despawn; forgetting them
[nebula] 0 entity object(s) were destroyed without a despawn; forgetting them
[nebula] 0 entity object(s) were destroyed without a despawn; forgetting them
[nebula] 0 entity object(s) were destroyed without a despawn; forgetting them
[nebula] 0 entity object(s) were destroyed without a despawn; forgetting them
[nebula] 0 entity object(s) were destroyed without a despawn; forgetting them
[nebula] 0 entity object(s) were destroyed without a despawn; forgetting them
[nebula] 0 entity object(s) were destroyed without a despawn; forgetting them
[nebula] 0 entity object(s) were destroyed without a despawn; forgetting them
[nebula] 0 entity object(s) were destroyed without a despawn; forgetting them
[nebula] 0 entity object(s) were destroyed without a despawn; forgetting them
[nebula] 0 entity object(s) were destroyed without a despawn; forgetting them
[nebula] 0 entity object(s) were destroyed without a despawn; forgetting them
[nebula] 0 entity object(s) were destroyed without a despawn; forgetting them
[nebula] 0 entity object(s) were destroyed without a despawn; forgetting them
[nebula] 0 entity object(s) were destroyed without a despawn; forgetting them
[nebula] 0 entity object(s) were destroyed without a despawn; forgetting them
[nebula] 0 entity object(s) were destroyed without a despawn; forgetting them
[nebula] 0 entity object(s) were destroyed without a despawn; forgetting them
[nebula] 0 entity object(s) were destroyed without a despawn; forgetting them
[nebula] 0 entity object(s) were destroyed without a despawn; forgetting them
[nebula] 0 entity object(s) were destroyed without a despawn; forgetting them
[nebula] 0 entity object(s) were destroyed without a despawn; forgetting them
[nebula] 0 entity object(s) were destroyed without a despawn; forgetting them
[nebula] 0 entity object(s) were destroyed without a despawn; forgetting them
[nebula] 0 entity object(s) were destroyed without a despawn; forgetting them
[nebula] 0 entity object(s) were destroyed without a despawn; forgetting them
[nebula] 0 entity object(s) were destroyed without a despawn; forgetting them
[nebula] 0 entity object(s) were destroyed without a despawn; forgetting them
[nebula] 0 entity object(s) were destroyed without a despawn; forgetting them
[nebula] 0 entity object(s) were destroyed without a despawn; forgetting them
[nebula] 0 entity object(s) were destroyed without a despawn; forgetting them
[nebula] 0 entity object(s) were destroyed without a despawn; forgetting them
[nebula] 0 entity object(s) were destroyed without a despawn; forgetting them
[nebula] 0 entity object(s) were destroyed without a despawn; forgetting them
[nebula] 0 entity object(s) were destroyed without a despawn; forgetting them
[nebula] 0 entity object(s) were destroyed without a despawn; forgetting them
[nebula] 0 entity object(s) were destroyed without a despawn; forgetting them
[nebula] 0 entity object(s) were destroyed without a despawn; forgetting them
[nebula] 0 entity object(s) were destroyed without a despawn; forgetting them
[nebula] 0 entity object(s) were destroyed without a despawn; forgetting them
[nebula] 0 entity object(s) were destroyed without a despawn; forgetting them
[nebula] 0 entity object(s) were destroyed without a despawn; forgetting them
[nebula] 0 entity object(s) were destroyed without a despawn; forgetting them
[nebula] 0 entity object(s) were destroyed without a despawn; forgetting them
[nebula] 0 entity object(s) were destroyed without a despawn; forgetting them
[nebula] 0 entity object(s) were destroyed without a despawn; forgetting them
[nebula] 0 entity object(s) were destroyed without a despawn; forgetting them
[nebula] 0 entity object(s) were destroyed without a despawn; forgetting them
[nebula] 0 entity object(s) were destroyed without a despawn; forgetting them
[nebula] 0 entity object(s) were destroyed without a despawn; forgetting them
[nebula] 0 entity object(s) were destroyed without a despawn; forgetting them
[nebula] 0 entity object(s) were destroyed without a despawn; forgetting them
[nebula] 0 entity object(s) were destroyed without a despawn; forgetting them
[nebula] 0 entity object(s) were destroyed without a despawn; forgetting them
[nebula] 0 entity object(s) were destroyed without a despawn; forgetting them
[nebula] 0 entity object(s) were destroyed without a despawn; forgetting them
[nebula] 0 entity object(s) were destroyed without a despawn; forgetting them
[nebula] 0 entity object(s) were destroyed without a despawn; forgetting them
[nebula] 0 entity object(s) were destroyed without a despawn; forgetting them
[nebula] 0 entity object(s) were destroyed without a despawn; forgetting them
[nebula] 0 entity object(s) were destroyed without a despawn; forgetting them
[nebula] 0 entity object(s) were destroyed without a despawn; forgetting them
[nebula] 0 entity object(s) were destroyed without a despawn; forgetting them
[nebula] 0 entity object(s) were destroyed without a despawn; forgetting them
[nebula] 0 entity object(s) were destroyed without a despawn; forgetting them
[nebula] 0 entity object(s) were destroyed without a despawn; forgetting them
[nebula] 0 entity object(s) were destroyed without a despawn; forgetting them
[nebula] 0 entity object(s) were destroyed without a despawn; forgetting them
[nebula] 0 entity object(s) were destroyed without a despawn; forgetting them
[nebula] 0 entity object(s) were destroyed without a despawn; forgetting them
[nebula] 0 entity object(s) were destroyed without a despawn; forgetting them
[nebula] 0 entity object(s) were destroyed without a despawn; forgetting them
[nebula] 0 entity object(s) were destroyed without a despawn; forgetting them
[nebula] 0 entity object(s) were destroyed without a despawn; forgetting them
[nebula] 0 entity object(s) were destroyed without a despawn; forgetting them
[nebula] 0 entity object(s) were destroyed without a despawn; forgetting them
[nebula] 0 entity object(s) were destroyed without a despawn; forgetting them
[nebula] 0 entity object(s) were destroyed without a despawn; forgetting them
[nebula] 0 entity object(s) were destroyed without a despawn; forgetting them
[nebula] 0 entity object(s) were destroyed without a despawn; forgetting them
[nebula] 0 entity object(s) were destroyed without a despawn; forgetting them
[nebula] 0 entity object(s) were destroyed without a despawn; forgetting them
[nebula] 0 entity object(s) were destroyed without a despawn; forgetting them
[nebula] 0 entity object(s) were destroyed without a despawn; forgetting them
[nebula] 0 entity object(s) were destroyed without a despawn; forgetting them
[nebula] 0 entity object(s) were destroyed without a despawn; forgetting them
[nebula] 0 entity object(s) were destroyed without a despawn; forgetting them
[nebula] profile 300 ticks/5s 300 frames avg 0.8ms max 3.0ms dup 0 skip 0 gc 26 auth 25 ghosts 1 | poll=0.01 ghosts=0.01 physics.sync=0.00 simulate=0.01 poses=0.04 containers=0.56 band=0.03 publish=0.02 gap=15.89 interest=0.01
[nebula] 0 entity object(s) were destroyed without a despawn; forgetting them
[nebula] 0 entity object(s) were destroyed without a despawn; forgetting them
[nebula] 0 entity object(s) were destroyed without a despawn; forgetting them
[nebula] 0 entity object(s) were destroyed without a despawn; forgetting them
[nebula] 0 entity object(s) were destroyed without a despawn; forgetting them
[nebula] 0 entity object(s) were destroyed without a despawn; forgetting them
[nebula] 0 entity object(s) were destroyed without a despawn; forgetting them
[nebula] 0 entity object(s) were destroyed without a despawn; forgetting them
[nebula] 0 entity object(s) were destroyed without a despawn; forgetting them
[nebula] 0 entity object(s) were destroyed without a despawn; forgetting them
[nebula] ghost Player(Clone)#844424930131970(e6,rt_0,auth) -> w4
[nebula] handover IN  Player(Clone)#844424930131970(e6,rt_0,auth) <- w4 (epoch 6, tick 1365013633)
[nebula] 0 entity object(s) were destroyed without a despawn; forgetting them
[nebula] 0 entity object(s) were destroyed without a despawn; forgetting them
[nebula] 0 entity object(s) were destroyed without a despawn; forgetting them
[nebula] 0 entity object(s) were destroyed without a despawn; forgetting them
[nebula] 0 entity object(s) were destroyed without a despawn; forgetting them
[nebula] 0 entity object(s) were destroyed without a despawn; forgetting them
[nebula] 0 entity object(s) were destroyed without a despawn; forgetting them
[nebula] 0 entity object(s) were destroyed without a despawn; forgetting them
[nebula] 0 entity object(s) were destroyed without a despawn; forgetting them
[nebula] 0 entity object(s) were destroyed without a despawn; forgetting them
[nebula] 0 entity object(s) were destroyed without a despawn; forgetting them
[nebula] 0 entity object(s) were destroyed without a despawn; forgetting them
[nebula] 0 entity object(s) were destroyed without a despawn; forgetting them
[nebula] 0 entity object(s) were destroyed without a despawn; forgetting them
[nebula] 0 entity object(s) were destroyed without a despawn; forgetting them
[nebula] 0 entity object(s) were destroyed without a despawn; forgetting them
[nebula] 0 entity object(s) were destroyed without a despawn; forgetting them
[nebula] 0 entity object(s) were destroyed without a despawn; forgetting them
[nebula] spawned Prop(Clone)#281474976710692(e1,rt_9223367638808264705,auth)
[nebula] 0 entity object(s) were destroyed without a despawn; forgetting them
[nebula] 0 entity object(s) were destroyed without a despawn; forgetting them
[nebula] 0 entity object(s) were destroyed without a despawn; forgetting them
[nebula] 0 entity object(s) were destroyed without a despawn; forgetting them
[nebula] 0 entity object(s) were destroyed without a despawn; forgetting them
[nebula] 0 entity object(s) were destroyed without a despawn; forgetting them
[nebula] 0 entity object(s) were destroyed without a despawn; forgetting them
[nebula] 0 entity object(s) were destroyed without a despawn; forgetting them
[nebula] 0 entity object(s) were destroyed without a despawn; forgetting them
[nebula] 0 entity object(s) were destroyed without a despawn; forgetting them
[nebula] 0 entity object(s) were destroyed without a despawn; forgetting them
[nebula] 0 entity object(s) were destroyed without a despawn; forgetting them
[nebula] 0 entity object(s) were destroyed without a despawn; forgetting them
[nebula] 0 entity object(s) were destroyed without a despawn; forgetting them
[nebula] 0 entity object(s) were destroyed without a despawn; forgetting them
[nebula] 0 entity object(s) were destroyed without a despawn; forgetting them
[nebula] 0 entity object(s) were destroyed without a despawn; forgetting them
[nebula] 0 entity object(s) were destroyed without a despawn; forgetting them
[nebula] 0 entity object(s) were destroyed without a despawn; forgetting them
[nebula] 0 entity object(s) were destroyed without a despawn; forgetting them
[nebula] 0 entity object(s) were destroyed without a despawn; forgetting them
[nebula] 0 entity object(s) were destroyed without a despawn; forgetting them
[nebula] 0 entity object(s) were destroyed without a despawn; forgetting them
[nebula] 0 entity object(s) were destroyed without a despawn; forgetting them
[nebula] 0 entity object(s) were destroyed without a despawn; forgetting them
[nebula] 0 entity object(s) were destroyed without a despawn; forgetting them
[nebula] 0 entity object(s) were destroyed without a despawn; forgetting them
[nebula] 0 entity object(s) were destroyed without a despawn; forgetting them
[nebula] 0 entity object(s) were destroyed without a despawn; forgetting them
[nebula] 0 entity object(s) were destroyed without a despawn; forgetting them
[nebula] 0 entity object(s) were destroyed without a despawn; forgetting them
[nebula] 0 entity object(s) were destroyed without a despawn; forgetting them
[nebula] 0 entity object(s) were destroyed without a despawn; forgetting them
[nebula] 0 entity object(s) were destroyed without a despawn; forgetting them
[nebula] 0 entity object(s) were destroyed without a despawn; forgetting them
[nebula] 0 entity object(s) were destroyed without a despawn; forgetting them
[nebula] 0 entity object(s) were destroyed without a despawn; forgetting them
[nebula] 0 entity object(s) were destroyed without a despawn; forgetting them
[nebula] 0 entity object(s) were destroyed without a despawn; forgetting them
[nebula] 0 entity object(s) were destroyed without a despawn; forgetting them
[nebula] 0 entity object(s) were destroyed without a despawn; forgetting them
[nebula] 0 entity object(s) were destroyed without a despawn; forgetting them
[nebula] 0 entity object(s) were destroyed without a despawn; forgetting them
[nebula] 0 entity object(s) were destroyed without a despawn; forgetting them
[nebula] 0 entity object(s) were destroyed without a despawn; forgetting them
[nebula] 0 entity object(s) were destroyed without a despawn; forgetting them
[nebula] 0 entity object(s) were destroyed without a despawn; forgetting them
[nebula] 0 entity object(s) were destroyed without a despawn; forgetting them
[nebula] 0 entity object(s) were destroyed without a despawn; forgetting them
[nebula] 0 entity object(s) were destroyed without a despawn; forgetting them
[nebula] 0 entity object(s) were destroyed without a despawn; forgetting them
[nebula] 0 entity object(s) were destroyed without a despawn; forgetting them
[nebula] 0 entity object(s) were destroyed without a despawn; forgetting them
[nebula] 0 entity object(s) were destroyed without a despawn; forgetting them
[nebula] 0 entity object(s) were destroyed without a despawn; forgetting them
[nebula] 0 entity object(s) were destroyed without a despawn; forgetting them
[nebula] 0 entity object(s) were destroyed without a despawn; forgetting them
[nebula] 0 entity object(s) were destroyed without a despawn; forgetting them
[nebula] 0 entity object(s) were destroyed without a despawn; forgetting them
[nebula] 0 entity object(s) were destroyed without a despawn; forgetting them
[nebula] 0 entity object(s) were destroyed without a despawn; forgetting them
[nebula] 0 entity object(s) were destroyed without a despawn; forgetting them
[nebula] 0 entity object(s) were destroyed without a despawn; forgetting them
[nebula] 0 entity object(s) were destroyed without a despawn; forgetting them
[nebula] 0 entity object(s) were destroyed without a despawn; forgetting them
[nebula] 0 entity object(s) were destroyed without a despawn; forgetting them
[nebula] 0 entity object(s) were destroyed without a despawn; forgetting them
[nebula] 0 entity object(s) were destroyed without a despawn; forgetting them
[nebula] 0 entity object(s) were destroyed without a despawn; forgetting them
[nebula] 0 entity object(s) were destroyed without a despawn; forgetting them
[nebula] 0 entity object(s) were destroyed without a despawn; forgetting them
[nebula] 0 entity object(s) were destroyed without a despawn; forgetting them
[nebula] 0 entity object(s) were destroyed without a despawn; forgetting them
[nebula] 0 entity object(s) were destroyed without a despawn; forgetting them
[nebula] 0 entity object(s) were destroyed without a despawn; forgetting them
[nebula] 0 entity object(s) were destroyed without a despawn; forgetting them
[nebula] 0 entity object(s) were destroyed without a despawn; forgetting them
[nebula] 0 entity object(s) were destroyed without a despawn; forgetting them
[nebula] 0 entity object(s) were destroyed without a despawn; forgetting them
[nebula] 0 entity object(s) were destroyed without a despawn; forgetting them
[nebula] 0 entity object(s) were destroyed without a despawn; forgetting them
[nebula] 0 entity object(s) were destroyed without a despawn; forgetting them
[nebula] 0 entity object(s) were destroyed without a despawn; forgetting them
[nebula] 0 entity object(s) were destroyed without a despawn; forgetting them
[nebula] 0 entity object(s) were destroyed without a despawn; forgetting them
[nebula] 0 entity object(s) were destroyed without a despawn; forgetting them
[nebula] 0 entity object(s) were destroyed without a despawn; forgetting them
[nebula] 0 entity object(s) were destroyed without a despawn; forgetting them
[nebula] 0 entity object(s) were destroyed without a despawn; forgetting them
[nebula] 0 entity object(s) were destroyed without a despawn; forgetting them
[nebula] 0 entity object(s) were destroyed without a despawn; forgetting them
[nebula] 0 entity object(s) were destroyed without a despawn; forgetting them
[nebula] 0 entity object(s) were destroyed without a despawn; forgetting them
[nebula] 0 entity object(s) were destroyed without a despawn; forgetting them
[nebula] 0 entity object(s) were destroyed without a despawn; forgetting them
[nebula] 0 entity object(s) were destroyed without a despawn; forgetting them
[nebula] 0 entity object(s) were destroyed without a despawn; forgetting them
[nebula] 0 entity object(s) were destroyed without a despawn; forgetting them
[nebula] 0 entity object(s) were destroyed without a despawn; forgetting them
[nebula] 0 entity object(s) were destroyed without a despawn; forgetting them
[nebula] 0 entity object(s) were destroyed without a despawn; forgetting them
[nebula] 0 entity object(s) were destroyed without a despawn; forgetting them
[nebula] 0 entity object(s) were destroyed without a despawn; forgetting them
[nebula] 0 entity object(s) were destroyed without a despawn; forgetting them
[nebula] 0 entity object(s) were destroyed without a despawn; forgetting them
[nebula] 0 entity object(s) were destroyed without a despawn; forgetting them
[nebula] 0 entity object(s) were destroyed without a despawn; forgetting them
[nebula] 0 entity object(s) were destroyed without a despawn; forgetting them
[nebula] 0 entity object(s) were destroyed without a despawn; forgetting them
[nebula] 0 entity object(s) were destroyed without a despawn; forgetting them
[nebula] 0 entity object(s) were destroyed without a despawn; forgetting them
[nebula] 0 entity object(s) were destroyed without a despawn; forgetting them
[nebula] 0 entity object(s) were destroyed without a despawn; forgetting them
[nebula] 0 entity object(s) were destroyed without a despawn; forgetting them
[nebula] 0 entity object(s) were destroyed without a despawn; forgetting them
[nebula] 0 entity object(s) were destroyed without a despawn; forgetting them
[nebula] 0 entity object(s) were destroyed without a despawn; forgetting them
[nebula] 0 entity object(s) were destroyed without a despawn; forgetting them
[nebula] 0 entity object(s) were destroyed without a despawn; forgetting them
[nebula] 0 entity object(s) were destroyed without a despawn; forgetting them
[nebula] 0 entity object(s) were destroyed without a despawn; forgetting them
[nebula] 0 entity object(s) were destroyed without a despawn; forgetting them
[nebula] 0 entity object(s) were destroyed without a despawn; forgetting them
[nebula] 0 entity object(s) were destroyed without a despawn; forgetting them
[nebula] 0 entity object(s) were destroyed without a despawn; forgetting them
[nebula] 0 entity object(s) were destroyed without a despawn; forgetting them
[nebula] 0 entity object(s) were destroyed without a despawn; forgetting them
[nebula] 0 entity object(s) were destroyed without a despawn; forgetting them
[nebula] 0 entity object(s) were destroyed without a despawn; forgetting them
[nebula] 0 entity object(s) were destroyed without a despawn; forgetting them
[nebula] 0 entity object(s) were destroyed without a despawn; forgetting them
[nebula] 0 entity object(s) were destroyed without a despawn; forgetting them
[nebula] 0 entity object(s) were destroyed without a despawn; forgetting them
[nebula] 0 entity object(s) were destroyed without a despawn; forgetting them
[nebula] 0 entity object(s) were destroyed without a despawn; forgetting them
[nebula] 0 entity object(s) were destroyed without a despawn; forgetting them
[nebula] 0 entity object(s) were destroyed without a despawn; forgetting them
[nebula] 0 entity object(s) were destroyed without a despawn; forgetting them
[nebula] 0 entity object(s) were destroyed without a despawn; forgetting them
[nebula] 0 entity object(s) were destroyed without a despawn; forgetting them
[nebula] 0 entity object(s) were destroyed without a despawn; forgetting them
[nebula] 0 entity object(s) were destroyed without a despawn; forgetting them
[nebula] 0 entity object(s) were destroyed without a despawn; forgetting them
[nebula] 0 entity object(s) were destroyed without a despawn; forgetting them
[nebula] 0 entity object(s) were destroyed without a despawn; forgetting them
[nebula] 0 entity object(s) were destroyed without a despawn; forgetting them
[nebula] 0 entity object(s) were destroyed without a despawn; forgetting them
[nebula] 0 entity object(s) were destroyed without a despawn; forgetting them
[nebula] 0 entity object(s) were destroyed without a despawn; forgetting them
[nebula] 0 entity object(s) were destroyed without a despawn; forgetting them
[nebula] 0 entity object(s) were destroyed without a despawn; forgetting them
[nebula] 0 entity object(s) were destroyed without a despawn; forgetting them
[nebula] 0 entity object(s) were destroyed without a despawn; forgetting them
[nebula] 0 entity object(s) were destroyed without a despawn; forgetting them
[nebula] 0 entity object(s) were destroyed without a despawn; forgetting them
[nebula] 0 entity object(s) were destroyed without a despawn; forgetting them
[nebula] 0 entity object(s) were destroyed without a despawn; forgetting them
[nebula] 0 entity object(s) were destroyed without a despawn; forgetting them
[nebula] 0 entity object(s) were destroyed without a despawn; forgetting them
[nebula] 0 entity object(s) were destroyed without a despawn; forgetting them
[nebula] 0 entity object(s) were destroyed without a despawn; forgetting them
[nebula] 0 entity object(s) were destroyed without a despawn; forgetting them
[nebula] 0 entity object(s) were destroyed without a despawn; forgetting them
[nebula] 0 entity object(s) were destroyed without a despawn; forgetting them
[nebula] 0 entity object(s) were destroyed without a despawn; forgetting them
[nebula] 0 entity object(s) were destroyed without a despawn; forgetting them
[nebula] 0 entity object(s) were destroyed without a despawn; forgetting them
[nebula] 0 entity object(s) were destroyed without a despawn; forgetting them
[nebula] 0 entity object(s) were destroyed without a despawn; forgetting them
[nebula] 0 entity object(s) were destroyed without a despawn; forgetting them
[nebula] 0 entity object(s) were destroyed without a despawn; forgetting them
[nebula] 0 entity object(s) were destroyed without a despawn; forgetting them
[nebula] 0 entity object(s) were destroyed without a despawn; forgetting them
[nebula] 0 entity object(s) were destroyed without a despawn; forgetting them
[nebula] 0 entity object(s) were destroyed without a despawn; forgetting them
[nebula] 0 entity object(s) were destroyed without a despawn; forgetting them
[nebula] 0 entity object(s) were destroyed without a despawn; forgetting them
[nebula] 0 entity object(s) were destroyed without a despawn; forgetting them
[nebula] 0 entity object(s) were destroyed without a despawn; forgetting them
[nebula] 0 entity object(s) were destroyed without a despawn; forgetting them
[nebula] 0 entity object(s) were destroyed without a despawn; forgetting them
[nebula] 0 entity object(s) were destroyed without a despawn; forgetting them
[nebula] 0 entity object(s) were destroyed without a despawn; forgetting them
[nebula] 0 entity object(s) were destroyed without a despawn; forgetting them
[nebula] 0 entity object(s) were destroyed without a despawn; forgetting them
[nebula] 0 entity object(s) were destroyed without a despawn; forgetting them
[nebula] 0 entity object(s) were destroyed without a despawn; forgetting them
[nebula] 0 entity object(s) were destroyed without a despawn; forgetting them
[nebula] 0 entity object(s) were destroyed without a despawn; forgetting them
[nebula] 0 entity object(s) were destroyed without a despawn; forgetting them
[nebula] 0 entity object(s) were destroyed without a despawn; forgetting them
[nebula] 0 entity object(s) were destroyed without a despawn; forgetting them
[nebula] 0 entity object(s) were destroyed without a despawn; forgetting them
[nebula] 0 entity object(s) were destroyed without a despawn; forgetting them
[nebula] 0 entity object(s) were destroyed without a despawn; forgetting them
[nebula] 0 entity object(s) were destroyed without a despawn; forgetting them
[nebula] 0 entity object(s) were destroyed without a despawn; forgetting them
[nebula] 0 entity object(s) were destroyed without a despawn; forgetting them
[nebula] 0 entity object(s) were destroyed without a despawn; forgetting them
[nebula] 0 entity object(s) were destroyed without a despawn; forgetting them
[nebula] 0 entity object(s) were destroyed without a despawn; forgetting them
[nebula] 0 entity object(s) were destroyed without a despawn; forgetting them
[nebula] 0 entity object(s) were destroyed without a despawn; forgetting them
[nebula] 0 entity object(s) were destroyed without a despawn; forgetting them
[nebula] 0 entity object(s) were destroyed without a despawn; forgetting them
[nebula] 0 entity object(s) were destroyed without a despawn; forgetting them
[nebula] 0 entity object(s) were destroyed without a despawn; forgetting them
[nebula] 0 entity object(s) were destroyed without a despawn; forgetting them
[nebula] 0 entity object(s) were destroyed without a despawn; forgetting them
[nebula] 0 entity object(s) were destroyed without a despawn; forgetting them
[nebula] 0 entity object(s) were destroyed without a despawn; forgetting them
[nebula] 0 entity object(s) were destroyed without a despawn; forgetting them
[nebula] 0 entity object(s) were destroyed without a despawn; forgetting them
[nebula] 0 entity object(s) were destroyed without a despawn; forgetting them
[nebula] 0 entity object(s) were destroyed without a despawn; forgetting them
[nebula] 0 entity object(s) were destroyed without a despawn; forgetting them
[nebula] 0 entity object(s) were destroyed without a despawn; forgetting them
[nebula] 0 entity object(s) were destroyed without a despawn; forgetting them
[nebula] 0 entity object(s) were destroyed without a despawn; forgetting them
[nebula] 0 entity object(s) were destroyed without a despawn; forgetting them
[nebula] 0 entity object(s) were destroyed without a despawn; forgetting them
[nebula] 0 entity object(s) were destroyed without a despawn; forgetting them
[nebula] 0 entity object(s) were destroyed without a despawn; forgetting them
[nebula] 0 entity object(s) were destroyed without a despawn; forgetting them
[nebula] 0 entity object(s) were destroyed without a despawn; forgetting them
[nebula] 0 entity object(s) were destroyed without a despawn; forgetting them
[nebula] 0 entity object(s) were destroyed without a despawn; forgetting them
[nebula] 0 entity object(s) were destroyed without a despawn; forgetting them
[nebula] 0 entity object(s) were destroyed without a despawn; forgetting them
[nebula] 0 entity object(s) were destroyed without a despawn; forgetting them
[nebula] 0 entity object(s) were destroyed without a despawn; forgetting them
[nebula] 0 entity object(s) were destroyed without a despawn; forgetting them
[nebula] 0 entity object(s) were destroyed without a despawn; forgetting them
[nebula] 0 entity object(s) were destroyed without a despawn; forgetting them
[nebula] 0 entity object(s) were destroyed without a despawn; forgetting them
[nebula] 0 entity object(s) were destroyed without a despawn; forgetting them
[nebula] 0 entity object(s) were destroyed without a despawn; forgetting them
[nebula] 0 entity object(s) were destroyed without a despawn; forgetting them
[nebula] 0 entity object(s) were destroyed without a despawn; forgetting them
[nebula] 0 entity object(s) were destroyed without a despawn; forgetting them
[nebula] 0 entity object(s) were destroyed without a despawn; forgetting them
[nebula] 0 entity object(s) were destroyed without a despawn; forgetting them
[nebula] 0 entity object(s) were destroyed without a despawn; forgetting them
[nebula] 0 entity object(s) were destroyed without a despawn; forgetting them
[nebula] 0 entity object(s) were destroyed without a despawn; forgetting them
[nebula] 0 entity object(s) were destroyed without a despawn; forgetting them
[nebula] 0 entity object(s) were destroyed without a despawn; forgetting them
[nebula] 0 entity object(s) were destroyed without a despawn; forgetting them
[nebula] 0 entity object(s) were destroyed without a despawn; forgetting them
[nebula] 0 entity object(s) were destroyed without a despawn; forgetting them
[nebula] 0 entity object(s) were destroyed without a despawn; forgetting them
[nebula] 0 entity object(s) were destroyed without a despawn; forgetting them
[nebula] 0 entity object(s) were destroyed without a despawn; forgetting them
[nebula] 0 entity object(s) were destroyed without a despawn; forgetting them
[nebula] 0 entity object(s) were destroyed without a despawn; forgetting them
[nebula] 0 entity object(s) were destroyed without a despawn; forgetting them
[nebula] 0 entity object(s) were destroyed without a despawn; forgetting them
[nebula] 0 entity object(s) were destroyed without a despawn; forgetting them
[nebula] 0 entity object(s) were destroyed without a despawn; forgetting them
[nebula] 0 entity object(s) were destroyed without a despawn; forgetting them
[nebula] 0 entity object(s) were destroyed without a despawn; forgetting them
[nebula] 0 entity object(s) were destroyed without a despawn; forgetting them
[nebula] 0 entity object(s) were destroyed without a despawn; forgetting them
[nebula] 0 entity object(s) were destroyed without a despawn; forgetting them
[nebula] 0 entity object(s) were destroyed without a despawn; forgetting them
[nebula] 0 entity object(s) were destroyed without a despawn; forgetting them
[nebula] 0 entity object(s) were destroyed without a despawn; forgetting them
[nebula] 0 entity object(s) were destroyed without a despawn; forgetting them
[nebula] 0 entity object(s) were destroyed without a despawn; forgetting them
[nebula] 0 entity object(s) were destroyed without a despawn; forgetting them
[nebula] 0 entity object(s) were destroyed without a despawn; forgetting them
[nebula] 0 entity object(s) were destroyed without a despawn; forgetting them
[nebula] profile 300 ticks/5s 300 frames avg 0.8ms max 2.7ms dup 0 skip 0 gc 32 auth 27 ghosts 0 | poll=0.01 ghosts=0.00 physics.sync=0.00 simulate=0.01 poses=0.04 containers=0.59 band=0.04 publish=0.03 gap=15.85 interest=0.01
[nebula] 0 entity object(s) were destroyed without a despawn; forgetting them
[nebula] 0 entity object(s) were destroyed without a despawn; forgetting them
[nebula] 0 entity object(s) were destroyed without a despawn; forgetting them
[nebula] 0 entity object(s) were destroyed without a despawn; forgetting them
[nebula] 0 entity object(s) were destroyed without a despawn; forgetting them
[nebula] 0 entity object(s) were destroyed without a despawn; forgetting them
[nebula] 0 entity object(s) were destroyed without a despawn; forgetting them
[nebula] 0 entity object(s) were destroyed without a despawn; forgetting them
[nebula] 0 entity object(s) were destroyed without a despawn; forgetting them
[nebula] 0 entity object(s) were destroyed without a despawn; forgetting them
[nebula] 0 entity object(s) were destroyed without a despawn; forgetting them
[nebula] 0 entity object(s) were destroyed without a despawn; forgetting them
[nebula] 0 entity object(s) were destroyed without a despawn; forgetting them
[nebula] 0 entity object(s) were destroyed without a despawn; forgetting them
[nebula] 0 entity object(s) were destroyed without a despawn; forgetting them
[nebula] 0 entity object(s) were destroyed without a despawn; forgetting them
[nebula] 0 entity object(s) were destroyed without a despawn; forgetting them
[nebula] 0 entity object(s) were destroyed without a despawn; forgetting them
[nebula] 0 entity object(s) were destroyed without a despawn; forgetting them
[nebula] 0 entity object(s) were destroyed without a despawn; forgetting them
[nebula] 0 entity object(s) were destroyed without a despawn; forgetting them
[nebula] 0 entity object(s) were destroyed without a despawn; forgetting them
[nebula] 0 entity object(s) were destroyed without a despawn; forgetting them
[nebula] 0 entity object(s) were destroyed without a despawn; forgetting them
[nebula] 0 entity object(s) were destroyed without a despawn; forgetting them
[nebula] 0 entity object(s) were destroyed without a despawn; forgetting them
[nebula] 0 entity object(s) were destroyed without a despawn; forgetting them
[nebula] 0 entity object(s) were destroyed without a despawn; forgetting them
[nebula] 0 entity object(s) were destroyed without a despawn; forgetting them
[nebula] 0 entity object(s) were destroyed without a despawn; forgetting them
[nebula] 0 entity object(s) were destroyed without a despawn; forgetting them
[nebula] 0 entity object(s) were destroyed without a despawn; forgetting them
[nebula] 0 entity object(s) were destroyed without a despawn; forgetting them
[nebula] 0 entity object(s) were destroyed without a despawn; forgetting them
[nebula] 0 entity object(s) were destroyed without a despawn; forgetting them
[nebula] 0 entity object(s) were destroyed without a despawn; forgetting them
[nebula] 0 entity object(s) were destroyed without a despawn; forgetting them
[nebula] 0 entity object(s) were destroyed without a despawn; forgetting them
[nebula] 0 entity object(s) were destroyed without a despawn; forgetting them
[nebula] 0 entity object(s) were destroyed without a despawn; forgetting them
[nebula] 0 entity object(s) were destroyed without a despawn; forgetting them
[nebula] 0 entity object(s) were destroyed without a despawn; forgetting them
[nebula] spawned Prop(Clone)#281474976710693(e1,rt_4398046511104,auth)
[nebula] 0 entity object(s) were destroyed without a despawn; forgetting them
[nebula] 0 entity object(s) were destroyed without a despawn; forgetting them
[nebula] 0 entity object(s) were destroyed without a despawn; forgetting them
[nebula] 0 entity object(s) were destroyed without a despawn; forgetting them
[nebula] 0 entity object(s) were destroyed without a despawn; forgetting them
[nebula] 0 entity object(s) were destroyed without a despawn; forgetting them
[nebula] 0 entity object(s) were destroyed without a despawn; forgetting them
[nebula] 0 entity object(s) were destroyed without a despawn; forgetting them
[nebula] 0 entity object(s) were destroyed without a despawn; forgetting them
[nebula] 0 entity object(s) were destroyed without a despawn; forgetting them
[nebula] 0 entity object(s) were destroyed without a despawn; forgetting them
[nebula] 0 entity object(s) were destroyed without a despawn; forgetting them
[nebula] 0 entity object(s) were destroyed without a despawn; forgetting them
[nebula] 0 entity object(s) were destroyed without a despawn; forgetting them
[nebula] 0 entity object(s) were destroyed without a despawn; forgetting them
[nebula] 0 entity object(s) were destroyed without a despawn; forgetting them
[nebula] 0 entity object(s) were destroyed without a despawn; forgetting them
[nebula] 0 entity object(s) were destroyed without a despawn; forgetting them
[nebula] 0 entity object(s) were destroyed without a despawn; forgetting them
[nebula] 0 entity object(s) were destroyed without a despawn; forgetting them
[nebula] 0 entity object(s) were destroyed without a despawn; forgetting them
[nebula] 0 entity object(s) were destroyed without a despawn; forgetting them
[nebula] 0 entity object(s) were destroyed without a despawn; forgetting them
[nebula] 0 entity object(s) were destroyed without a despawn; forgetting them
[nebula] 0 entity object(s) were destroyed without a despawn; forgetting them
[nebula] 0 entity object(s) were destroyed without a despawn; forgetting them
[nebula] 0 entity object(s) were destroyed without a despawn; forgetting them
[nebula] 0 entity object(s) were destroyed without a despawn; forgetting them
[nebula] 0 entity object(s) were destroyed without a despawn; forgetting them
[nebula] 0 entity object(s) were destroyed without a despawn; forgetting them
[nebula] 0 entity object(s) were destroyed without a despawn; forgetting them
[nebula] 0 entity object(s) were destroyed without a despawn; forgetting them
[nebula] 0 entity object(s) were destroyed without a despawn; forgetting them
[nebula] 0 entity object(s) were destroyed without a despawn; forgetting them
[nebula] 0 entity object(s) were destroyed without a despawn; forgetting them
[nebula] 0 entity object(s) were destroyed without a despawn; forgetting them
[nebula] 0 entity object(s) were destroyed without a despawn; forgetting them
[nebula] 0 entity object(s) were destroyed without a despawn; forgetting them
[nebula] 0 entity object(s) were destroyed without a despawn; forgetting them
[nebula] 0 entity object(s) were destroyed without a despawn; forgetting them
[nebula] 0 entity object(s) were destroyed without a despawn; forgetting them
[nebula] 0 entity object(s) were destroyed without a despawn; forgetting them
[nebula] 0 entity object(s) were destroyed without a despawn; forgetting them
[nebula] 0 entity object(s) were destroyed without a despawn; forgetting them
[nebula] 0 entity object(s) were destroyed without a despawn; forgetting them
[nebula] 0 entity object(s) were destroyed without a despawn; forgetting them
[nebula] 0 entity object(s) were destroyed without a despawn; forgetting them
[nebula] 0 entity object(s) were destroyed without a despawn; forgetting them
[nebula] 0 entity object(s) were destroyed without a despawn; forgetting them
[nebula] 0 entity object(s) were destroyed without a despawn; forgetting them
[nebula] 0 entity object(s) were destroyed without a despawn; forgetting them
[nebula] 0 entity object(s) were destroyed without a despawn; forgetting them
[nebula] 0 entity object(s) were destroyed without a despawn; forgetting them
[nebula] 0 entity object(s) were destroyed without a despawn; forgetting them
[nebula] 0 entity object(s) were destroyed without a despawn; forgetting them
[nebula] 0 entity object(s) were destroyed without a despawn; forgetting them
[nebula] 0 entity object(s) were destroyed without a despawn; forgetting them
[nebula] 0 entity object(s) were destroyed without a despawn; forgetting them
[nebula] 0 entity object(s) were destroyed without a despawn; forgetting them
[nebula] 0 entity object(s) were destroyed without a despawn; forgetting them
[nebula] 0 entity object(s) were destroyed without a despawn; forgetting them
[nebula] 0 entity object(s) were destroyed without a despawn; forgetting them
[nebula] 0 entity object(s) were destroyed without a despawn; forgetting them
[nebula] 0 entity object(s) were destroyed without a despawn; forgetting them
[nebula] 0 entity object(s) were destroyed without a despawn; forgetting them
[nebula] 0 entity object(s) were destroyed without a despawn; forgetting them
[nebula] 0 entity object(s) were destroyed without a despawn; forgetting them
[nebula] 0 entity object(s) were destroyed without a despawn; forgetting them
[nebula] 0 entity object(s) were destroyed without a despawn; forgetting them
[nebula] 0 entity object(s) were destroyed without a despawn; forgetting them
[nebula] 0 entity object(s) were destroyed without a despawn; forgetting them
[nebula] 0 entity object(s) were destroyed without a despawn; forgetting them
[nebula] 0 entity object(s) were destroyed without a despawn; forgetting them
[nebula] 0 entity object(s) were destroyed without a despawn; forgetting them
[nebula] 0 entity object(s) were destroyed without a despawn; forgetting them
[nebula] 0 entity object(s) were destroyed without a despawn; forgetting them
[nebula] 0 entity object(s) were destroyed without a despawn; forgetting them
[nebula] 0 entity object(s) were destroyed without a despawn; forgetting them
[nebula] 0 entity object(s) were destroyed without a despawn; forgetting them
[nebula] 0 entity object(s) were destroyed without a despawn; forgetting them
[nebula] 0 entity object(s) were destroyed without a despawn; forgetting them
[nebula] 0 entity object(s) were destroyed without a despawn; forgetting them
[nebula] 0 entity object(s) were destroyed without a despawn; forgetting them
[nebula] 0 entity object(s) were destroyed without a despawn; forgetting them
[nebula] 0 entity object(s) were destroyed without a despawn; forgetting them
[nebula] 0 entity object(s) were destroyed without a despawn; forgetting them
[nebula] 0 entity object(s) were destroyed without a despawn; forgetting them
[nebula] 0 entity object(s) were destroyed without a despawn; forgetting them
[nebula] 0 entity object(s) were destroyed without a despawn; forgetting them
[nebula] 0 entity object(s) were destroyed without a despawn; forgetting them
[nebula] 0 entity object(s) were destroyed without a despawn; forgetting them
[nebula] 0 entity object(s) were destroyed without a despawn; forgetting them
[nebula] 0 entity object(s) were destroyed without a despawn; forgetting them
[nebula] 0 entity object(s) were destroyed without a despawn; forgetting them
[nebula] 0 entity object(s) were destroyed without a despawn; forgetting them
[nebula] 0 entity object(s) were destroyed without a despawn; forgetting them
[nebula] 0 entity object(s) were destroyed without a despawn; forgetting them
[nebula] 0 entity object(s) were destroyed without a despawn; forgetting them
[nebula] 0 entity object(s) were destroyed without a despawn; forgetting them
[nebula] 0 entity object(s) were destroyed without a despawn; forgetting them
[nebula] 0 entity object(s) were destroyed without a despawn; forgetting them
[nebula] 0 entity object(s) were destroyed without a despawn; forgetting them
[nebula] 0 entity object(s) were destroyed without a despawn; forgetting them
[nebula] 0 entity object(s) were destroyed without a despawn; forgetting them
[nebula] 0 entity object(s) were destroyed without a despawn; forgetting them
[nebula] ghost Player(Clone)#281474976710657(e9,rt_4398046511104,auth) -> w3
[nebula] 0 entity object(s) were destroyed without a despawn; forgetting them
[nebula] 0 entity object(s) were destroyed without a despawn; forgetting them
[nebula] 0 entity object(s) were destroyed without a despawn; forgetting them
[nebula] 0 entity object(s) were destroyed without a despawn; forgetting them
[nebula] 0 entity object(s) were destroyed without a despawn; forgetting them
[nebula] 0 entity object(s) were destroyed without a despawn; forgetting them
[nebula] 0 entity object(s) were destroyed without a despawn; forgetting them
[nebula] 0 entity object(s) were destroyed without a despawn; forgetting them
[nebula] 0 entity object(s) were destroyed without a despawn; forgetting them
[nebula] 0 entity object(s) were destroyed without a despawn; forgetting them
[nebula] 0 entity object(s) were destroyed without a despawn; forgetting them
[nebula] 0 entity object(s) were destroyed without a despawn; forgetting them
[nebula] 0 entity object(s) were destroyed without a despawn; forgetting them
[nebula] 0 entity object(s) were destroyed without a despawn; forgetting them
[nebula] 0 entity object(s) were destroyed without a despawn; forgetting them
[nebula] 0 entity object(s) were destroyed without a despawn; forgetting them
[nebula] 0 entity object(s) were destroyed without a despawn; forgetting them
[nebula] 0 entity object(s) were destroyed without a despawn; forgetting them
[nebula] 0 entity object(s) were destroyed without a despawn; forgetting them
[nebula] 0 entity object(s) were destroyed without a despawn; forgetting them
[nebula] 0 entity object(s) were destroyed without a despawn; forgetting them
[nebula] 0 entity object(s) were destroyed without a despawn; forgetting them
[nebula] 0 entity object(s) were destroyed without a despawn; forgetting them
[nebula] 0 entity object(s) were destroyed without a despawn; forgetting them
[nebula] 0 entity object(s) were destroyed without a despawn; forgetting them
[nebula] 0 entity object(s) were destroyed without a despawn; forgetting them
[nebula] 0 entity object(s) were destroyed without a despawn; forgetting them
[nebula] 0 entity object(s) were destroyed without a despawn; forgetting them
[nebula] 0 entity object(s) were destroyed without a despawn; forgetting them
[nebula] 0 entity object(s) were destroyed without a despawn; forgetting them
[nebula] 0 entity object(s) were destroyed without a despawn; forgetting them
[nebula] 0 entity object(s) were destroyed without a despawn; forgetting them
[nebula] 0 entity object(s) were destroyed without a despawn; forgetting them
[nebula] 0 entity object(s) were destroyed without a despawn; forgetting them
[nebula] 0 entity object(s) were destroyed without a despawn; forgetting them
[nebula] 0 entity object(s) were destroyed without a despawn; forgetting them
[nebula] 0 entity object(s) were destroyed without a despawn; forgetting them
[nebula] 0 entity object(s) were destroyed without a despawn; forgetting them
[nebula] 0 entity object(s) were destroyed without a despawn; forgetting them
[nebula] 0 entity object(s) were destroyed without a despawn; forgetting them
[nebula] 0 entity object(s) were destroyed without a despawn; forgetting them
[nebula] 0 entity object(s) were destroyed without a despawn; forgetting them
[nebula] 0 entity object(s) were destroyed without a despawn; forgetting them
[nebula] local handover Player(Clone)#844424930131969(e2,rt_9223367638808264706,auth) rt_9223367638808264705 -> rt_9223367638808264706
[nebula] 0 entity object(s) were destroyed without a despawn; forgetting them
[nebula] 0 entity object(s) were destroyed without a despawn; forgetting them
[nebula] 0 entity object(s) were destroyed without a despawn; forgetting them
[nebula] 0 entity object(s) were destroyed without a despawn; forgetting them
[nebula] ghost Player(Clone)#281474976710657(e9,rt_4398046511104,auth) -> w4
[nebula] 0 entity object(s) were destroyed without a despawn; forgetting them
[nebula] 0 entity object(s) were destroyed without a despawn; forgetting them
[nebula] 0 entity object(s) were destroyed without a despawn; forgetting them
[nebula] 0 entity object(s) were destroyed without a despawn; forgetting them
[nebula] 0 entity object(s) were destroyed without a despawn; forgetting them
[nebula] 0 entity object(s) were destroyed without a despawn; forgetting them
[nebula] 0 entity object(s) were destroyed without a despawn; forgetting them
[nebula] 0 entity object(s) were destroyed without a despawn; forgetting them
[nebula] 0 entity object(s) were destroyed without a despawn; forgetting them
[nebula] 0 entity object(s) were destroyed without a despawn; forgetting them
[nebula] 0 entity object(s) were destroyed without a despawn; forgetting them
[nebula] 0 entity object(s) were destroyed without a despawn; forgetting them
[nebula] 0 entity object(s) were destroyed without a despawn; forgetting them
[nebula] 0 entity object(s) were destroyed without a despawn; forgetting them
[nebula] 0 entity object(s) were destroyed without a despawn; forgetting them
[nebula] 0 entity object(s) were destroyed without a despawn; forgetting them
[nebula] 0 entity object(s) were destroyed without a despawn; forgetting them
[nebula] 0 entity object(s) were destroyed without a despawn; forgetting them
[nebula] 0 entity object(s) were destroyed without a despawn; forgetting them
[nebula] 0 entity object(s) were destroyed without a despawn; forgetting them
[nebula] 0 entity object(s) were destroyed without a despawn; forgetting them
[nebula] 0 entity object(s) were destroyed without a despawn; forgetting them
[nebula] 0 entity object(s) were destroyed without a despawn; forgetting them
[nebula] 0 entity object(s) were destroyed without a despawn; forgetting them
[nebula] 0 entity object(s) were destroyed without a despawn; forgetting them
[nebula] 0 entity object(s) were destroyed without a despawn; forgetting them
[nebula] 0 entity object(s) were destroyed without a despawn; forgetting them
[nebula] 0 entity object(s) were destroyed without a despawn; forgetting them
[nebula] 0 entity object(s) were destroyed without a despawn; forgetting them
[nebula] 0 entity object(s) were destroyed without a despawn; forgetting them
[nebula] 0 entity object(s) were destroyed without a despawn; forgetting them
[nebula] 0 entity object(s) were destroyed without a despawn; forgetting them
[nebula] 0 entity object(s) were destroyed without a despawn; forgetting them
[nebula] 0 entity object(s) were destroyed without a despawn; forgetting them
[nebula] 0 entity object(s) were destroyed without a despawn; forgetting them
[nebula] 0 entity object(s) were destroyed without a despawn; forgetting them
[nebula] 0 entity object(s) were destroyed without a despawn; forgetting them
[nebula] 0 entity object(s) were destroyed without a despawn; forgetting them
[nebula] 0 entity object(s) were destroyed without a despawn; forgetting them
[nebula] 0 entity object(s) were destroyed without a despawn; forgetting them
[nebula] 0 entity object(s) were destroyed without a despawn; forgetting them
[nebula] 0 entity object(s) were destroyed without a despawn; forgetting them
[nebula] 0 entity object(s) were destroyed without a despawn; forgetting them
[nebula] 0 entity object(s) were destroyed without a despawn; forgetting them
[nebula] handover OUT Player(Clone)#281474976710657(e10,rt_8796093022208,ghost) -> w4 (epoch 10, tick 1365014161)
[nebula] 0 entity object(s) were destroyed without a despawn; forgetting them
[nebula] 0 entity object(s) were destroyed without a despawn; forgetting them
[nebula] 0 entity object(s) were destroyed without a despawn; forgetting them
[nebula] 0 entity object(s) were destroyed without a despawn; forgetting them
[nebula] 0 entity object(s) were destroyed without a despawn; forgetting them
[nebula] 0 entity object(s) were destroyed without a despawn; forgetting them
[nebula] 0 entity object(s) were destroyed without a despawn; forgetting them
[nebula] 0 entity object(s) were destroyed without a despawn; forgetting them
[nebula] 0 entity object(s) were destroyed without a despawn; forgetting them
[nebula] 0 entity object(s) were destroyed without a despawn; forgetting them
[nebula] 0 entity object(s) were destroyed without a despawn; forgetting them
[nebula] spawned Prop(Clone)#281474976710694(e1,rt_0,auth)
[nebula] 0 entity object(s) were destroyed without a despawn; forgetting them
[nebula] 0 entity object(s) were destroyed without a despawn; forgetting them
[nebula] 0 entity object(s) were destroyed without a despawn; forgetting them
[nebula] 0 entity object(s) were destroyed without a despawn; forgetting them
[nebula] 0 entity object(s) were destroyed without a despawn; forgetting them
[nebula] 0 entity object(s) were destroyed without a despawn; forgetting them
[nebula] 0 entity object(s) were destroyed without a despawn; forgetting them
[nebula] 0 entity object(s) were destroyed without a despawn; forgetting them
[nebula] 0 entity object(s) were destroyed without a despawn; forgetting them
[nebula] 0 entity object(s) were destroyed without a despawn; forgetting them
[nebula] 0 entity object(s) were destroyed without a despawn; forgetting them
[nebula] 0 entity object(s) were destroyed without a despawn; forgetting them
[nebula] 0 entity object(s) were destroyed without a despawn; forgetting them
[nebula] 0 entity object(s) were destroyed without a despawn; forgetting them
[nebula] 0 entity object(s) were destroyed without a despawn; forgetting them
[nebula] 0 entity object(s) were destroyed without a despawn; forgetting them
[nebula] 0 entity object(s) were destroyed without a despawn; forgetting them
[nebula] 0 entity object(s) were destroyed without a despawn; forgetting them
[nebula] 0 entity object(s) were destroyed without a despawn; forgetting them
[nebula] 0 entity object(s) were destroyed without a despawn; forgetting them
[nebula] local handover Player(Clone)#562949953421313(e8,rt_0,auth) rt_4398046511104 -> rt_0
[nebula] 0 entity object(s) were destroyed without a despawn; forgetting them
[nebula] 0 entity object(s) were destroyed without a despawn; forgetting them
[nebula] 0 entity object(s) were destroyed without a despawn; forgetting them
[nebula] 0 entity object(s) were destroyed without a despawn; forgetting them
[nebula] 0 entity object(s) were destroyed without a despawn; forgetting them
[nebula] 0 entity object(s) were destroyed without a despawn; forgetting them
[nebula] 0 entity object(s) were destroyed without a despawn; forgetting them
[nebula] 0 entity object(s) were destroyed without a despawn; forgetting them
[nebula] 0 entity object(s) were destroyed without a despawn; forgetting them
[nebula] 0 entity object(s) were destroyed without a despawn; forgetting them
[nebula] 0 entity object(s) were destroyed without a despawn; forgetting them
[nebula] 0 entity object(s) were destroyed without a despawn; forgetting them
[nebula] 0 entity object(s) were destroyed without a despawn; forgetting them
[nebula] 0 entity object(s) were destroyed without a despawn; forgetting them
[nebula] 0 entity object(s) were destroyed without a despawn; forgetting them
[nebula] 0 entity object(s) were destroyed without a despawn; forgetting them
[nebula] 0 entity object(s) were destroyed without a despawn; forgetting them
[nebula] 0 entity object(s) were destroyed without a despawn; forgetting them
[nebula] 0 entity object(s) were destroyed without a despawn; forgetting them
[nebula] 0 entity object(s) were destroyed without a despawn; forgetting them
[nebula] 0 entity object(s) were destroyed without a despawn; forgetting them
[nebula] 0 entity object(s) were destroyed without a despawn; forgetting them
[nebula] 0 entity object(s) were destroyed without a despawn; forgetting them
[nebula] 0 entity object(s) were destroyed without a despawn; forgetting them
[nebula] 0 entity object(s) were destroyed without a despawn; forgetting them
[nebula] 0 entity object(s) were destroyed without a despawn; forgetting them
[nebula] 0 entity object(s) were destroyed without a despawn; forgetting them
[nebula] 0 entity object(s) were destroyed without a despawn; forgetting them
[nebula] 0 entity object(s) were destroyed without a despawn; forgetting them
[nebula] 0 entity object(s) were destroyed without a despawn; forgetting them
[nebula] 0 entity object(s) were destroyed without a despawn; forgetting them
[nebula] profile 300 ticks/5s 300 frames avg 0.8ms max 1.2ms dup 0 skip 0 gc 23 auth 28 ghosts 1 | poll=0.01 ghosts=0.00 physics.sync=0.00 simulate=0.01 poses=0.04 containers=0.60 band=0.04 publish=0.02 gap=15.85 interest=0.01
[nebula] 0 entity object(s) were destroyed without a despawn; forgetting them
[nebula] 0 entity object(s) were destroyed without a despawn; forgetting them
[nebula] 0 entity object(s) were destroyed without a despawn; forgetting them
[nebula] 0 entity object(s) were destroyed without a despawn; forgetting them
[nebula] 0 entity object(s) were destroyed without a despawn; forgetting them
[nebula] 0 entity object(s) were destroyed without a despawn; forgetting them
[nebula] 0 entity object(s) were destroyed without a despawn; forgetting them
[nebula] 0 entity object(s) were destroyed without a despawn; forgetting them
[nebula] 0 entity object(s) were destroyed without a despawn; forgetting them
[nebula] 0 entity object(s) were destroyed without a despawn; forgetting them
[nebula] 0 entity object(s) were destroyed without a despawn; forgetting them
[nebula] 0 entity object(s) were destroyed without a despawn; forgetting them
[nebula] 0 entity object(s) were destroyed without a despawn; forgetting them
[nebula] 0 entity object(s) were destroyed without a despawn; forgetting them
[nebula] 0 entity object(s) were destroyed without a despawn; forgetting them
[nebula] 0 entity object(s) were destroyed without a despawn; forgetting them
[nebula] 0 entity object(s) were destroyed without a despawn; forgetting them
[nebula] 0 entity object(s) were destroyed without a despawn; forgetting them
[nebula] 0 entity object(s) were destroyed without a despawn; forgetting them
[nebula] 0 entity object(s) were destroyed without a despawn; forgetting them
[nebula] 0 entity object(s) were destroyed without a despawn; forgetting them
[nebula] 0 entity object(s) were destroyed without a despawn; forgetting them
[nebula] 0 entity object(s) were destroyed without a despawn; forgetting them
[nebula] 0 entity object(s) were destroyed without a despawn; forgetting them
[nebula] 0 entity object(s) were destroyed without a despawn; forgetting them
[nebula] 0 entity object(s) were destroyed without a despawn; forgetting them
[nebula] 0 entity object(s) were destroyed without a despawn; forgetting them
[nebula] 0 entity object(s) were destroyed without a despawn; forgetting them
[nebula] 0 entity object(s) were destroyed without a despawn; forgetting them
[nebula] 0 entity object(s) were destroyed without a despawn; forgetting them
[nebula] 0 entity object(s) were destroyed without a despawn; forgetting them
[nebula] 0 entity object(s) were destroyed without a despawn; forgetting them
[nebula] 0 entity object(s) were destroyed without a despawn; forgetting them
[nebula] 0 entity object(s) were destroyed without a despawn; forgetting them
[nebula] 0 entity object(s) were destroyed without a despawn; forgetting them
[nebula] 0 entity object(s) were destroyed without a despawn; forgetting them
[nebula] 0 entity object(s) were destroyed without a despawn; forgetting them
[nebula] 0 entity object(s) were destroyed without a despawn; forgetting them
[nebula] 0 entity object(s) were destroyed without a despawn; forgetting them
[nebula] 0 entity object(s) were destroyed without a despawn; forgetting them
[nebula] 0 entity object(s) were destroyed without a despawn; forgetting them
[nebula] 0 entity object(s) were destroyed without a despawn; forgetting them
[nebula] 0 entity object(s) were destroyed without a despawn; forgetting them
[nebula] 0 entity object(s) were destroyed without a despawn; forgetting them
[nebula] 0 entity object(s) were destroyed without a despawn; forgetting them
[nebula] 0 entity object(s) were destroyed without a despawn; forgetting them
[nebula] 0 entity object(s) were destroyed without a despawn; forgetting them
[nebula] 0 entity object(s) were destroyed without a despawn; forgetting them
[nebula] 0 entity object(s) were destroyed without a despawn; forgetting them
[nebula] 0 entity object(s) were destroyed without a despawn; forgetting them
[nebula] 0 entity object(s) were destroyed without a despawn; forgetting them
[nebula] 0 entity object(s) were destroyed without a despawn; forgetting them
[nebula] 0 entity object(s) were destroyed without a despawn; forgetting them
[nebula] 0 entity object(s) were destroyed without a despawn; forgetting them
[nebula] 0 entity object(s) were destroyed without a despawn; forgetting them
[nebula] 0 entity object(s) were destroyed without a despawn; forgetting them
[nebula] 0 entity object(s) were destroyed without a despawn; forgetting them
[nebula] 0 entity object(s) were destroyed without a despawn; forgetting them
[nebula] 0 entity object(s) were destroyed without a despawn; forgetting them
[nebula] 0 entity object(s) were destroyed without a despawn; forgetting them
[nebula] 0 entity object(s) were destroyed without a despawn; forgetting them
[nebula] 0 entity object(s) were destroyed without a despawn; forgetting them
[nebula] 0 entity object(s) were destroyed without a despawn; forgetting them
[nebula] 0 entity object(s) were destroyed without a despawn; forgetting them
[nebula] 0 entity object(s) were destroyed without a despawn; forgetting them
[nebula] 0 entity object(s) were destroyed without a despawn; forgetting them
[nebula] 0 entity object(s) were destroyed without a despawn; forgetting them
[nebula] 0 entity object(s) were destroyed without a despawn; forgetting them
[nebula] 0 entity object(s) were destroyed without a despawn; forgetting them
[nebula] 0 entity object(s) were destroyed without a despawn; forgetting them
[nebula] 0 entity object(s) were destroyed without a despawn; forgetting them
[nebula] 0 entity object(s) were destroyed without a despawn; forgetting them
[nebula] 0 entity object(s) were destroyed without a despawn; forgetting them
[nebula] 0 entity object(s) were destroyed without a despawn; forgetting them
[nebula] 0 entity object(s) were destroyed without a despawn; forgetting them
[nebula] 0 entity object(s) were destroyed without a despawn; forgetting them
[nebula] 0 entity object(s) were destroyed without a despawn; forgetting them
[nebula] 0 entity object(s) were destroyed without a despawn; forgetting them
[nebula] 0 entity object(s) were destroyed without a despawn; forgetting them
[nebula] 0 entity object(s) were destroyed without a despawn; forgetting them
[nebula] 0 entity object(s) were destroyed without a despawn; forgetting them
[nebula] 0 entity object(s) were destroyed without a despawn; forgetting them
[nebula] 0 entity object(s) were destroyed without a despawn; forgetting them
[nebula] 0 entity object(s) were destroyed without a despawn; forgetting them
[nebula] 0 entity object(s) were destroyed without a despawn; forgetting them
[nebula] 0 entity object(s) were destroyed without a despawn; forgetting them
[nebula] 0 entity object(s) were destroyed without a despawn; forgetting them
[nebula] 0 entity object(s) were destroyed without a despawn; forgetting them
[nebula] 0 entity object(s) were destroyed without a despawn; forgetting them
[nebula] 0 entity object(s) were destroyed without a despawn; forgetting them
[nebula] 0 entity object(s) were destroyed without a despawn; forgetting them
[nebula] 0 entity object(s) were destroyed without a despawn; forgetting them
[nebula] 0 entity object(s) were destroyed without a despawn; forgetting them
[nebula] 0 entity object(s) were destroyed without a despawn; forgetting them
[nebula] 0 entity object(s) were destroyed without a despawn; forgetting them
[nebula] 0 entity object(s) were destroyed without a despawn; forgetting them
[nebula] 0 entity object(s) were destroyed without a despawn; forgetting them
[nebula] 0 entity object(s) were destroyed without a despawn; forgetting them
[nebula] 0 entity object(s) were destroyed without a despawn; forgetting them
[nebula] 0 entity object(s) were destroyed without a despawn; forgetting them
[nebula] 0 entity object(s) were destroyed without a despawn; forgetting them
[nebula] 0 entity object(s) were destroyed without a despawn; forgetting them
[nebula] 0 entity object(s) were destroyed without a despawn; forgetting them
[nebula] 0 entity object(s) were destroyed without a despawn; forgetting them
[nebula] 0 entity object(s) were destroyed without a despawn; forgetting them
[nebula] 0 entity object(s) were destroyed without a despawn; forgetting them
[nebula] 0 entity object(s) were destroyed without a despawn; forgetting them
[nebula] 0 entity object(s) were destroyed without a despawn; forgetting them
[nebula] 0 entity object(s) were destroyed without a despawn; forgetting them
[nebula] local handover Player(Clone)#844424930131970(e6,rt_4398046511104,auth) rt_0 -> rt_4398046511104
[nebula] 0 entity object(s) were destroyed without a despawn; forgetting them
[nebula] 0 entity object(s) were destroyed without a despawn; forgetting them
[nebula] 0 entity object(s) were destroyed without a despawn; forgetting them
[nebula] 0 entity object(s) were destroyed without a despawn; forgetting them
[nebula] 0 entity object(s) were destroyed without a despawn; forgetting them
[nebula] 0 entity object(s) were destroyed without a despawn; forgetting them
[nebula] 0 entity object(s) were destroyed without a despawn; forgetting them
[nebula] 0 entity object(s) were destroyed without a despawn; forgetting them
[nebula] 0 entity object(s) were destroyed without a despawn; forgetting them
[nebula] 0 entity object(s) were destroyed without a despawn; forgetting them
[nebula] 0 entity object(s) were destroyed without a despawn; forgetting them
[nebula] 0 entity object(s) were destroyed without a despawn; forgetting them
[nebula] 0 entity object(s) were destroyed without a despawn; forgetting them
[nebula] 0 entity object(s) were destroyed without a despawn; forgetting them
[nebula] 0 entity object(s) were destroyed without a despawn; forgetting them
[nebula] 0 entity object(s) were destroyed without a despawn; forgetting them
[nebula] 0 entity object(s) were destroyed without a despawn; forgetting them
[nebula] 0 entity object(s) were destroyed without a despawn; forgetting them
[nebula] 0 entity object(s) were destroyed without a despawn; forgetting them
[nebula] 0 entity object(s) were destroyed without a despawn; forgetting them
[nebula] 0 entity object(s) were destroyed without a despawn; forgetting them
[nebula] 0 entity object(s) were destroyed without a despawn; forgetting them
[nebula] 0 entity object(s) were destroyed without a despawn; forgetting them
[nebula] 0 entity object(s) were destroyed without a despawn; forgetting them
[nebula] 0 entity object(s) were destroyed without a despawn; forgetting them
[nebula] 0 entity object(s) were destroyed without a despawn; forgetting them
[nebula] 0 entity object(s) were destroyed without a despawn; forgetting them
[nebula] 0 entity object(s) were destroyed without a despawn; forgetting them
[nebula] 0 entity object(s) were destroyed without a despawn; forgetting them
[nebula] 0 entity object(s) were destroyed without a despawn; forgetting them
[nebula] 0 entity object(s) were destroyed without a despawn; forgetting them
[nebula] 0 entity object(s) were destroyed without a despawn; forgetting them
[nebula] 0 entity object(s) were destroyed without a despawn; forgetting them
[nebula] 0 entity object(s) were destroyed without a despawn; forgetting them
[nebula] 0 entity object(s) were destroyed without a despawn; forgetting them
[nebula] 0 entity object(s) were destroyed without a despawn; forgetting them
[nebula] 0 entity object(s) were destroyed without a despawn; forgetting them
[nebula] 0 entity object(s) were destroyed without a despawn; forgetting them
[nebula] 0 entity object(s) were destroyed without a despawn; forgetting them
[nebula] 0 entity object(s) were destroyed without a despawn; forgetting them
[nebula] 0 entity object(s) were destroyed without a despawn; forgetting them
[nebula] 0 entity object(s) were destroyed without a despawn; forgetting them
[nebula] 0 entity object(s) were destroyed without a despawn; forgetting them
[nebula] 0 entity object(s) were destroyed without a despawn; forgetting them
[nebula] 0 entity object(s) were destroyed without a despawn; forgetting them
[nebula] 0 entity object(s) were destroyed without a despawn; forgetting them
[nebula] 0 entity object(s) were destroyed without a despawn; forgetting them
[nebula] 0 entity object(s) were destroyed without a despawn; forgetting them
[nebula] 0 entity object(s) were destroyed without a despawn; forgetting them
[nebula] 0 entity object(s) were destroyed without a despawn; forgetting them
[nebula] 0 entity object(s) were destroyed without a despawn; forgetting them
[nebula] 0 entity object(s) were destroyed without a despawn; forgetting them
[nebula] 0 entity object(s) were destroyed without a despawn; forgetting them
[nebula] 0 entity object(s) were destroyed without a despawn; forgetting them
[nebula] 0 entity object(s) were destroyed without a despawn; forgetting them
[nebula] 0 entity object(s) were destroyed without a despawn; forgetting them
[nebula] 0 entity object(s) were destroyed without a despawn; forgetting them
[nebula] 0 entity object(s) were destroyed without a despawn; forgetting them
[nebula] 0 entity object(s) were destroyed without a despawn; forgetting them
[nebula] 0 entity object(s) were destroyed without a despawn; forgetting them
[nebula] 0 entity object(s) were destroyed without a despawn; forgetting them
[nebula] 0 entity object(s) were destroyed without a despawn; forgetting them
[nebula] 0 entity object(s) were destroyed without a despawn; forgetting them
[nebula] 0 entity object(s) were destroyed without a despawn; forgetting them
[nebula] 0 entity object(s) were destroyed without a despawn; forgetting them
[nebula] 0 entity object(s) were destroyed without a despawn; forgetting them
[nebula] 0 entity object(s) were destroyed without a despawn; forgetting them
[nebula] 0 entity object(s) were destroyed without a despawn; forgetting them
[nebula] 0 entity object(s) were destroyed without a despawn; forgetting them
[nebula] 0 entity object(s) were destroyed without a despawn; forgetting them
[nebula] 0 entity object(s) were destroyed without a despawn; forgetting them
[nebula] 0 entity object(s) were destroyed without a despawn; forgetting them
[nebula] 0 entity object(s) were destroyed without a despawn; forgetting them
[nebula] 0 entity object(s) were destroyed without a despawn; forgetting them
[nebula] 0 entity object(s) were destroyed without a despawn; forgetting them
[nebula] 0 entity object(s) were destroyed without a despawn; forgetting them
[nebula] 0 entity object(s) were destroyed without a despawn; forgetting them
[nebula] 0 entity object(s) were destroyed without a despawn; forgetting them
[nebula] 0 entity object(s) were destroyed without a despawn; forgetting them
[nebula] 0 entity object(s) were destroyed without a despawn; forgetting them
[nebula] 0 entity object(s) were destroyed without a despawn; forgetting them
[nebula] 0 entity object(s) were destroyed without a despawn; forgetting them
[nebula] 0 entity object(s) were destroyed without a despawn; forgetting them
[nebula] 0 entity object(s) were destroyed without a despawn; forgetting them
[nebula] 0 entity object(s) were destroyed without a despawn; forgetting them
[nebula] 0 entity object(s) were destroyed without a despawn; forgetting them
[nebula] 0 entity object(s) were destroyed without a despawn; forgetting them
[nebula] 0 entity object(s) were destroyed without a despawn; forgetting them
[nebula] 0 entity object(s) were destroyed without a despawn; forgetting them
[nebula] 0 entity object(s) were destroyed without a despawn; forgetting them
[nebula] 0 entity object(s) were destroyed without a despawn; forgetting them
[nebula] 0 entity object(s) were destroyed without a despawn; forgetting them
[nebula] 0 entity object(s) were destroyed without a despawn; forgetting them
[nebula] 0 entity object(s) were destroyed without a despawn; forgetting them
[nebula] 0 entity object(s) were destroyed without a despawn; forgetting them
[nebula] 0 entity object(s) were destroyed without a despawn; forgetting them
[nebula] 0 entity object(s) were destroyed without a despawn; forgetting them
[nebula] 0 entity object(s) were destroyed without a despawn; forgetting them
[nebula] 0 entity object(s) were destroyed without a despawn; forgetting them
[nebula] 0 entity object(s) were destroyed without a despawn; forgetting them
[nebula] 0 entity object(s) were destroyed without a despawn; forgetting them
[nebula] 0 entity object(s) were destroyed without a despawn; forgetting them
[nebula] 0 entity object(s) were destroyed without a despawn; forgetting them
[nebula] 0 entity object(s) were destroyed without a despawn; forgetting them
[nebula] 0 entity object(s) were destroyed without a despawn; forgetting them
[nebula] 0 entity object(s) were destroyed without a despawn; forgetting them
[nebula] 0 entity object(s) were destroyed without a despawn; forgetting them
[nebula] 0 entity object(s) were destroyed without a despawn; forgetting them
[nebula] 0 entity object(s) were destroyed without a despawn; forgetting them
[nebula] 0 entity object(s) were destroyed without a despawn; forgetting them
[nebula] 0 entity object(s) were destroyed without a despawn; forgetting them
[nebula] 0 entity object(s) were destroyed without a despawn; forgetting them
[nebula] 0 entity object(s) were destroyed without a despawn; forgetting them
[nebula] 0 entity object(s) were destroyed without a despawn; forgetting them
[nebula] 0 entity object(s) were destroyed without a despawn; forgetting them
[nebula] 0 entity object(s) were destroyed without a despawn; forgetting them
[nebula] 0 entity object(s) were destroyed without a despawn; forgetting them
[nebula] 0 entity object(s) were destroyed without a despawn; forgetting them
[nebula] 0 entity object(s) were destroyed without a despawn; forgetting them
[nebula] 0 entity object(s) were destroyed without a despawn; forgetting them
[nebula] 0 entity object(s) were destroyed without a despawn; forgetting them
[nebula] 0 entity object(s) were destroyed without a despawn; forgetting them
[nebula] 0 entity object(s) were destroyed without a despawn; forgetting them
[nebula] 0 entity object(s) were destroyed without a despawn; forgetting them
[nebula] 0 entity object(s) were destroyed without a despawn; forgetting them
[nebula] 0 entity object(s) were destroyed without a despawn; forgetting them
[nebula] 0 entity object(s) were destroyed without a despawn; forgetting them
[nebula] 0 entity object(s) were destroyed without a despawn; forgetting them
[nebula] 0 entity object(s) were destroyed without a despawn; forgetting them
[nebula] 0 entity object(s) were destroyed without a despawn; forgetting them
[nebula] 0 entity object(s) were destroyed without a despawn; forgetting them
[nebula] 0 entity object(s) were destroyed without a despawn; forgetting them
[nebula] 0 entity object(s) were destroyed without a despawn; forgetting them
[nebula] 0 entity object(s) were destroyed without a despawn; forgetting them
[nebula] 0 entity object(s) were destroyed without a despawn; forgetting them
[nebula] 0 entity object(s) were destroyed without a despawn; forgetting them
[nebula] 0 entity object(s) were destroyed without a despawn; forgetting them
[nebula] 0 entity object(s) were destroyed without a despawn; forgetting them
[nebula] 0 entity object(s) were destroyed without a despawn; forgetting them
[nebula] 0 entity object(s) were destroyed without a despawn; forgetting them
[nebula] 0 entity object(s) were destroyed without a despawn; forgetting them
[nebula] 0 entity object(s) were destroyed without a despawn; forgetting them
[nebula] 0 entity object(s) were destroyed without a despawn; forgetting them
[nebula] 0 entity object(s) were destroyed without a despawn; forgetting them
[nebula] 0 entity object(s) were destroyed without a despawn; forgetting them
[nebula] 0 entity object(s) were destroyed without a despawn; forgetting them
[nebula] 0 entity object(s) were destroyed without a despawn; forgetting them
[nebula] 0 entity object(s) were destroyed without a despawn; forgetting them
[nebula] 0 entity object(s) were destroyed without a despawn; forgetting them
[nebula] 0 entity object(s) were destroyed without a despawn; forgetting them
[nebula] 0 entity object(s) were destroyed without a despawn; forgetting them
[nebula] 0 entity object(s) were destroyed without a despawn; forgetting them
[nebula] 0 entity object(s) were destroyed without a despawn; forgetting them
[nebula] 0 entity object(s) were destroyed without a despawn; forgetting them
[nebula] 0 entity object(s) were destroyed without a despawn; forgetting them
[nebula] 0 entity object(s) were destroyed without a despawn; forgetting them
[nebula] 0 entity object(s) were destroyed without a despawn; forgetting them
[nebula] 0 entity object(s) were destroyed without a despawn; forgetting them
[nebula] 0 entity object(s) were destroyed without a despawn; forgetting them
[nebula] 0 entity object(s) were destroyed without a despawn; forgetting them
[nebula] 0 entity object(s) were destroyed without a despawn; forgetting them
[nebula] 0 entity object(s) were destroyed without a despawn; forgetting them
[nebula] 0 entity object(s) were destroyed without a despawn; forgetting them
[nebula] 0 entity object(s) were destroyed without a despawn; forgetting them
[nebula] 0 entity object(s) were destroyed without a despawn; forgetting them
[nebula] 0 entity object(s) were destroyed without a despawn; forgetting them
[nebula] 0 entity object(s) were destroyed without a despawn; forgetting them
[nebula] 0 entity object(s) were destroyed without a despawn; forgetting them
[nebula] 0 entity object(s) were destroyed without a despawn; forgetting them
[nebula] 0 entity object(s) were destroyed without a despawn; forgetting them
[nebula] 0 entity object(s) were destroyed without a despawn; forgetting them
[nebula] 0 entity object(s) were destroyed without a despawn; forgetting them
[nebula] 0 entity object(s) were destroyed without a despawn; forgetting them
[nebula] 0 entity object(s) were destroyed without a despawn; forgetting them
[nebula] 0 entity object(s) were destroyed without a despawn; forgetting them
[nebula] 0 entity object(s) were destroyed without a despawn; forgetting them
[nebula] 0 entity object(s) were destroyed without a despawn; forgetting them
[nebula] 0 entity object(s) were destroyed without a despawn; forgetting them
[nebula] 0 entity object(s) were destroyed without a despawn; forgetting them
[nebula] 0 entity object(s) were destroyed without a despawn; forgetting them
[nebula] 0 entity object(s) were destroyed without a despawn; forgetting them
[nebula] 0 entity object(s) were destroyed without a despawn; forgetting them
[nebula] 0 entity object(s) were destroyed without a despawn; forgetting them
[nebula] 0 entity object(s) were destroyed without a despawn; forgetting them
[nebula] 0 entity object(s) were destroyed without a despawn; forgetting them
[nebula] 0 entity object(s) were destroyed without a despawn; forgetting them
[nebula] 0 entity object(s) were destroyed without a despawn; forgetting them
[nebula] 0 entity object(s) were destroyed without a despawn; forgetting them
[nebula] 0 entity object(s) were destroyed without a despawn; forgetting them
[nebula] 0 entity object(s) were destroyed without a despawn; forgetting them
[nebula] 0 entity object(s) were destroyed without a despawn; forgetting them
[nebula] profile 300 ticks/5s 300 frames avg 0.8ms max 1.2ms dup 0 skip 0 gc 25 auth 28 ghosts 0 | poll=0.01 ghosts=0.00 physics.sync=0.00 simulate=0.01 poses=0.04 containers=0.61 band=0.03 publish=0.02 gap=15.84 interest=0.01
[nebula] 0 entity object(s) were destroyed without a despawn; forgetting them
[nebula] 0 entity object(s) were destroyed without a despawn; forgetting them
[nebula] 0 entity object(s) were destroyed without a despawn; forgetting them
[nebula] 0 entity object(s) were destroyed without a despawn; forgetting them
[nebula] 0 entity object(s) were destroyed without a despawn; forgetting them
[nebula] 0 entity object(s) were destroyed without a despawn; forgetting them
[nebula] 0 entity object(s) were destroyed without a despawn; forgetting them
[nebula] 0 entity object(s) were destroyed without a despawn; forgetting them
[nebula] 0 entity object(s) were destroyed without a despawn; forgetting them
[nebula] 0 entity object(s) were destroyed without a despawn; forgetting them
[nebula] 0 entity object(s) were destroyed without a despawn; forgetting them
[nebula] 0 entity object(s) were destroyed without a despawn; forgetting them
[nebula] local handover Player(Clone)#562949953421313(e8,rt_4398046511104,auth) rt_0 -> rt_4398046511104
[nebula] 0 entity object(s) were destroyed without a despawn; forgetting them
[nebula] 0 entity object(s) were destroyed without a despawn; forgetting them
[nebula] 0 entity object(s) were destroyed without a despawn; forgetting them
[nebula] 0 entity object(s) were destroyed without a despawn; forgetting them
[nebula] 0 entity object(s) were destroyed without a despawn; forgetting them
[nebula] 0 entity object(s) were destroyed without a despawn; forgetting them
[nebula] 0 entity object(s) were destroyed without a despawn; forgetting them
[nebula] 0 entity object(s) were destroyed without a despawn; forgetting them
[nebula] 0 entity object(s) were destroyed without a despawn; forgetting them
[nebula] 0 entity object(s) were destroyed without a despawn; forgetting them
[nebula] 0 entity object(s) were destroyed without a despawn; forgetting them
[nebula] 0 entity object(s) were destroyed without a despawn; forgetting them
[nebula] 0 entity object(s) were destroyed without a despawn; forgetting them
[nebula] 0 entity object(s) were destroyed without a despawn; forgetting them
[nebula] 0 entity object(s) were destroyed without a despawn; forgetting them
[nebula] 0 entity object(s) were destroyed without a despawn; forgetting them
[nebula] 0 entity object(s) were destroyed without a despawn; forgetting them
[nebula] 0 entity object(s) were destroyed without a despawn; forgetting them
[nebula] 0 entity object(s) were destroyed without a despawn; forgetting them
[nebula] 0 entity object(s) were destroyed without a despawn; forgetting them
[nebula] 0 entity object(s) were destroyed without a despawn; forgetting them
[nebula] 0 entity object(s) were destroyed without a despawn; forgetting them
[nebula] 0 entity object(s) were destroyed without a despawn; forgetting them
[nebula] 0 entity object(s) were destroyed without a despawn; forgetting them
[nebula] 0 entity object(s) were destroyed without a despawn; forgetting them
[nebula] 0 entity object(s) were destroyed without a despawn; forgetting them
[nebula] 0 entity object(s) were destroyed without a despawn; forgetting them
[nebula] 0 entity object(s) were destroyed without a despawn; forgetting them
[nebula] 0 entity object(s) were destroyed without a despawn; forgetting them
[nebula] 0 entity object(s) were destroyed without a despawn; forgetting them
[nebula] 0 entity object(s) were destroyed without a despawn; forgetting them
[nebula] 0 entity object(s) were destroyed without a despawn; forgetting them
[nebula] 0 entity object(s) were destroyed without a despawn; forgetting them
[nebula] 0 entity object(s) were destroyed without a despawn; forgetting them
[nebula] 0 entity object(s) were destroyed without a despawn; forgetting them
[nebula] 0 entity object(s) were destroyed without a despawn; forgetting them
[nebula] 0 entity object(s) were destroyed without a despawn; forgetting them
[nebula] 0 entity object(s) were destroyed without a despawn; forgetting them
[nebula] 0 entity object(s) were destroyed without a despawn; forgetting them
[nebula] 0 entity object(s) were destroyed without a despawn; forgetting them
[nebula] 0 entity object(s) were destroyed without a despawn; forgetting them
[nebula] 0 entity object(s) were destroyed without a despawn; forgetting them
[nebula] 0 entity object(s) were destroyed without a despawn; forgetting them
[nebula] 0 entity object(s) were destroyed without a despawn; forgetting them
[nebula] 0 entity object(s) were destroyed without a despawn; forgetting them
[nebula] 0 entity object(s) were destroyed without a despawn; forgetting them
[nebula] 0 entity object(s) were destroyed without a despawn; forgetting them
[nebula] 0 entity object(s) were destroyed without a despawn; forgetting them
[nebula] 0 entity object(s) were destroyed without a despawn; forgetting them
[nebula] 0 entity object(s) were destroyed without a despawn; forgetting them
[nebula] 0 entity object(s) were destroyed without a despawn; forgetting them
[nebula] 0 entity object(s) were destroyed without a despawn; forgetting them
[nebula] 0 entity object(s) were destroyed without a despawn; forgetting them
[nebula] 0 entity object(s) were destroyed without a despawn; forgetting them
[nebula] 0 entity object(s) were destroyed without a despawn; forgetting them
[nebula] 0 entity object(s) were destroyed without a despawn; forgetting them
[nebula] 0 entity object(s) were destroyed without a despawn; forgetting them
[nebula] 0 entity object(s) were destroyed without a despawn; forgetting them
[nebula] 0 entity object(s) were destroyed without a despawn; forgetting them
[nebula] 0 entity object(s) were destroyed without a despawn; forgetting them
[nebula] 0 entity object(s) were destroyed without a despawn; forgetting them
[nebula] 0 entity object(s) were destroyed without a despawn; forgetting them
[nebula] 0 entity object(s) were destroyed without a despawn; forgetting them
[nebula] 0 entity object(s) were destroyed without a despawn; forgetting them
[nebula] 0 entity object(s) were destroyed without a despawn; forgetting them
[nebula] 0 entity object(s) were destroyed without a despawn; forgetting them
[nebula] 0 entity object(s) were destroyed without a despawn; forgetting them
[nebula] 0 entity object(s) were destroyed without a despawn; forgetting them
[nebula] 0 entity object(s) were destroyed without a despawn; forgetting them
[nebula] 0 entity object(s) were destroyed without a despawn; forgetting them
[nebula] 0 entity object(s) were destroyed without a despawn; forgetting them
[nebula] 0 entity object(s) were destroyed without a despawn; forgetting them
[nebula] 0 entity object(s) were destroyed without a despawn; forgetting them
[nebula] 0 entity object(s) were destroyed without a despawn; forgetting them
[nebula] 0 entity object(s) were destroyed without a despawn; forgetting them
[nebula] 0 entity object(s) were destroyed without a despawn; forgetting them
[nebula] 0 entity object(s) were destroyed without a despawn; forgetting them
[nebula] 0 entity object(s) were destroyed without a despawn; forgetting them
[nebula] 0 entity object(s) were destroyed without a despawn; forgetting them
[nebula] 0 entity object(s) were destroyed without a despawn; forgetting them
[nebula] 0 entity object(s) were destroyed without a despawn; forgetting them
[nebula] 0 entity object(s) were destroyed without a despawn; forgetting them
[nebula] 0 entity object(s) were destroyed without a despawn; forgetting them
[nebula] 0 entity object(s) were destroyed without a despawn; forgetting them
[nebula] 0 entity object(s) were destroyed without a despawn; forgetting them
[nebula] 0 entity object(s) were destroyed without a despawn; forgetting them
[nebula] 0 entity object(s) were destroyed without a despawn; forgetting them
[nebula] spawned Prop(Clone)#281474976710695(e1,rt_9223367638808264706,auth)
[nebula] 0 entity object(s) were destroyed without a despawn; forgetting them
[nebula] 0 entity object(s) were destroyed without a despawn; forgetting them
[nebula] 0 entity object(s) were destroyed without a despawn; forgetting them
[nebula] 0 entity object(s) were destroyed without a despawn; forgetting them
[nebula] 0 entity object(s) were destroyed without a despawn; forgetting them
[nebula] 0 entity object(s) were destroyed without a despawn; forgetting them
[nebula] 0 entity object(s) were destroyed without a despawn; forgetting them
[nebula] 0 entity object(s) were destroyed without a despawn; forgetting them
[nebula] 0 entity object(s) were destroyed without a despawn; forgetting them
[nebula] 0 entity object(s) were destroyed without a despawn; forgetting them
[nebula] 0 entity object(s) were destroyed without a despawn; forgetting them
[nebula] 0 entity object(s) were destroyed without a despawn; forgetting them
[nebula] 0 entity object(s) were destroyed without a despawn; forgetting them
[nebula] 0 entity object(s) were destroyed without a despawn; forgetting them
[nebula] 0 entity object(s) were destroyed without a despawn; forgetting them
[nebula] 0 entity object(s) were destroyed without a despawn; forgetting them
[nebula] 0 entity object(s) were destroyed without a despawn; forgetting them
[nebula] 0 entity object(s) were destroyed without a despawn; forgetting them
[nebula] 0 entity object(s) were destroyed without a despawn; forgetting them
[nebula] 0 entity object(s) were destroyed without a despawn; forgetting them
[nebula] 0 entity object(s) were destroyed without a despawn; forgetting them
[nebula] 0 entity object(s) were destroyed without a despawn; forgetting them
[nebula] 0 entity object(s) were destroyed without a despawn; forgetting them
[nebula] 0 entity object(s) were destroyed without a despawn; forgetting them
[nebula] 0 entity object(s) were destroyed without a despawn; forgetting them
[nebula] 0 entity object(s) were destroyed without a despawn; forgetting them
[nebula] 0 entity object(s) were destroyed without a despawn; forgetting them
[nebula] 0 entity object(s) were destroyed without a despawn; forgetting them
[nebula] 0 entity object(s) were destroyed without a despawn; forgetting them
[nebula] 0 entity object(s) were destroyed without a despawn; forgetting them
[nebula] 0 entity object(s) were destroyed without a despawn; forgetting them
[nebula] 0 entity object(s) were destroyed without a despawn; forgetting them
[nebula] 0 entity object(s) were destroyed without a despawn; forgetting them
[nebula] 0 entity object(s) were destroyed without a despawn; forgetting them
[nebula] 0 entity object(s) were destroyed without a despawn; forgetting them
[nebula] 0 entity object(s) were destroyed without a despawn; forgetting them
[nebula] 0 entity object(s) were destroyed without a despawn; forgetting them
[nebula] 0 entity object(s) were destroyed without a despawn; forgetting them
[nebula] 0 entity object(s) were destroyed without a despawn; forgetting them
[nebula] 0 entity object(s) were destroyed without a despawn; forgetting them
[nebula] 0 entity object(s) were destroyed without a despawn; forgetting them
[nebula] 0 entity object(s) were destroyed without a despawn; forgetting them
[nebula] 0 entity object(s) were destroyed without a despawn; forgetting them
[nebula] 0 entity object(s) were destroyed without a despawn; forgetting them
[nebula] 0 entity object(s) were destroyed without a despawn; forgetting them
[nebula] 0 entity object(s) were destroyed without a despawn; forgetting them
[nebula] 0 entity object(s) were destroyed without a despawn; forgetting them
[nebula] 0 entity object(s) were destroyed without a despawn; forgetting them
[nebula] 0 entity object(s) were destroyed without a despawn; forgetting them
[nebula] 0 entity object(s) were destroyed without a despawn; forgetting them
[nebula] 0 entity object(s) were destroyed without a despawn; forgetting them
[nebula] 0 entity object(s) were destroyed without a despawn; forgetting them
[nebula] 0 entity object(s) were destroyed without a despawn; forgetting them
[nebula] 0 entity object(s) were destroyed without a despawn; forgetting them
[nebula] 0 entity object(s) were destroyed without a despawn; forgetting them
[nebula] 0 entity object(s) were destroyed without a despawn; forgetting them
[nebula] 0 entity object(s) were destroyed without a despawn; forgetting them
[nebula] 0 entity object(s) were destroyed without a despawn; forgetting them
[nebula] 0 entity object(s) were destroyed without a despawn; forgetting them
[nebula] 0 entity object(s) were destroyed without a despawn; forgetting them
[nebula] 0 entity object(s) were destroyed without a despawn; forgetting them
[nebula] 0 entity object(s) were destroyed without a despawn; forgetting them
[nebula] 0 entity object(s) were destroyed without a despawn; forgetting them
[nebula] 0 entity object(s) were destroyed without a despawn; forgetting them
[nebula] 0 entity object(s) were destroyed without a despawn; forgetting them
[nebula] 0 entity object(s) were destroyed without a despawn; forgetting them
[nebula] 0 entity object(s) were destroyed without a despawn; forgetting them
[nebula] 0 entity object(s) were destroyed without a despawn; forgetting them
[nebula] 0 entity object(s) were destroyed without a despawn; forgetting them
[nebula] 0 entity object(s) were destroyed without a despawn; forgetting them
[nebula] 0 entity object(s) were destroyed without a despawn; forgetting them
[nebula] 0 entity object(s) were destroyed without a despawn; forgetting them
[nebula] 0 entity object(s) were destroyed without a despawn; forgetting them
[nebula] 0 entity object(s) were destroyed without a despawn; forgetting them
[nebula] 0 entity object(s) were destroyed without a despawn; forgetting them
[nebula] 0 entity object(s) were destroyed without a despawn; forgetting them
[nebula] 0 entity object(s) were destroyed without a despawn; forgetting them
[nebula] 0 entity object(s) were destroyed without a despawn; forgetting them
[nebula] 0 entity object(s) were destroyed without a despawn; forgetting them
[nebula] 0 entity object(s) were destroyed without a despawn; forgetting them
[nebula] 0 entity object(s) were destroyed without a despawn; forgetting them
[nebula] 0 entity object(s) were destroyed without a despawn; forgetting them
[nebula] 0 entity object(s) were destroyed without a despawn; forgetting them
[nebula] 0 entity object(s) were destroyed without a despawn; forgetting them
[nebula] 0 entity object(s) were destroyed without a despawn; forgetting them
[nebula] 0 entity object(s) were destroyed without a despawn; forgetting them
[nebula] 0 entity object(s) were destroyed without a despawn; forgetting them
[nebula] 0 entity object(s) were destroyed without a despawn; forgetting them
[nebula] 0 entity object(s) were destroyed without a despawn; forgetting them
[nebula] 0 entity object(s) were destroyed without a despawn; forgetting them
[nebula] 0 entity object(s) were destroyed without a despawn; forgetting them
[nebula] 0 entity object(s) were destroyed without a despawn; forgetting them
[nebula] 0 entity object(s) were destroyed without a despawn; forgetting them
[nebula] 0 entity object(s) were destroyed without a despawn; forgetting them
[nebula] 0 entity object(s) were destroyed without a despawn; forgetting them
[nebula] 0 entity object(s) were destroyed without a despawn; forgetting them
[nebula] 0 entity object(s) were destroyed without a despawn; forgetting them
[nebula] 0 entity object(s) were destroyed without a despawn; forgetting them
[nebula] 0 entity object(s) were destroyed without a despawn; forgetting them
[nebula] 0 entity object(s) were destroyed without a despawn; forgetting them
[nebula] 0 entity object(s) were destroyed without a despawn; forgetting them
[nebula] 0 entity object(s) were destroyed without a despawn; forgetting them
[nebula] 0 entity object(s) were destroyed without a despawn; forgetting them
[nebula] 0 entity object(s) were destroyed without a despawn; forgetting them
[nebula] 0 entity object(s) were destroyed without a despawn; forgetting them
[nebula] 0 entity object(s) were destroyed without a despawn; forgetting them
[nebula] 0 entity object(s) were destroyed without a despawn; forgetting them
[nebula] 0 entity object(s) were destroyed without a despawn; forgetting them
[nebula] 0 entity object(s) were destroyed without a despawn; forgetting them
[nebula] 0 entity object(s) were destroyed without a despawn; forgetting them
[nebula] 0 entity object(s) were destroyed without a despawn; forgetting them
[nebula] 0 entity object(s) were destroyed without a despawn; forgetting them
[nebula] 0 entity object(s) were destroyed without a despawn; forgetting them
[nebula] 0 entity object(s) were destroyed without a despawn; forgetting them
[nebula] 0 entity object(s) were destroyed without a despawn; forgetting them
[nebula] 0 entity object(s) were destroyed without a despawn; forgetting them
[nebula] 0 entity object(s) were destroyed without a despawn; forgetting them
[nebula] 0 entity object(s) were destroyed without a despawn; forgetting them
[nebula] 0 entity object(s) were destroyed without a despawn; forgetting them
[nebula] 0 entity object(s) were destroyed without a despawn; forgetting them
[nebula] 0 entity object(s) were destroyed without a despawn; forgetting them
[nebula] 0 entity object(s) were destroyed without a despawn; forgetting them
[nebula] 0 entity object(s) were destroyed without a despawn; forgetting them
[nebula] 0 entity object(s) were destroyed without a despawn; forgetting them
[nebula] 0 entity object(s) were destroyed without a despawn; forgetting them
[nebula] 0 entity object(s) were destroyed without a despawn; forgetting them
[nebula] 0 entity object(s) were destroyed without a despawn; forgetting them
[nebula] 0 entity object(s) were destroyed without a despawn; forgetting them
[nebula] 0 entity object(s) were destroyed without a despawn; forgetting them
[nebula] 0 entity object(s) were destroyed without a despawn; forgetting them
[nebula] 0 entity object(s) were destroyed without a despawn; forgetting them
[nebula] 0 entity object(s) were destroyed without a despawn; forgetting them
[nebula] 0 entity object(s) were destroyed without a despawn; forgetting them
[nebula] 0 entity object(s) were destroyed without a despawn; forgetting them
[nebula] 0 entity object(s) were destroyed without a despawn; forgetting them
[nebula] 0 entity object(s) were destroyed without a despawn; forgetting them
[nebula] 0 entity object(s) were destroyed without a despawn; forgetting them
[nebula] 0 entity object(s) were destroyed without a despawn; forgetting them
[nebula] 0 entity object(s) were destroyed without a despawn; forgetting them
[nebula] 0 entity object(s) were destroyed without a despawn; forgetting them
[nebula] 0 entity object(s) were destroyed without a despawn; forgetting them
[nebula] 0 entity object(s) were destroyed without a despawn; forgetting them
[nebula] 0 entity object(s) were destroyed without a despawn; forgetting them
[nebula] 0 entity object(s) were destroyed without a despawn; forgetting them
[nebula] 0 entity object(s) were destroyed without a despawn; forgetting them
[nebula] 0 entity object(s) were destroyed without a despawn; forgetting them
[nebula] 0 entity object(s) were destroyed without a despawn; forgetting them
[nebula] 0 entity object(s) were destroyed without a despawn; forgetting them
[nebula] 0 entity object(s) were destroyed without a despawn; forgetting them
[nebula] 0 entity object(s) were destroyed without a despawn; forgetting them
[nebula] 0 entity object(s) were destroyed without a despawn; forgetting them
[nebula] 0 entity object(s) were destroyed without a despawn; forgetting them
[nebula] 0 entity object(s) were destroyed without a despawn; forgetting them
[nebula] 0 entity object(s) were destroyed without a despawn; forgetting them
[nebula] 0 entity object(s) were destroyed without a despawn; forgetting them
[nebula] 0 entity object(s) were destroyed without a despawn; forgetting them
[nebula] 0 entity object(s) were destroyed without a despawn; forgetting them
[nebula] 0 entity object(s) were destroyed without a despawn; forgetting them
[nebula] 0 entity object(s) were destroyed without a despawn; forgetting them
[nebula] 0 entity object(s) were destroyed without a despawn; forgetting them
[nebula] 0 entity object(s) were destroyed without a despawn; forgetting them
[nebula] 0 entity object(s) were destroyed without a despawn; forgetting them
[nebula] 0 entity object(s) were destroyed without a despawn; forgetting them
[nebula] 0 entity object(s) were destroyed without a despawn; forgetting them
[nebula] 0 entity object(s) were destroyed without a despawn; forgetting them
[nebula] 0 entity object(s) were destroyed without a despawn; forgetting them
[nebula] 0 entity object(s) were destroyed without a despawn; forgetting them
[nebula] 0 entity object(s) were destroyed without a despawn; forgetting them
[nebula] 0 entity object(s) were destroyed without a despawn; forgetting them
[nebula] 0 entity object(s) were destroyed without a despawn; forgetting them
[nebula] 0 entity object(s) were destroyed without a despawn; forgetting them
[nebula] 0 entity object(s) were destroyed without a despawn; forgetting them
[nebula] 0 entity object(s) were destroyed without a despawn; forgetting them
[nebula] 0 entity object(s) were destroyed without a despawn; forgetting them
[nebula] 0 entity object(s) were destroyed without a despawn; forgetting them
[nebula] 0 entity object(s) were destroyed without a despawn; forgetting them
[nebula] 0 entity object(s) were destroyed without a despawn; forgetting them
[nebula] 0 entity object(s) were destroyed without a despawn; forgetting them
[nebula] 0 entity object(s) were destroyed without a despawn; forgetting them
[nebula] 0 entity object(s) were destroyed without a despawn; forgetting them
[nebula] 0 entity object(s) were destroyed without a despawn; forgetting them
[nebula] 0 entity object(s) were destroyed without a despawn; forgetting them
[nebula] 0 entity object(s) were destroyed without a despawn; forgetting them
[nebula] 0 entity object(s) were destroyed without a despawn; forgetting them
[nebula] 0 entity object(s) were destroyed without a despawn; forgetting them
[nebula] 0 entity object(s) were destroyed without a despawn; forgetting them
[nebula] 0 entity object(s) were destroyed without a despawn; forgetting them
[nebula] 0 entity object(s) were destroyed without a despawn; forgetting them
[nebula] 0 entity object(s) were destroyed without a despawn; forgetting them
[nebula] 0 entity object(s) were destroyed without a despawn; forgetting them
[nebula] 0 entity object(s) were destroyed without a despawn; forgetting them
[nebula] 0 entity object(s) were destroyed without a despawn; forgetting them
[nebula] 0 entity object(s) were destroyed without a despawn; forgetting them
[nebula] 0 entity object(s) were destroyed without a despawn; forgetting them
[nebula] 0 entity object(s) were destroyed without a despawn; forgetting them
[nebula] 0 entity object(s) were destroyed without a despawn; forgetting them
[nebula] 0 entity object(s) were destroyed without a despawn; forgetting them
[nebula] 0 entity object(s) were destroyed without a despawn; forgetting them
[nebula] 0 entity object(s) were destroyed without a despawn; forgetting them
[nebula] 0 entity object(s) were destroyed without a despawn; forgetting them
[nebula] 0 entity object(s) were destroyed without a despawn; forgetting them
[nebula] profile 300 ticks/5s 300 frames avg 0.8ms max 1.4ms dup 0 skip 0 gc 32 auth 29 ghosts 0 | poll=0.01 ghosts=0.00 physics.sync=0.00 simulate=0.01 poses=0.04 containers=0.62 band=0.03 publish=0.02 gap=15.82 interest=0.01
[nebula] 0 entity object(s) were destroyed without a despawn; forgetting them
[nebula] 0 entity object(s) were destroyed without a despawn; forgetting them
[nebula] 0 entity object(s) were destroyed without a despawn; forgetting them
[nebula] 0 entity object(s) were destroyed without a despawn; forgetting them
[nebula] 0 entity object(s) were destroyed without a despawn; forgetting them
[nebula] 0 entity object(s) were destroyed without a despawn; forgetting them
[nebula] 0 entity object(s) were destroyed without a despawn; forgetting them
[nebula] 0 entity object(s) were destroyed without a despawn; forgetting them
[nebula] 0 entity object(s) were destroyed without a despawn; forgetting them
[nebula] 0 entity object(s) were destroyed without a despawn; forgetting them
[nebula] 0 entity object(s) were destroyed without a despawn; forgetting them
[nebula] 0 entity object(s) were destroyed without a despawn; forgetting them
[nebula] 0 entity object(s) were destroyed without a despawn; forgetting them
[nebula] 0 entity object(s) were destroyed without a despawn; forgetting them
[nebula] 0 entity object(s) were destroyed without a despawn; forgetting them
[nebula] 0 entity object(s) were destroyed without a despawn; forgetting them
[nebula] 0 entity object(s) were destroyed without a despawn; forgetting them
[nebula] 0 entity object(s) were destroyed without a despawn; forgetting them
[nebula] 0 entity object(s) were destroyed without a despawn; forgetting them
[nebula] 0 entity object(s) were destroyed without a despawn; forgetting them
[nebula] 0 entity object(s) were destroyed without a despawn; forgetting them
[nebula] 0 entity object(s) were destroyed without a despawn; forgetting them
[nebula] 0 entity object(s) were destroyed without a despawn; forgetting them
[nebula] 0 entity object(s) were destroyed without a despawn; forgetting them
[nebula] 0 entity object(s) were destroyed without a despawn; forgetting them
[nebula] 0 entity object(s) were destroyed without a despawn; forgetting them
[nebula] 0 entity object(s) were destroyed without a despawn; forgetting them
[nebula] 0 entity object(s) were destroyed without a despawn; forgetting them
[nebula] 0 entity object(s) were destroyed without a despawn; forgetting them
[nebula] 0 entity object(s) were destroyed without a despawn; forgetting them
[nebula] 0 entity object(s) were destroyed without a despawn; forgetting them
[nebula] 0 entity object(s) were destroyed without a despawn; forgetting them
[nebula] 0 entity object(s) were destroyed without a despawn; forgetting them
[nebula] 0 entity object(s) were destroyed without a despawn; forgetting them
[nebula] 0 entity object(s) were destroyed without a despawn; forgetting them
[nebula] 0 entity object(s) were destroyed without a despawn; forgetting them
[nebula] 0 entity object(s) were destroyed without a despawn; forgetting them
[nebula] 0 entity object(s) were destroyed without a despawn; forgetting them
[nebula] 0 entity object(s) were destroyed without a despawn; forgetting them
[nebula] 0 entity object(s) were destroyed without a despawn; forgetting them
[nebula] 0 entity object(s) were destroyed without a despawn; forgetting them
[nebula] 0 entity object(s) were destroyed without a despawn; forgetting them
[nebula] 0 entity object(s) were destroyed without a despawn; forgetting them
[nebula] 0 entity object(s) were destroyed without a despawn; forgetting them
[nebula] 0 entity object(s) were destroyed without a despawn; forgetting them
[nebula] 0 entity object(s) were destroyed without a despawn; forgetting them
[nebula] 0 entity object(s) were destroyed without a despawn; forgetting them
[nebula] 0 entity object(s) were destroyed without a despawn; forgetting them
[nebula] 0 entity object(s) were destroyed without a despawn; forgetting them
[nebula] 0 entity object(s) were destroyed without a despawn; forgetting them
[nebula] 0 entity object(s) were destroyed without a despawn; forgetting them
[nebula] 0 entity object(s) were destroyed without a despawn; forgetting them
[nebula] 0 entity object(s) were destroyed without a despawn; forgetting them
[nebula] 0 entity object(s) were destroyed without a despawn; forgetting them
[nebula] 0 entity object(s) were destroyed without a despawn; forgetting them
[nebula] 0 entity object(s) were destroyed without a despawn; forgetting them
[nebula] 0 entity object(s) were destroyed without a despawn; forgetting them
[nebula] 0 entity object(s) were destroyed without a despawn; forgetting them
[nebula] 0 entity object(s) were destroyed without a despawn; forgetting them
[nebula] 0 entity object(s) were destroyed without a despawn; forgetting them
[nebula] 0 entity object(s) were destroyed without a despawn; forgetting them
[nebula] 0 entity object(s) were destroyed without a despawn; forgetting them
[nebula] 0 entity object(s) were destroyed without a despawn; forgetting them
[nebula] 0 entity object(s) were destroyed without a despawn; forgetting them
[nebula] 0 entity object(s) were destroyed without a despawn; forgetting them
[nebula] 0 entity object(s) were destroyed without a despawn; forgetting them
[nebula] spawned Prop(Clone)#281474976710696(e1,rt_9223367638808264706,auth)
[nebula] 0 entity object(s) were destroyed without a despawn; forgetting them
[nebula] 0 entity object(s) were destroyed without a despawn; forgetting them
[nebula] 0 entity object(s) were destroyed without a despawn; forgetting them
[nebula] 0 entity object(s) were destroyed without a despawn; forgetting them
[nebula] 0 entity object(s) were destroyed without a despawn; forgetting them
[nebula] 0 entity object(s) were destroyed without a despawn; forgetting them
[nebula] 0 entity object(s) were destroyed without a despawn; forgetting them
[nebula] 0 entity object(s) were destroyed without a despawn; forgetting them
[nebula] 0 entity object(s) were destroyed without a despawn; forgetting them
[nebula] 0 entity object(s) were destroyed without a despawn; forgetting them
[nebula] 0 entity object(s) were destroyed without a despawn; forgetting them
[nebula] 0 entity object(s) were destroyed without a despawn; forgetting them
[nebula] 0 entity object(s) were destroyed without a despawn; forgetting them
[nebula] 0 entity object(s) were destroyed without a despawn; forgetting them
[nebula] 0 entity object(s) were destroyed without a despawn; forgetting them
[nebula] 0 entity object(s) were destroyed without a despawn; forgetting them
[nebula] 0 entity object(s) were destroyed without a despawn; forgetting them
[nebula] 0 entity object(s) were destroyed without a despawn; forgetting them
[nebula] 0 entity object(s) were destroyed without a despawn; forgetting them
[nebula] 0 entity object(s) were destroyed without a despawn; forgetting them
[nebula] 0 entity object(s) were destroyed without a despawn; forgetting them
[nebula] 0 entity object(s) were destroyed without a despawn; forgetting them
[nebula] 0 entity object(s) were destroyed without a despawn; forgetting them
[nebula] 0 entity object(s) were destroyed without a despawn; forgetting them
[nebula] 0 entity object(s) were destroyed without a despawn; forgetting them
[nebula] 0 entity object(s) were destroyed without a despawn; forgetting them
[nebula] 0 entity object(s) were destroyed without a despawn; forgetting them
[nebula] 0 entity object(s) were destroyed without a despawn; forgetting them
[nebula] 0 entity object(s) were destroyed without a despawn; forgetting them
[nebula] 0 entity object(s) were destroyed without a despawn; forgetting them
[nebula] 0 entity object(s) were destroyed without a despawn; forgetting them
[nebula] 0 entity object(s) were destroyed without a despawn; forgetting them
[nebula] 0 entity object(s) were destroyed without a despawn; forgetting them
[nebula] 0 entity object(s) were destroyed without a despawn; forgetting them
[nebula] 0 entity object(s) were destroyed without a despawn; forgetting them
[nebula] 0 entity object(s) were destroyed without a despawn; forgetting them
[nebula] 0 entity object(s) were destroyed without a despawn; forgetting them
[nebula] 0 entity object(s) were destroyed without a despawn; forgetting them
[nebula] 0 entity object(s) were destroyed without a despawn; forgetting them
[nebula] 0 entity object(s) were destroyed without a despawn; forgetting them
[nebula] 0 entity object(s) were destroyed without a despawn; forgetting them
[nebula] 0 entity object(s) were destroyed without a despawn; forgetting them
[nebula] 0 entity object(s) were destroyed without a despawn; forgetting them
[nebula] 0 entity object(s) were destroyed without a despawn; forgetting them
[nebula] 0 entity object(s) were destroyed without a despawn; forgetting them
[nebula] 0 entity object(s) were destroyed without a despawn; forgetting them
[nebula] 0 entity object(s) were destroyed without a despawn; forgetting them
[nebula] 0 entity object(s) were destroyed without a despawn; forgetting them
[nebula] 0 entity object(s) were destroyed without a despawn; forgetting them
[nebula] 0 entity object(s) were destroyed without a despawn; forgetting them
[nebula] 0 entity object(s) were destroyed without a despawn; forgetting them
[nebula] 0 entity object(s) were destroyed without a despawn; forgetting them
[nebula] 0 entity object(s) were destroyed without a despawn; forgetting them
[nebula] 0 entity object(s) were destroyed without a despawn; forgetting them
[nebula] 0 entity object(s) were destroyed without a despawn; forgetting them
[nebula] 0 entity object(s) were destroyed without a despawn; forgetting them
[nebula] 0 entity object(s) were destroyed without a despawn; forgetting them
[nebula] 0 entity object(s) were destroyed without a despawn; forgetting them
[nebula] 0 entity object(s) were destroyed without a despawn; forgetting them
[nebula] 0 entity object(s) were destroyed without a despawn; forgetting them
[nebula] 0 entity object(s) were destroyed without a despawn; forgetting them
[nebula] 0 entity object(s) were destroyed without a despawn; forgetting them
[nebula] 0 entity object(s) were destroyed without a despawn; forgetting them
[nebula] 0 entity object(s) were destroyed without a despawn; forgetting them
[nebula] 0 entity object(s) were destroyed without a despawn; forgetting them
[nebula] ghost Player(Clone)#1125899906842625(e12,rt_9223367638808264706,auth) -> w4
[nebula] handover IN  Player(Clone)#1125899906842625(e12,rt_9223367638808264706,auth) <- w4 (epoch 12, tick 1365014954)
[nebula] 0 entity object(s) were destroyed without a despawn; forgetting them
[nebula] 0 entity object(s) were destroyed without a despawn; forgetting them
[nebula] 0 entity object(s) were destroyed without a despawn; forgetting them
[nebula] 0 entity object(s) were destroyed without a despawn; forgetting them
[nebula] 0 entity object(s) were destroyed without a despawn; forgetting them
[nebula] 0 entity object(s) were destroyed without a despawn; forgetting them
[nebula] 0 entity object(s) were destroyed without a despawn; forgetting them
[nebula] 0 entity object(s) were destroyed without a despawn; forgetting them
[nebula] 0 entity object(s) were destroyed without a despawn; forgetting them
[nebula] 0 entity object(s) were destroyed without a despawn; forgetting them
[nebula] 0 entity object(s) were destroyed without a despawn; forgetting them
[nebula] 0 entity object(s) were destroyed without a despawn; forgetting them
[nebula] 0 entity object(s) were destroyed without a despawn; forgetting them
[nebula] 0 entity object(s) were destroyed without a despawn; forgetting them
[nebula] 0 entity object(s) were destroyed without a despawn; forgetting them
[nebula] 0 entity object(s) were destroyed without a despawn; forgetting them
[nebula] 0 entity object(s) were destroyed without a despawn; forgetting them
[nebula] 0 entity object(s) were destroyed without a despawn; forgetting them
[nebula] 0 entity object(s) were destroyed without a despawn; forgetting them
[nebula] 0 entity object(s) were destroyed without a despawn; forgetting them
[nebula] 0 entity object(s) were destroyed without a despawn; forgetting them
[nebula] 0 entity object(s) were destroyed without a despawn; forgetting them
[nebula] 0 entity object(s) were destroyed without a despawn; forgetting them
[nebula] 0 entity object(s) were destroyed without a despawn; forgetting them
[nebula] 0 entity object(s) were destroyed without a despawn; forgetting them
[nebula] 0 entity object(s) were destroyed without a despawn; forgetting them
[nebula] 0 entity object(s) were destroyed without a despawn; forgetting them
[nebula] 0 entity object(s) were destroyed without a despawn; forgetting them
[nebula] 0 entity object(s) were destroyed without a despawn; forgetting them
[nebula] 0 entity object(s) were destroyed without a despawn; forgetting them
[nebula] 0 entity object(s) were destroyed without a despawn; forgetting them
[nebula] 0 entity object(s) were destroyed without a despawn; forgetting them
[nebula] 0 entity object(s) were destroyed without a despawn; forgetting them
[nebula] 0 entity object(s) were destroyed without a despawn; forgetting them
[nebula] 0 entity object(s) were destroyed without a despawn; forgetting them
[nebula] 0 entity object(s) were destroyed without a despawn; forgetting them
[nebula] 0 entity object(s) were destroyed without a despawn; forgetting them
[nebula] 0 entity object(s) were destroyed without a despawn; forgetting them
[nebula] 0 entity object(s) were destroyed without a despawn; forgetting them
[nebula] 0 entity object(s) were destroyed without a despawn; forgetting them
[nebula] 0 entity object(s) were destroyed without a despawn; forgetting them
[nebula] 0 entity object(s) were destroyed without a despawn; forgetting them
[nebula] 0 entity object(s) were destroyed without a despawn; forgetting them
[nebula] 0 entity object(s) were destroyed without a despawn; forgetting them
[nebula] 0 entity object(s) were destroyed without a despawn; forgetting them
[nebula] 0 entity object(s) were destroyed without a despawn; forgetting them
[nebula] 0 entity object(s) were destroyed without a despawn; forgetting them
[nebula] 0 entity object(s) were destroyed without a despawn; forgetting them
[nebula] 0 entity object(s) were destroyed without a despawn; forgetting them
[nebula] 0 entity object(s) were destroyed without a despawn; forgetting them
[nebula] 0 entity object(s) were destroyed without a despawn; forgetting them
[nebula] 0 entity object(s) were destroyed without a despawn; forgetting them
[nebula] 0 entity object(s) were destroyed without a despawn; forgetting them
[nebula] 0 entity object(s) were destroyed without a despawn; forgetting them
[nebula] 0 entity object(s) were destroyed without a despawn; forgetting them
[nebula] 0 entity object(s) were destroyed without a despawn; forgetting them
[nebula] 0 entity object(s) were destroyed without a despawn; forgetting them
[nebula] 0 entity object(s) were destroyed without a despawn; forgetting them
[nebula] 0 entity object(s) were destroyed without a despawn; forgetting them
[nebula] 0 entity object(s) were destroyed without a despawn; forgetting them
[nebula] 0 entity object(s) were destroyed without a despawn; forgetting them
[nebula] 0 entity object(s) were destroyed without a despawn; forgetting them
[nebula] 0 entity object(s) were destroyed without a despawn; forgetting them
[nebula] 0 entity object(s) were destroyed without a despawn; forgetting them
[nebula] 0 entity object(s) were destroyed without a despawn; forgetting them
[nebula] 0 entity object(s) were destroyed without a despawn; forgetting them
[nebula] 0 entity object(s) were destroyed without a despawn; forgetting them
[nebula] 0 entity object(s) were destroyed without a despawn; forgetting them
[nebula] 0 entity object(s) were destroyed without a despawn; forgetting them
[nebula] 0 entity object(s) were destroyed without a despawn; forgetting them
[nebula] 0 entity object(s) were destroyed without a despawn; forgetting them
[nebula] 0 entity object(s) were destroyed without a despawn; forgetting them
[nebula] 0 entity object(s) were destroyed without a despawn; forgetting them
[nebula] 0 entity object(s) were destroyed without a despawn; forgetting them
[nebula] 0 entity object(s) were destroyed without a despawn; forgetting them
[nebula] 0 entity object(s) were destroyed without a despawn; forgetting them
[nebula] 0 entity object(s) were destroyed without a despawn; forgetting them
[nebula] 0 entity object(s) were destroyed without a despawn; forgetting them
[nebula] 0 entity object(s) were destroyed without a despawn; forgetting them
[nebula] 0 entity object(s) were destroyed without a despawn; forgetting them
[nebula] 0 entity object(s) were destroyed without a despawn; forgetting them
[nebula] 0 entity object(s) were destroyed without a despawn; forgetting them
[nebula] 0 entity object(s) were destroyed without a despawn; forgetting them
[nebula] 0 entity object(s) were destroyed without a despawn; forgetting them
[nebula] 0 entity object(s) were destroyed without a despawn; forgetting them
[nebula] 0 entity object(s) were destroyed without a despawn; forgetting them
[nebula] 0 entity object(s) were destroyed without a despawn; forgetting them
[nebula] 0 entity object(s) were destroyed without a despawn; forgetting them
[nebula] 0 entity object(s) were destroyed without a despawn; forgetting them
[nebula] 0 entity object(s) were destroyed without a despawn; forgetting them
[nebula] 0 entity object(s) were destroyed without a despawn; forgetting them
[nebula] 0 entity object(s) were destroyed without a despawn; forgetting them
[nebula] 0 entity object(s) were destroyed without a despawn; forgetting them
[nebula] 0 entity object(s) were destroyed without a despawn; forgetting them
[nebula] 0 entity object(s) were destroyed without a despawn; forgetting them
[nebula] 0 entity object(s) were destroyed without a despawn; forgetting them
[nebula] 0 entity object(s) were destroyed without a despawn; forgetting them
[nebula] 0 entity object(s) were destroyed without a despawn; forgetting them
[nebula] 0 entity object(s) were destroyed without a despawn; forgetting them
[nebula] 0 entity object(s) were destroyed without a despawn; forgetting them
[nebula] 0 entity object(s) were destroyed without a despawn; forgetting them
[nebula] 0 entity object(s) were destroyed without a despawn; forgetting them
[nebula] 0 entity object(s) were destroyed without a despawn; forgetting them
[nebula] 0 entity object(s) were destroyed without a despawn; forgetting them
[nebula] 0 entity object(s) were destroyed without a despawn; forgetting them
[nebula] 0 entity object(s) were destroyed without a despawn; forgetting them
[nebula] 0 entity object(s) were destroyed without a despawn; forgetting them
[nebula] 0 entity object(s) were destroyed without a despawn; forgetting them
[nebula] 0 entity object(s) were destroyed without a despawn; forgetting them
[nebula] 0 entity object(s) were destroyed without a despawn; forgetting them
[nebula] 0 entity object(s) were destroyed without a despawn; forgetting them
[nebula] 0 entity object(s) were destroyed without a despawn; forgetting them
[nebula] 0 entity object(s) were destroyed without a despawn; forgetting them
[nebula] 0 entity object(s) were destroyed without a despawn; forgetting them
[nebula] 0 entity object(s) were destroyed without a despawn; forgetting them
[nebula] 0 entity object(s) were destroyed without a despawn; forgetting them
[nebula] 0 entity object(s) were destroyed without a despawn; forgetting them
[nebula] 0 entity object(s) were destroyed without a despawn; forgetting them
[nebula] 0 entity object(s) were destroyed without a despawn; forgetting them
[nebula] 0 entity object(s) were destroyed without a despawn; forgetting them
[nebula] ghost Player(Clone)#844424930131970(e6,rt_4398046511104,auth) -> w3
[nebula] 0 entity object(s) were destroyed without a despawn; forgetting them
[nebula] 0 entity object(s) were destroyed without a despawn; forgetting them
[nebula] 0 entity object(s) were destroyed without a despawn; forgetting them
[nebula] 0 entity object(s) were destroyed without a despawn; forgetting them
[nebula] 0 entity object(s) were destroyed without a despawn; forgetting them
[nebula] 0 entity object(s) were destroyed without a despawn; forgetting them
[nebula] 0 entity object(s) were destroyed without a despawn; forgetting them
[nebula] 0 entity object(s) were destroyed without a despawn; forgetting them
[nebula] 0 entity object(s) were destroyed without a despawn; forgetting them
[nebula] 0 entity object(s) were destroyed without a despawn; forgetting them
[nebula] 0 entity object(s) were destroyed without a despawn; forgetting them
[nebula] 0 entity object(s) were destroyed without a despawn; forgetting them
[nebula] 0 entity object(s) were destroyed without a despawn; forgetting them
[nebula] 0 entity object(s) were destroyed without a despawn; forgetting them
[nebula] 0 entity object(s) were destroyed without a despawn; forgetting them
[nebula] 0 entity object(s) were destroyed without a despawn; forgetting them
[nebula] 0 entity object(s) were destroyed without a despawn; forgetting them
[nebula] 0 entity object(s) were destroyed without a despawn; forgetting them
[nebula] 0 entity object(s) were destroyed without a despawn; forgetting them
[nebula] 0 entity object(s) were destroyed without a despawn; forgetting them
[nebula] 0 entity object(s) were destroyed without a despawn; forgetting them
[nebula] 0 entity object(s) were destroyed without a despawn; forgetting them
[nebula] 0 entity object(s) were destroyed without a despawn; forgetting them
[nebula] 0 entity object(s) were destroyed without a despawn; forgetting them
[nebula] 0 entity object(s) were destroyed without a despawn; forgetting them
[nebula] 0 entity object(s) were destroyed without a despawn; forgetting them
[nebula] 0 entity object(s) were destroyed without a despawn; forgetting them
[nebula] 0 entity object(s) were destroyed without a despawn; forgetting them
[nebula] 0 entity object(s) were destroyed without a despawn; forgetting them
[nebula] 0 entity object(s) were destroyed without a despawn; forgetting them
[nebula] 0 entity object(s) were destroyed without a despawn; forgetting them
[nebula] 0 entity object(s) were destroyed without a despawn; forgetting them
[nebula] 0 entity object(s) were destroyed without a despawn; forgetting them
[nebula] 0 entity object(s) were destroyed without a despawn; forgetting them
[nebula] 0 entity object(s) were destroyed without a despawn; forgetting them
[nebula] 0 entity object(s) were destroyed without a despawn; forgetting them
[nebula] 0 entity object(s) were destroyed without a despawn; forgetting them
[nebula] 0 entity object(s) were destroyed without a despawn; forgetting them
[nebula] 0 entity object(s) were destroyed without a despawn; forgetting them
[nebula] 0 entity object(s) were destroyed without a despawn; forgetting them
[nebula] 0 entity object(s) were destroyed without a despawn; forgetting them
[nebula] 0 entity object(s) were destroyed without a despawn; forgetting them
[nebula] 0 entity object(s) were destroyed without a despawn; forgetting them
[nebula] 0 entity object(s) were destroyed without a despawn; forgetting them
[nebula] handover OUT Player(Clone)#844424930131970(e7,rt_4398048608255,ghost) -> w3 (epoch 7, tick 1365015118)
[nebula] 0 entity object(s) were destroyed without a despawn; forgetting them
[nebula] 0 entity object(s) were destroyed without a despawn; forgetting them
[nebula] 0 entity object(s) were destroyed without a despawn; forgetting them
[nebula] 0 entity object(s) were destroyed without a despawn; forgetting them
[nebula] 0 entity object(s) were destroyed without a despawn; forgetting them
[nebula] profile 300 ticks/5s 300 frames avg 0.9ms max 1.4ms dup 0 skip 0 gc 20 auth 30 ghosts 1 | poll=0.01 ghosts=0.00 physics.sync=0.00 simulate=0.01 poses=0.04 containers=0.65 band=0.04 publish=0.02 gap=15.79 interest=0.02
[nebula] 0 entity object(s) were destroyed without a despawn; forgetting them
[nebula] 0 entity object(s) were destroyed without a despawn; forgetting them
[nebula] 0 entity object(s) were destroyed without a despawn; forgetting them
[nebula] 0 entity object(s) were destroyed without a despawn; forgetting them
[nebula] 0 entity object(s) were destroyed without a despawn; forgetting them
[nebula] 0 entity object(s) were destroyed without a despawn; forgetting them
[nebula] 0 entity object(s) were destroyed without a despawn; forgetting them
[nebula] 0 entity object(s) were destroyed without a despawn; forgetting them
[nebula] 0 entity object(s) were destroyed without a despawn; forgetting them
[nebula] 0 entity object(s) were destroyed without a despawn; forgetting them
[nebula] 0 entity object(s) were destroyed without a despawn; forgetting them
[nebula] 0 entity object(s) were destroyed without a despawn; forgetting them
[nebula] 0 entity object(s) were destroyed without a despawn; forgetting them
[nebula] 0 entity object(s) were destroyed without a despawn; forgetting them
[nebula] 0 entity object(s) were destroyed without a despawn; forgetting them
[nebula] 0 entity object(s) were destroyed without a despawn; forgetting them
[nebula] 0 entity object(s) were destroyed without a despawn; forgetting them
[nebula] 0 entity object(s) were destroyed without a despawn; forgetting them
[nebula] 0 entity object(s) were destroyed without a despawn; forgetting them
[nebula] 0 entity object(s) were destroyed without a despawn; forgetting them
[nebula] 0 entity object(s) were destroyed without a despawn; forgetting them
[nebula] 0 entity object(s) were destroyed without a despawn; forgetting them
[nebula] 0 entity object(s) were destroyed without a despawn; forgetting them
[nebula] 0 entity object(s) were destroyed without a despawn; forgetting them
[nebula] 0 entity object(s) were destroyed without a despawn; forgetting them
[nebula] 0 entity object(s) were destroyed without a despawn; forgetting them
[nebula] 0 entity object(s) were destroyed without a despawn; forgetting them
[nebula] 0 entity object(s) were destroyed without a despawn; forgetting them
[nebula] 0 entity object(s) were destroyed without a despawn; forgetting them
[nebula] 0 entity object(s) were destroyed without a despawn; forgetting them
[nebula] 0 entity object(s) were destroyed without a despawn; forgetting them
[nebula] 0 entity object(s) were destroyed without a despawn; forgetting them
[nebula] 0 entity object(s) were destroyed without a despawn; forgetting them
[nebula] 0 entity object(s) were destroyed without a despawn; forgetting them
[nebula] 0 entity object(s) were destroyed without a despawn; forgetting them
[nebula] 0 entity object(s) were destroyed without a despawn; forgetting them
[nebula] 0 entity object(s) were destroyed without a despawn; forgetting them
[nebula] 0 entity object(s) were destroyed without a despawn; forgetting them
[nebula] 0 entity object(s) were destroyed without a despawn; forgetting them
[nebula] 0 entity object(s) were destroyed without a despawn; forgetting them
[nebula] 0 entity object(s) were destroyed without a despawn; forgetting them
[nebula] 0 entity object(s) were destroyed without a despawn; forgetting them
[nebula] 0 entity object(s) were destroyed without a despawn; forgetting them
[nebula] 0 entity object(s) were destroyed without a despawn; forgetting them
[nebula] 0 entity object(s) were destroyed without a despawn; forgetting them
[nebula] 0 entity object(s) were destroyed without a despawn; forgetting them
[nebula] 0 entity object(s) were destroyed without a despawn; forgetting them
[nebula] 0 entity object(s) were destroyed without a despawn; forgetting them
[nebula] 0 entity object(s) were destroyed without a despawn; forgetting them
[nebula] 0 entity object(s) were destroyed without a despawn; forgetting them
[nebula] 0 entity object(s) were destroyed without a despawn; forgetting them
[nebula] 0 entity object(s) were destroyed without a despawn; forgetting them
[nebula] 0 entity object(s) were destroyed without a despawn; forgetting them
[nebula] 0 entity object(s) were destroyed without a despawn; forgetting them
[nebula] 0 entity object(s) were destroyed without a despawn; forgetting them
[nebula] 0 entity object(s) were destroyed without a despawn; forgetting them
[nebula] 0 entity object(s) were destroyed without a despawn; forgetting them
[nebula] 0 entity object(s) were destroyed without a despawn; forgetting them
[nebula] 0 entity object(s) were destroyed without a despawn; forgetting them
[nebula] 0 entity object(s) were destroyed without a despawn; forgetting them
[nebula] 0 entity object(s) were destroyed without a despawn; forgetting them
[nebula] 0 entity object(s) were destroyed without a despawn; forgetting them
[nebula] 0 entity object(s) were destroyed without a despawn; forgetting them
[nebula] 0 entity object(s) were destroyed without a despawn; forgetting them
[nebula] 0 entity object(s) were destroyed without a despawn; forgetting them
[nebula] 0 entity object(s) were destroyed without a despawn; forgetting them
[nebula] 0 entity object(s) were destroyed without a despawn; forgetting them
[nebula] 0 entity object(s) were destroyed without a despawn; forgetting them
[nebula] 0 entity object(s) were destroyed without a despawn; forgetting them
[nebula] 0 entity object(s) were destroyed without a despawn; forgetting them
[nebula] 0 entity object(s) were destroyed without a despawn; forgetting them
[nebula] 0 entity object(s) were destroyed without a despawn; forgetting them
[nebula] 0 entity object(s) were destroyed without a despawn; forgetting them
[nebula] 0 entity object(s) were destroyed without a despawn; forgetting them
[nebula] 0 entity object(s) were destroyed without a despawn; forgetting them
[nebula] 0 entity object(s) were destroyed without a despawn; forgetting them
[nebula] 0 entity object(s) were destroyed without a despawn; forgetting them
[nebula] 0 entity object(s) were destroyed without a despawn; forgetting them
[nebula] 0 entity object(s) were destroyed without a despawn; forgetting them
[nebula] 0 entity object(s) were destroyed without a despawn; forgetting them
[nebula] 0 entity object(s) were destroyed without a despawn; forgetting them
[nebula] 0 entity object(s) were destroyed without a despawn; forgetting them
[nebula] 0 entity object(s) were destroyed without a despawn; forgetting them
[nebula] 0 entity object(s) were destroyed without a despawn; forgetting them
[nebula] 0 entity object(s) were destroyed without a despawn; forgetting them
[nebula] 0 entity object(s) were destroyed without a despawn; forgetting them
[nebula] 0 entity object(s) were destroyed without a despawn; forgetting them
[nebula] 0 entity object(s) were destroyed without a despawn; forgetting them
[nebula] 0 entity object(s) were destroyed without a despawn; forgetting them
[nebula] 0 entity object(s) were destroyed without a despawn; forgetting them
[nebula] 0 entity object(s) were destroyed without a despawn; forgetting them
[nebula] 0 entity object(s) were destroyed without a despawn; forgetting them
[nebula] 0 entity object(s) were destroyed without a despawn; forgetting them
[nebula] 0 entity object(s) were destroyed without a despawn; forgetting them
[nebula] 0 entity object(s) were destroyed without a despawn; forgetting them
[nebula] 0 entity object(s) were destroyed without a despawn; forgetting them
[nebula] 0 entity object(s) were destroyed without a despawn; forgetting them
[nebula] 0 entity object(s) were destroyed without a despawn; forgetting them
[nebula] 0 entity object(s) were destroyed without a despawn; forgetting them
[nebula] 0 entity object(s) were destroyed without a despawn; forgetting them
[nebula] 0 entity object(s) were destroyed without a despawn; forgetting them
[nebula] 0 entity object(s) were destroyed without a despawn; forgetting them
[nebula] 0 entity object(s) were destroyed without a despawn; forgetting them
[nebula] 0 entity object(s) were destroyed without a despawn; forgetting them
[nebula] 0 entity object(s) were destroyed without a despawn; forgetting them
[nebula] 0 entity object(s) were destroyed without a despawn; forgetting them
[nebula] 0 entity object(s) were destroyed without a despawn; forgetting them
[nebula] 0 entity object(s) were destroyed without a despawn; forgetting them
[nebula] 0 entity object(s) were destroyed without a despawn; forgetting them
[nebula] 0 entity object(s) were destroyed without a despawn; forgetting them
[nebula] 0 entity object(s) were destroyed without a despawn; forgetting them
[nebula] 0 entity object(s) were destroyed without a despawn; forgetting them
[nebula] 0 entity object(s) were destroyed without a despawn; forgetting them
[nebula] 0 entity object(s) were destroyed without a despawn; forgetting them
[nebula] 0 entity object(s) were destroyed without a despawn; forgetting them
[nebula] 0 entity object(s) were destroyed without a despawn; forgetting them
[nebula] 0 entity object(s) were destroyed without a despawn; forgetting them
[nebula] 0 entity object(s) were destroyed without a despawn; forgetting them
[nebula] 0 entity object(s) were destroyed without a despawn; forgetting them
[nebula] 0 entity object(s) were destroyed without a despawn; forgetting them
[nebula] 0 entity object(s) were destroyed without a despawn; forgetting them
[nebula] 0 entity object(s) were destroyed without a despawn; forgetting them
[nebula] 0 entity object(s) were destroyed without a despawn; forgetting them
[nebula] 0 entity object(s) were destroyed without a despawn; forgetting them
[nebula] 0 entity object(s) were destroyed without a despawn; forgetting them
[nebula] 0 entity object(s) were destroyed without a despawn; forgetting them
[nebula] 0 entity object(s) were destroyed without a despawn; forgetting them
[nebula] 0 entity object(s) were destroyed without a despawn; forgetting them
[nebula] 0 entity object(s) were destroyed without a despawn; forgetting them
[nebula] 0 entity object(s) were destroyed without a despawn; forgetting them
[nebula] 0 entity object(s) were destroyed without a despawn; forgetting them
[nebula] 0 entity object(s) were destroyed without a despawn; forgetting them
[nebula] 0 entity object(s) were destroyed without a despawn; forgetting them
[nebula] 0 entity object(s) were destroyed without a despawn; forgetting them
[nebula] 0 entity object(s) were destroyed without a despawn; forgetting them
[nebula] 0 entity object(s) were destroyed without a despawn; forgetting them
[nebula] 0 entity object(s) were destroyed without a despawn; forgetting them
[nebula] 0 entity object(s) were destroyed without a despawn; forgetting them
[nebula] 0 entity object(s) were destroyed without a despawn; forgetting them
[nebula] 0 entity object(s) were destroyed without a despawn; forgetting them
[nebula] 0 entity object(s) were destroyed without a despawn; forgetting them
[nebula] 0 entity object(s) were destroyed without a despawn; forgetting them
[nebula] 0 entity object(s) were destroyed without a despawn; forgetting them
[nebula] 0 entity object(s) were destroyed without a despawn; forgetting them
[nebula] spawned Prop(Clone)#281474976710697(e1,rt_9223367638808264706,auth)
[nebula] 0 entity object(s) were destroyed without a despawn; forgetting them
[nebula] 0 entity object(s) were destroyed without a despawn; forgetting them
[nebula] 0 entity object(s) were destroyed without a despawn; forgetting them
[nebula] 0 entity object(s) were destroyed without a despawn; forgetting them
[nebula] 0 entity object(s) were destroyed without a despawn; forgetting them
[nebula] 0 entity object(s) were destroyed without a despawn; forgetting them
[nebula] 0 entity object(s) were destroyed without a despawn; forgetting them
[nebula] 0 entity object(s) were destroyed without a despawn; forgetting them
[nebula] 0 entity object(s) were destroyed without a despawn; forgetting them
[nebula] 0 entity object(s) were destroyed without a despawn; forgetting them
[nebula] 0 entity object(s) were destroyed without a despawn; forgetting them
[nebula] 0 entity object(s) were destroyed without a despawn; forgetting them
[nebula] 0 entity object(s) were destroyed without a despawn; forgetting them
[nebula] 0 entity object(s) were destroyed without a despawn; forgetting them
[nebula] 0 entity object(s) were destroyed without a despawn; forgetting them
[nebula] 0 entity object(s) were destroyed without a despawn; forgetting them
[nebula] 0 entity object(s) were destroyed without a despawn; forgetting them
[nebula] 0 entity object(s) were destroyed without a despawn; forgetting them
[nebula] spawned Prop(Clone)#281474976710698(e1,rt_9223367638808264706,auth)
[nebula] 0 entity object(s) were destroyed without a despawn; forgetting them
[nebula] 0 entity object(s) were destroyed without a despawn; forgetting them
[nebula] 0 entity object(s) were destroyed without a despawn; forgetting them
[nebula] 0 entity object(s) were destroyed without a despawn; forgetting them
[nebula] 0 entity object(s) were destroyed without a despawn; forgetting them
[nebula] 0 entity object(s) were destroyed without a despawn; forgetting them
[nebula] 0 entity object(s) were destroyed without a despawn; forgetting them
[nebula] 0 entity object(s) were destroyed without a despawn; forgetting them
[nebula] 0 entity object(s) were destroyed without a despawn; forgetting them
[nebula] 0 entity object(s) were destroyed without a despawn; forgetting them
[nebula] 0 entity object(s) were destroyed without a despawn; forgetting them
[nebula] 0 entity object(s) were destroyed without a despawn; forgetting them
[nebula] 0 entity object(s) were destroyed without a despawn; forgetting them
[nebula] 0 entity object(s) were destroyed without a despawn; forgetting them
[nebula] 0 entity object(s) were destroyed without a despawn; forgetting them
[nebula] 0 entity object(s) were destroyed without a despawn; forgetting them
[nebula] 0 entity object(s) were destroyed without a despawn; forgetting them
[nebula] 0 entity object(s) were destroyed without a despawn; forgetting them
[nebula] 0 entity object(s) were destroyed without a despawn; forgetting them
[nebula] 0 entity object(s) were destroyed without a despawn; forgetting them
[nebula] 0 entity object(s) were destroyed without a despawn; forgetting them
[nebula] 0 entity object(s) were destroyed without a despawn; forgetting them
[nebula] 0 entity object(s) were destroyed without a despawn; forgetting them
[nebula] 0 entity object(s) were destroyed without a despawn; forgetting them
[nebula] 0 entity object(s) were destroyed without a despawn; forgetting them
[nebula] 0 entity object(s) were destroyed without a despawn; forgetting them
[nebula] 0 entity object(s) were destroyed without a despawn; forgetting them
[nebula] 0 entity object(s) were destroyed without a despawn; forgetting them
[nebula] 0 entity object(s) were destroyed without a despawn; forgetting them
[nebula] 0 entity object(s) were destroyed without a despawn; forgetting them
[nebula] 0 entity object(s) were destroyed without a despawn; forgetting them
[nebula] 0 entity object(s) were destroyed without a despawn; forgetting them
[nebula] 0 entity object(s) were destroyed without a despawn; forgetting them
[nebula] 0 entity object(s) were destroyed without a despawn; forgetting them
[nebula] 0 entity object(s) were destroyed without a despawn; forgetting them
[nebula] 0 entity object(s) were destroyed without a despawn; forgetting them
[nebula] 0 entity object(s) were destroyed without a despawn; forgetting them
[nebula] 0 entity object(s) were destroyed without a despawn; forgetting them
[nebula] 0 entity object(s) were destroyed without a despawn; forgetting them
[nebula] 0 entity object(s) were destroyed without a despawn; forgetting them
[nebula] 0 entity object(s) were destroyed without a despawn; forgetting them
[nebula] 0 entity object(s) were destroyed without a despawn; forgetting them
[nebula] 0 entity object(s) were destroyed without a despawn; forgetting them
[nebula] 0 entity object(s) were destroyed without a despawn; forgetting them
[nebula] 0 entity object(s) were destroyed without a despawn; forgetting them
[nebula] 0 entity object(s) were destroyed without a despawn; forgetting them
[nebula] 0 entity object(s) were destroyed without a despawn; forgetting them
[nebula] 0 entity object(s) were destroyed without a despawn; forgetting them
[nebula] 0 entity object(s) were destroyed without a despawn; forgetting them
[nebula] 0 entity object(s) were destroyed without a despawn; forgetting them
[nebula] 0 entity object(s) were destroyed without a despawn; forgetting them
[nebula] 0 entity object(s) were destroyed without a despawn; forgetting them
[nebula] 0 entity object(s) were destroyed without a despawn; forgetting them
[nebula] 0 entity object(s) were destroyed without a despawn; forgetting them
[nebula] 0 entity object(s) were destroyed without a despawn; forgetting them
[nebula] 0 entity object(s) were destroyed without a despawn; forgetting them
[nebula] 0 entity object(s) were destroyed without a despawn; forgetting them
[nebula] 0 entity object(s) were destroyed without a despawn; forgetting them
[nebula] 0 entity object(s) were destroyed without a despawn; forgetting them
[nebula] 0 entity object(s) were destroyed without a despawn; forgetting them
[nebula] 0 entity object(s) were destroyed without a despawn; forgetting them
[nebula] 0 entity object(s) were destroyed without a despawn; forgetting them
[nebula] local handover Player(Clone)#844424930131969(e2,rt_9223367638808264705,auth) rt_9223367638808264706 -> rt_9223367638808264705
[nebula] 0 entity object(s) were destroyed without a despawn; forgetting them
[nebula] 0 entity object(s) were destroyed without a despawn; forgetting them
[nebula] 0 entity object(s) were destroyed without a despawn; forgetting them
[nebula] 0 entity object(s) were destroyed without a despawn; forgetting them
[nebula] 0 entity object(s) were destroyed without a despawn; forgetting them
[nebula] 0 entity object(s) were destroyed without a despawn; forgetting them
[nebula] 0 entity object(s) were destroyed without a despawn; forgetting them
[nebula] 0 entity object(s) were destroyed without a despawn; forgetting them
[nebula] 0 entity object(s) were destroyed without a despawn; forgetting them
[nebula] 0 entity object(s) were destroyed without a despawn; forgetting them
[nebula] 0 entity object(s) were destroyed without a despawn; forgetting them
[nebula] 0 entity object(s) were destroyed without a despawn; forgetting them
[nebula] 0 entity object(s) were destroyed without a despawn; forgetting them
[nebula] 0 entity object(s) were destroyed without a despawn; forgetting them
[nebula] 0 entity object(s) were destroyed without a despawn; forgetting them
[nebula] 0 entity object(s) were destroyed without a despawn; forgetting them
[nebula] 0 entity object(s) were destroyed without a despawn; forgetting them
[nebula] 0 entity object(s) were destroyed without a despawn; forgetting them
[nebula] 0 entity object(s) were destroyed without a despawn; forgetting them
[nebula] 0 entity object(s) were destroyed without a despawn; forgetting them
[nebula] 0 entity object(s) were destroyed without a despawn; forgetting them
[nebula] 0 entity object(s) were destroyed without a despawn; forgetting them
[nebula] 0 entity object(s) were destroyed without a despawn; forgetting them
[nebula] 0 entity object(s) were destroyed without a despawn; forgetting them
[nebula] 0 entity object(s) were destroyed without a despawn; forgetting them
[nebula] 0 entity object(s) were destroyed without a despawn; forgetting them
[nebula] 0 entity object(s) were destroyed without a despawn; forgetting them
[nebula] 0 entity object(s) were destroyed without a despawn; forgetting them
[nebula] 0 entity object(s) were destroyed without a despawn; forgetting them
[nebula] 0 entity object(s) were destroyed without a despawn; forgetting them
[nebula] ghost Player(Clone)#562949953421313(e8,rt_4398046511104,auth) -> w4
[nebula] 0 entity object(s) were destroyed without a despawn; forgetting them
[nebula] 0 entity object(s) were destroyed without a despawn; forgetting them
[nebula] 0 entity object(s) were destroyed without a despawn; forgetting them
[nebula] 0 entity object(s) were destroyed without a despawn; forgetting them
[nebula] 0 entity object(s) were destroyed without a despawn; forgetting them
[nebula] 0 entity object(s) were destroyed without a despawn; forgetting them
[nebula] 0 entity object(s) were destroyed without a despawn; forgetting them
[nebula] 0 entity object(s) were destroyed without a despawn; forgetting them
[nebula] 0 entity object(s) were destroyed without a despawn; forgetting them
[nebula] 0 entity object(s) were destroyed without a despawn; forgetting them
[nebula] 0 entity object(s) were destroyed without a despawn; forgetting them
[nebula] 0 entity object(s) were destroyed without a despawn; forgetting them
[nebula] 0 entity object(s) were destroyed without a despawn; forgetting them
[nebula] 0 entity object(s) were destroyed without a despawn; forgetting them
[nebula] 0 entity object(s) were destroyed without a despawn; forgetting them
[nebula] 0 entity object(s) were destroyed without a despawn; forgetting them
[nebula] 0 entity object(s) were destroyed without a despawn; forgetting them
[nebula] 0 entity object(s) were destroyed without a despawn; forgetting them
[nebula] 0 entity object(s) were destroyed without a despawn; forgetting them
[nebula] 0 entity object(s) were destroyed without a despawn; forgetting them
[nebula] 0 entity object(s) were destroyed without a despawn; forgetting them
[nebula] 0 entity object(s) were destroyed without a despawn; forgetting them
[nebula] 0 entity object(s) were destroyed without a despawn; forgetting them
[nebula] 0 entity object(s) were destroyed without a despawn; forgetting them
[nebula] 0 entity object(s) were destroyed without a despawn; forgetting them
[nebula] 0 entity object(s) were destroyed without a despawn; forgetting them
[nebula] 0 entity object(s) were destroyed without a despawn; forgetting them
[nebula] 0 entity object(s) were destroyed without a despawn; forgetting them
[nebula] 0 entity object(s) were destroyed without a despawn; forgetting them
[nebula] 0 entity object(s) were destroyed without a despawn; forgetting them
[nebula] 0 entity object(s) were destroyed without a despawn; forgetting them
[nebula] 0 entity object(s) were destroyed without a despawn; forgetting them
[nebula] 0 entity object(s) were destroyed without a despawn; forgetting them
[nebula] 0 entity object(s) were destroyed without a despawn; forgetting them
[nebula] 0 entity object(s) were destroyed without a despawn; forgetting them
[nebula] 0 entity object(s) were destroyed without a despawn; forgetting them
[nebula] 0 entity object(s) were destroyed without a despawn; forgetting them
[nebula] 0 entity object(s) were destroyed without a despawn; forgetting them
[nebula] 0 entity object(s) were destroyed without a despawn; forgetting them
[nebula] 0 entity object(s) were destroyed without a despawn; forgetting them
[nebula] 0 entity object(s) were destroyed without a despawn; forgetting them
[nebula] 0 entity object(s) were destroyed without a despawn; forgetting them
[nebula] 0 entity object(s) were destroyed without a despawn; forgetting them
[nebula] 0 entity object(s) were destroyed without a despawn; forgetting them
[nebula] handover OUT Player(Clone)#562949953421313(e9,rt_8796093022208,ghost) -> w4 (epoch 9, tick 1365015421)
[nebula] 0 entity object(s) were destroyed without a despawn; forgetting them
[nebula] 0 entity object(s) were destroyed without a despawn; forgetting them
[nebula] profile 300 ticks/5s 300 frames avg 0.9ms max 1.3ms dup 0 skip 0 gc 26 auth 31 ghosts 1 | poll=0.01 ghosts=0.01 physics.sync=0.00 simulate=0.01 poses=0.04 containers=0.63 band=0.04 publish=0.02 gap=15.80 interest=0.02
[nebula] 0 entity object(s) were destroyed without a despawn; forgetting them
[nebula] 0 entity object(s) were destroyed without a despawn; forgetting them
[nebula] 0 entity object(s) were destroyed without a despawn; forgetting them
[nebula] 0 entity object(s) were destroyed without a despawn; forgetting them
[nebula] 0 entity object(s) were destroyed without a despawn; forgetting them
[nebula] 0 entity object(s) were destroyed without a despawn; forgetting them
[nebula] 0 entity object(s) were destroyed without a despawn; forgetting them
[nebula] 0 entity object(s) were destroyed without a despawn; forgetting them
[nebula] 0 entity object(s) were destroyed without a despawn; forgetting them
[nebula] 0 entity object(s) were destroyed without a despawn; forgetting them
[nebula] 0 entity object(s) were destroyed without a despawn; forgetting them
[nebula] 0 entity object(s) were destroyed without a despawn; forgetting them
[nebula] 0 entity object(s) were destroyed without a despawn; forgetting them
[nebula] 0 entity object(s) were destroyed without a despawn; forgetting them
[nebula] 0 entity object(s) were destroyed without a despawn; forgetting them
[nebula] 0 entity object(s) were destroyed without a despawn; forgetting them
[nebula] 0 entity object(s) were destroyed without a despawn; forgetting them
[nebula] 0 entity object(s) were destroyed without a despawn; forgetting them
[nebula] 0 entity object(s) were destroyed without a despawn; forgetting them
[nebula] 0 entity object(s) were destroyed without a despawn; forgetting them
[nebula] 0 entity object(s) were destroyed without a despawn; forgetting them
[nebula] 0 entity object(s) were destroyed without a despawn; forgetting them
[nebula] 0 entity object(s) were destroyed without a despawn; forgetting them
[nebula] 0 entity object(s) were destroyed without a despawn; forgetting them
[nebula] 0 entity object(s) were destroyed without a despawn; forgetting them
[nebula] 0 entity object(s) were destroyed without a despawn; forgetting them
[nebula] 0 entity object(s) were destroyed without a despawn; forgetting them
[nebula] 0 entity object(s) were destroyed without a despawn; forgetting them
[nebula] 0 entity object(s) were destroyed without a despawn; forgetting them
[nebula] 0 entity object(s) were destroyed without a despawn; forgetting them
[nebula] 0 entity object(s) were destroyed without a despawn; forgetting them
[nebula] 0 entity object(s) were destroyed without a despawn; forgetting them
[nebula] 0 entity object(s) were destroyed without a despawn; forgetting them
[nebula] 0 entity object(s) were destroyed without a despawn; forgetting them
[nebula] 0 entity object(s) were destroyed without a despawn; forgetting them
[nebula] 0 entity object(s) were destroyed without a despawn; forgetting them
[nebula] 0 entity object(s) were destroyed without a despawn; forgetting them
[nebula] 0 entity object(s) were destroyed without a despawn; forgetting them
[nebula] 0 entity object(s) were destroyed without a despawn; forgetting them
[nebula] 0 entity object(s) were destroyed without a despawn; forgetting them
[nebula] 0 entity object(s) were destroyed without a despawn; forgetting them
[nebula] 0 entity object(s) were destroyed without a despawn; forgetting them
[nebula] 0 entity object(s) were destroyed without a despawn; forgetting them
[nebula] 0 entity object(s) were destroyed without a despawn; forgetting them
[nebula] 0 entity object(s) were destroyed without a despawn; forgetting them
[nebula] 0 entity object(s) were destroyed without a despawn; forgetting them
[nebula] 0 entity object(s) were destroyed without a despawn; forgetting them
[nebula] 0 entity object(s) were destroyed without a despawn; forgetting them
[nebula] 0 entity object(s) were destroyed without a despawn; forgetting them
[nebula] 0 entity object(s) were destroyed without a despawn; forgetting them
[nebula] 0 entity object(s) were destroyed without a despawn; forgetting them
[nebula] 0 entity object(s) were destroyed without a despawn; forgetting them
[nebula] 0 entity object(s) were destroyed without a despawn; forgetting them
[nebula] 0 entity object(s) were destroyed without a despawn; forgetting them
[nebula] 0 entity object(s) were destroyed without a despawn; forgetting them
[nebula] 0 entity object(s) were destroyed without a despawn; forgetting them
[nebula] 0 entity object(s) were destroyed without a despawn; forgetting them
[nebula] 0 entity object(s) were destroyed without a despawn; forgetting them
[nebula] 0 entity object(s) were destroyed without a despawn; forgetting them
[nebula] 0 entity object(s) were destroyed without a despawn; forgetting them
[nebula] 0 entity object(s) were destroyed without a despawn; forgetting them
[nebula] 0 entity object(s) were destroyed without a despawn; forgetting them
[nebula] 0 entity object(s) were destroyed without a despawn; forgetting them
[nebula] 0 entity object(s) were destroyed without a despawn; forgetting them
[nebula] 0 entity object(s) were destroyed without a despawn; forgetting them
[nebula] 0 entity object(s) were destroyed without a despawn; forgetting them
[nebula] 0 entity object(s) were destroyed without a despawn; forgetting them
[nebula] 0 entity object(s) were destroyed without a despawn; forgetting them
[nebula] 0 entity object(s) were destroyed without a despawn; forgetting them
[nebula] 0 entity object(s) were destroyed without a despawn; forgetting them
[nebula] 0 entity object(s) were destroyed without a despawn; forgetting them
[nebula] 0 entity object(s) were destroyed without a despawn; forgetting them
[nebula] 0 entity object(s) were destroyed without a despawn; forgetting them
[nebula] 0 entity object(s) were destroyed without a despawn; forgetting them
[nebula] 0 entity object(s) were destroyed without a despawn; forgetting them
[nebula] 0 entity object(s) were destroyed without a despawn; forgetting them
[nebula] 0 entity object(s) were destroyed without a despawn; forgetting them
[nebula] 0 entity object(s) were destroyed without a despawn; forgetting them
[nebula] 0 entity object(s) were destroyed without a despawn; forgetting them
[nebula] 0 entity object(s) were destroyed without a despawn; forgetting them
[nebula] 0 entity object(s) were destroyed without a despawn; forgetting them
[nebula] 0 entity object(s) were destroyed without a despawn; forgetting them
[nebula] 0 entity object(s) were destroyed without a despawn; forgetting them
[nebula] 0 entity object(s) were destroyed without a despawn; forgetting them
[nebula] 0 entity object(s) were destroyed without a despawn; forgetting them
[nebula] 0 entity object(s) were destroyed without a despawn; forgetting them
[nebula] 0 entity object(s) were destroyed without a despawn; forgetting them
[nebula] 0 entity object(s) were destroyed without a despawn; forgetting them
[nebula] 0 entity object(s) were destroyed without a despawn; forgetting them
[nebula] 0 entity object(s) were destroyed without a despawn; forgetting them
[nebula] 0 entity object(s) were destroyed without a despawn; forgetting them
[nebula] 0 entity object(s) were destroyed without a despawn; forgetting them
[nebula] 0 entity object(s) were destroyed without a despawn; forgetting them
[nebula] 0 entity object(s) were destroyed without a despawn; forgetting them
[nebula] 0 entity object(s) were destroyed without a despawn; forgetting them
[nebula] 0 entity object(s) were destroyed without a despawn; forgetting them
[nebula] 0 entity object(s) were destroyed without a despawn; forgetting them
[nebula] 0 entity object(s) were destroyed without a despawn; forgetting them
[nebula] 0 entity object(s) were destroyed without a despawn; forgetting them
[nebula] 0 entity object(s) were destroyed without a despawn; forgetting them
[nebula] 0 entity object(s) were destroyed without a despawn; forgetting them
[nebula] 0 entity object(s) were destroyed without a despawn; forgetting them
[nebula] 0 entity object(s) were destroyed without a despawn; forgetting them
[nebula] 0 entity object(s) were destroyed without a despawn; forgetting them
[nebula] 0 entity object(s) were destroyed without a despawn; forgetting them
[nebula] 0 entity object(s) were destroyed without a despawn; forgetting them
[nebula] 0 entity object(s) were destroyed without a despawn; forgetting them
[nebula] 0 entity object(s) were destroyed without a despawn; forgetting them
[nebula] 0 entity object(s) were destroyed without a despawn; forgetting them
[nebula] 0 entity object(s) were destroyed without a despawn; forgetting them
[nebula] 0 entity object(s) were destroyed without a despawn; forgetting them
[nebula] 0 entity object(s) were destroyed without a despawn; forgetting them
[nebula] 0 entity object(s) were destroyed without a despawn; forgetting them
[nebula] 0 entity object(s) were destroyed without a despawn; forgetting them
[nebula] 0 entity object(s) were destroyed without a despawn; forgetting them
[nebula] 0 entity object(s) were destroyed without a despawn; forgetting them
[nebula] 0 entity object(s) were destroyed without a despawn; forgetting them
[nebula] 0 entity object(s) were destroyed without a despawn; forgetting them
[nebula] 0 entity object(s) were destroyed without a despawn; forgetting them
[nebula] 0 entity object(s) were destroyed without a despawn; forgetting them
[nebula] 0 entity object(s) were destroyed without a despawn; forgetting them
[nebula] 0 entity object(s) were destroyed without a despawn; forgetting them
[nebula] 0 entity object(s) were destroyed without a despawn; forgetting them
[nebula] 0 entity object(s) were destroyed without a despawn; forgetting them
[nebula] 0 entity object(s) were destroyed without a despawn; forgetting them
[nebula] 0 entity object(s) were destroyed without a despawn; forgetting them
[nebula] 0 entity object(s) were destroyed without a despawn; forgetting them
[nebula] 0 entity object(s) were destroyed without a despawn; forgetting them
[nebula] 0 entity object(s) were destroyed without a despawn; forgetting them
[nebula] 0 entity object(s) were destroyed without a despawn; forgetting them
[nebula] 0 entity object(s) were destroyed without a despawn; forgetting them
[nebula] 0 entity object(s) were destroyed without a despawn; forgetting them
[nebula] 0 entity object(s) were destroyed without a despawn; forgetting them
[nebula] 0 entity object(s) were destroyed without a despawn; forgetting them
[nebula] 0 entity object(s) were destroyed without a despawn; forgetting them
[nebula] 0 entity object(s) were destroyed without a despawn; forgetting them
[nebula] 0 entity object(s) were destroyed without a despawn; forgetting them
[nebula] 0 entity object(s) were destroyed without a despawn; forgetting them
[nebula] 0 entity object(s) were destroyed without a despawn; forgetting them
[nebula] 0 entity object(s) were destroyed without a despawn; forgetting them
[nebula] 0 entity object(s) were destroyed without a despawn; forgetting them
[nebula] 0 entity object(s) were destroyed without a despawn; forgetting them
[nebula] 0 entity object(s) were destroyed without a despawn; forgetting them
[nebula] 0 entity object(s) were destroyed without a despawn; forgetting them
[nebula] 0 entity object(s) were destroyed without a despawn; forgetting them
[nebula] 0 entity object(s) were destroyed without a despawn; forgetting them
[nebula] 0 entity object(s) were destroyed without a despawn; forgetting them
[nebula] 0 entity object(s) were destroyed without a despawn; forgetting them
[nebula] 0 entity object(s) were destroyed without a despawn; forgetting them
[nebula] 0 entity object(s) were destroyed without a despawn; forgetting them
[nebula] 0 entity object(s) were destroyed without a despawn; forgetting them
[nebula] 0 entity object(s) were destroyed without a despawn; forgetting them
[nebula] 0 entity object(s) were destroyed without a despawn; forgetting them
[nebula] 0 entity object(s) were destroyed without a despawn; forgetting them
[nebula] 0 entity object(s) were destroyed without a despawn; forgetting them
[nebula] 0 entity object(s) were destroyed without a despawn; forgetting them
[nebula] 0 entity object(s) were destroyed without a despawn; forgetting them
[nebula] 0 entity object(s) were destroyed without a despawn; forgetting them
[nebula] 0 entity object(s) were destroyed without a despawn; forgetting them
[nebula] 0 entity object(s) were destroyed without a despawn; forgetting them
[nebula] 0 entity object(s) were destroyed without a despawn; forgetting them
[nebula] 0 entity object(s) were destroyed without a despawn; forgetting them
[nebula] 0 entity object(s) were destroyed without a despawn; forgetting them
[nebula] 0 entity object(s) were destroyed without a despawn; forgetting them
[nebula] 0 entity object(s) were destroyed without a despawn; forgetting them
[nebula] 0 entity object(s) were destroyed without a despawn; forgetting them
[nebula] 0 entity object(s) were destroyed without a despawn; forgetting them
[nebula] 0 entity object(s) were destroyed without a despawn; forgetting them
[nebula] 0 entity object(s) were destroyed without a despawn; forgetting them
[nebula] 0 entity object(s) were destroyed without a despawn; forgetting them
[nebula] 0 entity object(s) were destroyed without a despawn; forgetting them
[nebula] 0 entity object(s) were destroyed without a despawn; forgetting them
[nebula] 0 entity object(s) were destroyed without a despawn; forgetting them
[nebula] 0 entity object(s) were destroyed without a despawn; forgetting them
[nebula] 0 entity object(s) were destroyed without a despawn; forgetting them
[nebula] 0 entity object(s) were destroyed without a despawn; forgetting them
[nebula] 0 entity object(s) were destroyed without a despawn; forgetting them
[nebula] 0 entity object(s) were destroyed without a despawn; forgetting them
[nebula] 0 entity object(s) were destroyed without a despawn; forgetting them
[nebula] 0 entity object(s) were destroyed without a despawn; forgetting them
[nebula] 0 entity object(s) were destroyed without a despawn; forgetting them
[nebula] 0 entity object(s) were destroyed without a despawn; forgetting them
[nebula] 0 entity object(s) were destroyed without a despawn; forgetting them
[nebula] 0 entity object(s) were destroyed without a despawn; forgetting them
[nebula] 0 entity object(s) were destroyed without a despawn; forgetting them
[nebula] 0 entity object(s) were destroyed without a despawn; forgetting them
[nebula] 0 entity object(s) were destroyed without a despawn; forgetting them
[nebula] 0 entity object(s) were destroyed without a despawn; forgetting them
[nebula] local handover Player(Clone)#1125899906842625(e12,rt_9223367638808264705,auth) rt_9223367638808264706 -> rt_9223367638808264705
[nebula] 0 entity object(s) were destroyed without a despawn; forgetting them
[nebula] 0 entity object(s) were destroyed without a despawn; forgetting them
[nebula] 0 entity object(s) were destroyed without a despawn; forgetting them
[nebula] 0 entity object(s) were destroyed without a despawn; forgetting them
[nebula] 0 entity object(s) were destroyed without a despawn; forgetting them
[nebula] 0 entity object(s) were destroyed without a despawn; forgetting them
[nebula] 0 entity object(s) were destroyed without a despawn; forgetting them
[nebula] 0 entity object(s) were destroyed without a despawn; forgetting them
[nebula] 0 entity object(s) were destroyed without a despawn; forgetting them
[nebula] 0 entity object(s) were destroyed without a despawn; forgetting them
[nebula] 0 entity object(s) were destroyed without a despawn; forgetting them
[nebula] 0 entity object(s) were destroyed without a despawn; forgetting them
[nebula] 0 entity object(s) were destroyed without a despawn; forgetting them
[nebula] 0 entity object(s) were destroyed without a despawn; forgetting them
[nebula] 0 entity object(s) were destroyed without a despawn; forgetting them
[nebula] 0 entity object(s) were destroyed without a despawn; forgetting them
[nebula] 0 entity object(s) were destroyed without a despawn; forgetting them
[nebula] 0 entity object(s) were destroyed without a despawn; forgetting them
[nebula] 0 entity object(s) were destroyed without a despawn; forgetting them
[nebula] 0 entity object(s) were destroyed without a despawn; forgetting them
[nebula] 0 entity object(s) were destroyed without a despawn; forgetting them
[nebula] 0 entity object(s) were destroyed without a despawn; forgetting them
[nebula] 0 entity object(s) were destroyed without a despawn; forgetting them
[nebula] 0 entity object(s) were destroyed without a despawn; forgetting them
[nebula] 0 entity object(s) were destroyed without a despawn; forgetting them
[nebula] 0 entity object(s) were destroyed without a despawn; forgetting them
[nebula] 0 entity object(s) were destroyed without a despawn; forgetting them
[nebula] 0 entity object(s) were destroyed without a despawn; forgetting them
[nebula] 0 entity object(s) were destroyed without a despawn; forgetting them
[nebula] 0 entity object(s) were destroyed without a despawn; forgetting them
[nebula] 0 entity object(s) were destroyed without a despawn; forgetting them
[nebula] 0 entity object(s) were destroyed without a despawn; forgetting them
[nebula] 0 entity object(s) were destroyed without a despawn; forgetting them
[nebula] 0 entity object(s) were destroyed without a despawn; forgetting them
[nebula] 0 entity object(s) were destroyed without a despawn; forgetting them
[nebula] 0 entity object(s) were destroyed without a despawn; forgetting them
[nebula] 0 entity object(s) were destroyed without a despawn; forgetting them
[nebula] 0 entity object(s) were destroyed without a despawn; forgetting them
[nebula] 0 entity object(s) were destroyed without a despawn; forgetting them
[nebula] 0 entity object(s) were destroyed without a despawn; forgetting them
[nebula] 0 entity object(s) were destroyed without a despawn; forgetting them
[nebula] 0 entity object(s) were destroyed without a despawn; forgetting them
[nebula] 0 entity object(s) were destroyed without a despawn; forgetting them
[nebula] 0 entity object(s) were destroyed without a despawn; forgetting them
[nebula] 0 entity object(s) were destroyed without a despawn; forgetting them
[nebula] 0 entity object(s) were destroyed without a despawn; forgetting them
[nebula] 0 entity object(s) were destroyed without a despawn; forgetting them
[nebula] 0 entity object(s) were destroyed without a despawn; forgetting them
[nebula] 0 entity object(s) were destroyed without a despawn; forgetting them
[nebula] 0 entity object(s) were destroyed without a despawn; forgetting them
[nebula] 0 entity object(s) were destroyed without a despawn; forgetting them
[nebula] 0 entity object(s) were destroyed without a despawn; forgetting them
[nebula] 0 entity object(s) were destroyed without a despawn; forgetting them
[nebula] 0 entity object(s) were destroyed without a despawn; forgetting them
[nebula] 0 entity object(s) were destroyed without a despawn; forgetting them
[nebula] 0 entity object(s) were destroyed without a despawn; forgetting them
[nebula] 0 entity object(s) were destroyed without a despawn; forgetting them
[nebula] 0 entity object(s) were destroyed without a despawn; forgetting them
[nebula] 0 entity object(s) were destroyed without a despawn; forgetting them
[nebula] 0 entity object(s) were destroyed without a despawn; forgetting them
[nebula] 0 entity object(s) were destroyed without a despawn; forgetting them
[nebula] 0 entity object(s) were destroyed without a despawn; forgetting them
[nebula] 0 entity object(s) were destroyed without a despawn; forgetting them
[nebula] 0 entity object(s) were destroyed without a despawn; forgetting them
[nebula] 0 entity object(s) were destroyed without a despawn; forgetting them
[nebula] 0 entity object(s) were destroyed without a despawn; forgetting them
[nebula] 0 entity object(s) were destroyed without a despawn; forgetting them
[nebula] 0 entity object(s) were destroyed without a despawn; forgetting them
[nebula] 0 entity object(s) were destroyed without a despawn; forgetting them
[nebula] 0 entity object(s) were destroyed without a despawn; forgetting them
[nebula] 0 entity object(s) were destroyed without a despawn; forgetting them
[nebula] 0 entity object(s) were destroyed without a despawn; forgetting them
[nebula] 0 entity object(s) were destroyed without a despawn; forgetting them
[nebula] 0 entity object(s) were destroyed without a despawn; forgetting them
[nebula] 0 entity object(s) were destroyed without a despawn; forgetting them
[nebula] 0 entity object(s) were destroyed without a despawn; forgetting them
[nebula] 0 entity object(s) were destroyed without a despawn; forgetting them
[nebula] 0 entity object(s) were destroyed without a despawn; forgetting them
[nebula] 0 entity object(s) were destroyed without a despawn; forgetting them
[nebula] 0 entity object(s) were destroyed without a despawn; forgetting them
[nebula] 0 entity object(s) were destroyed without a despawn; forgetting them
[nebula] 0 entity object(s) were destroyed without a despawn; forgetting them
[nebula] 0 entity object(s) were destroyed without a despawn; forgetting them
[nebula] 0 entity object(s) were destroyed without a despawn; forgetting them
[nebula] 0 entity object(s) were destroyed without a despawn; forgetting them
[nebula] 0 entity object(s) were destroyed without a despawn; forgetting them
[nebula] 0 entity object(s) were destroyed without a despawn; forgetting them
[nebula] 0 entity object(s) were destroyed without a despawn; forgetting them
[nebula] 0 entity object(s) were destroyed without a despawn; forgetting them
[nebula] 0 entity object(s) were destroyed without a despawn; forgetting them
[nebula] 0 entity object(s) were destroyed without a despawn; forgetting them
[nebula] 0 entity object(s) were destroyed without a despawn; forgetting them
[nebula] 0 entity object(s) were destroyed without a despawn; forgetting them
[nebula] 0 entity object(s) were destroyed without a despawn; forgetting them
[nebula] 0 entity object(s) were destroyed without a despawn; forgetting them
[nebula] 0 entity object(s) were destroyed without a despawn; forgetting them
[nebula] 0 entity object(s) were destroyed without a despawn; forgetting them
[nebula] 0 entity object(s) were destroyed without a despawn; forgetting them
[nebula] 0 entity object(s) were destroyed without a despawn; forgetting them
[nebula] 0 entity object(s) were destroyed without a despawn; forgetting them
[nebula] 0 entity object(s) were destroyed without a despawn; forgetting them
[nebula] 0 entity object(s) were destroyed without a despawn; forgetting them
[nebula] 0 entity object(s) were destroyed without a despawn; forgetting them
[nebula] 0 entity object(s) were destroyed without a despawn; forgetting them
[nebula] 0 entity object(s) were destroyed without a despawn; forgetting them
[nebula] 0 entity object(s) were destroyed without a despawn; forgetting them
[nebula] 0 entity object(s) were destroyed without a despawn; forgetting them
[nebula] 0 entity object(s) were destroyed without a despawn; forgetting them
[nebula] 0 entity object(s) were destroyed without a despawn; forgetting them
[nebula] 0 entity object(s) were destroyed without a despawn; forgetting them
[nebula] 0 entity object(s) were destroyed without a despawn; forgetting them
[nebula] 0 entity object(s) were destroyed without a despawn; forgetting them
[nebula] profile 300 ticks/5s 300 frames avg 0.9ms max 1.2ms dup 0 skip 0 gc 28 auth 31 ghosts 0 | poll=0.01 ghosts=0.01 physics.sync=0.00 simulate=0.01 poses=0.04 containers=0.64 band=0.04 publish=0.02 gap=15.79 interest=0.02
[nebula] 0 entity object(s) were destroyed without a despawn; forgetting them
[nebula] 0 entity object(s) were destroyed without a despawn; forgetting them
[nebula] 0 entity object(s) were destroyed without a despawn; forgetting them
[nebula] 0 entity object(s) were destroyed without a despawn; forgetting them
[nebula] 0 entity object(s) were destroyed without a despawn; forgetting them
[nebula] 0 entity object(s) were destroyed without a despawn; forgetting them
[nebula] 0 entity object(s) were destroyed without a despawn; forgetting them
[nebula] 0 entity object(s) were destroyed without a despawn; forgetting them
[nebula] 0 entity object(s) were destroyed without a despawn; forgetting them
[nebula] 0 entity object(s) were destroyed without a despawn; forgetting them
[nebula] 0 entity object(s) were destroyed without a despawn; forgetting them
[nebula] 0 entity object(s) were destroyed without a despawn; forgetting them
[nebula] 0 entity object(s) were destroyed without a despawn; forgetting them
[nebula] 0 entity object(s) were destroyed without a despawn; forgetting them
[nebula] 0 entity object(s) were destroyed without a despawn; forgetting them
[nebula] 0 entity object(s) were destroyed without a despawn; forgetting them
[nebula] 0 entity object(s) were destroyed without a despawn; forgetting them
[nebula] 0 entity object(s) were destroyed without a despawn; forgetting them
[nebula] 0 entity object(s) were destroyed without a despawn; forgetting them
[nebula] 0 entity object(s) were destroyed without a despawn; forgetting them
[nebula] 0 entity object(s) were destroyed without a despawn; forgetting them
[nebula] 0 entity object(s) were destroyed without a despawn; forgetting them
[nebula] 0 entity object(s) were destroyed without a despawn; forgetting them
[nebula] 0 entity object(s) were destroyed without a despawn; forgetting them
[nebula] 0 entity object(s) were destroyed without a despawn; forgetting them
[nebula] 0 entity object(s) were destroyed without a despawn; forgetting them
[nebula] 0 entity object(s) were destroyed without a despawn; forgetting them
[nebula] 0 entity object(s) were destroyed without a despawn; forgetting them
[nebula] 0 entity object(s) were destroyed without a despawn; forgetting them
[nebula] 0 entity object(s) were destroyed without a despawn; forgetting them
[nebula] 0 entity object(s) were destroyed without a despawn; forgetting them
[nebula] 0 entity object(s) were destroyed without a despawn; forgetting them
[nebula] 0 entity object(s) were destroyed without a despawn; forgetting them
[nebula] 0 entity object(s) were destroyed without a despawn; forgetting them
[nebula] 0 entity object(s) were destroyed without a despawn; forgetting them
[nebula] 0 entity object(s) were destroyed without a despawn; forgetting them
[nebula] 0 entity object(s) were destroyed without a despawn; forgetting them
[nebula] 0 entity object(s) were destroyed without a despawn; forgetting them
[nebula] 0 entity object(s) were destroyed without a despawn; forgetting them
[nebula] 0 entity object(s) were destroyed without a despawn; forgetting them
[nebula] 0 entity object(s) were destroyed without a despawn; forgetting them
[nebula] 0 entity object(s) were destroyed without a despawn; forgetting them
[nebula] 0 entity object(s) were destroyed without a despawn; forgetting them
[nebula] 0 entity object(s) were destroyed without a despawn; forgetting them
[nebula] 0 entity object(s) were destroyed without a despawn; forgetting them
[nebula] 0 entity object(s) were destroyed without a despawn; forgetting them
[nebula] 0 entity object(s) were destroyed without a despawn; forgetting them
[nebula] 0 entity object(s) were destroyed without a despawn; forgetting them
[nebula] 0 entity object(s) were destroyed without a despawn; forgetting them
[nebula] 0 entity object(s) were destroyed without a despawn; forgetting them
[nebula] 0 entity object(s) were destroyed without a despawn; forgetting them
[nebula] 0 entity object(s) were destroyed without a despawn; forgetting them
[nebula] 0 entity object(s) were destroyed without a despawn; forgetting them
[nebula] 0 entity object(s) were destroyed without a despawn; forgetting them
[nebula] 0 entity object(s) were destroyed without a despawn; forgetting them
[nebula] 0 entity object(s) were destroyed without a despawn; forgetting them
[nebula] 0 entity object(s) were destroyed without a despawn; forgetting them
[nebula] 0 entity object(s) were destroyed without a despawn; forgetting them
[nebula] 0 entity object(s) were destroyed without a despawn; forgetting them
[nebula] 0 entity object(s) were destroyed without a despawn; forgetting them
[nebula] 0 entity object(s) were destroyed without a despawn; forgetting them
[nebula] 0 entity object(s) were destroyed without a despawn; forgetting them
[nebula] 0 entity object(s) were destroyed without a despawn; forgetting them
[nebula] 0 entity object(s) were destroyed without a despawn; forgetting them
[nebula] 0 entity object(s) were destroyed without a despawn; forgetting them
[nebula] 0 entity object(s) were destroyed without a despawn; forgetting them
[nebula] 0 entity object(s) were destroyed without a despawn; forgetting them
[nebula] 0 entity object(s) were destroyed without a despawn; forgetting them
[nebula] 0 entity object(s) were destroyed without a despawn; forgetting them
[nebula] 0 entity object(s) were destroyed without a despawn; forgetting them
[nebula] 0 entity object(s) were destroyed without a despawn; forgetting them
[nebula] 0 entity object(s) were destroyed without a despawn; forgetting them
[nebula] 0 entity object(s) were destroyed without a despawn; forgetting them
[nebula] 0 entity object(s) were destroyed without a despawn; forgetting them
[nebula] 0 entity object(s) were destroyed without a despawn; forgetting them
[nebula] 0 entity object(s) were destroyed without a despawn; forgetting them
[nebula] 0 entity object(s) were destroyed without a despawn; forgetting them
[nebula] 0 entity object(s) were destroyed without a despawn; forgetting them
[nebula] 0 entity object(s) were destroyed without a despawn; forgetting them
[nebula] 0 entity object(s) were destroyed without a despawn; forgetting them
[nebula] 0 entity object(s) were destroyed without a despawn; forgetting them
[nebula] 0 entity object(s) were destroyed without a despawn; forgetting them
[nebula] 0 entity object(s) were destroyed without a despawn; forgetting them
[nebula] 0 entity object(s) were destroyed without a despawn; forgetting them
[nebula] 0 entity object(s) were destroyed without a despawn; forgetting them
[nebula] 0 entity object(s) were destroyed without a despawn; forgetting them
[nebula] 0 entity object(s) were destroyed without a despawn; forgetting them
[nebula] 0 entity object(s) were destroyed without a despawn; forgetting them
[nebula] 0 entity object(s) were destroyed without a despawn; forgetting them
[nebula] 0 entity object(s) were destroyed without a despawn; forgetting them
[nebula] 0 entity object(s) were destroyed without a despawn; forgetting them
[nebula] 0 entity object(s) were destroyed without a despawn; forgetting them
[nebula] 0 entity object(s) were destroyed without a despawn; forgetting them
[nebula] 0 entity object(s) were destroyed without a despawn; forgetting them
[nebula] 0 entity object(s) were destroyed without a despawn; forgetting them
[nebula] 0 entity object(s) were destroyed without a despawn; forgetting them
[nebula] 0 entity object(s) were destroyed without a despawn; forgetting them
[nebula] 0 entity object(s) were destroyed without a despawn; forgetting them
[nebula] 0 entity object(s) were destroyed without a despawn; forgetting them
[nebula] 0 entity object(s) were destroyed without a despawn; forgetting them
[nebula] 0 entity object(s) were destroyed without a despawn; forgetting them
[nebula] 0 entity object(s) were destroyed without a despawn; forgetting them
[nebula] 0 entity object(s) were destroyed without a despawn; forgetting them
[nebula] 0 entity object(s) were destroyed without a despawn; forgetting them
[nebula] 0 entity object(s) were destroyed without a despawn; forgetting them
[nebula] 0 entity object(s) were destroyed without a despawn; forgetting them
[nebula] 0 entity object(s) were destroyed without a despawn; forgetting them
[nebula] 0 entity object(s) were destroyed without a despawn; forgetting them
[nebula] 0 entity object(s) were destroyed without a despawn; forgetting them
[nebula] 0 entity object(s) were destroyed without a despawn; forgetting them
[nebula] 0 entity object(s) were destroyed without a despawn; forgetting them
[nebula] 0 entity object(s) were destroyed without a despawn; forgetting them
[nebula] 0 entity object(s) were destroyed without a despawn; forgetting them
[nebula] 0 entity object(s) were destroyed without a despawn; forgetting them
[nebula] 0 entity object(s) were destroyed without a despawn; forgetting them
[nebula] 0 entity object(s) were destroyed without a despawn; forgetting them
[nebula] 0 entity object(s) were destroyed without a despawn; forgetting them
[nebula] 0 entity object(s) were destroyed without a despawn; forgetting them
[nebula] ghost Player(Clone)#1125899906842625(e12,rt_9223367638808264705,auth) -> w4
[nebula] 0 entity object(s) were destroyed without a despawn; forgetting them
[nebula] 0 entity object(s) were destroyed without a despawn; forgetting them
[nebula] 0 entity object(s) were destroyed without a despawn; forgetting them
[nebula] 0 entity object(s) were destroyed without a despawn; forgetting them
[nebula] 0 entity object(s) were destroyed without a despawn; forgetting them
[nebula] 0 entity object(s) were destroyed without a despawn; forgetting them
[nebula] 0 entity object(s) were destroyed without a despawn; forgetting them
[nebula] 0 entity object(s) were destroyed without a despawn; forgetting them
[nebula] 0 entity object(s) were destroyed without a despawn; forgetting them
[nebula] 0 entity object(s) were destroyed without a despawn; forgetting them
[nebula] 0 entity object(s) were destroyed without a despawn; forgetting them
[nebula] 0 entity object(s) were destroyed without a despawn; forgetting them
[nebula] 0 entity object(s) were destroyed without a despawn; forgetting them
[nebula] 0 entity object(s) were destroyed without a despawn; forgetting them
[nebula] 0 entity object(s) were destroyed without a despawn; forgetting them
[nebula] 0 entity object(s) were destroyed without a despawn; forgetting them
[nebula] 0 entity object(s) were destroyed without a despawn; forgetting them
[nebula] 0 entity object(s) were destroyed without a despawn; forgetting them
[nebula] 0 entity object(s) were destroyed without a despawn; forgetting them
[nebula] 0 entity object(s) were destroyed without a despawn; forgetting them
[nebula] 0 entity object(s) were destroyed without a despawn; forgetting them
[nebula] 0 entity object(s) were destroyed without a despawn; forgetting them
[nebula] 0 entity object(s) were destroyed without a despawn; forgetting them
[nebula] 0 entity object(s) were destroyed without a despawn; forgetting them
[nebula] 0 entity object(s) were destroyed without a despawn; forgetting them
[nebula] 0 entity object(s) were destroyed without a despawn; forgetting them
[nebula] 0 entity object(s) were destroyed without a despawn; forgetting them
[nebula] 0 entity object(s) were destroyed without a despawn; forgetting them
[nebula] 0 entity object(s) were destroyed without a despawn; forgetting them
[nebula] 0 entity object(s) were destroyed without a despawn; forgetting them
[nebula] 0 entity object(s) were destroyed without a despawn; forgetting them
[nebula] 0 entity object(s) were destroyed without a despawn; forgetting them
[nebula] 0 entity object(s) were destroyed without a despawn; forgetting them
[nebula] 0 entity object(s) were destroyed without a despawn; forgetting them
[nebula] 0 entity object(s) were destroyed without a despawn; forgetting them
[nebula] 0 entity object(s) were destroyed without a despawn; forgetting them
[nebula] 0 entity object(s) were destroyed without a despawn; forgetting them
[nebula] 0 entity object(s) were destroyed without a despawn; forgetting them
[nebula] 0 entity object(s) were destroyed without a despawn; forgetting them
[nebula] 0 entity object(s) were destroyed without a despawn; forgetting them
[nebula] 0 entity object(s) were destroyed without a despawn; forgetting them
[nebula] 0 entity object(s) were destroyed without a despawn; forgetting them
[nebula] 0 entity object(s) were destroyed without a despawn; forgetting them
[nebula] 0 entity object(s) were destroyed without a despawn; forgetting them
[nebula] 0 entity object(s) were destroyed without a despawn; forgetting them
[nebula] 0 entity object(s) were destroyed without a despawn; forgetting them
[nebula] 0 entity object(s) were destroyed without a despawn; forgetting them
[nebula] 0 entity object(s) were destroyed without a despawn; forgetting them
[nebula] 0 entity object(s) were destroyed without a despawn; forgetting them
[nebula] handover OUT Player(Clone)#1125899906842625(e13,rt_1,ghost) -> w4 (epoch 13, tick 1365015890)
[nebula] 0 entity object(s) were destroyed without a despawn; forgetting them
[nebula] 0 entity object(s) were destroyed without a despawn; forgetting them
[nebula] 0 entity object(s) were destroyed without a despawn; forgetting them
[nebula] 0 entity object(s) were destroyed without a despawn; forgetting them
[nebula] 0 entity object(s) were destroyed without a despawn; forgetting them
[nebula] 0 entity object(s) were destroyed without a despawn; forgetting them
[nebula] 0 entity object(s) were destroyed without a despawn; forgetting them
[nebula] 0 entity object(s) were destroyed without a despawn; forgetting them
[nebula] 0 entity object(s) were destroyed without a despawn; forgetting them
[nebula] 0 entity object(s) were destroyed without a despawn; forgetting them
[nebula] 0 entity object(s) were destroyed without a despawn; forgetting them
[nebula] 0 entity object(s) were destroyed without a despawn; forgetting them
[nebula] 0 entity object(s) were destroyed without a despawn; forgetting them
[nebula] 0 entity object(s) were destroyed without a despawn; forgetting them
[nebula] 0 entity object(s) were destroyed without a despawn; forgetting them
[nebula] 0 entity object(s) were destroyed without a despawn; forgetting them
[nebula] 0 entity object(s) were destroyed without a despawn; forgetting them
[nebula] 0 entity object(s) were destroyed without a despawn; forgetting them
[nebula] 0 entity object(s) were destroyed without a despawn; forgetting them
[nebula] 0 entity object(s) were destroyed without a despawn; forgetting them
[nebula] 0 entity object(s) were destroyed without a despawn; forgetting them
[nebula] 0 entity object(s) were destroyed without a despawn; forgetting them
[nebula] 0 entity object(s) were destroyed without a despawn; forgetting them
[nebula] 0 entity object(s) were destroyed without a despawn; forgetting them
[nebula] 0 entity object(s) were destroyed without a despawn; forgetting them
[nebula] 0 entity object(s) were destroyed without a despawn; forgetting them
[nebula] 0 entity object(s) were destroyed without a despawn; forgetting them
[nebula] 0 entity object(s) were destroyed without a despawn; forgetting them
[nebula] 0 entity object(s) were destroyed without a despawn; forgetting them
[nebula] 0 entity object(s) were destroyed without a despawn; forgetting them
[nebula] 0 entity object(s) were destroyed without a despawn; forgetting them
[nebula] 0 entity object(s) were destroyed without a despawn; forgetting them
[nebula] 0 entity object(s) were destroyed without a despawn; forgetting them
[nebula] 0 entity object(s) were destroyed without a despawn; forgetting them
[nebula] 0 entity object(s) were destroyed without a despawn; forgetting them
[nebula] 0 entity object(s) were destroyed without a despawn; forgetting them
[nebula] 0 entity object(s) were destroyed without a despawn; forgetting them
[nebula] 0 entity object(s) were destroyed without a despawn; forgetting them
[nebula] 0 entity object(s) were destroyed without a despawn; forgetting them
[nebula] 0 entity object(s) were destroyed without a despawn; forgetting them
[nebula] 0 entity object(s) were destroyed without a despawn; forgetting them
[nebula] 0 entity object(s) were destroyed without a despawn; forgetting them
[nebula] 0 entity object(s) were destroyed without a despawn; forgetting them
[nebula] 0 entity object(s) were destroyed without a despawn; forgetting them
[nebula] 0 entity object(s) were destroyed without a despawn; forgetting them
[nebula] 0 entity object(s) were destroyed without a despawn; forgetting them
[nebula] 0 entity object(s) were destroyed without a despawn; forgetting them
[nebula] 0 entity object(s) were destroyed without a despawn; forgetting them
[nebula] 0 entity object(s) were destroyed without a despawn; forgetting them
[nebula] 0 entity object(s) were destroyed without a despawn; forgetting them
[nebula] local handover Player(Clone)#844424930131969(e2,rt_9223367638808264706,auth) rt_9223367638808264705 -> rt_9223367638808264706
[nebula] 0 entity object(s) were destroyed without a despawn; forgetting them
[nebula] 0 entity object(s) were destroyed without a despawn; forgetting them
[nebula] 0 entity object(s) were destroyed without a despawn; forgetting them
[nebula] 0 entity object(s) were destroyed without a despawn; forgetting them
[nebula] 0 entity object(s) were destroyed without a despawn; forgetting them
[nebula] 0 entity object(s) were destroyed without a despawn; forgetting them
[nebula] 0 entity object(s) were destroyed without a despawn; forgetting them
[nebula] 0 entity object(s) were destroyed without a despawn; forgetting them
[nebula] 0 entity object(s) were destroyed without a despawn; forgetting them
[nebula] 0 entity object(s) were destroyed without a despawn; forgetting them
[nebula] 0 entity object(s) were destroyed without a despawn; forgetting them
[nebula] 0 entity object(s) were destroyed without a despawn; forgetting them
[nebula] 0 entity object(s) were destroyed without a despawn; forgetting them
[nebula] 0 entity object(s) were destroyed without a despawn; forgetting them
[nebula] 0 entity object(s) were destroyed without a despawn; forgetting them
[nebula] 0 entity object(s) were destroyed without a despawn; forgetting them
[nebula] 0 entity object(s) were destroyed without a despawn; forgetting them
[nebula] 0 entity object(s) were destroyed without a despawn; forgetting them
[nebula] 0 entity object(s) were destroyed without a despawn; forgetting them
[nebula] 0 entity object(s) were destroyed without a despawn; forgetting them
[nebula] 0 entity object(s) were destroyed without a despawn; forgetting them
[nebula] 0 entity object(s) were destroyed without a despawn; forgetting them
[nebula] 0 entity object(s) were destroyed without a despawn; forgetting them
[nebula] 0 entity object(s) were destroyed without a despawn; forgetting them
[nebula] 0 entity object(s) were destroyed without a despawn; forgetting them
[nebula] 0 entity object(s) were destroyed without a despawn; forgetting them
[nebula] 0 entity object(s) were destroyed without a despawn; forgetting them
[nebula] 0 entity object(s) were destroyed without a despawn; forgetting them
[nebula] 0 entity object(s) were destroyed without a despawn; forgetting them
[nebula] 0 entity object(s) were destroyed without a despawn; forgetting them
[nebula] 0 entity object(s) were destroyed without a despawn; forgetting them
[nebula] 0 entity object(s) were destroyed without a despawn; forgetting them
[nebula] 0 entity object(s) were destroyed without a despawn; forgetting them
[nebula] 0 entity object(s) were destroyed without a despawn; forgetting them
[nebula] 0 entity object(s) were destroyed without a despawn; forgetting them
[nebula] 0 entity object(s) were destroyed without a despawn; forgetting them
[nebula] 0 entity object(s) were destroyed without a despawn; forgetting them
[nebula] 0 entity object(s) were destroyed without a despawn; forgetting them
[nebula] 0 entity object(s) were destroyed without a despawn; forgetting them
[nebula] 0 entity object(s) were destroyed without a despawn; forgetting them
[nebula] 0 entity object(s) were destroyed without a despawn; forgetting them
[nebula] 0 entity object(s) were destroyed without a despawn; forgetting them
[nebula] 0 entity object(s) were destroyed without a despawn; forgetting them
[nebula] 0 entity object(s) were destroyed without a despawn; forgetting them
[nebula] 0 entity object(s) were destroyed without a despawn; forgetting them
[nebula] 0 entity object(s) were destroyed without a despawn; forgetting them
[nebula] 0 entity object(s) were destroyed without a despawn; forgetting them
[nebula] 0 entity object(s) were destroyed without a despawn; forgetting them
[nebula] 0 entity object(s) were destroyed without a despawn; forgetting them
[nebula] 0 entity object(s) were destroyed without a despawn; forgetting them
[nebula] 0 entity object(s) were destroyed without a despawn; forgetting them
[nebula] 0 entity object(s) were destroyed without a despawn; forgetting them
[nebula] 0 entity object(s) were destroyed without a despawn; forgetting them
[nebula] 0 entity object(s) were destroyed without a despawn; forgetting them
[nebula] 0 entity object(s) were destroyed without a despawn; forgetting them
[nebula] 0 entity object(s) were destroyed without a despawn; forgetting them
[nebula] 0 entity object(s) were destroyed without a despawn; forgetting them
[nebula] 0 entity object(s) were destroyed without a despawn; forgetting them
[nebula] 0 entity object(s) were destroyed without a despawn; forgetting them
[nebula] 0 entity object(s) were destroyed without a despawn; forgetting them
[nebula] 0 entity object(s) were destroyed without a despawn; forgetting them
[nebula] 0 entity object(s) were destroyed without a despawn; forgetting them
[nebula] 0 entity object(s) were destroyed without a despawn; forgetting them
[nebula] 0 entity object(s) were destroyed without a despawn; forgetting them
[nebula] 0 entity object(s) were destroyed without a despawn; forgetting them
[nebula] 0 entity object(s) were destroyed without a despawn; forgetting them
[nebula] 0 entity object(s) were destroyed without a despawn; forgetting them
[nebula] 0 entity object(s) were destroyed without a despawn; forgetting them
[nebula] 0 entity object(s) were destroyed without a despawn; forgetting them
[nebula] 0 entity object(s) were destroyed without a despawn; forgetting them
[nebula] 0 entity object(s) were destroyed without a despawn; forgetting them
[nebula] 0 entity object(s) were destroyed without a despawn; forgetting them
[nebula] 0 entity object(s) were destroyed without a despawn; forgetting them
[nebula] 0 entity object(s) were destroyed without a despawn; forgetting them
[nebula] 0 entity object(s) were destroyed without a despawn; forgetting them
[nebula] 0 entity object(s) were destroyed without a despawn; forgetting them
[nebula] 0 entity object(s) were destroyed without a despawn; forgetting them
[nebula] 0 entity object(s) were destroyed without a despawn; forgetting them
[nebula] 0 entity object(s) were destroyed without a despawn; forgetting them
[nebula] 0 entity object(s) were destroyed without a despawn; forgetting them
[nebula] 0 entity object(s) were destroyed without a despawn; forgetting them
[nebula] ghost Player(Clone)#562949953421313(e10,rt_4398046511104,auth) -> w4
[nebula] handover IN  Player(Clone)#562949953421313(e10,rt_4398046511104,auth) <- w4 (epoch 10, tick 1365016021)
[nebula] 0 entity object(s) were destroyed without a despawn; forgetting them
[nebula] 0 entity object(s) were destroyed without a despawn; forgetting them
[nebula] profile 300 ticks/5s 300 frames avg 0.8ms max 1.2ms dup 0 skip 0 gc 18 auth 31 ghosts 1 | poll=0.01 ghosts=0.00 physics.sync=0.00 simulate=0.01 poses=0.04 containers=0.61 band=0.04 publish=0.02 gap=15.83 interest=0.01
[nebula] 0 entity object(s) were destroyed without a despawn; forgetting them
[nebula] 0 entity object(s) were destroyed without a despawn; forgetting them
[nebula] 0 entity object(s) were destroyed without a despawn; forgetting them
[nebula] 0 entity object(s) were destroyed without a despawn; forgetting them
[nebula] 0 entity object(s) were destroyed without a despawn; forgetting them
[nebula] 0 entity object(s) were destroyed without a despawn; forgetting them
[nebula] 0 entity object(s) were destroyed without a despawn; forgetting them
[nebula] 0 entity object(s) were destroyed without a despawn; forgetting them
[nebula] 0 entity object(s) were destroyed without a despawn; forgetting them
[nebula] 0 entity object(s) were destroyed without a despawn; forgetting them
[nebula] 0 entity object(s) were destroyed without a despawn; forgetting them
[nebula] 0 entity object(s) were destroyed without a despawn; forgetting them
[nebula] 0 entity object(s) were destroyed without a despawn; forgetting them
[nebula] 0 entity object(s) were destroyed without a despawn; forgetting them
[nebula] 0 entity object(s) were destroyed without a despawn; forgetting them
[nebula] 0 entity object(s) were destroyed without a despawn; forgetting them
[nebula] 0 entity object(s) were destroyed without a despawn; forgetting them
[nebula] 0 entity object(s) were destroyed without a despawn; forgetting them
[nebula] 0 entity object(s) were destroyed without a despawn; forgetting them
[nebula] 0 entity object(s) were destroyed without a despawn; forgetting them
[nebula] 0 entity object(s) were destroyed without a despawn; forgetting them
[nebula] 0 entity object(s) were destroyed without a despawn; forgetting them
[nebula] 0 entity object(s) were destroyed without a despawn; forgetting them
[nebula] 0 entity object(s) were destroyed without a despawn; forgetting them
[nebula] 0 entity object(s) were destroyed without a despawn; forgetting them
[nebula] 0 entity object(s) were destroyed without a despawn; forgetting them
[nebula] 0 entity object(s) were destroyed without a despawn; forgetting them
[nebula] 0 entity object(s) were destroyed without a despawn; forgetting them
[nebula] 0 entity object(s) were destroyed without a despawn; forgetting them
[nebula] 0 entity object(s) were destroyed without a despawn; forgetting them
[nebula] 0 entity object(s) were destroyed without a despawn; forgetting them
[nebula] 0 entity object(s) were destroyed without a despawn; forgetting them
[nebula] 0 entity object(s) were destroyed without a despawn; forgetting them
[nebula] 0 entity object(s) were destroyed without a despawn; forgetting them
[nebula] 0 entity object(s) were destroyed without a despawn; forgetting them
[nebula] 0 entity object(s) were destroyed without a despawn; forgetting them
[nebula] 0 entity object(s) were destroyed without a despawn; forgetting them
[nebula] 0 entity object(s) were destroyed without a despawn; forgetting them
[nebula] 0 entity object(s) were destroyed without a despawn; forgetting them
[nebula] 0 entity object(s) were destroyed without a despawn; forgetting them
[nebula] 0 entity object(s) were destroyed without a despawn; forgetting them
[nebula] 0 entity object(s) were destroyed without a despawn; forgetting them
[nebula] 0 entity object(s) were destroyed without a despawn; forgetting them
[nebula] 0 entity object(s) were destroyed without a despawn; forgetting them
[nebula] 0 entity object(s) were destroyed without a despawn; forgetting them
[nebula] 0 entity object(s) were destroyed without a despawn; forgetting them
[nebula] 0 entity object(s) were destroyed without a despawn; forgetting them
[nebula] 0 entity object(s) were destroyed without a despawn; forgetting them
[nebula] 0 entity object(s) were destroyed without a despawn; forgetting them
[nebula] 0 entity object(s) were destroyed without a despawn; forgetting them
[nebula] 0 entity object(s) were destroyed without a despawn; forgetting them
[nebula] 0 entity object(s) were destroyed without a despawn; forgetting them
[nebula] 0 entity object(s) were destroyed without a despawn; forgetting them
[nebula] 0 entity object(s) were destroyed without a despawn; forgetting them
[nebula] 0 entity object(s) were destroyed without a despawn; forgetting them
[nebula] 0 entity object(s) were destroyed without a despawn; forgetting them
[nebula] 0 entity object(s) were destroyed without a despawn; forgetting them
[nebula] 0 entity object(s) were destroyed without a despawn; forgetting them
[nebula] 0 entity object(s) were destroyed without a despawn; forgetting them
[nebula] 0 entity object(s) were destroyed without a despawn; forgetting them
[nebula] 0 entity object(s) were destroyed without a despawn; forgetting them
[nebula] 0 entity object(s) were destroyed without a despawn; forgetting them
[nebula] 0 entity object(s) were destroyed without a despawn; forgetting them
[nebula] 0 entity object(s) were destroyed without a despawn; forgetting them
[nebula] 0 entity object(s) were destroyed without a despawn; forgetting them
[nebula] 0 entity object(s) were destroyed without a despawn; forgetting them
[nebula] 0 entity object(s) were destroyed without a despawn; forgetting them
[nebula] 0 entity object(s) were destroyed without a despawn; forgetting them
[nebula] 0 entity object(s) were destroyed without a despawn; forgetting them
[nebula] 0 entity object(s) were destroyed without a despawn; forgetting them
[nebula] 0 entity object(s) were destroyed without a despawn; forgetting them
[nebula] 0 entity object(s) were destroyed without a despawn; forgetting them
[nebula] 0 entity object(s) were destroyed without a despawn; forgetting them
[nebula] 0 entity object(s) were destroyed without a despawn; forgetting them
[nebula] 0 entity object(s) were destroyed without a despawn; forgetting them
[nebula] 0 entity object(s) were destroyed without a despawn; forgetting them
[nebula] 0 entity object(s) were destroyed without a despawn; forgetting them
[nebula] 0 entity object(s) were destroyed without a despawn; forgetting them
[nebula] 0 entity object(s) were destroyed without a despawn; forgetting them
[nebula] 0 entity object(s) were destroyed without a despawn; forgetting them
[nebula] 0 entity object(s) were destroyed without a despawn; forgetting them
[nebula] 0 entity object(s) were destroyed without a despawn; forgetting them
[nebula] 0 entity object(s) were destroyed without a despawn; forgetting them
[nebula] 0 entity object(s) were destroyed without a despawn; forgetting them
[nebula] 0 entity object(s) were destroyed without a despawn; forgetting them
[nebula] 0 entity object(s) were destroyed without a despawn; forgetting them
[nebula] 0 entity object(s) were destroyed without a despawn; forgetting them
[nebula] 0 entity object(s) were destroyed without a despawn; forgetting them
[nebula] 0 entity object(s) were destroyed without a despawn; forgetting them
[nebula] 0 entity object(s) were destroyed without a despawn; forgetting them
[nebula] 0 entity object(s) were destroyed without a despawn; forgetting them
[nebula] 0 entity object(s) were destroyed without a despawn; forgetting them
[nebula] 0 entity object(s) were destroyed without a despawn; forgetting them
[nebula] 0 entity object(s) were destroyed without a despawn; forgetting them
[nebula] 0 entity object(s) were destroyed without a despawn; forgetting them
[nebula] 0 entity object(s) were destroyed without a despawn; forgetting them
[nebula] 0 entity object(s) were destroyed without a despawn; forgetting them
[nebula] 0 entity object(s) were destroyed without a despawn; forgetting them
[nebula] 0 entity object(s) were destroyed without a despawn; forgetting them
[nebula] 0 entity object(s) were destroyed without a despawn; forgetting them
[nebula] 0 entity object(s) were destroyed without a despawn; forgetting them
[nebula] 0 entity object(s) were destroyed without a despawn; forgetting them
[nebula] 0 entity object(s) were destroyed without a despawn; forgetting them
[nebula] 0 entity object(s) were destroyed without a despawn; forgetting them
[nebula] 0 entity object(s) were destroyed without a despawn; forgetting them
[nebula] 0 entity object(s) were destroyed without a despawn; forgetting them
[nebula] 0 entity object(s) were destroyed without a despawn; forgetting them
[nebula] 0 entity object(s) were destroyed without a despawn; forgetting them
[nebula] 0 entity object(s) were destroyed without a despawn; forgetting them
[nebula] 0 entity object(s) were destroyed without a despawn; forgetting them
[nebula] 0 entity object(s) were destroyed without a despawn; forgetting them
[nebula] 0 entity object(s) were destroyed without a despawn; forgetting them
[nebula] 0 entity object(s) were destroyed without a despawn; forgetting them
[nebula] 0 entity object(s) were destroyed without a despawn; forgetting them
[nebula] 0 entity object(s) were destroyed without a despawn; forgetting them
[nebula] 0 entity object(s) were destroyed without a despawn; forgetting them
[nebula] 0 entity object(s) were destroyed without a despawn; forgetting them
[nebula] 0 entity object(s) were destroyed without a despawn; forgetting them
[nebula] 0 entity object(s) were destroyed without a despawn; forgetting them
[nebula] 0 entity object(s) were destroyed without a despawn; forgetting them
[nebula] 0 entity object(s) were destroyed without a despawn; forgetting them
[nebula] 0 entity object(s) were destroyed without a despawn; forgetting them
[nebula] 0 entity object(s) were destroyed without a despawn; forgetting them
[nebula] 0 entity object(s) were destroyed without a despawn; forgetting them
[nebula] 0 entity object(s) were destroyed without a despawn; forgetting them
[nebula] 0 entity object(s) were destroyed without a despawn; forgetting them
[nebula] 0 entity object(s) were destroyed without a despawn; forgetting them
[nebula] 0 entity object(s) were destroyed without a despawn; forgetting them
[nebula] 0 entity object(s) were destroyed without a despawn; forgetting them
[nebula] 0 entity object(s) were destroyed without a despawn; forgetting them
[nebula] 0 entity object(s) were destroyed without a despawn; forgetting them
[nebula] 0 entity object(s) were destroyed without a despawn; forgetting them
[nebula] 0 entity object(s) were destroyed without a despawn; forgetting them
[nebula] 0 entity object(s) were destroyed without a despawn; forgetting them
[nebula] 0 entity object(s) were destroyed without a despawn; forgetting them
[nebula] 0 entity object(s) were destroyed without a despawn; forgetting them
[nebula] 0 entity object(s) were destroyed without a despawn; forgetting them
[nebula] 0 entity object(s) were destroyed without a despawn; forgetting them
[nebula] 0 entity object(s) were destroyed without a despawn; forgetting them
[nebula] 0 entity object(s) were destroyed without a despawn; forgetting them
[nebula] 0 entity object(s) were destroyed without a despawn; forgetting them
[nebula] 0 entity object(s) were destroyed without a despawn; forgetting them
[nebula] 0 entity object(s) were destroyed without a despawn; forgetting them
[nebula] 0 entity object(s) were destroyed without a despawn; forgetting them
[nebula] 0 entity object(s) were destroyed without a despawn; forgetting them
[nebula] 0 entity object(s) were destroyed without a despawn; forgetting them
[nebula] 0 entity object(s) were destroyed without a despawn; forgetting them
[nebula] 0 entity object(s) were destroyed without a despawn; forgetting them
[nebula] 0 entity object(s) were destroyed without a despawn; forgetting them
[nebula] 0 entity object(s) were destroyed without a despawn; forgetting them
[nebula] 0 entity object(s) were destroyed without a despawn; forgetting them
[nebula] 0 entity object(s) were destroyed without a despawn; forgetting them
[nebula] 0 entity object(s) were destroyed without a despawn; forgetting them
[nebula] 0 entity object(s) were destroyed without a despawn; forgetting them
[nebula] 0 entity object(s) were destroyed without a despawn; forgetting them
[nebula] 0 entity object(s) were destroyed without a despawn; forgetting them
[nebula] 0 entity object(s) were destroyed without a despawn; forgetting them
[nebula] 0 entity object(s) were destroyed without a despawn; forgetting them
[nebula] 0 entity object(s) were destroyed without a despawn; forgetting them
[nebula] 0 entity object(s) were destroyed without a despawn; forgetting them
[nebula] 0 entity object(s) were destroyed without a despawn; forgetting them
[nebula] 0 entity object(s) were destroyed without a despawn; forgetting them
[nebula] 0 entity object(s) were destroyed without a despawn; forgetting them
[nebula] 0 entity object(s) were destroyed without a despawn; forgetting them
[nebula] 0 entity object(s) were destroyed without a despawn; forgetting them
[nebula] 0 entity object(s) were destroyed without a despawn; forgetting them
[nebula] 0 entity object(s) were destroyed without a despawn; forgetting them
[nebula] 0 entity object(s) were destroyed without a despawn; forgetting them
[nebula] 0 entity object(s) were destroyed without a despawn; forgetting them
[nebula] 0 entity object(s) were destroyed without a despawn; forgetting them
[nebula] 0 entity object(s) were destroyed without a despawn; forgetting them
[nebula] 0 entity object(s) were destroyed without a despawn; forgetting them
[nebula] 0 entity object(s) were destroyed without a despawn; forgetting them
[nebula] 0 entity object(s) were destroyed without a despawn; forgetting them
[nebula] 0 entity object(s) were destroyed without a despawn; forgetting them
[nebula] 0 entity object(s) were destroyed without a despawn; forgetting them
[nebula] 0 entity object(s) were destroyed without a despawn; forgetting them
[nebula] 0 entity object(s) were destroyed without a despawn; forgetting them
[nebula] 0 entity object(s) were destroyed without a despawn; forgetting them
[nebula] 0 entity object(s) were destroyed without a despawn; forgetting them
[nebula] 0 entity object(s) were destroyed without a despawn; forgetting them
[nebula] 0 entity object(s) were destroyed without a despawn; forgetting them
[nebula] 0 entity object(s) were destroyed without a despawn; forgetting them
