Mono path[0] = 'C:/Dev/nebula-virtualworld/Builds/Win64/Nebula_Data/Managed'
Mono config path = 'C:/Dev/nebula-virtualworld/Builds/Win64/MonoBleedingEdge/etc'
CodeReloadManager initialized
Found 1 interfaces on host : 0) 192.168.4.54
Player connection [49980]  Target information:

Player connection [49980]  * "[IP] 192.168.4.54 [Port] 55008 [Flags] 2 [Guid] 449471257 [EditorId] 3301648937 [Version] 1048832 [Id] WindowsPlayer(2,Atlas) [Debug] 0 [PackageName] WindowsPlayer [ProjectName] nebula-virtualworld" 

Player connection [49980] Started UDP target info broadcast (1) on [225.0.0.222:54997].

Input System module state changed to: Initialized.
[Physics::Module] Initialized fallback backend.
[Physics::Module] Id: 0xdecafbad
Initialize engine version: 6000.6.0f1 (f7f8ed4d1e24)
[EntityIdStore] init: VM path (explicit commit), pageSize=4096, blockCount=1048576, entitiesPerBlock=256, slots reserved=4294967296 bytes
[Subsystems] Discovering subsystems at path C:/Dev/nebula-virtualworld/Builds/Win64/Nebula_Data/UnitySubsystems
Forcing GfxDevice: Null
GfxDevice: creating device client; kGfxThreadingModeNonThreaded
NullGfxDevice:
    Version:  NULL 1.0 [1.0]
    Renderer: Null Device
    Vendor:   Unity Technologies
Begin MonoManager ReloadAssembly
- Finished resetting the current domain, in  0.008 seconds
[Physics::Module] Selected backend.
[Physics::Module] Name: PhysX
[Physics::Module] Id: 0xf2b8ea05
[Physics::Module] SDK Version: 4.1.2
[Physics::Module] Integration Version: 1.0.0
[Physics::Module] Threading Mode: Multi-Threaded
Microsoft Media Foundation video decoding to texture disabled: graphics device is Null, only Direct3D 11 and Direct3D 12 (only on desktop) are supported for hardware-accelerated video decoding.
UnloadTime: 0.486400 ms
[nebula] boot roles=Worker scene=World tickRate=60
[nebula] containers: 0 (runtime world)
[nebula] control plane: mirroring http://127.0.0.1:7180/api/control-plane
[nebula] persistence: remote store at http://127.0.0.1:7180/api/store
[nebula] interest: radius 48 m (+16 exit), grid(64x64x64 @ 0,0,0, planar), eval 4 Hz
[nebula] persistence: remote store, checkpoint every 5s
[nebula] worker w1 (index 1) listening on udp/7301; telemetry to http://127.0.0.1:7180/api/telemetry
[nebula] chunked world: cell (64.00, 512.00, 64.00) (planar), near 2 cell(s), allocator ring 3, retire after 30s
[nebula] w1: per-gateway filtering costs 6.05 ms per tick (over PartitionWarnFilterMs=2). Interest management bounds who hears about entities, not who simulates them: partition this container.
[nebula] profile 1 ticks/5s 1 frames avg 18.7ms max 18.7ms dup 0 skip 0 gc 17 auth 0 ghosts 0 | poll=0.26 ghosts=0.34 physics.sync=0.05 simulate=0.00 poses=0.00 containers=0.06 band=6.25 publish=0.89 gap=0.00 interest=7.66
[nebula] control plane: connected to http://127.0.0.1:7180 (version 9)
[nebula] persistence: connected to http://127.0.0.1:7180 (0 record(s) on the orchestrator)
[nebula] registered with control plane as w1
[nebula] dialing peer w3 at 127.0.0.1:7303
[nebula] dialing peer w2 at 127.0.0.1:7302
[nebula] dialing peer w4 at 127.0.0.1:7304
[nebula] peer worker w2 (index 2) connected
[nebula] peer worker w3 (index 3) connected
[nebula] gateway gw1 (incarnation 2604f1d5) connected as interest link 0
[nebula] peer worker w4 (index 4) connected
[nebula] spawned player Player bot2 (2739580370478432258)#281474976710657(e1,rt_9223358842715242499,auth) for client 2739580370478432258 in rt_9223358842715242499
[nebula] 0 entity object(s) were destroyed without a despawn; forgetting them
[nebula] 0 entity object(s) were destroyed without a despawn; forgetting them
[nebula] 0 entity object(s) were destroyed without a despawn; forgetting them
[nebula] spawned Prop(Clone)#281474976710658(e1,rt_9223358842715242499,auth)
[nebula] 0 entity object(s) were destroyed without a despawn; forgetting them
[nebula] 0 entity object(s) were destroyed without a despawn; forgetting them
[nebula] 0 entity object(s) were destroyed without a despawn; forgetting them
[nebula] 0 entity object(s) were destroyed without a despawn; forgetting them
[nebula] 0 entity object(s) were destroyed without a despawn; forgetting them
[nebula] 0 entity object(s) were destroyed without a despawn; forgetting them
[nebula] 0 entity object(s) were destroyed without a despawn; forgetting them
[nebula] 0 entity object(s) were destroyed without a despawn; forgetting them
[nebula] 0 entity object(s) were destroyed without a despawn; forgetting them
[nebula] 0 entity object(s) were destroyed without a despawn; forgetting them
[nebula] 0 entity object(s) were destroyed without a despawn; forgetting them
[nebula] 0 entity object(s) were destroyed without a despawn; forgetting them
[nebula] 0 entity object(s) were destroyed without a despawn; forgetting them
[nebula] 0 entity object(s) were destroyed without a despawn; forgetting them
[nebula] 0 entity object(s) were destroyed without a despawn; forgetting them
[nebula] 0 entity object(s) were destroyed without a despawn; forgetting them
[nebula] 0 entity object(s) were destroyed without a despawn; forgetting them
[nebula] 0 entity object(s) were destroyed without a despawn; forgetting them
[nebula] 0 entity object(s) were destroyed without a despawn; forgetting them
[nebula] 0 entity object(s) were destroyed without a despawn; forgetting them
[nebula] 0 entity object(s) were destroyed without a despawn; forgetting them
[nebula] 0 entity object(s) were destroyed without a despawn; forgetting them
[nebula] 0 entity object(s) were destroyed without a despawn; forgetting them
[nebula] 0 entity object(s) were destroyed without a despawn; forgetting them
[nebula] 0 entity object(s) were destroyed without a despawn; forgetting them
[nebula] 0 entity object(s) were destroyed without a despawn; forgetting them
[nebula] 0 entity object(s) were destroyed without a despawn; forgetting them
[nebula] 0 entity object(s) were destroyed without a despawn; forgetting them
[nebula] 0 entity object(s) were destroyed without a despawn; forgetting them
[nebula] 0 entity object(s) were destroyed without a despawn; forgetting them
[nebula] 0 entity object(s) were destroyed without a despawn; forgetting them
[nebula] 0 entity object(s) were destroyed without a despawn; forgetting them
[nebula] 0 entity object(s) were destroyed without a despawn; forgetting them
[nebula] 0 entity object(s) were destroyed without a despawn; forgetting them
[nebula] 0 entity object(s) were destroyed without a despawn; forgetting them
[nebula] 0 entity object(s) were destroyed without a despawn; forgetting them
[nebula] 0 entity object(s) were destroyed without a despawn; forgetting them
[nebula] 0 entity object(s) were destroyed without a despawn; forgetting them
[nebula] 0 entity object(s) were destroyed without a despawn; forgetting them
[nebula] 0 entity object(s) were destroyed without a despawn; forgetting them
[nebula] 0 entity object(s) were destroyed without a despawn; forgetting them
[nebula] 0 entity object(s) were destroyed without a despawn; forgetting them
[nebula] 0 entity object(s) were destroyed without a despawn; forgetting them
[nebula] 0 entity object(s) were destroyed without a despawn; forgetting them
[nebula] 0 entity object(s) were destroyed without a despawn; forgetting them
[nebula] 0 entity object(s) were destroyed without a despawn; forgetting them
[nebula] 0 entity object(s) were destroyed without a despawn; forgetting them
[nebula] 0 entity object(s) were destroyed without a despawn; forgetting them
[nebula] 0 entity object(s) were destroyed without a despawn; forgetting them
[nebula] 0 entity object(s) were destroyed without a despawn; forgetting them
[nebula] 0 entity object(s) were destroyed without a despawn; forgetting them
[nebula] 0 entity object(s) were destroyed without a despawn; forgetting them
[nebula] 0 entity object(s) were destroyed without a despawn; forgetting them
[nebula] 0 entity object(s) were destroyed without a despawn; forgetting them
[nebula] 0 entity object(s) were destroyed without a despawn; forgetting them
[nebula] 0 entity object(s) were destroyed without a despawn; forgetting them
[nebula] 0 entity object(s) were destroyed without a despawn; forgetting them
[nebula] 0 entity object(s) were destroyed without a despawn; forgetting them
[nebula] 0 entity object(s) were destroyed without a despawn; forgetting them
[nebula] 0 entity object(s) were destroyed without a despawn; forgetting them
[nebula] 0 entity object(s) were destroyed without a despawn; forgetting them
[nebula] 0 entity object(s) were destroyed without a despawn; forgetting them
[nebula] 0 entity object(s) were destroyed without a despawn; forgetting them
[nebula] 0 entity object(s) were destroyed without a despawn; forgetting them
[nebula] 0 entity object(s) were destroyed without a despawn; forgetting them
[nebula] 0 entity object(s) were destroyed without a despawn; forgetting them
[nebula] 0 entity object(s) were destroyed without a despawn; forgetting them
[nebula] 0 entity object(s) were destroyed without a despawn; forgetting them
[nebula] 0 entity object(s) were destroyed without a despawn; forgetting them
[nebula] 0 entity object(s) were destroyed without a despawn; forgetting them
[nebula] 0 entity object(s) were destroyed without a despawn; forgetting them
[nebula] 0 entity object(s) were destroyed without a despawn; forgetting them
[nebula] 0 entity object(s) were destroyed without a despawn; forgetting them
[nebula] 0 entity object(s) were destroyed without a despawn; forgetting them
[nebula] 0 entity object(s) were destroyed without a despawn; forgetting them
[nebula] 0 entity object(s) were destroyed without a despawn; forgetting them
[nebula] 0 entity object(s) were destroyed without a despawn; forgetting them
[nebula] 0 entity object(s) were destroyed without a despawn; forgetting them
[nebula] 0 entity object(s) were destroyed without a despawn; forgetting them
[nebula] 0 entity object(s) were destroyed without a despawn; forgetting them
[nebula] 0 entity object(s) were destroyed without a despawn; forgetting them
[nebula] 0 entity object(s) were destroyed without a despawn; forgetting them
[nebula] 0 entity object(s) were destroyed without a despawn; forgetting them
[nebula] 0 entity object(s) were destroyed without a despawn; forgetting them
[nebula] 0 entity object(s) were destroyed without a despawn; forgetting them
[nebula] 0 entity object(s) were destroyed without a despawn; forgetting them
[nebula] 0 entity object(s) were destroyed without a despawn; forgetting them
[nebula] 0 entity object(s) were destroyed without a despawn; forgetting them
[nebula] 0 entity object(s) were destroyed without a despawn; forgetting them
[nebula] 0 entity object(s) were destroyed without a despawn; forgetting them
[nebula] 0 entity object(s) were destroyed without a despawn; forgetting them
[nebula] 0 entity object(s) were destroyed without a despawn; forgetting them
[nebula] 0 entity object(s) were destroyed without a despawn; forgetting them
[nebula] 0 entity object(s) were destroyed without a despawn; forgetting them
[nebula] 0 entity object(s) were destroyed without a despawn; forgetting them
[nebula] profile 280 ticks/5s 279 frames avg 0.2ms max 6.6ms dup 0 skip 1 gc 23 auth 2 ghosts 0 | poll=0.10(279) ghosts=0.00 physics.sync=0.00 simulate=0.01 poses=0.01 containers=0.02 band=0.01 publish=0.02 gap=16.54 interest=0.01
[nebula] 0 entity object(s) were destroyed without a despawn; forgetting them
[nebula] 0 entity object(s) were destroyed without a despawn; forgetting them
[nebula] 0 entity object(s) were destroyed without a despawn; forgetting them
[nebula] 0 entity object(s) were destroyed without a despawn; forgetting them
[nebula] 0 entity object(s) were destroyed without a despawn; forgetting them
[nebula] 0 entity object(s) were destroyed without a despawn; forgetting them
[nebula] 0 entity object(s) were destroyed without a despawn; forgetting them
[nebula] 0 entity object(s) were destroyed without a despawn; forgetting them
[nebula] 0 entity object(s) were destroyed without a despawn; forgetting them
[nebula] 0 entity object(s) were destroyed without a despawn; forgetting them
[nebula] 0 entity object(s) were destroyed without a despawn; forgetting them
[nebula] 0 entity object(s) were destroyed without a despawn; forgetting them
[nebula] 0 entity object(s) were destroyed without a despawn; forgetting them
[nebula] 0 entity object(s) were destroyed without a despawn; forgetting them
[nebula] 0 entity object(s) were destroyed without a despawn; forgetting them
[nebula] 0 entity object(s) were destroyed without a despawn; forgetting them
[nebula] 0 entity object(s) were destroyed without a despawn; forgetting them
[nebula] 0 entity object(s) were destroyed without a despawn; forgetting them
[nebula] 0 entity object(s) were destroyed without a despawn; forgetting them
[nebula] 0 entity object(s) were destroyed without a despawn; forgetting them
[nebula] 0 entity object(s) were destroyed without a despawn; forgetting them
[nebula] 0 entity object(s) were destroyed without a despawn; forgetting them
[nebula] 0 entity object(s) were destroyed without a despawn; forgetting them
[nebula] 0 entity object(s) were destroyed without a despawn; forgetting them
[nebula] 0 entity object(s) were destroyed without a despawn; forgetting them
[nebula] 0 entity object(s) were destroyed without a despawn; forgetting them
[nebula] 0 entity object(s) were destroyed without a despawn; forgetting them
[nebula] 0 entity object(s) were destroyed without a despawn; forgetting them
[nebula] 0 entity object(s) were destroyed without a despawn; forgetting them
[nebula] 0 entity object(s) were destroyed without a despawn; forgetting them
[nebula] 0 entity object(s) were destroyed without a despawn; forgetting them
[nebula] 0 entity object(s) were destroyed without a despawn; forgetting them
[nebula] 0 entity object(s) were destroyed without a despawn; forgetting them
[nebula] 0 entity object(s) were destroyed without a despawn; forgetting them
[nebula] 0 entity object(s) were destroyed without a despawn; forgetting them
[nebula] 0 entity object(s) were destroyed without a despawn; forgetting them
[nebula] 0 entity object(s) were destroyed without a despawn; forgetting them
[nebula] 0 entity object(s) were destroyed without a despawn; forgetting them
[nebula] 0 entity object(s) were destroyed without a despawn; forgetting them
[nebula] 0 entity object(s) were destroyed without a despawn; forgetting them
[nebula] 0 entity object(s) were destroyed without a despawn; forgetting them
[nebula] 0 entity object(s) were destroyed without a despawn; forgetting them
[nebula] 0 entity object(s) were destroyed without a despawn; forgetting them
[nebula] 0 entity object(s) were destroyed without a despawn; forgetting them
[nebula] 0 entity object(s) were destroyed without a despawn; forgetting them
[nebula] 0 entity object(s) were destroyed without a despawn; forgetting them
[nebula] 0 entity object(s) were destroyed without a despawn; forgetting them
[nebula] 0 entity object(s) were destroyed without a despawn; forgetting them
[nebula] 0 entity object(s) were destroyed without a despawn; forgetting them
[nebula] 0 entity object(s) were destroyed without a despawn; forgetting them
[nebula] 0 entity object(s) were destroyed without a despawn; forgetting them
[nebula] 0 entity object(s) were destroyed without a despawn; forgetting them
[nebula] 0 entity object(s) were destroyed without a despawn; forgetting them
[nebula] 0 entity object(s) were destroyed without a despawn; forgetting them
[nebula] 0 entity object(s) were destroyed without a despawn; forgetting them
[nebula] 0 entity object(s) were destroyed without a despawn; forgetting them
[nebula] 0 entity object(s) were destroyed without a despawn; forgetting them
[nebula] 0 entity object(s) were destroyed without a despawn; forgetting them
[nebula] 0 entity object(s) were destroyed without a despawn; forgetting them
[nebula] 0 entity object(s) were destroyed without a despawn; forgetting them
[nebula] 0 entity object(s) were destroyed without a despawn; forgetting them
[nebula] 0 entity object(s) were destroyed without a despawn; forgetting them
[nebula] 0 entity object(s) were destroyed without a despawn; forgetting them
[nebula] 0 entity object(s) were destroyed without a despawn; forgetting them
[nebula] 0 entity object(s) were destroyed without a despawn; forgetting them
[nebula] 0 entity object(s) were destroyed without a despawn; forgetting them
[nebula] 0 entity object(s) were destroyed without a despawn; forgetting them
[nebula] 0 entity object(s) were destroyed without a despawn; forgetting them
[nebula] 0 entity object(s) were destroyed without a despawn; forgetting them
[nebula] 0 entity object(s) were destroyed without a despawn; forgetting them
[nebula] 0 entity object(s) were destroyed without a despawn; forgetting them
[nebula] 0 entity object(s) were destroyed without a despawn; forgetting them
[nebula] 0 entity object(s) were destroyed without a despawn; forgetting them
[nebula] 0 entity object(s) were destroyed without a despawn; forgetting them
[nebula] 0 entity object(s) were destroyed without a despawn; forgetting them
[nebula] 0 entity object(s) were destroyed without a despawn; forgetting them
[nebula] 0 entity object(s) were destroyed without a despawn; forgetting them
[nebula] 0 entity object(s) were destroyed without a despawn; forgetting them
[nebula] 0 entity object(s) were destroyed without a despawn; forgetting them
[nebula] 0 entity object(s) were destroyed without a despawn; forgetting them
[nebula] 0 entity object(s) were destroyed without a despawn; forgetting them
[nebula] 0 entity object(s) were destroyed without a despawn; forgetting them
[nebula] 0 entity object(s) were destroyed without a despawn; forgetting them
[nebula] 0 entity object(s) were destroyed without a despawn; forgetting them
[nebula] 0 entity object(s) were destroyed without a despawn; forgetting them
[nebula] 0 entity object(s) were destroyed without a despawn; forgetting them
[nebula] spawned Prop(Clone)#281474976710659(e1,rt_9223358842715242499,auth)
[nebula] 0 entity object(s) were destroyed without a despawn; forgetting them
[nebula] 0 entity object(s) were destroyed without a despawn; forgetting them
[nebula] 0 entity object(s) were destroyed without a despawn; forgetting them
[nebula] 0 entity object(s) were destroyed without a despawn; forgetting them
[nebula] 0 entity object(s) were destroyed without a despawn; forgetting them
[nebula] 0 entity object(s) were destroyed without a despawn; forgetting them
[nebula] 0 entity object(s) were destroyed without a despawn; forgetting them
[nebula] 0 entity object(s) were destroyed without a despawn; forgetting them
[nebula] 0 entity object(s) were destroyed without a despawn; forgetting them
[nebula] 0 entity object(s) were destroyed without a despawn; forgetting them
[nebula] 0 entity object(s) were destroyed without a despawn; forgetting them
[nebula] 0 entity object(s) were destroyed without a despawn; forgetting them
[nebula] 0 entity object(s) were destroyed without a despawn; forgetting them
[nebula] 0 entity object(s) were destroyed without a despawn; forgetting them
[nebula] 0 entity object(s) were destroyed without a despawn; forgetting them
[nebula] 0 entity object(s) were destroyed without a despawn; forgetting them
[nebula] 0 entity object(s) were destroyed without a despawn; forgetting them
[nebula] 0 entity object(s) were destroyed without a despawn; forgetting them
[nebula] 0 entity object(s) were destroyed without a despawn; forgetting them
[nebula] 0 entity object(s) were destroyed without a despawn; forgetting them
[nebula] 0 entity object(s) were destroyed without a despawn; forgetting them
[nebula] 0 entity object(s) were destroyed without a despawn; forgetting them
[nebula] 0 entity object(s) were destroyed without a despawn; forgetting them
[nebula] 0 entity object(s) were destroyed without a despawn; forgetting them
[nebula] 0 entity object(s) were destroyed without a despawn; forgetting them
[nebula] 0 entity object(s) were destroyed without a despawn; forgetting them
[nebula] 0 entity object(s) were destroyed without a despawn; forgetting them
[nebula] 0 entity object(s) were destroyed without a despawn; forgetting them
[nebula] 0 entity object(s) were destroyed without a despawn; forgetting them
[nebula] 0 entity object(s) were destroyed without a despawn; forgetting them
[nebula] 0 entity object(s) were destroyed without a despawn; forgetting them
[nebula] 0 entity object(s) were destroyed without a despawn; forgetting them
[nebula] 0 entity object(s) were destroyed without a despawn; forgetting them
[nebula] 0 entity object(s) were destroyed without a despawn; forgetting them
[nebula] 0 entity object(s) were destroyed without a despawn; forgetting them
[nebula] 0 entity object(s) were destroyed without a despawn; forgetting them
[nebula] local handover Player bot2 (2739580370478432258)#281474976710657(e1,rt_9223363240761753603,auth) rt_9223358842715242499 -> rt_9223363240761753603
[nebula] 0 entity object(s) were destroyed without a despawn; forgetting them
[nebula] 0 entity object(s) were destroyed without a despawn; forgetting them
[nebula] 0 entity object(s) were destroyed without a despawn; forgetting them
[nebula] 0 entity object(s) were destroyed without a despawn; forgetting them
[nebula] 0 entity object(s) were destroyed without a despawn; forgetting them
[nebula] 0 entity object(s) were destroyed without a despawn; forgetting them
[nebula] 0 entity object(s) were destroyed without a despawn; forgetting them
[nebula] 0 entity object(s) were destroyed without a despawn; forgetting them
[nebula] 0 entity object(s) were destroyed without a despawn; forgetting them
[nebula] 0 entity object(s) were destroyed without a despawn; forgetting them
[nebula] 0 entity object(s) were destroyed without a despawn; forgetting them
[nebula] 0 entity object(s) were destroyed without a despawn; forgetting them
[nebula] 0 entity object(s) were destroyed without a despawn; forgetting them
[nebula] 0 entity object(s) were destroyed without a despawn; forgetting them
[nebula] 0 entity object(s) were destroyed without a despawn; forgetting them
[nebula] 0 entity object(s) were destroyed without a despawn; forgetting them
[nebula] 0 entity object(s) were destroyed without a despawn; forgetting them
[nebula] 0 entity object(s) were destroyed without a despawn; forgetting them
[nebula] 0 entity object(s) were destroyed without a despawn; forgetting them
[nebula] 0 entity object(s) were destroyed without a despawn; forgetting them
[nebula] 0 entity object(s) were destroyed without a despawn; forgetting them
[nebula] 0 entity object(s) were destroyed without a despawn; forgetting them
[nebula] 0 entity object(s) were destroyed without a despawn; forgetting them
[nebula] 0 entity object(s) were destroyed without a despawn; forgetting them
[nebula] 0 entity object(s) were destroyed without a despawn; forgetting them
[nebula] 0 entity object(s) were destroyed without a despawn; forgetting them
[nebula] 0 entity object(s) were destroyed without a despawn; forgetting them
[nebula] 0 entity object(s) were destroyed without a despawn; forgetting them
[nebula] 0 entity object(s) were destroyed without a despawn; forgetting them
[nebula] 0 entity object(s) were destroyed without a despawn; forgetting them
[nebula] 0 entity object(s) were destroyed without a despawn; forgetting them
[nebula] 0 entity object(s) were destroyed without a despawn; forgetting them
[nebula] 0 entity object(s) were destroyed without a despawn; forgetting them
[nebula] 0 entity object(s) were destroyed without a despawn; forgetting them
[nebula] 0 entity object(s) were destroyed without a despawn; forgetting them
[nebula] 0 entity object(s) were destroyed without a despawn; forgetting them
[nebula] 0 entity object(s) were destroyed without a despawn; forgetting them
[nebula] 0 entity object(s) were destroyed without a despawn; forgetting them
[nebula] 0 entity object(s) were destroyed without a despawn; forgetting them
[nebula] 0 entity object(s) were destroyed without a despawn; forgetting them
[nebula] 0 entity object(s) were destroyed without a despawn; forgetting them
[nebula] 0 entity object(s) were destroyed without a despawn; forgetting them
[nebula] 0 entity object(s) were destroyed without a despawn; forgetting them
[nebula] 0 entity object(s) were destroyed without a despawn; forgetting them
[nebula] 0 entity object(s) were destroyed without a despawn; forgetting them
[nebula] 0 entity object(s) were destroyed without a despawn; forgetting them
[nebula] 0 entity object(s) were destroyed without a despawn; forgetting them
[nebula] 0 entity object(s) were destroyed without a despawn; forgetting them
[nebula] 0 entity object(s) were destroyed without a despawn; forgetting them
[nebula] 0 entity object(s) were destroyed without a despawn; forgetting them
[nebula] 0 entity object(s) were destroyed without a despawn; forgetting them
[nebula] 0 entity object(s) were destroyed without a despawn; forgetting them
[nebula] 0 entity object(s) were destroyed without a despawn; forgetting them
[nebula] 0 entity object(s) were destroyed without a despawn; forgetting them
[nebula] 0 entity object(s) were destroyed without a despawn; forgetting them
[nebula] 0 entity object(s) were destroyed without a despawn; forgetting them
[nebula] 0 entity object(s) were destroyed without a despawn; forgetting them
[nebula] 0 entity object(s) were destroyed without a despawn; forgetting them
[nebula] 0 entity object(s) were destroyed without a despawn; forgetting them
[nebula] 0 entity object(s) were destroyed without a despawn; forgetting them
[nebula] 0 entity object(s) were destroyed without a despawn; forgetting them
[nebula] 0 entity object(s) were destroyed without a despawn; forgetting them
[nebula] 0 entity object(s) were destroyed without a despawn; forgetting them
[nebula] 0 entity object(s) were destroyed without a despawn; forgetting them
[nebula] 0 entity object(s) were destroyed without a despawn; forgetting them
[nebula] 0 entity object(s) were destroyed without a despawn; forgetting them
[nebula] 0 entity object(s) were destroyed without a despawn; forgetting them
[nebula] 0 entity object(s) were destroyed without a despawn; forgetting them
[nebula] 0 entity object(s) were destroyed without a despawn; forgetting them
[nebula] 0 entity object(s) were destroyed without a despawn; forgetting them
[nebula] 0 entity object(s) were destroyed without a despawn; forgetting them
[nebula] 0 entity object(s) were destroyed without a despawn; forgetting them
[nebula] 0 entity object(s) were destroyed without a despawn; forgetting them
[nebula] 0 entity object(s) were destroyed without a despawn; forgetting them
[nebula] 0 entity object(s) were destroyed without a despawn; forgetting them
[nebula] 0 entity object(s) were destroyed without a despawn; forgetting them
[nebula] 0 entity object(s) were destroyed without a despawn; forgetting them
[nebula] 0 entity object(s) were destroyed without a despawn; forgetting them
[nebula] 0 entity object(s) were destroyed without a despawn; forgetting them
[nebula] 0 entity object(s) were destroyed without a despawn; forgetting them
[nebula] 0 entity object(s) were destroyed without a despawn; forgetting them
[nebula] 0 entity object(s) were destroyed without a despawn; forgetting them
[nebula] 0 entity object(s) were destroyed without a despawn; forgetting them
[nebula] 0 entity object(s) were destroyed without a despawn; forgetting them
[nebula] 0 entity object(s) were destroyed without a despawn; forgetting them
[nebula] 0 entity object(s) were destroyed without a despawn; forgetting them
[nebula] 0 entity object(s) were destroyed without a despawn; forgetting them
[nebula] 0 entity object(s) were destroyed without a despawn; forgetting them
[nebula] 0 entity object(s) were destroyed without a despawn; forgetting them
[nebula] 0 entity object(s) were destroyed without a despawn; forgetting them
[nebula] 0 entity object(s) were destroyed without a despawn; forgetting them
[nebula] 0 entity object(s) were destroyed without a despawn; forgetting them
[nebula] 0 entity object(s) were destroyed without a despawn; forgetting them
[nebula] 0 entity object(s) were destroyed without a despawn; forgetting them
[nebula] 0 entity object(s) were destroyed without a despawn; forgetting them
[nebula] 0 entity object(s) were destroyed without a despawn; forgetting them
[nebula] 0 entity object(s) were destroyed without a despawn; forgetting them
[nebula] 0 entity object(s) were destroyed without a despawn; forgetting them
[nebula] 0 entity object(s) were destroyed without a despawn; forgetting them
[nebula] 0 entity object(s) were destroyed without a despawn; forgetting them
[nebula] 0 entity object(s) were destroyed without a despawn; forgetting them
[nebula] 0 entity object(s) were destroyed without a despawn; forgetting them
[nebula] 0 entity object(s) were destroyed without a despawn; forgetting them
[nebula] 0 entity object(s) were destroyed without a despawn; forgetting them
[nebula] 0 entity object(s) were destroyed without a despawn; forgetting them
[nebula] 0 entity object(s) were destroyed without a despawn; forgetting them
[nebula] 0 entity object(s) were destroyed without a despawn; forgetting them
[nebula] 0 entity object(s) were destroyed without a despawn; forgetting them
[nebula] 0 entity object(s) were destroyed without a despawn; forgetting them
[nebula] 0 entity object(s) were destroyed without a despawn; forgetting them
[nebula] 0 entity object(s) were destroyed without a despawn; forgetting them
[nebula] 0 entity object(s) were destroyed without a despawn; forgetting them
[nebula] 0 entity object(s) were destroyed without a despawn; forgetting them
[nebula] 0 entity object(s) were destroyed without a despawn; forgetting them
[nebula] 0 entity object(s) were destroyed without a despawn; forgetting them
[nebula] 0 entity object(s) were destroyed without a despawn; forgetting them
[nebula] 0 entity object(s) were destroyed without a despawn; forgetting them
[nebula] 0 entity object(s) were destroyed without a despawn; forgetting them
[nebula] 0 entity object(s) were destroyed without a despawn; forgetting them
[nebula] 0 entity object(s) were destroyed without a despawn; forgetting them
[nebula] 0 entity object(s) were destroyed without a despawn; forgetting them
[nebula] 0 entity object(s) were destroyed without a despawn; forgetting them
[nebula] 0 entity object(s) were destroyed without a despawn; forgetting them
[nebula] 0 entity object(s) were destroyed without a despawn; forgetting them
[nebula] 0 entity object(s) were destroyed without a despawn; forgetting them
[nebula] 0 entity object(s) were destroyed without a despawn; forgetting them
[nebula] 0 entity object(s) were destroyed without a despawn; forgetting them
[nebula] 0 entity object(s) were destroyed without a despawn; forgetting them
[nebula] 0 entity object(s) were destroyed without a despawn; forgetting them
[nebula] 0 entity object(s) were destroyed without a despawn; forgetting them
[nebula] 0 entity object(s) were destroyed without a despawn; forgetting them
[nebula] 0 entity object(s) were destroyed without a despawn; forgetting them
[nebula] 0 entity object(s) were destroyed without a despawn; forgetting them
[nebula] 0 entity object(s) were destroyed without a despawn; forgetting them
[nebula] 0 entity object(s) were destroyed without a despawn; forgetting them
[nebula] 0 entity object(s) were destroyed without a despawn; forgetting them
[nebula] 0 entity object(s) were destroyed without a despawn; forgetting them
[nebula] 0 entity object(s) were destroyed without a despawn; forgetting them
[nebula] 0 entity object(s) were destroyed without a despawn; forgetting them
[nebula] 0 entity object(s) were destroyed without a despawn; forgetting them
[nebula] 0 entity object(s) were destroyed without a despawn; forgetting them
[nebula] 0 entity object(s) were destroyed without a despawn; forgetting them
[nebula] 0 entity object(s) were destroyed without a despawn; forgetting them
[nebula] 0 entity object(s) were destroyed without a despawn; forgetting them
[nebula] spawned Prop(Clone)#281474976710660(e1,rt_9223363240761753603,auth)
[nebula] 0 entity object(s) were destroyed without a despawn; forgetting them
[nebula] 0 entity object(s) were destroyed without a despawn; forgetting them
[nebula] 0 entity object(s) were destroyed without a despawn; forgetting them
[nebula] 0 entity object(s) were destroyed without a despawn; forgetting them
[nebula] 0 entity object(s) were destroyed without a despawn; forgetting them
[nebula] 0 entity object(s) were destroyed without a despawn; forgetting them
[nebula] 0 entity object(s) were destroyed without a despawn; forgetting them
[nebula] 0 entity object(s) were destroyed without a despawn; forgetting them
[nebula] 0 entity object(s) were destroyed without a despawn; forgetting them
[nebula] 0 entity object(s) were destroyed without a despawn; forgetting them
[nebula] 0 entity object(s) were destroyed without a despawn; forgetting them
[nebula] 0 entity object(s) were destroyed without a despawn; forgetting them
[nebula] 0 entity object(s) were destroyed without a despawn; forgetting them
[nebula] 0 entity object(s) were destroyed without a despawn; forgetting them
[nebula] 0 entity object(s) were destroyed without a despawn; forgetting them
[nebula] 0 entity object(s) were destroyed without a despawn; forgetting them
[nebula] 0 entity object(s) were destroyed without a despawn; forgetting them
[nebula] 0 entity object(s) were destroyed without a despawn; forgetting them
[nebula] 0 entity object(s) were destroyed without a despawn; forgetting them
[nebula] 0 entity object(s) were destroyed without a despawn; forgetting them
[nebula] 0 entity object(s) were destroyed without a despawn; forgetting them
[nebula] 0 entity object(s) were destroyed without a despawn; forgetting them
[nebula] 0 entity object(s) were destroyed without a despawn; forgetting them
[nebula] 0 entity object(s) were destroyed without a despawn; forgetting them
[nebula] 0 entity object(s) were destroyed without a despawn; forgetting them
[nebula] 0 entity object(s) were destroyed without a despawn; forgetting them
[nebula] 0 entity object(s) were destroyed without a despawn; forgetting them
[nebula] 0 entity object(s) were destroyed without a despawn; forgetting them
[nebula] 0 entity object(s) were destroyed without a despawn; forgetting them
[nebula] 0 entity object(s) were destroyed without a despawn; forgetting them
[nebula] 0 entity object(s) were destroyed without a despawn; forgetting them
[nebula] 0 entity object(s) were destroyed without a despawn; forgetting them
[nebula] 0 entity object(s) were destroyed without a despawn; forgetting them
[nebula] 0 entity object(s) were destroyed without a despawn; forgetting them
[nebula] profile 300 ticks/5s 300 frames avg 0.2ms max 1.6ms dup 0 skip 0 gc 28 auth 4 ghosts 0 | poll=0.01 ghosts=0.00 physics.sync=0.00 simulate=0.01 poses=0.03 containers=0.08 band=0.01 publish=0.01 gap=16.42 interest=0.01
[nebula] 0 entity object(s) were destroyed without a despawn; forgetting them
[nebula] 0 entity object(s) were destroyed without a despawn; forgetting them
[nebula] 0 entity object(s) were destroyed without a despawn; forgetting them
[nebula] 0 entity object(s) were destroyed without a despawn; forgetting them
[nebula] 0 entity object(s) were destroyed without a despawn; forgetting them
[nebula] 0 entity object(s) were destroyed without a despawn; forgetting them
[nebula] 0 entity object(s) were destroyed without a despawn; forgetting them
[nebula] 0 entity object(s) were destroyed without a despawn; forgetting them
[nebula] 0 entity object(s) were destroyed without a despawn; forgetting them
[nebula] 0 entity object(s) were destroyed without a despawn; forgetting them
[nebula] 0 entity object(s) were destroyed without a despawn; forgetting them
[nebula] 0 entity object(s) were destroyed without a despawn; forgetting them
[nebula] 0 entity object(s) were destroyed without a despawn; forgetting them
[nebula] 0 entity object(s) were destroyed without a despawn; forgetting them
[nebula] 0 entity object(s) were destroyed without a despawn; forgetting them
[nebula] 0 entity object(s) were destroyed without a despawn; forgetting them
[nebula] 0 entity object(s) were destroyed without a despawn; forgetting them
[nebula] ghost Player(Clone)#844424930131969(e2,rt_9223358842715242496,auth) -> w3
[nebula] handover IN  Player(Clone)#844424930131969(e2,rt_9223358842715242496,auth) <- w3 (epoch 2, tick 1365037930)
[nebula] ghost Prop(Clone)#844424930131971(e2,rt_9223358842715242496,auth) -> w3
[nebula] handover IN  Prop(Clone)#844424930131971(e2,rt_9223358842715242496,auth) <- w3 (epoch 2, tick 1365037930)
[nebula] ghost Prop(Clone)#844424930131973(e2,rt_9223358842715242496,auth) -> w3
[nebula] handover IN  Prop(Clone)#844424930131973(e2,rt_9223358842715242496,auth) <- w3 (epoch 2, tick 1365037930)
[nebula] ghost Prop(Clone)#844424930131975(e2,rt_9223358842715242496,auth) -> w3
[nebula] handover IN  Prop(Clone)#844424930131975(e2,rt_9223358842715242496,auth) <- w3 (epoch 2, tick 1365037930)
[nebula] 0 entity object(s) were destroyed without a despawn; forgetting them
[nebula] 0 entity object(s) were destroyed without a despawn; forgetting them
[nebula] 0 entity object(s) were destroyed without a despawn; forgetting them
[nebula] 0 entity object(s) were destroyed without a despawn; forgetting them
[nebula] 0 entity object(s) were destroyed without a despawn; forgetting them
[nebula] 0 entity object(s) were destroyed without a despawn; forgetting them
[nebula] 0 entity object(s) were destroyed without a despawn; forgetting them
[nebula] 0 entity object(s) were destroyed without a despawn; forgetting them
[nebula] 0 entity object(s) were destroyed without a despawn; forgetting them
[nebula] 0 entity object(s) were destroyed without a despawn; forgetting them
[nebula] 0 entity object(s) were destroyed without a despawn; forgetting them
[nebula] local handover Player(Clone)#844424930131969(e2,rt_9223363240761753600,auth) rt_9223358842715242496 -> rt_9223363240761753600
[nebula] 0 entity object(s) were destroyed without a despawn; forgetting them
[nebula] 0 entity object(s) were destroyed without a despawn; forgetting them
[nebula] 0 entity object(s) were destroyed without a despawn; forgetting them
[nebula] 0 entity object(s) were destroyed without a despawn; forgetting them
[nebula] 0 entity object(s) were destroyed without a despawn; forgetting them
[nebula] 0 entity object(s) were destroyed without a despawn; forgetting them
[nebula] 0 entity object(s) were destroyed without a despawn; forgetting them
[nebula] 0 entity object(s) were destroyed without a despawn; forgetting them
[nebula] 0 entity object(s) were destroyed without a despawn; forgetting them
[nebula] 0 entity object(s) were destroyed without a despawn; forgetting them
[nebula] 0 entity object(s) were destroyed without a despawn; forgetting them
[nebula] 0 entity object(s) were destroyed without a despawn; forgetting them
[nebula] 0 entity object(s) were destroyed without a despawn; forgetting them
[nebula] 0 entity object(s) were destroyed without a despawn; forgetting them
[nebula] 0 entity object(s) were destroyed without a despawn; forgetting them
[nebula] 0 entity object(s) were destroyed without a despawn; forgetting them
[nebula] 0 entity object(s) were destroyed without a despawn; forgetting them
[nebula] 0 entity object(s) were destroyed without a despawn; forgetting them
[nebula] 0 entity object(s) were destroyed without a despawn; forgetting them
[nebula] 0 entity object(s) were destroyed without a despawn; forgetting them
[nebula] 0 entity object(s) were destroyed without a despawn; forgetting them
[nebula] 0 entity object(s) were destroyed without a despawn; forgetting them
[nebula] 0 entity object(s) were destroyed without a despawn; forgetting them
[nebula] 0 entity object(s) were destroyed without a despawn; forgetting them
[nebula] 0 entity object(s) were destroyed without a despawn; forgetting them
[nebula] 0 entity object(s) were destroyed without a despawn; forgetting them
[nebula] 0 entity object(s) were destroyed without a despawn; forgetting them
[nebula] 0 entity object(s) were destroyed without a despawn; forgetting them
[nebula] 0 entity object(s) were destroyed without a despawn; forgetting them
[nebula] 0 entity object(s) were destroyed without a despawn; forgetting them
[nebula] 0 entity object(s) were destroyed without a despawn; forgetting them
[nebula] 0 entity object(s) were destroyed without a despawn; forgetting them
[nebula] 0 entity object(s) were destroyed without a despawn; forgetting them
[nebula] 0 entity object(s) were destroyed without a despawn; forgetting them
[nebula] 0 entity object(s) were destroyed without a despawn; forgetting them
[nebula] 0 entity object(s) were destroyed without a despawn; forgetting them
[nebula] 0 entity object(s) were destroyed without a despawn; forgetting them
[nebula] 0 entity object(s) were destroyed without a despawn; forgetting them
[nebula] 0 entity object(s) were destroyed without a despawn; forgetting them
[nebula] 0 entity object(s) were destroyed without a despawn; forgetting them
[nebula] 0 entity object(s) were destroyed without a despawn; forgetting them
[nebula] 0 entity object(s) were destroyed without a despawn; forgetting them
[nebula] 0 entity object(s) were destroyed without a despawn; forgetting them
[nebula] 0 entity object(s) were destroyed without a despawn; forgetting them
[nebula] 0 entity object(s) were destroyed without a despawn; forgetting them
[nebula] 0 entity object(s) were destroyed without a despawn; forgetting them
[nebula] 0 entity object(s) were destroyed without a despawn; forgetting them
[nebula] 0 entity object(s) were destroyed without a despawn; forgetting them
[nebula] 0 entity object(s) were destroyed without a despawn; forgetting them
[nebula] 0 entity object(s) were destroyed without a despawn; forgetting them
[nebula] 0 entity object(s) were destroyed without a despawn; forgetting them
[nebula] 0 entity object(s) were destroyed without a despawn; forgetting them
[nebula] 0 entity object(s) were destroyed without a despawn; forgetting them
[nebula] 0 entity object(s) were destroyed without a despawn; forgetting them
[nebula] 0 entity object(s) were destroyed without a despawn; forgetting them
[nebula] 0 entity object(s) were destroyed without a despawn; forgetting them
[nebula] 0 entity object(s) were destroyed without a despawn; forgetting them
[nebula] 0 entity object(s) were destroyed without a despawn; forgetting them
[nebula] 0 entity object(s) were destroyed without a despawn; forgetting them
[nebula] 0 entity object(s) were destroyed without a despawn; forgetting them
[nebula] 0 entity object(s) were destroyed without a despawn; forgetting them
[nebula] 0 entity object(s) were destroyed without a despawn; forgetting them
[nebula] 0 entity object(s) were destroyed without a despawn; forgetting them
[nebula] 0 entity object(s) were destroyed without a despawn; forgetting them
[nebula] 0 entity object(s) were destroyed without a despawn; forgetting them
[nebula] 0 entity object(s) were destroyed without a despawn; forgetting them
[nebula] 0 entity object(s) were destroyed without a despawn; forgetting them
[nebula] 0 entity object(s) were destroyed without a despawn; forgetting them
[nebula] 0 entity object(s) were destroyed without a despawn; forgetting them
[nebula] 0 entity object(s) were destroyed without a despawn; forgetting them
[nebula] 0 entity object(s) were destroyed without a despawn; forgetting them
[nebula] 0 entity object(s) were destroyed without a despawn; forgetting them
[nebula] 0 entity object(s) were destroyed without a despawn; forgetting them
[nebula] 0 entity object(s) were destroyed without a despawn; forgetting them
[nebula] 0 entity object(s) were destroyed without a despawn; forgetting them
[nebula] 0 entity object(s) were destroyed without a despawn; forgetting them
[nebula] 0 entity object(s) were destroyed without a despawn; forgetting them
[nebula] 0 entity object(s) were destroyed without a despawn; forgetting them
[nebula] 0 entity object(s) were destroyed without a despawn; forgetting them
[nebula] 0 entity object(s) were destroyed without a despawn; forgetting them
[nebula] 0 entity object(s) were destroyed without a despawn; forgetting them
[nebula] 0 entity object(s) were destroyed without a despawn; forgetting them
[nebula] 0 entity object(s) were destroyed without a despawn; forgetting them
[nebula] 0 entity object(s) were destroyed without a despawn; forgetting them
[nebula] 0 entity object(s) were destroyed without a despawn; forgetting them
[nebula] 0 entity object(s) were destroyed without a despawn; forgetting them
[nebula] 0 entity object(s) were destroyed without a despawn; forgetting them
[nebula] 0 entity object(s) were destroyed without a despawn; forgetting them
[nebula] 0 entity object(s) were destroyed without a despawn; forgetting them
[nebula] 0 entity object(s) were destroyed without a despawn; forgetting them
[nebula] 0 entity object(s) were destroyed without a despawn; forgetting them
[nebula] 0 entity object(s) were destroyed without a despawn; forgetting them
[nebula] 0 entity object(s) were destroyed without a despawn; forgetting them
[nebula] 0 entity object(s) were destroyed without a despawn; forgetting them
[nebula] 0 entity object(s) were destroyed without a despawn; forgetting them
[nebula] 0 entity object(s) were destroyed without a despawn; forgetting them
[nebula] 0 entity object(s) were destroyed without a despawn; forgetting them
[nebula] 0 entity object(s) were destroyed without a despawn; forgetting them
[nebula] 0 entity object(s) were destroyed without a despawn; forgetting them
[nebula] 0 entity object(s) were destroyed without a despawn; forgetting them
[nebula] 0 entity object(s) were destroyed without a despawn; forgetting them
[nebula] 0 entity object(s) were destroyed without a despawn; forgetting them
[nebula] 0 entity object(s) were destroyed without a despawn; forgetting them
[nebula] 0 entity object(s) were destroyed without a despawn; forgetting them
[nebula] 0 entity object(s) were destroyed without a despawn; forgetting them
[nebula] 0 entity object(s) were destroyed without a despawn; forgetting them
[nebula] 0 entity object(s) were destroyed without a despawn; forgetting them
[nebula] 0 entity object(s) were destroyed without a despawn; forgetting them
[nebula] 0 entity object(s) were destroyed without a despawn; forgetting them
[nebula] 0 entity object(s) were destroyed without a despawn; forgetting them
[nebula] 0 entity object(s) were destroyed without a despawn; forgetting them
[nebula] 0 entity object(s) were destroyed without a despawn; forgetting them
[nebula] 0 entity object(s) were destroyed without a despawn; forgetting them
[nebula] 0 entity object(s) were destroyed without a despawn; forgetting them
[nebula] 0 entity object(s) were destroyed without a despawn; forgetting them
[nebula] 0 entity object(s) were destroyed without a despawn; forgetting them
[nebula] 0 entity object(s) were destroyed without a despawn; forgetting them
[nebula] 0 entity object(s) were destroyed without a despawn; forgetting them
[nebula] spawned Prop(Clone)#281474976710661(e1,rt_9223363240761753603,auth)
[nebula] 0 entity object(s) were destroyed without a despawn; forgetting them
[nebula] 0 entity object(s) were destroyed without a despawn; forgetting them
[nebula] 0 entity object(s) were destroyed without a despawn; forgetting them
[nebula] spawned Prop(Clone)#281474976710662(e1,rt_9223363240761753600,auth)
[nebula] 0 entity object(s) were destroyed without a despawn; forgetting them
[nebula] 0 entity object(s) were destroyed without a despawn; forgetting them
[nebula] 0 entity object(s) were destroyed without a despawn; forgetting them
[nebula] 0 entity object(s) were destroyed without a despawn; forgetting them
[nebula] 0 entity object(s) were destroyed without a despawn; forgetting them
[nebula] 0 entity object(s) were destroyed without a despawn; forgetting them
[nebula] 0 entity object(s) were destroyed without a despawn; forgetting them
[nebula] 0 entity object(s) were destroyed without a despawn; forgetting them
[nebula] 0 entity object(s) were destroyed without a despawn; forgetting them
[nebula] 0 entity object(s) were destroyed without a despawn; forgetting them
[nebula] 0 entity object(s) were destroyed without a despawn; forgetting them
[nebula] 0 entity object(s) were destroyed without a despawn; forgetting them
[nebula] 0 entity object(s) were destroyed without a despawn; forgetting them
[nebula] 0 entity object(s) were destroyed without a despawn; forgetting them
[nebula] 0 entity object(s) were destroyed without a despawn; forgetting them
[nebula] 0 entity object(s) were destroyed without a despawn; forgetting them
[nebula] 0 entity object(s) were destroyed without a despawn; forgetting them
[nebula] 0 entity object(s) were destroyed without a despawn; forgetting them
[nebula] 0 entity object(s) were destroyed without a despawn; forgetting them
[nebula] 0 entity object(s) were destroyed without a despawn; forgetting them
[nebula] 0 entity object(s) were destroyed without a despawn; forgetting them
[nebula] 0 entity object(s) were destroyed without a despawn; forgetting them
[nebula] 0 entity object(s) were destroyed without a despawn; forgetting them
[nebula] 0 entity object(s) were destroyed without a despawn; forgetting them
[nebula] 0 entity object(s) were destroyed without a despawn; forgetting them
[nebula] 0 entity object(s) were destroyed without a despawn; forgetting them
[nebula] 0 entity object(s) were destroyed without a despawn; forgetting them
[nebula] 0 entity object(s) were destroyed without a despawn; forgetting them
[nebula] 0 entity object(s) were destroyed without a despawn; forgetting them
[nebula] 0 entity object(s) were destroyed without a despawn; forgetting them
[nebula] 0 entity object(s) were destroyed without a despawn; forgetting them
[nebula] 0 entity object(s) were destroyed without a despawn; forgetting them
[nebula] 0 entity object(s) were destroyed without a despawn; forgetting them
[nebula] 0 entity object(s) were destroyed without a despawn; forgetting them
[nebula] 0 entity object(s) were destroyed without a despawn; forgetting them
[nebula] 0 entity object(s) were destroyed without a despawn; forgetting them
[nebula] 0 entity object(s) were destroyed without a despawn; forgetting them
[nebula] 0 entity object(s) were destroyed without a despawn; forgetting them
[nebula] 0 entity object(s) were destroyed without a despawn; forgetting them
[nebula] 0 entity object(s) were destroyed without a despawn; forgetting them
[nebula] 0 entity object(s) were destroyed without a despawn; forgetting them
[nebula] 0 entity object(s) were destroyed without a despawn; forgetting them
[nebula] 0 entity object(s) were destroyed without a despawn; forgetting them
[nebula] 0 entity object(s) were destroyed without a despawn; forgetting them
[nebula] 0 entity object(s) were destroyed without a despawn; forgetting them
[nebula] 0 entity object(s) were destroyed without a despawn; forgetting them
[nebula] 0 entity object(s) were destroyed without a despawn; forgetting them
[nebula] 0 entity object(s) were destroyed without a despawn; forgetting them
[nebula] 0 entity object(s) were destroyed without a despawn; forgetting them
[nebula] 0 entity object(s) were destroyed without a despawn; forgetting them
[nebula] 0 entity object(s) were destroyed without a despawn; forgetting them
[nebula] 0 entity object(s) were destroyed without a despawn; forgetting them
[nebula] 0 entity object(s) were destroyed without a despawn; forgetting them
[nebula] 0 entity object(s) were destroyed without a despawn; forgetting them
[nebula] 0 entity object(s) were destroyed without a despawn; forgetting them
[nebula] 0 entity object(s) were destroyed without a despawn; forgetting them
[nebula] 0 entity object(s) were destroyed without a despawn; forgetting them
[nebula] 0 entity object(s) were destroyed without a despawn; forgetting them
[nebula] 0 entity object(s) were destroyed without a despawn; forgetting them
[nebula] 0 entity object(s) were destroyed without a despawn; forgetting them
[nebula] 0 entity object(s) were destroyed without a despawn; forgetting them
[nebula] 0 entity object(s) were destroyed without a despawn; forgetting them
[nebula] 0 entity object(s) were destroyed without a despawn; forgetting them
[nebula] 0 entity object(s) were destroyed without a despawn; forgetting them
[nebula] 0 entity object(s) were destroyed without a despawn; forgetting them
[nebula] 0 entity object(s) were destroyed without a despawn; forgetting them
[nebula] 0 entity object(s) were destroyed without a despawn; forgetting them
[nebula] 0 entity object(s) were destroyed without a despawn; forgetting them
[nebula] 0 entity object(s) were destroyed without a despawn; forgetting them
[nebula] 0 entity object(s) were destroyed without a despawn; forgetting them
[nebula] 0 entity object(s) were destroyed without a despawn; forgetting them
[nebula] 0 entity object(s) were destroyed without a despawn; forgetting them
[nebula] 0 entity object(s) were destroyed without a despawn; forgetting them
[nebula] 0 entity object(s) were destroyed without a despawn; forgetting them
[nebula] 0 entity object(s) were destroyed without a despawn; forgetting them
[nebula] 0 entity object(s) were destroyed without a despawn; forgetting them
[nebula] 0 entity object(s) were destroyed without a despawn; forgetting them
[nebula] 0 entity object(s) were destroyed without a despawn; forgetting them
[nebula] 0 entity object(s) were destroyed without a despawn; forgetting them
[nebula] 0 entity object(s) were destroyed without a despawn; forgetting them
[nebula] 0 entity object(s) were destroyed without a despawn; forgetting them
[nebula] 0 entity object(s) were destroyed without a despawn; forgetting them
[nebula] 0 entity object(s) were destroyed without a despawn; forgetting them
[nebula] 0 entity object(s) were destroyed without a despawn; forgetting them
[nebula] 0 entity object(s) were destroyed without a despawn; forgetting them
[nebula] 0 entity object(s) were destroyed without a despawn; forgetting them
[nebula] 0 entity object(s) were destroyed without a despawn; forgetting them
[nebula] 0 entity object(s) were destroyed without a despawn; forgetting them
[nebula] 0 entity object(s) were destroyed without a despawn; forgetting them
[nebula] 0 entity object(s) were destroyed without a despawn; forgetting them
[nebula] 0 entity object(s) were destroyed without a despawn; forgetting them
[nebula] 0 entity object(s) were destroyed without a despawn; forgetting them
[nebula] 0 entity object(s) were destroyed without a despawn; forgetting them
[nebula] 0 entity object(s) were destroyed without a despawn; forgetting them
[nebula] 0 entity object(s) were destroyed without a despawn; forgetting them
[nebula] 0 entity object(s) were destroyed without a despawn; forgetting them
[nebula] 0 entity object(s) were destroyed without a despawn; forgetting them
[nebula] 0 entity object(s) were destroyed without a despawn; forgetting them
[nebula] 0 entity object(s) were destroyed without a despawn; forgetting them
[nebula] 0 entity object(s) were destroyed without a despawn; forgetting them
[nebula] 0 entity object(s) were destroyed without a despawn; forgetting them
[nebula] 0 entity object(s) were destroyed without a despawn; forgetting them
[nebula] 0 entity object(s) were destroyed without a despawn; forgetting them
[nebula] 0 entity object(s) were destroyed without a despawn; forgetting them
[nebula] 0 entity object(s) were destroyed without a despawn; forgetting them
[nebula] 0 entity object(s) were destroyed without a despawn; forgetting them
[nebula] 0 entity object(s) were destroyed without a despawn; forgetting them
[nebula] 0 entity object(s) were destroyed without a despawn; forgetting them
[nebula] 0 entity object(s) were destroyed without a despawn; forgetting them
[nebula] 0 entity object(s) were destroyed without a despawn; forgetting them
[nebula] 0 entity object(s) were destroyed without a despawn; forgetting them
[nebula] 0 entity object(s) were destroyed without a despawn; forgetting them
[nebula] 0 entity object(s) were destroyed without a despawn; forgetting them
[nebula] 0 entity object(s) were destroyed without a despawn; forgetting them
[nebula] 0 entity object(s) were destroyed without a despawn; forgetting them
[nebula] 0 entity object(s) were destroyed without a despawn; forgetting them
[nebula] 0 entity object(s) were destroyed without a despawn; forgetting them
[nebula] 0 entity object(s) were destroyed without a despawn; forgetting them
[nebula] 0 entity object(s) were destroyed without a despawn; forgetting them
[nebula] 0 entity object(s) were destroyed without a despawn; forgetting them
[nebula] 0 entity object(s) were destroyed without a despawn; forgetting them
[nebula] 0 entity object(s) were destroyed without a despawn; forgetting them
[nebula] 0 entity object(s) were destroyed without a despawn; forgetting them
[nebula] 0 entity object(s) were destroyed without a despawn; forgetting them
[nebula] 0 entity object(s) were destroyed without a despawn; forgetting them
[nebula] 0 entity object(s) were destroyed without a despawn; forgetting them
[nebula] 0 entity object(s) were destroyed without a despawn; forgetting them
[nebula] 0 entity object(s) were destroyed without a despawn; forgetting them
[nebula] 0 entity object(s) were destroyed without a despawn; forgetting them
[nebula] 0 entity object(s) were destroyed without a despawn; forgetting them
[nebula] 0 entity object(s) were destroyed without a despawn; forgetting them
[nebula] 0 entity object(s) were destroyed without a despawn; forgetting them
[nebula] 0 entity object(s) were destroyed without a despawn; forgetting them
[nebula] 0 entity object(s) were destroyed without a despawn; forgetting them
[nebula] 0 entity object(s) were destroyed without a despawn; forgetting them
[nebula] 0 entity object(s) were destroyed without a despawn; forgetting them
[nebula] 0 entity object(s) were destroyed without a despawn; forgetting them
[nebula] 0 entity object(s) were destroyed without a despawn; forgetting them
[nebula] 0 entity object(s) were destroyed without a despawn; forgetting them
[nebula] 0 entity object(s) were destroyed without a despawn; forgetting them
[nebula] 0 entity object(s) were destroyed without a despawn; forgetting them
[nebula] 0 entity object(s) were destroyed without a despawn; forgetting them
[nebula] 0 entity object(s) were destroyed without a despawn; forgetting them
[nebula] ghost Player(Clone)#844424930131970(e2,rt_8796095119359,auth) -> w3
[nebula] handover IN  Player(Clone)#844424930131970(e2,rt_8796095119359,auth) <- w3 (epoch 2, tick 1365038205)
[nebula] ghost Prop(Clone)#844424930131974(e2,rt_8796095119359,auth) -> w3
[nebula] handover IN  Prop(Clone)#844424930131974(e2,rt_8796095119359,auth) <- w3 (epoch 2, tick 1365038205)
[nebula] ghost Prop(Clone)#844424930131976(e2,rt_8796095119359,auth) -> w3
[nebula] handover IN  Prop(Clone)#844424930131976(e2,rt_8796095119359,auth) <- w3 (epoch 2, tick 1365038205)
[nebula] ghost Prop(Clone)#844424930131977(e2,rt_8796095119359,auth) -> w3
[nebula] handover IN  Prop(Clone)#844424930131977(e2,rt_8796095119359,auth) <- w3 (epoch 2, tick 1365038205)
[nebula] 0 entity object(s) were destroyed without a despawn; forgetting them
[nebula] 0 entity object(s) were destroyed without a despawn; forgetting them
[nebula] 0 entity object(s) were destroyed without a despawn; forgetting them
[nebula] 0 entity object(s) were destroyed without a despawn; forgetting them
[nebula] 0 entity object(s) were destroyed without a despawn; forgetting them
[nebula] 0 entity object(s) were destroyed without a despawn; forgetting them
[nebula] 0 entity object(s) were destroyed without a despawn; forgetting them
[nebula] 0 entity object(s) were destroyed without a despawn; forgetting them
[nebula] profile 300 ticks/5s 300 frames avg 0.4ms max 0.9ms dup 0 skip 0 gc 27 auth 14 ghosts 0 | poll=0.03 ghosts=0.00 physics.sync=0.00 simulate=0.01 poses=0.03 containers=0.21 band=0.02 publish=0.01 gap=16.28 interest=0.01
[nebula] 0 entity object(s) were destroyed without a despawn; forgetting them
[nebula] 0 entity object(s) were destroyed without a despawn; forgetting them
[nebula] 0 entity object(s) were destroyed without a despawn; forgetting them
[nebula] 0 entity object(s) were destroyed without a despawn; forgetting them
[nebula] 0 entity object(s) were destroyed without a despawn; forgetting them
[nebula] 0 entity object(s) were destroyed without a despawn; forgetting them
[nebula] 0 entity object(s) were destroyed without a despawn; forgetting them
[nebula] 0 entity object(s) were destroyed without a despawn; forgetting them
[nebula] 0 entity object(s) were destroyed without a despawn; forgetting them
[nebula] 0 entity object(s) were destroyed without a despawn; forgetting them
[nebula] 0 entity object(s) were destroyed without a despawn; forgetting them
[nebula] 0 entity object(s) were destroyed without a despawn; forgetting them
[nebula] 0 entity object(s) were destroyed without a despawn; forgetting them
[nebula] 0 entity object(s) were destroyed without a despawn; forgetting them
[nebula] 0 entity object(s) were destroyed without a despawn; forgetting them
[nebula] 0 entity object(s) were destroyed without a despawn; forgetting them
[nebula] 0 entity object(s) were destroyed without a despawn; forgetting them
[nebula] 0 entity object(s) were destroyed without a despawn; forgetting them
[nebula] 0 entity object(s) were destroyed without a despawn; forgetting them
[nebula] 0 entity object(s) were destroyed without a despawn; forgetting them
[nebula] 0 entity object(s) were destroyed without a despawn; forgetting them
[nebula] 0 entity object(s) were destroyed without a despawn; forgetting them
[nebula] 0 entity object(s) were destroyed without a despawn; forgetting them
[nebula] 0 entity object(s) were destroyed without a despawn; forgetting them
[nebula] 0 entity object(s) were destroyed without a despawn; forgetting them
[nebula] 0 entity object(s) were destroyed without a despawn; forgetting them
[nebula] spawned Prop(Clone)#281474976710663(e1,rt_9223363240761753603,auth)
[nebula] 0 entity object(s) were destroyed without a despawn; forgetting them
[nebula] 0 entity object(s) were destroyed without a despawn; forgetting them
[nebula] spawned Prop(Clone)#281474976710664(e1,rt_8796095119359,auth)
[nebula] 0 entity object(s) were destroyed without a despawn; forgetting them
[nebula] spawned Prop(Clone)#281474976710665(e1,rt_9223363240761753600,auth)
[nebula] 0 entity object(s) were destroyed without a despawn; forgetting them
[nebula] 0 entity object(s) were destroyed without a despawn; forgetting them
[nebula] 0 entity object(s) were destroyed without a despawn; forgetting them
[nebula] 0 entity object(s) were destroyed without a despawn; forgetting them
[nebula] 0 entity object(s) were destroyed without a despawn; forgetting them
[nebula] 0 entity object(s) were destroyed without a despawn; forgetting them
[nebula] 0 entity object(s) were destroyed without a despawn; forgetting them
[nebula] 0 entity object(s) were destroyed without a despawn; forgetting them
[nebula] 0 entity object(s) were destroyed without a despawn; forgetting them
[nebula] 0 entity object(s) were destroyed without a despawn; forgetting them
[nebula] 0 entity object(s) were destroyed without a despawn; forgetting them
[nebula] 0 entity object(s) were destroyed without a despawn; forgetting them
[nebula] 0 entity object(s) were destroyed without a despawn; forgetting them
[nebula] 0 entity object(s) were destroyed without a despawn; forgetting them
[nebula] 0 entity object(s) were destroyed without a despawn; forgetting them
[nebula] 0 entity object(s) were destroyed without a despawn; forgetting them
[nebula] 0 entity object(s) were destroyed without a despawn; forgetting them
[nebula] 0 entity object(s) were destroyed without a despawn; forgetting them
[nebula] 0 entity object(s) were destroyed without a despawn; forgetting them
[nebula] 0 entity object(s) were destroyed without a despawn; forgetting them
[nebula] 0 entity object(s) were destroyed without a despawn; forgetting them
[nebula] 0 entity object(s) were destroyed without a despawn; forgetting them
[nebula] 0 entity object(s) were destroyed without a despawn; forgetting them
[nebula] 0 entity object(s) were destroyed without a despawn; forgetting them
[nebula] 0 entity object(s) were destroyed without a despawn; forgetting them
[nebula] 0 entity object(s) were destroyed without a despawn; forgetting them
[nebula] 0 entity object(s) were destroyed without a despawn; forgetting them
[nebula] 0 entity object(s) were destroyed without a despawn; forgetting them
[nebula] 0 entity object(s) were destroyed without a despawn; forgetting them
[nebula] 0 entity object(s) were destroyed without a despawn; forgetting them
[nebula] 0 entity object(s) were destroyed without a despawn; forgetting them
[nebula] 0 entity object(s) were destroyed without a despawn; forgetting them
[nebula] 0 entity object(s) were destroyed without a despawn; forgetting them
[nebula] 0 entity object(s) were destroyed without a despawn; forgetting them
[nebula] 0 entity object(s) were destroyed without a despawn; forgetting them
[nebula] 0 entity object(s) were destroyed without a despawn; forgetting them
[nebula] 0 entity object(s) were destroyed without a despawn; forgetting them
[nebula] 0 entity object(s) were destroyed without a despawn; forgetting them
[nebula] 0 entity object(s) were destroyed without a despawn; forgetting them
[nebula] 0 entity object(s) were destroyed without a despawn; forgetting them
[nebula] 0 entity object(s) were destroyed without a despawn; forgetting them
[nebula] 0 entity object(s) were destroyed without a despawn; forgetting them
[nebula] 0 entity object(s) were destroyed without a despawn; forgetting them
[nebula] 0 entity object(s) were destroyed without a despawn; forgetting them
[nebula] 0 entity object(s) were destroyed without a despawn; forgetting them
[nebula] 0 entity object(s) were destroyed without a despawn; forgetting them
[nebula] 0 entity object(s) were destroyed without a despawn; forgetting them
[nebula] 0 entity object(s) were destroyed without a despawn; forgetting them
[nebula] 0 entity object(s) were destroyed without a despawn; forgetting them
[nebula] 0 entity object(s) were destroyed without a despawn; forgetting them
[nebula] 0 entity object(s) were destroyed without a despawn; forgetting them
[nebula] 0 entity object(s) were destroyed without a despawn; forgetting them
[nebula] 0 entity object(s) were destroyed without a despawn; forgetting them
[nebula] 0 entity object(s) were destroyed without a despawn; forgetting them
[nebula] 0 entity object(s) were destroyed without a despawn; forgetting them
[nebula] local handover Player(Clone)#844424930131970(e2,rt_13194141630463,auth) rt_8796095119359 -> rt_13194141630463
[nebula] 0 entity object(s) were destroyed without a despawn; forgetting them
[nebula] 0 entity object(s) were destroyed without a despawn; forgetting them
[nebula] 0 entity object(s) were destroyed without a despawn; forgetting them
[nebula] 0 entity object(s) were destroyed without a despawn; forgetting them
[nebula] 0 entity object(s) were destroyed without a despawn; forgetting them
[nebula] 0 entity object(s) were destroyed without a despawn; forgetting them
[nebula] 0 entity object(s) were destroyed without a despawn; forgetting them
[nebula] 0 entity object(s) were destroyed without a despawn; forgetting them
[nebula] 0 entity object(s) were destroyed without a despawn; forgetting them
[nebula] 0 entity object(s) were destroyed without a despawn; forgetting them
[nebula] 0 entity object(s) were destroyed without a despawn; forgetting them
[nebula] 0 entity object(s) were destroyed without a despawn; forgetting them
[nebula] 0 entity object(s) were destroyed without a despawn; forgetting them
[nebula] 0 entity object(s) were destroyed without a despawn; forgetting them
[nebula] 0 entity object(s) were destroyed without a despawn; forgetting them
[nebula] 0 entity object(s) were destroyed without a despawn; forgetting them
[nebula] 0 entity object(s) were destroyed without a despawn; forgetting them
[nebula] 0 entity object(s) were destroyed without a despawn; forgetting them
[nebula] 0 entity object(s) were destroyed without a despawn; forgetting them
[nebula] 0 entity object(s) were destroyed without a despawn; forgetting them
[nebula] 0 entity object(s) were destroyed without a despawn; forgetting them
[nebula] 0 entity object(s) were destroyed without a despawn; forgetting them
[nebula] 0 entity object(s) were destroyed without a despawn; forgetting them
[nebula] 0 entity object(s) were destroyed without a despawn; forgetting them
[nebula] 0 entity object(s) were destroyed without a despawn; forgetting them
[nebula] 0 entity object(s) were destroyed without a despawn; forgetting them
[nebula] 0 entity object(s) were destroyed without a despawn; forgetting them
[nebula] 0 entity object(s) were destroyed without a despawn; forgetting them
[nebula] 0 entity object(s) were destroyed without a despawn; forgetting them
[nebula] 0 entity object(s) were destroyed without a despawn; forgetting them
[nebula] 0 entity object(s) were destroyed without a despawn; forgetting them
[nebula] 0 entity object(s) were destroyed without a despawn; forgetting them
[nebula] 0 entity object(s) were destroyed without a despawn; forgetting them
[nebula] 0 entity object(s) were destroyed without a despawn; forgetting them
[nebula] 0 entity object(s) were destroyed without a despawn; forgetting them
[nebula] 0 entity object(s) were destroyed without a despawn; forgetting them
[nebula] 0 entity object(s) were destroyed without a despawn; forgetting them
[nebula] 0 entity object(s) were destroyed without a despawn; forgetting them
[nebula] 0 entity object(s) were destroyed without a despawn; forgetting them
[nebula] 0 entity object(s) were destroyed without a despawn; forgetting them
[nebula] 0 entity object(s) were destroyed without a despawn; forgetting them
[nebula] 0 entity object(s) were destroyed without a despawn; forgetting them
[nebula] 0 entity object(s) were destroyed without a despawn; forgetting them
[nebula] 0 entity object(s) were destroyed without a despawn; forgetting them
[nebula] 0 entity object(s) were destroyed without a despawn; forgetting them
[nebula] 0 entity object(s) were destroyed without a despawn; forgetting them
[nebula] 0 entity object(s) were destroyed without a despawn; forgetting them
[nebula] 0 entity object(s) were destroyed without a despawn; forgetting them
[nebula] 0 entity object(s) were destroyed without a despawn; forgetting them
[nebula] 0 entity object(s) were destroyed without a despawn; forgetting them
[nebula] 0 entity object(s) were destroyed without a despawn; forgetting them
[nebula] 0 entity object(s) were destroyed without a despawn; forgetting them
[nebula] 0 entity object(s) were destroyed without a despawn; forgetting them
[nebula] 0 entity object(s) were destroyed without a despawn; forgetting them
[nebula] 0 entity object(s) were destroyed without a despawn; forgetting them
[nebula] 0 entity object(s) were destroyed without a despawn; forgetting them
[nebula] 0 entity object(s) were destroyed without a despawn; forgetting them
[nebula] 0 entity object(s) were destroyed without a despawn; forgetting them
[nebula] 0 entity object(s) were destroyed without a despawn; forgetting them
[nebula] 0 entity object(s) were destroyed without a despawn; forgetting them
[nebula] 0 entity object(s) were destroyed without a despawn; forgetting them
[nebula] 0 entity object(s) were destroyed without a despawn; forgetting them
[nebula] 0 entity object(s) were destroyed without a despawn; forgetting them
[nebula] 0 entity object(s) were destroyed without a despawn; forgetting them
[nebula] 0 entity object(s) were destroyed without a despawn; forgetting them
[nebula] 0 entity object(s) were destroyed without a despawn; forgetting them
[nebula] 0 entity object(s) were destroyed without a despawn; forgetting them
[nebula] 0 entity object(s) were destroyed without a despawn; forgetting them
[nebula] 0 entity object(s) were destroyed without a despawn; forgetting them
[nebula] 0 entity object(s) were destroyed without a despawn; forgetting them
[nebula] 0 entity object(s) were destroyed without a despawn; forgetting them
[nebula] 0 entity object(s) were destroyed without a despawn; forgetting them
[nebula] 0 entity object(s) were destroyed without a despawn; forgetting them
[nebula] 0 entity object(s) were destroyed without a despawn; forgetting them
[nebula] 0 entity object(s) were destroyed without a despawn; forgetting them
[nebula] 0 entity object(s) were destroyed without a despawn; forgetting them
[nebula] 0 entity object(s) were destroyed without a despawn; forgetting them
[nebula] 0 entity object(s) were destroyed without a despawn; forgetting them
[nebula] local handover Player bot2 (2739580370478432258)#281474976710657(e1,rt_9223367638808264707,auth) rt_9223363240761753603 -> rt_9223367638808264707
[nebula] 0 entity object(s) were destroyed without a despawn; forgetting them
[nebula] 0 entity object(s) were destroyed without a despawn; forgetting them
[nebula] 0 entity object(s) were destroyed without a despawn; forgetting them
[nebula] 0 entity object(s) were destroyed without a despawn; forgetting them
[nebula] 0 entity object(s) were destroyed without a despawn; forgetting them
[nebula] 0 entity object(s) were destroyed without a despawn; forgetting them
[nebula] 0 entity object(s) were destroyed without a despawn; forgetting them
[nebula] 0 entity object(s) were destroyed without a despawn; forgetting them
[nebula] 0 entity object(s) were destroyed without a despawn; forgetting them
[nebula] 0 entity object(s) were destroyed without a despawn; forgetting them
[nebula] 0 entity object(s) were destroyed without a despawn; forgetting them
[nebula] 0 entity object(s) were destroyed without a despawn; forgetting them
[nebula] 0 entity object(s) were destroyed without a despawn; forgetting them
[nebula] 0 entity object(s) were destroyed without a despawn; forgetting them
[nebula] 0 entity object(s) were destroyed without a despawn; forgetting them
[nebula] 0 entity object(s) were destroyed without a despawn; forgetting them
[nebula] 0 entity object(s) were destroyed without a despawn; forgetting them
[nebula] 0 entity object(s) were destroyed without a despawn; forgetting them
[nebula] 0 entity object(s) were destroyed without a despawn; forgetting them
[nebula] 0 entity object(s) were destroyed without a despawn; forgetting them
[nebula] 0 entity object(s) were destroyed without a despawn; forgetting them
[nebula] 0 entity object(s) were destroyed without a despawn; forgetting them
[nebula] 0 entity object(s) were destroyed without a despawn; forgetting them
[nebula] 0 entity object(s) were destroyed without a despawn; forgetting them
[nebula] 0 entity object(s) were destroyed without a despawn; forgetting them
[nebula] 0 entity object(s) were destroyed without a despawn; forgetting them
[nebula] 0 entity object(s) were destroyed without a despawn; forgetting them
[nebula] 0 entity object(s) were destroyed without a despawn; forgetting them
[nebula] 0 entity object(s) were destroyed without a despawn; forgetting them
[nebula] 0 entity object(s) were destroyed without a despawn; forgetting them
[nebula] 0 entity object(s) were destroyed without a despawn; forgetting them
[nebula] 0 entity object(s) were destroyed without a despawn; forgetting them
[nebula] 0 entity object(s) were destroyed without a despawn; forgetting them
[nebula] 0 entity object(s) were destroyed without a despawn; forgetting them
[nebula] 0 entity object(s) were destroyed without a despawn; forgetting them
[nebula] 0 entity object(s) were destroyed without a despawn; forgetting them
[nebula] 0 entity object(s) were destroyed without a despawn; forgetting them
[nebula] 0 entity object(s) were destroyed without a despawn; forgetting them
[nebula] 0 entity object(s) were destroyed without a despawn; forgetting them
[nebula] 0 entity object(s) were destroyed without a despawn; forgetting them
[nebula] 0 entity object(s) were destroyed without a despawn; forgetting them
[nebula] 0 entity object(s) were destroyed without a despawn; forgetting them
[nebula] 0 entity object(s) were destroyed without a despawn; forgetting them
[nebula] 0 entity object(s) were destroyed without a despawn; forgetting them
[nebula] spawned Prop(Clone)#281474976710666(e1,rt_9223367638808264707,auth)
[nebula] 0 entity object(s) were destroyed without a despawn; forgetting them
[nebula] 0 entity object(s) were destroyed without a despawn; forgetting them
[nebula] spawned Prop(Clone)#281474976710667(e1,rt_13194141630463,auth)
[nebula] 0 entity object(s) were destroyed without a despawn; forgetting them
[nebula] spawned Prop(Clone)#281474976710668(e1,rt_9223363240761753600,auth)
[nebula] 0 entity object(s) were destroyed without a despawn; forgetting them
[nebula] 0 entity object(s) were destroyed without a despawn; forgetting them
[nebula] 0 entity object(s) were destroyed without a despawn; forgetting them
[nebula] 0 entity object(s) were destroyed without a despawn; forgetting them
[nebula] 0 entity object(s) were destroyed without a despawn; forgetting them
[nebula] 0 entity object(s) were destroyed without a despawn; forgetting them
[nebula] 0 entity object(s) were destroyed without a despawn; forgetting them
[nebula] 0 entity object(s) were destroyed without a despawn; forgetting them
[nebula] 0 entity object(s) were destroyed without a despawn; forgetting them
[nebula] 0 entity object(s) were destroyed without a despawn; forgetting them
[nebula] 0 entity object(s) were destroyed without a despawn; forgetting them
[nebula] 0 entity object(s) were destroyed without a despawn; forgetting them
[nebula] 0 entity object(s) were destroyed without a despawn; forgetting them
[nebula] 0 entity object(s) were destroyed without a despawn; forgetting them
[nebula] 0 entity object(s) were destroyed without a despawn; forgetting them
[nebula] 0 entity object(s) were destroyed without a despawn; forgetting them
[nebula] 0 entity object(s) were destroyed without a despawn; forgetting them
[nebula] 0 entity object(s) were destroyed without a despawn; forgetting them
[nebula] 0 entity object(s) were destroyed without a despawn; forgetting them
[nebula] 0 entity object(s) were destroyed without a despawn; forgetting them
[nebula] 0 entity object(s) were destroyed without a despawn; forgetting them
[nebula] 0 entity object(s) were destroyed without a despawn; forgetting them
[nebula] 0 entity object(s) were destroyed without a despawn; forgetting them
[nebula] 0 entity object(s) were destroyed without a despawn; forgetting them
[nebula] 0 entity object(s) were destroyed without a despawn; forgetting them
[nebula] 0 entity object(s) were destroyed without a despawn; forgetting them
[nebula] 0 entity object(s) were destroyed without a despawn; forgetting them
[nebula] 0 entity object(s) were destroyed without a despawn; forgetting them
[nebula] 0 entity object(s) were destroyed without a despawn; forgetting them
[nebula] 0 entity object(s) were destroyed without a despawn; forgetting them
[nebula] 0 entity object(s) were destroyed without a despawn; forgetting them
[nebula] 0 entity object(s) were destroyed without a despawn; forgetting them
[nebula] 0 entity object(s) were destroyed without a despawn; forgetting them
[nebula] 0 entity object(s) were destroyed without a despawn; forgetting them
[nebula] 0 entity object(s) were destroyed without a despawn; forgetting them
[nebula] 0 entity object(s) were destroyed without a despawn; forgetting them
[nebula] 0 entity object(s) were destroyed without a despawn; forgetting them
[nebula] 0 entity object(s) were destroyed without a despawn; forgetting them
[nebula] 0 entity object(s) were destroyed without a despawn; forgetting them
[nebula] 0 entity object(s) were destroyed without a despawn; forgetting them
[nebula] 0 entity object(s) were destroyed without a despawn; forgetting them
[nebula] 0 entity object(s) were destroyed without a despawn; forgetting them
[nebula] 0 entity object(s) were destroyed without a despawn; forgetting them
[nebula] 0 entity object(s) were destroyed without a despawn; forgetting them
[nebula] 0 entity object(s) were destroyed without a despawn; forgetting them
[nebula] 0 entity object(s) were destroyed without a despawn; forgetting them
[nebula] 0 entity object(s) were destroyed without a despawn; forgetting them
[nebula] 0 entity object(s) were destroyed without a despawn; forgetting them
[nebula] 0 entity object(s) were destroyed without a despawn; forgetting them
[nebula] 0 entity object(s) were destroyed without a despawn; forgetting them
[nebula] 0 entity object(s) were destroyed without a despawn; forgetting them
[nebula] 0 entity object(s) were destroyed without a despawn; forgetting them
[nebula] 0 entity object(s) were destroyed without a despawn; forgetting them
[nebula] 0 entity object(s) were destroyed without a despawn; forgetting them
[nebula] 0 entity object(s) were destroyed without a despawn; forgetting them
[nebula] 0 entity object(s) were destroyed without a despawn; forgetting them
[nebula] 0 entity object(s) were destroyed without a despawn; forgetting them
[nebula] 0 entity object(s) were destroyed without a despawn; forgetting them
[nebula] 0 entity object(s) were destroyed without a despawn; forgetting them
[nebula] 0 entity object(s) were destroyed without a despawn; forgetting them
[nebula] 0 entity object(s) were destroyed without a despawn; forgetting them
[nebula] 0 entity object(s) were destroyed without a despawn; forgetting them
[nebula] 0 entity object(s) were destroyed without a despawn; forgetting them
[nebula] 0 entity object(s) were destroyed without a despawn; forgetting them
[nebula] 0 entity object(s) were destroyed without a despawn; forgetting them
[nebula] 0 entity object(s) were destroyed without a despawn; forgetting them
[nebula] 0 entity object(s) were destroyed without a despawn; forgetting them
[nebula] 0 entity object(s) were destroyed without a despawn; forgetting them
[nebula] 0 entity object(s) were destroyed without a despawn; forgetting them
[nebula] 0 entity object(s) were destroyed without a despawn; forgetting them
[nebula] 0 entity object(s) were destroyed without a despawn; forgetting them
[nebula] 0 entity object(s) were destroyed without a despawn; forgetting them
[nebula] 0 entity object(s) were destroyed without a despawn; forgetting them
[nebula] 0 entity object(s) were destroyed without a despawn; forgetting them
[nebula] 0 entity object(s) were destroyed without a despawn; forgetting them
[nebula] 0 entity object(s) were destroyed without a despawn; forgetting them
[nebula] 0 entity object(s) were destroyed without a despawn; forgetting them
[nebula] 0 entity object(s) were destroyed without a despawn; forgetting them
[nebula] 0 entity object(s) were destroyed without a despawn; forgetting them
[nebula] 0 entity object(s) were destroyed without a despawn; forgetting them
[nebula] 0 entity object(s) were destroyed without a despawn; forgetting them
[nebula] 0 entity object(s) were destroyed without a despawn; forgetting them
[nebula] 0 entity object(s) were destroyed without a despawn; forgetting them
[nebula] 0 entity object(s) were destroyed without a despawn; forgetting them
[nebula] 0 entity object(s) were destroyed without a despawn; forgetting them
[nebula] 0 entity object(s) were destroyed without a despawn; forgetting them
[nebula] 0 entity object(s) were destroyed without a despawn; forgetting them
[nebula] 0 entity object(s) were destroyed without a despawn; forgetting them
[nebula] 0 entity object(s) were destroyed without a despawn; forgetting them
[nebula] 0 entity object(s) were destroyed without a despawn; forgetting them
[nebula] 0 entity object(s) were destroyed without a despawn; forgetting them
[nebula] profile 300 ticks/5s 300 frames avg 0.6ms max 1.0ms dup 0 skip 0 gc 35 auth 20 ghosts 0 | poll=0.01 ghosts=0.00 physics.sync=0.00 simulate=0.01 poses=0.03 containers=0.41 band=0.02 publish=0.02 gap=16.06 interest=0.01
[nebula] 0 entity object(s) were destroyed without a despawn; forgetting them
[nebula] 0 entity object(s) were destroyed without a despawn; forgetting them
[nebula] 0 entity object(s) were destroyed without a despawn; forgetting them
[nebula] 0 entity object(s) were destroyed without a despawn; forgetting them
[nebula] 0 entity object(s) were destroyed without a despawn; forgetting them
[nebula] 0 entity object(s) were destroyed without a despawn; forgetting them
[nebula] 0 entity object(s) were destroyed without a despawn; forgetting them
[nebula] 0 entity object(s) were destroyed without a despawn; forgetting them
[nebula] 0 entity object(s) were destroyed without a despawn; forgetting them
[nebula] 0 entity object(s) were destroyed without a despawn; forgetting them
[nebula] 0 entity object(s) were destroyed without a despawn; forgetting them
[nebula] 0 entity object(s) were destroyed without a despawn; forgetting them
[nebula] 0 entity object(s) were destroyed without a despawn; forgetting them
[nebula] 0 entity object(s) were destroyed without a despawn; forgetting them
[nebula] 0 entity object(s) were destroyed without a despawn; forgetting them
[nebula] 0 entity object(s) were destroyed without a despawn; forgetting them
[nebula] 0 entity object(s) were destroyed without a despawn; forgetting them
[nebula] 0 entity object(s) were destroyed without a despawn; forgetting them
[nebula] peer worker w2 disconnected
[nebula] 0 entity object(s) were destroyed without a despawn; forgetting them
[nebula] 0 entity object(s) were destroyed without a despawn; forgetting them
[nebula] 0 entity object(s) were destroyed without a despawn; forgetting them
[nebula] 0 entity object(s) were destroyed without a despawn; forgetting them
[nebula] 0 entity object(s) were destroyed without a despawn; forgetting them
[nebula] 0 entity object(s) were destroyed without a despawn; forgetting them
[nebula] 0 entity object(s) were destroyed without a despawn; forgetting them
[nebula] 0 entity object(s) were destroyed without a despawn; forgetting them
[nebula] 0 entity object(s) were destroyed without a despawn; forgetting them
[nebula] 0 entity object(s) were destroyed without a despawn; forgetting them
[nebula] 0 entity object(s) were destroyed without a despawn; forgetting them
[nebula] 0 entity object(s) were destroyed without a despawn; forgetting them
[nebula] 0 entity object(s) were destroyed without a despawn; forgetting them
[nebula] 0 entity object(s) were destroyed without a despawn; forgetting them
[nebula] 0 entity object(s) were destroyed without a despawn; forgetting them
[nebula] 0 entity object(s) were destroyed without a despawn; forgetting them
[nebula] 0 entity object(s) were destroyed without a despawn; forgetting them
[nebula] 0 entity object(s) were destroyed without a despawn; forgetting them
[nebula] 0 entity object(s) were destroyed without a despawn; forgetting them
[nebula] 0 entity object(s) were destroyed without a despawn; forgetting them
[nebula] 0 entity object(s) were destroyed without a despawn; forgetting them
[nebula] dialing peer w2 at 127.0.0.1:7302
[nebula] 0 entity object(s) were destroyed without a despawn; forgetting them
[nebula] 0 entity object(s) were destroyed without a despawn; forgetting them
[nebula] 0 entity object(s) were destroyed without a despawn; forgetting them
[nebula] peer worker w2 (index 2) connected
[nebula] 0 entity object(s) were destroyed without a despawn; forgetting them
[nebula] 0 entity object(s) were destroyed without a despawn; forgetting them
[nebula] 0 entity object(s) were destroyed without a despawn; forgetting them
[nebula] 0 entity object(s) were destroyed without a despawn; forgetting them
[nebula] 0 entity object(s) were destroyed without a despawn; forgetting them
[nebula] 0 entity object(s) were destroyed without a despawn; forgetting them
[nebula] 0 entity object(s) were destroyed without a despawn; forgetting them
[nebula] 0 entity object(s) were destroyed without a despawn; forgetting them
[nebula] 0 entity object(s) were destroyed without a despawn; forgetting them
[nebula] 0 entity object(s) were destroyed without a despawn; forgetting them
[nebula] 0 entity object(s) were destroyed without a despawn; forgetting them
[nebula] 0 entity object(s) were destroyed without a despawn; forgetting them
[nebula] 0 entity object(s) were destroyed without a despawn; forgetting them
[nebula] 0 entity object(s) were destroyed without a despawn; forgetting them
[nebula] 0 entity object(s) were destroyed without a despawn; forgetting them
[nebula] 0 entity object(s) were destroyed without a despawn; forgetting them
[nebula] 0 entity object(s) were destroyed without a despawn; forgetting them
[nebula] 0 entity object(s) were destroyed without a despawn; forgetting them
[nebula] handover OUT Player bot2 (2739580370478432258)#281474976710657(e2,rt_9223367638808264707,ghost) -> w2 (epoch 2, tick 1365038574)
[nebula] handover OUT Prop(Clone)#281474976710658(e2,rt_9223358842715242499,ghost) -> w2 (epoch 2, tick 1365038574)
[nebula] handover OUT Prop(Clone)#281474976710659(e2,rt_9223358842715242499,ghost) -> w2 (epoch 2, tick 1365038574)
[nebula] handover OUT Prop(Clone)#281474976710660(e2,rt_9223363240761753603,ghost) -> w2 (epoch 2, tick 1365038574)
[nebula] handover OUT Player(Clone)#844424930131969(e3,rt_9223363240761753600,ghost) -> w2 (epoch 3, tick 1365038574)
[nebula] handover OUT Prop(Clone)#844424930131971(e3,rt_9223358842715242496,ghost) -> w2 (epoch 3, tick 1365038574)
[nebula] handover OUT Prop(Clone)#844424930131973(e3,rt_9223358842715242496,ghost) -> w2 (epoch 3, tick 1365038574)
[nebula] handover OUT Prop(Clone)#844424930131975(e3,rt_9223358842715242496,ghost) -> w2 (epoch 3, tick 1365038574)
[nebula] handover OUT Prop(Clone)#281474976710661(e2,rt_9223363240761753603,ghost) -> w2 (epoch 2, tick 1365038574)
[nebula] handover OUT Prop(Clone)#281474976710662(e2,rt_9223363240761753600,ghost) -> w2 (epoch 2, tick 1365038574)
[nebula] handover OUT Prop(Clone)#281474976710663(e2,rt_9223363240761753603,ghost) -> w2 (epoch 2, tick 1365038574)
[nebula] handover OUT Prop(Clone)#281474976710665(e2,rt_9223363240761753600,ghost) -> w2 (epoch 2, tick 1365038574)
[nebula] handover OUT Prop(Clone)#281474976710666(e2,rt_9223367638808264707,ghost) -> w2 (epoch 2, tick 1365038574)
[nebula] handover OUT Prop(Clone)#281474976710668(e2,rt_9223363240761753600,ghost) -> w2 (epoch 2, tick 1365038574)
[nebula] 0 entity object(s) were destroyed without a despawn; forgetting them
[nebula] ghost Prop(Clone)#844424930131972(e2,rt_4398048608255,auth) -> w3
[nebula] handover IN  Prop(Clone)#844424930131972(e2,rt_4398048608255,auth) <- w3 (epoch 2, tick 1365038575)
[nebula] 0 entity object(s) were destroyed without a despawn; forgetting them
[nebula] 0 entity object(s) were destroyed without a despawn; forgetting them
[nebula] 0 entity object(s) were destroyed without a despawn; forgetting them
[nebula] 0 entity object(s) were destroyed without a despawn; forgetting them
[nebula] 0 entity object(s) were destroyed without a despawn; forgetting them
[nebula] 0 entity object(s) were destroyed without a despawn; forgetting them
[nebula] 0 entity object(s) were destroyed without a despawn; forgetting them
[nebula] 0 entity object(s) were destroyed without a despawn; forgetting them
[nebula] 0 entity object(s) were destroyed without a despawn; forgetting them
[nebula] 0 entity object(s) were destroyed without a despawn; forgetting them
[nebula] 0 entity object(s) were destroyed without a despawn; forgetting them
[nebula] 0 entity object(s) were destroyed without a despawn; forgetting them
[nebula] 0 entity object(s) were destroyed without a despawn; forgetting them
[nebula] 0 entity object(s) were destroyed without a despawn; forgetting them
[nebula] 0 entity object(s) were destroyed without a despawn; forgetting them
[nebula] 0 entity object(s) were destroyed without a despawn; forgetting them
[nebula] 0 entity object(s) were destroyed without a despawn; forgetting them
[nebula] 0 entity object(s) were destroyed without a despawn; forgetting them
[nebula] 0 entity object(s) were destroyed without a despawn; forgetting them
[nebula] 0 entity object(s) were destroyed without a despawn; forgetting them
[nebula] 0 entity object(s) were destroyed without a despawn; forgetting them
[nebula] 0 entity object(s) were destroyed without a despawn; forgetting them
[nebula] 0 entity object(s) were destroyed without a despawn; forgetting them
[nebula] 0 entity object(s) were destroyed without a despawn; forgetting them
[nebula] 0 entity object(s) were destroyed without a despawn; forgetting them
[nebula] 0 entity object(s) were destroyed without a despawn; forgetting them
[nebula] spawned Prop(Clone)#281474976710669(e1,rt_13194141630463,auth)
[nebula] 0 entity object(s) were destroyed without a despawn; forgetting them
[nebula] 0 entity object(s) were destroyed without a despawn; forgetting them
[nebula] 0 entity object(s) were destroyed without a despawn; forgetting them
[nebula] 0 entity object(s) were destroyed without a despawn; forgetting them
[nebula] 0 entity object(s) were destroyed without a despawn; forgetting them
[nebula] 0 entity object(s) were destroyed without a despawn; forgetting them
[nebula] 0 entity object(s) were destroyed without a despawn; forgetting them
[nebula] 0 entity object(s) were destroyed without a despawn; forgetting them
[nebula] 0 entity object(s) were destroyed without a despawn; forgetting them
[nebula] 0 entity object(s) were destroyed without a despawn; forgetting them
[nebula] 0 entity object(s) were destroyed without a despawn; forgetting them
[nebula] 0 entity object(s) were destroyed without a despawn; forgetting them
[nebula] 0 entity object(s) were destroyed without a despawn; forgetting them
[nebula] 0 entity object(s) were destroyed without a despawn; forgetting them
[nebula] 0 entity object(s) were destroyed without a despawn; forgetting them
[nebula] 0 entity object(s) were destroyed without a despawn; forgetting them
[nebula] 0 entity object(s) were destroyed without a despawn; forgetting them
[nebula] 0 entity object(s) were destroyed without a despawn; forgetting them
[nebula] 0 entity object(s) were destroyed without a despawn; forgetting them
[nebula] 0 entity object(s) were destroyed without a despawn; forgetting them
[nebula] 0 entity object(s) were destroyed without a despawn; forgetting them
[nebula] 0 entity object(s) were destroyed without a despawn; forgetting them
[nebula] 0 entity object(s) were destroyed without a despawn; forgetting them
[nebula] 0 entity object(s) were destroyed without a despawn; forgetting them
[nebula] 0 entity object(s) were destroyed without a despawn; forgetting them
[nebula] 0 entity object(s) were destroyed without a despawn; forgetting them
[nebula] 0 entity object(s) were destroyed without a despawn; forgetting them
[nebula] 0 entity object(s) were destroyed without a despawn; forgetting them
[nebula] 0 entity object(s) were destroyed without a despawn; forgetting them
[nebula] 0 entity object(s) were destroyed without a despawn; forgetting them
[nebula] 0 entity object(s) were destroyed without a despawn; forgetting them
[nebula] 0 entity object(s) were destroyed without a despawn; forgetting them
[nebula] 0 entity object(s) were destroyed without a despawn; forgetting them
[nebula] 0 entity object(s) were destroyed without a despawn; forgetting them
[nebula] 0 entity object(s) were destroyed without a despawn; forgetting them
[nebula] 0 entity object(s) were destroyed without a despawn; forgetting them
[nebula] 0 entity object(s) were destroyed without a despawn; forgetting them
[nebula] 0 entity object(s) were destroyed without a despawn; forgetting them
[nebula] 0 entity object(s) were destroyed without a despawn; forgetting them
[nebula] 0 entity object(s) were destroyed without a despawn; forgetting them
[nebula] 0 entity object(s) were destroyed without a despawn; forgetting them
[nebula] 0 entity object(s) were destroyed without a despawn; forgetting them
[nebula] 0 entity object(s) were destroyed without a despawn; forgetting them
[nebula] 0 entity object(s) were destroyed without a despawn; forgetting them
[nebula] 0 entity object(s) were destroyed without a despawn; forgetting them
[nebula] 0 entity object(s) were destroyed without a despawn; forgetting them
[nebula] 0 entity object(s) were destroyed without a despawn; forgetting them
[nebula] 0 entity object(s) were destroyed without a despawn; forgetting them
[nebula] 0 entity object(s) were destroyed without a despawn; forgetting them
[nebula] 0 entity object(s) were destroyed without a despawn; forgetting them
[nebula] 0 entity object(s) were destroyed without a despawn; forgetting them
[nebula] 0 entity object(s) were destroyed without a despawn; forgetting them
[nebula] 0 entity object(s) were destroyed without a despawn; forgetting them
[nebula] 0 entity object(s) were destroyed without a despawn; forgetting them
[nebula] 0 entity object(s) were destroyed without a despawn; forgetting them
[nebula] 0 entity object(s) were destroyed without a despawn; forgetting them
[nebula] 0 entity object(s) were destroyed without a despawn; forgetting them
[nebula] 0 entity object(s) were destroyed without a despawn; forgetting them
[nebula] 0 entity object(s) were destroyed without a despawn; forgetting them
[nebula] 0 entity object(s) were destroyed without a despawn; forgetting them
[nebula] 0 entity object(s) were destroyed without a despawn; forgetting them
[nebula] 0 entity object(s) were destroyed without a despawn; forgetting them
[nebula] 0 entity object(s) were destroyed without a despawn; forgetting them
[nebula] 0 entity object(s) were destroyed without a despawn; forgetting them
[nebula] 0 entity object(s) were destroyed without a despawn; forgetting them
[nebula] 0 entity object(s) were destroyed without a despawn; forgetting them
[nebula] 0 entity object(s) were destroyed without a despawn; forgetting them
[nebula] 0 entity object(s) were destroyed without a despawn; forgetting them
[nebula] 0 entity object(s) were destroyed without a despawn; forgetting them
[nebula] 0 entity object(s) were destroyed without a despawn; forgetting them
[nebula] 0 entity object(s) were destroyed without a despawn; forgetting them
[nebula] 0 entity object(s) were destroyed without a despawn; forgetting them
[nebula] 0 entity object(s) were destroyed without a despawn; forgetting them
[nebula] 0 entity object(s) were destroyed without a despawn; forgetting them
[nebula] 0 entity object(s) were destroyed without a despawn; forgetting them
[nebula] 0 entity object(s) were destroyed without a despawn; forgetting them
[nebula] 0 entity object(s) were destroyed without a despawn; forgetting them
[nebula] 0 entity object(s) were destroyed without a despawn; forgetting them
[nebula] 0 entity object(s) were destroyed without a despawn; forgetting them
[nebula] 0 entity object(s) were destroyed without a despawn; forgetting them
[nebula] 0 entity object(s) were destroyed without a despawn; forgetting them
[nebula] 0 entity object(s) were destroyed without a despawn; forgetting them
[nebula] 0 entity object(s) were destroyed without a despawn; forgetting them
[nebula] 0 entity object(s) were destroyed without a despawn; forgetting them
[nebula] 0 entity object(s) were destroyed without a despawn; forgetting them
[nebula] 0 entity object(s) were destroyed without a despawn; forgetting them
[nebula] 0 entity object(s) were destroyed without a despawn; forgetting them
[nebula] 0 entity object(s) were destroyed without a despawn; forgetting them
[nebula] 0 entity object(s) were destroyed without a despawn; forgetting them
[nebula] 0 entity object(s) were destroyed without a despawn; forgetting them
[nebula] 0 entity object(s) were destroyed without a despawn; forgetting them
[nebula] 0 entity object(s) were destroyed without a despawn; forgetting them
[nebula] 0 entity object(s) were destroyed without a despawn; forgetting them
[nebula] 0 entity object(s) were destroyed without a despawn; forgetting them
[nebula] 0 entity object(s) were destroyed without a despawn; forgetting them
[nebula] 0 entity object(s) were destroyed without a despawn; forgetting them
[nebula] 0 entity object(s) were destroyed without a despawn; forgetting them
[nebula] 0 entity object(s) were destroyed without a despawn; forgetting them
[nebula] 0 entity object(s) were destroyed without a despawn; forgetting them
[nebula] 0 entity object(s) were destroyed without a despawn; forgetting them
[nebula] 0 entity object(s) were destroyed without a despawn; forgetting them
[nebula] 0 entity object(s) were destroyed without a despawn; forgetting them
[nebula] 0 entity object(s) were destroyed without a despawn; forgetting them
[nebula] 0 entity object(s) were destroyed without a despawn; forgetting them
[nebula] 0 entity object(s) were destroyed without a despawn; forgetting them
[nebula] 0 entity object(s) were destroyed without a despawn; forgetting them
[nebula] 0 entity object(s) were destroyed without a despawn; forgetting them
[nebula] 0 entity object(s) were destroyed without a despawn; forgetting them
[nebula] 0 entity object(s) were destroyed without a despawn; forgetting them
[nebula] 0 entity object(s) were destroyed without a despawn; forgetting them
[nebula] 0 entity object(s) were destroyed without a despawn; forgetting them
[nebula] 0 entity object(s) were destroyed without a despawn; forgetting them
[nebula] 0 entity object(s) were destroyed without a despawn; forgetting them
[nebula] 0 entity object(s) were destroyed without a despawn; forgetting them
[nebula] 0 entity object(s) were destroyed without a despawn; forgetting them
[nebula] 0 entity object(s) were destroyed without a despawn; forgetting them
[nebula] 0 entity object(s) were destroyed without a despawn; forgetting them
[nebula] 0 entity object(s) were destroyed without a despawn; forgetting them
[nebula] 0 entity object(s) were destroyed without a despawn; forgetting them
[nebula] 0 entity object(s) were destroyed without a despawn; forgetting them
[nebula] 0 entity object(s) were destroyed without a despawn; forgetting them
[nebula] 0 entity object(s) were destroyed without a despawn; forgetting them
[nebula] 0 entity object(s) were destroyed without a despawn; forgetting them
[nebula] 0 entity object(s) were destroyed without a despawn; forgetting them
[nebula] 0 entity object(s) were destroyed without a despawn; forgetting them
[nebula] 0 entity object(s) were destroyed without a despawn; forgetting them
[nebula] 0 entity object(s) were destroyed without a despawn; forgetting them
[nebula] 0 entity object(s) were destroyed without a despawn; forgetting them
[nebula] 0 entity object(s) were destroyed without a despawn; forgetting them
[nebula] 0 entity object(s) were destroyed without a despawn; forgetting them
[nebula] 0 entity object(s) were destroyed without a despawn; forgetting them
[nebula] 0 entity object(s) were destroyed without a despawn; forgetting them
[nebula] 0 entity object(s) were destroyed without a despawn; forgetting them
[nebula] 0 entity object(s) were destroyed without a despawn; forgetting them
[nebula] 0 entity object(s) were destroyed without a despawn; forgetting them
[nebula] 0 entity object(s) were destroyed without a despawn; forgetting them
[nebula] 0 entity object(s) were destroyed without a despawn; forgetting them
[nebula] 0 entity object(s) were destroyed without a despawn; forgetting them
[nebula] 0 entity object(s) were destroyed without a despawn; forgetting them
[nebula] 0 entity object(s) were destroyed without a despawn; forgetting them
[nebula] 0 entity object(s) were destroyed without a despawn; forgetting them
[nebula] 0 entity object(s) were destroyed without a despawn; forgetting them
[nebula] 0 entity object(s) were destroyed without a despawn; forgetting them
[nebula] 0 entity object(s) were destroyed without a despawn; forgetting them
[nebula] 0 entity object(s) were destroyed without a despawn; forgetting them
[nebula] 0 entity object(s) were destroyed without a despawn; forgetting them
[nebula] 0 entity object(s) were destroyed without a despawn; forgetting them
[nebula] 0 entity object(s) were destroyed without a despawn; forgetting them
[nebula] 0 entity object(s) were destroyed without a despawn; forgetting them
[nebula] 0 entity object(s) were destroyed without a despawn; forgetting them
[nebula] 0 entity object(s) were destroyed without a despawn; forgetting them
[nebula] 0 entity object(s) were destroyed without a despawn; forgetting them
[nebula] 0 entity object(s) were destroyed without a despawn; forgetting them
[nebula] 0 entity object(s) were destroyed without a despawn; forgetting them
[nebula] 0 entity object(s) were destroyed without a despawn; forgetting them
[nebula] 0 entity object(s) were destroyed without a despawn; forgetting them
[nebula] 0 entity object(s) were destroyed without a despawn; forgetting them
[nebula] 0 entity object(s) were destroyed without a despawn; forgetting them
[nebula] 0 entity object(s) were destroyed without a despawn; forgetting them
[nebula] 0 entity object(s) were destroyed without a despawn; forgetting them
[nebula] 0 entity object(s) were destroyed without a despawn; forgetting them
[nebula] 0 entity object(s) were destroyed without a despawn; forgetting them
[nebula] 0 entity object(s) were destroyed without a despawn; forgetting them
[nebula] 0 entity object(s) were destroyed without a despawn; forgetting them
[nebula] 0 entity object(s) were destroyed without a despawn; forgetting them
[nebula] 0 entity object(s) were destroyed without a despawn; forgetting them
[nebula] 0 entity object(s) were destroyed without a despawn; forgetting them
[nebula] 0 entity object(s) were destroyed without a despawn; forgetting them
[nebula] 0 entity object(s) were destroyed without a despawn; forgetting them
[nebula] 0 entity object(s) were destroyed without a despawn; forgetting them
[nebula] 0 entity object(s) were destroyed without a despawn; forgetting them
[nebula] 0 entity object(s) were destroyed without a despawn; forgetting them
[nebula] 0 entity object(s) were destroyed without a despawn; forgetting them
[nebula] 0 entity object(s) were destroyed without a despawn; forgetting them
[nebula] 0 entity object(s) were destroyed without a despawn; forgetting them
[nebula] 0 entity object(s) were destroyed without a despawn; forgetting them
[nebula] 0 entity object(s) were destroyed without a despawn; forgetting them
[nebula] 0 entity object(s) were destroyed without a despawn; forgetting them
[nebula] 0 entity object(s) were destroyed without a despawn; forgetting them
[nebula] 0 entity object(s) were destroyed without a despawn; forgetting them
[nebula] spawned Prop(Clone)#281474976710670(e1,rt_13194141630463,auth)
[nebula] 0 entity object(s) were destroyed without a despawn; forgetting them
[nebula] 0 entity object(s) were destroyed without a despawn; forgetting them
[nebula] 0 entity object(s) were destroyed without a despawn; forgetting them
[nebula] 0 entity object(s) were destroyed without a despawn; forgetting them
[nebula] 0 entity object(s) were destroyed without a despawn; forgetting them
[nebula] 0 entity object(s) were destroyed without a despawn; forgetting them
[nebula] 0 entity object(s) were destroyed without a despawn; forgetting them
[nebula] 0 entity object(s) were destroyed without a despawn; forgetting them
[nebula] 0 entity object(s) were destroyed without a despawn; forgetting them
[nebula] 0 entity object(s) were destroyed without a despawn; forgetting them
[nebula] 0 entity object(s) were destroyed without a despawn; forgetting them
[nebula] 0 entity object(s) were destroyed without a despawn; forgetting them
[nebula] 0 entity object(s) were destroyed without a despawn; forgetting them
[nebula] 0 entity object(s) were destroyed without a despawn; forgetting them
[nebula] 0 entity object(s) were destroyed without a despawn; forgetting them
[nebula] 0 entity object(s) were destroyed without a despawn; forgetting them
[nebula] 0 entity object(s) were destroyed without a despawn; forgetting them
[nebula] 0 entity object(s) were destroyed without a despawn; forgetting them
[nebula] 0 entity object(s) were destroyed without a despawn; forgetting them
[nebula] 0 entity object(s) were destroyed without a despawn; forgetting them
[nebula] 0 entity object(s) were destroyed without a despawn; forgetting them
[nebula] 0 entity object(s) were destroyed without a despawn; forgetting them
[nebula] 0 entity object(s) were destroyed without a despawn; forgetting them
[nebula] 0 entity object(s) were destroyed without a despawn; forgetting them
[nebula] 0 entity object(s) were destroyed without a despawn; forgetting them
[nebula] 0 entity object(s) were destroyed without a despawn; forgetting them
[nebula] 0 entity object(s) were destroyed without a despawn; forgetting them
[nebula] 0 entity object(s) were destroyed without a despawn; forgetting them
[nebula] 0 entity object(s) were destroyed without a despawn; forgetting them
[nebula] 0 entity object(s) were destroyed without a despawn; forgetting them
[nebula] 0 entity object(s) were destroyed without a despawn; forgetting them
[nebula] 0 entity object(s) were destroyed without a despawn; forgetting them
[nebula] profile 300 ticks/5s 300 frames avg 0.5ms max 3.6ms dup 0 skip 0 gc 29 auth 9 ghosts 0 | poll=0.03 ghosts=0.01 physics.sync=0.00 simulate=0.01 poses=0.03 containers=0.26 band=0.01 publish=0.01 gap=16.20 interest=0.01
[nebula] 0 entity object(s) were destroyed without a despawn; forgetting them
[nebula] 0 entity object(s) were destroyed without a despawn; forgetting them
[nebula] 0 entity object(s) were destroyed without a despawn; forgetting them
[nebula] 0 entity object(s) were destroyed without a despawn; forgetting them
[nebula] 0 entity object(s) were destroyed without a despawn; forgetting them
[nebula] 0 entity object(s) were destroyed without a despawn; forgetting them
[nebula] 0 entity object(s) were destroyed without a despawn; forgetting them
[nebula] 0 entity object(s) were destroyed without a despawn; forgetting them
[nebula] 0 entity object(s) were destroyed without a despawn; forgetting them
[nebula] 0 entity object(s) were destroyed without a despawn; forgetting them
[nebula] 0 entity object(s) were destroyed without a despawn; forgetting them
[nebula] 0 entity object(s) were destroyed without a despawn; forgetting them
[nebula] 0 entity object(s) were destroyed without a despawn; forgetting them
[nebula] 0 entity object(s) were destroyed without a despawn; forgetting them
[nebula] 0 entity object(s) were destroyed without a despawn; forgetting them
[nebula] 0 entity object(s) were destroyed without a despawn; forgetting them
[nebula] 0 entity object(s) were destroyed without a despawn; forgetting them
[nebula] 0 entity object(s) were destroyed without a despawn; forgetting them
[nebula] 0 entity object(s) were destroyed without a despawn; forgetting them
[nebula] 0 entity object(s) were destroyed without a despawn; forgetting them
[nebula] 0 entity object(s) were destroyed without a despawn; forgetting them
[nebula] 0 entity object(s) were destroyed without a despawn; forgetting them
[nebula] 0 entity object(s) were destroyed without a despawn; forgetting them
[nebula] 0 entity object(s) were destroyed without a despawn; forgetting them
[nebula] 0 entity object(s) were destroyed without a despawn; forgetting them
[nebula] 0 entity object(s) were destroyed without a despawn; forgetting them
[nebula] 0 entity object(s) were destroyed without a despawn; forgetting them
[nebula] 0 entity object(s) were destroyed without a despawn; forgetting them
[nebula] 0 entity object(s) were destroyed without a despawn; forgetting them
[nebula] 0 entity object(s) were destroyed without a despawn; forgetting them
[nebula] 0 entity object(s) were destroyed without a despawn; forgetting them
[nebula] 0 entity object(s) were destroyed without a despawn; forgetting them
[nebula] 0 entity object(s) were destroyed without a despawn; forgetting them
[nebula] 0 entity object(s) were destroyed without a despawn; forgetting them
[nebula] 0 entity object(s) were destroyed without a despawn; forgetting them
[nebula] 0 entity object(s) were destroyed without a despawn; forgetting them
[nebula] 0 entity object(s) were destroyed without a despawn; forgetting them
[nebula] 0 entity object(s) were destroyed without a despawn; forgetting them
[nebula] 0 entity object(s) were destroyed without a despawn; forgetting them
[nebula] 0 entity object(s) were destroyed without a despawn; forgetting them
[nebula] 0 entity object(s) were destroyed without a despawn; forgetting them
[nebula] 0 entity object(s) were destroyed without a despawn; forgetting them
[nebula] 0 entity object(s) were destroyed without a despawn; forgetting them
[nebula] 0 entity object(s) were destroyed without a despawn; forgetting them
[nebula] 0 entity object(s) were destroyed without a despawn; forgetting them
[nebula] 0 entity object(s) were destroyed without a despawn; forgetting them
[nebula] 0 entity object(s) were destroyed without a despawn; forgetting them
[nebula] 0 entity object(s) were destroyed without a despawn; forgetting them
[nebula] 0 entity object(s) were destroyed without a despawn; forgetting them
[nebula] 0 entity object(s) were destroyed without a despawn; forgetting them
[nebula] 0 entity object(s) were destroyed without a despawn; forgetting them
[nebula] 0 entity object(s) were destroyed without a despawn; forgetting them
[nebula] 0 entity object(s) were destroyed without a despawn; forgetting them
[nebula] 0 entity object(s) were destroyed without a despawn; forgetting them
[nebula] 0 entity object(s) were destroyed without a despawn; forgetting them
[nebula] 0 entity object(s) were destroyed without a despawn; forgetting them
[nebula] 0 entity object(s) were destroyed without a despawn; forgetting them
[nebula] 0 entity object(s) were destroyed without a despawn; forgetting them
[nebula] 0 entity object(s) were destroyed without a despawn; forgetting them
[nebula] 0 entity object(s) were destroyed without a despawn; forgetting them
[nebula] 0 entity object(s) were destroyed without a despawn; forgetting them
[nebula] 0 entity object(s) were destroyed without a despawn; forgetting them
[nebula] 0 entity object(s) were destroyed without a despawn; forgetting them
[nebula] 0 entity object(s) were destroyed without a despawn; forgetting them
[nebula] 0 entity object(s) were destroyed without a despawn; forgetting them
[nebula] 0 entity object(s) were destroyed without a despawn; forgetting them
[nebula] 0 entity object(s) were destroyed without a despawn; forgetting them
[nebula] 0 entity object(s) were destroyed without a despawn; forgetting them
[nebula] 0 entity object(s) were destroyed without a despawn; forgetting them
[nebula] 0 entity object(s) were destroyed without a despawn; forgetting them
[nebula] 0 entity object(s) were destroyed without a despawn; forgetting them
[nebula] 0 entity object(s) were destroyed without a despawn; forgetting them
[nebula] 0 entity object(s) were destroyed without a despawn; forgetting them
[nebula] 0 entity object(s) were destroyed without a despawn; forgetting them
[nebula] 0 entity object(s) were destroyed without a despawn; forgetting them
[nebula] 0 entity object(s) were destroyed without a despawn; forgetting them
[nebula] 0 entity object(s) were destroyed without a despawn; forgetting them
[nebula] 0 entity object(s) were destroyed without a despawn; forgetting them
[nebula] 0 entity object(s) were destroyed without a despawn; forgetting them
[nebula] 0 entity object(s) were destroyed without a despawn; forgetting them
[nebula] 0 entity object(s) were destroyed without a despawn; forgetting them
[nebula] 0 entity object(s) were destroyed without a despawn; forgetting them
[nebula] 0 entity object(s) were destroyed without a despawn; forgetting them
[nebula] 0 entity object(s) were destroyed without a despawn; forgetting them
[nebula] 0 entity object(s) were destroyed without a despawn; forgetting them
[nebula] 0 entity object(s) were destroyed without a despawn; forgetting them
[nebula] 0 entity object(s) were destroyed without a despawn; forgetting them
[nebula] 0 entity object(s) were destroyed without a despawn; forgetting them
[nebula] 0 entity object(s) were destroyed without a despawn; forgetting them
[nebula] 0 entity object(s) were destroyed without a despawn; forgetting them
[nebula] 0 entity object(s) were destroyed without a despawn; forgetting them
[nebula] 0 entity object(s) were destroyed without a despawn; forgetting them
[nebula] 0 entity object(s) were destroyed without a despawn; forgetting them
[nebula] 0 entity object(s) were destroyed without a despawn; forgetting them
[nebula] 0 entity object(s) were destroyed without a despawn; forgetting them
[nebula] 0 entity object(s) were destroyed without a despawn; forgetting them
[nebula] 0 entity object(s) were destroyed without a despawn; forgetting them
[nebula] 0 entity object(s) were destroyed without a despawn; forgetting them
[nebula] 0 entity object(s) were destroyed without a despawn; forgetting them
[nebula] 0 entity object(s) were destroyed without a despawn; forgetting them
[nebula] 0 entity object(s) were destroyed without a despawn; forgetting them
[nebula] 0 entity object(s) were destroyed without a despawn; forgetting them
[nebula] 0 entity object(s) were destroyed without a despawn; forgetting them
[nebula] 0 entity object(s) were destroyed without a despawn; forgetting them
[nebula] 0 entity object(s) were destroyed without a despawn; forgetting them
[nebula] 0 entity object(s) were destroyed without a despawn; forgetting them
[nebula] 0 entity object(s) were destroyed without a despawn; forgetting them
[nebula] 0 entity object(s) were destroyed without a despawn; forgetting them
[nebula] 0 entity object(s) were destroyed without a despawn; forgetting them
[nebula] 0 entity object(s) were destroyed without a despawn; forgetting them
[nebula] 0 entity object(s) were destroyed without a despawn; forgetting them
[nebula] 0 entity object(s) were destroyed without a despawn; forgetting them
[nebula] 0 entity object(s) were destroyed without a despawn; forgetting them
[nebula] 0 entity object(s) were destroyed without a despawn; forgetting them
[nebula] 0 entity object(s) were destroyed without a despawn; forgetting them
[nebula] 0 entity object(s) were destroyed without a despawn; forgetting them
[nebula] 0 entity object(s) were destroyed without a despawn; forgetting them
[nebula] 0 entity object(s) were destroyed without a despawn; forgetting them
[nebula] 0 entity object(s) were destroyed without a despawn; forgetting them
[nebula] 0 entity object(s) were destroyed without a despawn; forgetting them
[nebula] 0 entity object(s) were destroyed without a despawn; forgetting them
[nebula] 0 entity object(s) were destroyed without a despawn; forgetting them
[nebula] 0 entity object(s) were destroyed without a despawn; forgetting them
[nebula] 0 entity object(s) were destroyed without a despawn; forgetting them
[nebula] local handover Player(Clone)#844424930131970(e2,rt_17592188141567,auth) rt_13194141630463 -> rt_17592188141567
[nebula] 0 entity object(s) were destroyed without a despawn; forgetting them
[nebula] 0 entity object(s) were destroyed without a despawn; forgetting them
[nebula] 0 entity object(s) were destroyed without a despawn; forgetting them
[nebula] 0 entity object(s) were destroyed without a despawn; forgetting them
[nebula] 0 entity object(s) were destroyed without a despawn; forgetting them
[nebula] 0 entity object(s) were destroyed without a despawn; forgetting them
[nebula] 0 entity object(s) were destroyed without a despawn; forgetting them
[nebula] 0 entity object(s) were destroyed without a despawn; forgetting them
[nebula] 0 entity object(s) were destroyed without a despawn; forgetting them
[nebula] 0 entity object(s) were destroyed without a despawn; forgetting them
[nebula] 0 entity object(s) were destroyed without a despawn; forgetting them
[nebula] 0 entity object(s) were destroyed without a despawn; forgetting them
[nebula] 0 entity object(s) were destroyed without a despawn; forgetting them
[nebula] 0 entity object(s) were destroyed without a despawn; forgetting them
[nebula] 0 entity object(s) were destroyed without a despawn; forgetting them
[nebula] 0 entity object(s) were destroyed without a despawn; forgetting them
[nebula] 0 entity object(s) were destroyed without a despawn; forgetting them
[nebula] 0 entity object(s) were destroyed without a despawn; forgetting them
[nebula] 0 entity object(s) were destroyed without a despawn; forgetting them
[nebula] 0 entity object(s) were destroyed without a despawn; forgetting them
[nebula] 0 entity object(s) were destroyed without a despawn; forgetting them
[nebula] 0 entity object(s) were destroyed without a despawn; forgetting them
[nebula] 0 entity object(s) were destroyed without a despawn; forgetting them
[nebula] 0 entity object(s) were destroyed without a despawn; forgetting them
[nebula] spawned Prop(Clone)#281474976710671(e1,rt_17592188141567,auth)
[nebula] 0 entity object(s) were destroyed without a despawn; forgetting them
[nebula] 0 entity object(s) were destroyed without a despawn; forgetting them
[nebula] 0 entity object(s) were destroyed without a despawn; forgetting them
[nebula] 0 entity object(s) were destroyed without a despawn; forgetting them
[nebula] 0 entity object(s) were destroyed without a despawn; forgetting them
[nebula] 0 entity object(s) were destroyed without a despawn; forgetting them
[nebula] 0 entity object(s) were destroyed without a despawn; forgetting them
[nebula] 0 entity object(s) were destroyed without a despawn; forgetting them
[nebula] 0 entity object(s) were destroyed without a despawn; forgetting them
[nebula] 0 entity object(s) were destroyed without a despawn; forgetting them
[nebula] 0 entity object(s) were destroyed without a despawn; forgetting them
[nebula] 0 entity object(s) were destroyed without a despawn; forgetting them
[nebula] 0 entity object(s) were destroyed without a despawn; forgetting them
[nebula] 0 entity object(s) were destroyed without a despawn; forgetting them
[nebula] 0 entity object(s) were destroyed without a despawn; forgetting them
[nebula] 0 entity object(s) were destroyed without a despawn; forgetting them
[nebula] 0 entity object(s) were destroyed without a despawn; forgetting them
[nebula] 0 entity object(s) were destroyed without a despawn; forgetting them
[nebula] 0 entity object(s) were destroyed without a despawn; forgetting them
[nebula] 0 entity object(s) were destroyed without a despawn; forgetting them
[nebula] 0 entity object(s) were destroyed without a despawn; forgetting them
[nebula] 0 entity object(s) were destroyed without a despawn; forgetting them
[nebula] 0 entity object(s) were destroyed without a despawn; forgetting them
[nebula] 0 entity object(s) were destroyed without a despawn; forgetting them
[nebula] 0 entity object(s) were destroyed without a despawn; forgetting them
[nebula] 0 entity object(s) were destroyed without a despawn; forgetting them
[nebula] 0 entity object(s) were destroyed without a despawn; forgetting them
[nebula] 0 entity object(s) were destroyed without a despawn; forgetting them
[nebula] 0 entity object(s) were destroyed without a despawn; forgetting them
[nebula] 0 entity object(s) were destroyed without a despawn; forgetting them
[nebula] 0 entity object(s) were destroyed without a despawn; forgetting them
[nebula] 0 entity object(s) were destroyed without a despawn; forgetting them
[nebula] 0 entity object(s) were destroyed without a despawn; forgetting them
[nebula] 0 entity object(s) were destroyed without a despawn; forgetting them
[nebula] 0 entity object(s) were destroyed without a despawn; forgetting them
[nebula] 0 entity object(s) were destroyed without a despawn; forgetting them
[nebula] 0 entity object(s) were destroyed without a despawn; forgetting them
[nebula] 0 entity object(s) were destroyed without a despawn; forgetting them
[nebula] 0 entity object(s) were destroyed without a despawn; forgetting them
[nebula] 0 entity object(s) were destroyed without a despawn; forgetting them
[nebula] 0 entity object(s) were destroyed without a despawn; forgetting them
[nebula] 0 entity object(s) were destroyed without a despawn; forgetting them
[nebula] 0 entity object(s) were destroyed without a despawn; forgetting them
[nebula] 0 entity object(s) were destroyed without a despawn; forgetting them
[nebula] 0 entity object(s) were destroyed without a despawn; forgetting them
[nebula] 0 entity object(s) were destroyed without a despawn; forgetting them
[nebula] 0 entity object(s) were destroyed without a despawn; forgetting them
[nebula] 0 entity object(s) were destroyed without a despawn; forgetting them
[nebula] 0 entity object(s) were destroyed without a despawn; forgetting them
[nebula] 0 entity object(s) were destroyed without a despawn; forgetting them
[nebula] 0 entity object(s) were destroyed without a despawn; forgetting them
[nebula] 0 entity object(s) were destroyed without a despawn; forgetting them
[nebula] 0 entity object(s) were destroyed without a despawn; forgetting them
[nebula] 0 entity object(s) were destroyed without a despawn; forgetting them
[nebula] 0 entity object(s) were destroyed without a despawn; forgetting them
[nebula] 0 entity object(s) were destroyed without a despawn; forgetting them
[nebula] 0 entity object(s) were destroyed without a despawn; forgetting them
[nebula] 0 entity object(s) were destroyed without a despawn; forgetting them
[nebula] 0 entity object(s) were destroyed without a despawn; forgetting them
[nebula] 0 entity object(s) were destroyed without a despawn; forgetting them
[nebula] 0 entity object(s) were destroyed without a despawn; forgetting them
[nebula] 0 entity object(s) were destroyed without a despawn; forgetting them
[nebula] 0 entity object(s) were destroyed without a despawn; forgetting them
[nebula] 0 entity object(s) were destroyed without a despawn; forgetting them
[nebula] 0 entity object(s) were destroyed without a despawn; forgetting them
[nebula] 0 entity object(s) were destroyed without a despawn; forgetting them
[nebula] 0 entity object(s) were destroyed without a despawn; forgetting them
[nebula] 0 entity object(s) were destroyed without a despawn; forgetting them
[nebula] 0 entity object(s) were destroyed without a despawn; forgetting them
[nebula] 0 entity object(s) were destroyed without a despawn; forgetting them
[nebula] 0 entity object(s) were destroyed without a despawn; forgetting them
[nebula] 0 entity object(s) were destroyed without a despawn; forgetting them
[nebula] 0 entity object(s) were destroyed without a despawn; forgetting them
[nebula] 0 entity object(s) were destroyed without a despawn; forgetting them
[nebula] 0 entity object(s) were destroyed without a despawn; forgetting them
[nebula] 0 entity object(s) were destroyed without a despawn; forgetting them
[nebula] 0 entity object(s) were destroyed without a despawn; forgetting them
[nebula] 0 entity object(s) were destroyed without a despawn; forgetting them
[nebula] 0 entity object(s) were destroyed without a despawn; forgetting them
[nebula] 0 entity object(s) were destroyed without a despawn; forgetting them
[nebula] 0 entity object(s) were destroyed without a despawn; forgetting them
[nebula] 0 entity object(s) were destroyed without a despawn; forgetting them
[nebula] 0 entity object(s) were destroyed without a despawn; forgetting them
[nebula] 0 entity object(s) were destroyed without a despawn; forgetting them
[nebula] 0 entity object(s) were destroyed without a despawn; forgetting them
[nebula] 0 entity object(s) were destroyed without a despawn; forgetting them
[nebula] 0 entity object(s) were destroyed without a despawn; forgetting them
[nebula] 0 entity object(s) were destroyed without a despawn; forgetting them
[nebula] 0 entity object(s) were destroyed without a despawn; forgetting them
[nebula] 0 entity object(s) were destroyed without a despawn; forgetting them
[nebula] 0 entity object(s) were destroyed without a despawn; forgetting them
[nebula] 0 entity object(s) were destroyed without a despawn; forgetting them
[nebula] 0 entity object(s) were destroyed without a despawn; forgetting them
[nebula] 0 entity object(s) were destroyed without a despawn; forgetting them
[nebula] 0 entity object(s) were destroyed without a despawn; forgetting them
[nebula] 0 entity object(s) were destroyed without a despawn; forgetting them
[nebula] 0 entity object(s) were destroyed without a despawn; forgetting them
[nebula] 0 entity object(s) were destroyed without a despawn; forgetting them
[nebula] 0 entity object(s) were destroyed without a despawn; forgetting them
[nebula] 0 entity object(s) were destroyed without a despawn; forgetting them
[nebula] 0 entity object(s) were destroyed without a despawn; forgetting them
[nebula] 0 entity object(s) were destroyed without a despawn; forgetting them
[nebula] 0 entity object(s) were destroyed without a despawn; forgetting them
[nebula] 0 entity object(s) were destroyed without a despawn; forgetting them
[nebula] 0 entity object(s) were destroyed without a despawn; forgetting them
[nebula] 0 entity object(s) were destroyed without a despawn; forgetting them
[nebula] 0 entity object(s) were destroyed without a despawn; forgetting them
[nebula] 0 entity object(s) were destroyed without a despawn; forgetting them
[nebula] 0 entity object(s) were destroyed without a despawn; forgetting them
[nebula] 0 entity object(s) were destroyed without a despawn; forgetting them
[nebula] 0 entity object(s) were destroyed without a despawn; forgetting them
[nebula] 0 entity object(s) were destroyed without a despawn; forgetting them
[nebula] 0 entity object(s) were destroyed without a despawn; forgetting them
[nebula] 0 entity object(s) were destroyed without a despawn; forgetting them
[nebula] 0 entity object(s) were destroyed without a despawn; forgetting them
[nebula] 0 entity object(s) were destroyed without a despawn; forgetting them
[nebula] 0 entity object(s) were destroyed without a despawn; forgetting them
[nebula] 0 entity object(s) were destroyed without a despawn; forgetting them
[nebula] 0 entity object(s) were destroyed without a despawn; forgetting them
[nebula] 0 entity object(s) were destroyed without a despawn; forgetting them
[nebula] 0 entity object(s) were destroyed without a despawn; forgetting them
[nebula] 0 entity object(s) were destroyed without a despawn; forgetting them
[nebula] 0 entity object(s) were destroyed without a despawn; forgetting them
[nebula] 0 entity object(s) were destroyed without a despawn; forgetting them
[nebula] 0 entity object(s) were destroyed without a despawn; forgetting them
[nebula] 0 entity object(s) were destroyed without a despawn; forgetting them
[nebula] 0 entity object(s) were destroyed without a despawn; forgetting them
[nebula] 0 entity object(s) were destroyed without a despawn; forgetting them
[nebula] 0 entity object(s) were destroyed without a despawn; forgetting them
[nebula] 0 entity object(s) were destroyed without a despawn; forgetting them
[nebula] 0 entity object(s) were destroyed without a despawn; forgetting them
[nebula] 0 entity object(s) were destroyed without a despawn; forgetting them
[nebula] 0 entity object(s) were destroyed without a despawn; forgetting them
[nebula] 0 entity object(s) were destroyed without a despawn; forgetting them
[nebula] 0 entity object(s) were destroyed without a despawn; forgetting them
[nebula] 0 entity object(s) were destroyed without a despawn; forgetting them
[nebula] 0 entity object(s) were destroyed without a despawn; forgetting them
[nebula] 0 entity object(s) were destroyed without a despawn; forgetting them
[nebula] 0 entity object(s) were destroyed without a despawn; forgetting them
[nebula] 0 entity object(s) were destroyed without a despawn; forgetting them
[nebula] 0 entity object(s) were destroyed without a despawn; forgetting them
[nebula] 0 entity object(s) were destroyed without a despawn; forgetting them
[nebula] 0 entity object(s) were destroyed without a despawn; forgetting them
[nebula] 0 entity object(s) were destroyed without a despawn; forgetting them
[nebula] 0 entity object(s) were destroyed without a despawn; forgetting them
[nebula] 0 entity object(s) were destroyed without a despawn; forgetting them
[nebula] 0 entity object(s) were destroyed without a despawn; forgetting them
[nebula] 0 entity object(s) were destroyed without a despawn; forgetting them
[nebula] 0 entity object(s) were destroyed without a despawn; forgetting them
[nebula] 0 entity object(s) were destroyed without a despawn; forgetting them
[nebula] 0 entity object(s) were destroyed without a despawn; forgetting them
[nebula] 0 entity object(s) were destroyed without a despawn; forgetting them
[nebula] profile 300 ticks/5s 300 frames avg 0.4ms max 0.7ms dup 0 skip 0 gc 44 auth 10 ghosts 0 | poll=0.01 ghosts=0.00 physics.sync=0.00 simulate=0.01 poses=0.03 containers=0.22 band=0.01 publish=0.01 gap=16.26 interest=0.01
[nebula] 0 entity object(s) were destroyed without a despawn; forgetting them
[nebula] 0 entity object(s) were destroyed without a despawn; forgetting them
[nebula] 0 entity object(s) were destroyed without a despawn; forgetting them
[nebula] 0 entity object(s) were destroyed without a despawn; forgetting them
[nebula] 0 entity object(s) were destroyed without a despawn; forgetting them
[nebula] 0 entity object(s) were destroyed without a despawn; forgetting them
[nebula] 0 entity object(s) were destroyed without a despawn; forgetting them
[nebula] 0 entity object(s) were destroyed without a despawn; forgetting them
[nebula] 0 entity object(s) were destroyed without a despawn; forgetting them
[nebula] 0 entity object(s) were destroyed without a despawn; forgetting them
[nebula] 0 entity object(s) were destroyed without a despawn; forgetting them
[nebula] 0 entity object(s) were destroyed without a despawn; forgetting them
[nebula] 0 entity object(s) were destroyed without a despawn; forgetting them
[nebula] 0 entity object(s) were destroyed without a despawn; forgetting them
[nebula] 0 entity object(s) were destroyed without a despawn; forgetting them
[nebula] 0 entity object(s) were destroyed without a despawn; forgetting them
[nebula] 0 entity object(s) were destroyed without a despawn; forgetting them
[nebula] 0 entity object(s) were destroyed without a despawn; forgetting them
[nebula] 0 entity object(s) were destroyed without a despawn; forgetting them
[nebula] 0 entity object(s) were destroyed without a despawn; forgetting them
[nebula] 0 entity object(s) were destroyed without a despawn; forgetting them
[nebula] 0 entity object(s) were destroyed without a despawn; forgetting them
[nebula] 0 entity object(s) were destroyed without a despawn; forgetting them
[nebula] 0 entity object(s) were destroyed without a despawn; forgetting them
[nebula] 0 entity object(s) were destroyed without a despawn; forgetting them
[nebula] 0 entity object(s) were destroyed without a despawn; forgetting them
[nebula] 0 entity object(s) were destroyed without a despawn; forgetting them
[nebula] 0 entity object(s) were destroyed without a despawn; forgetting them
[nebula] spawned Prop(Clone)#281474976710672(e1,rt_17592188141567,auth)
[nebula] 0 entity object(s) were destroyed without a despawn; forgetting them
[nebula] 0 entity object(s) were destroyed without a despawn; forgetting them
[nebula] 0 entity object(s) were destroyed without a despawn; forgetting them
[nebula] 0 entity object(s) were destroyed without a despawn; forgetting them
[nebula] 0 entity object(s) were destroyed without a despawn; forgetting them
[nebula] 0 entity object(s) were destroyed without a despawn; forgetting them
[nebula] 0 entity object(s) were destroyed without a despawn; forgetting them
[nebula] 0 entity object(s) were destroyed without a despawn; forgetting them
[nebula] 0 entity object(s) were destroyed without a despawn; forgetting them
[nebula] 0 entity object(s) were destroyed without a despawn; forgetting them
[nebula] 0 entity object(s) were destroyed without a despawn; forgetting them
[nebula] 0 entity object(s) were destroyed without a despawn; forgetting them
[nebula] 0 entity object(s) were destroyed without a despawn; forgetting them
[nebula] 0 entity object(s) were destroyed without a despawn; forgetting them
[nebula] 0 entity object(s) were destroyed without a despawn; forgetting them
[nebula] 0 entity object(s) were destroyed without a despawn; forgetting them
[nebula] 0 entity object(s) were destroyed without a despawn; forgetting them
[nebula] 0 entity object(s) were destroyed without a despawn; forgetting them
[nebula] 0 entity object(s) were destroyed without a despawn; forgetting them
[nebula] 0 entity object(s) were destroyed without a despawn; forgetting them
[nebula] 0 entity object(s) were destroyed without a despawn; forgetting them
[nebula] 0 entity object(s) were destroyed without a despawn; forgetting them
[nebula] 0 entity object(s) were destroyed without a despawn; forgetting them
[nebula] 0 entity object(s) were destroyed without a despawn; forgetting them
[nebula] 0 entity object(s) were destroyed without a despawn; forgetting them
[nebula] 0 entity object(s) were destroyed without a despawn; forgetting them
[nebula] 0 entity object(s) were destroyed without a despawn; forgetting them
[nebula] 0 entity object(s) were destroyed without a despawn; forgetting them
[nebula] 0 entity object(s) were destroyed without a despawn; forgetting them
[nebula] 0 entity object(s) were destroyed without a despawn; forgetting them
[nebula] 0 entity object(s) were destroyed without a despawn; forgetting them
[nebula] 0 entity object(s) were destroyed without a despawn; forgetting them
[nebula] 0 entity object(s) were destroyed without a despawn; forgetting them
[nebula] 0 entity object(s) were destroyed without a despawn; forgetting them
[nebula] 0 entity object(s) were destroyed without a despawn; forgetting them
[nebula] 0 entity object(s) were destroyed without a despawn; forgetting them
[nebula] 0 entity object(s) were destroyed without a despawn; forgetting them
[nebula] 0 entity object(s) were destroyed without a despawn; forgetting them
[nebula] 0 entity object(s) were destroyed without a despawn; forgetting them
[nebula] 0 entity object(s) were destroyed without a despawn; forgetting them
[nebula] 0 entity object(s) were destroyed without a despawn; forgetting them
[nebula] 0 entity object(s) were destroyed without a despawn; forgetting them
[nebula] 0 entity object(s) were destroyed without a despawn; forgetting them
[nebula] 0 entity object(s) were destroyed without a despawn; forgetting them
[nebula] 0 entity object(s) were destroyed without a despawn; forgetting them
[nebula] 0 entity object(s) were destroyed without a despawn; forgetting them
[nebula] 0 entity object(s) were destroyed without a despawn; forgetting them
[nebula] 0 entity object(s) were destroyed without a despawn; forgetting them
[nebula] 0 entity object(s) were destroyed without a despawn; forgetting them
[nebula] 0 entity object(s) were destroyed without a despawn; forgetting them
[nebula] 0 entity object(s) were destroyed without a despawn; forgetting them
[nebula] 0 entity object(s) were destroyed without a despawn; forgetting them
[nebula] 0 entity object(s) were destroyed without a despawn; forgetting them
[nebula] 0 entity object(s) were destroyed without a despawn; forgetting them
[nebula] 0 entity object(s) were destroyed without a despawn; forgetting them
[nebula] 0 entity object(s) were destroyed without a despawn; forgetting them
[nebula] 0 entity object(s) were destroyed without a despawn; forgetting them
[nebula] 0 entity object(s) were destroyed without a despawn; forgetting them
[nebula] 0 entity object(s) were destroyed without a despawn; forgetting them
[nebula] 0 entity object(s) were destroyed without a despawn; forgetting them
[nebula] 0 entity object(s) were destroyed without a despawn; forgetting them
[nebula] 0 entity object(s) were destroyed without a despawn; forgetting them
[nebula] 0 entity object(s) were destroyed without a despawn; forgetting them
[nebula] 0 entity object(s) were destroyed without a despawn; forgetting them
[nebula] 0 entity object(s) were destroyed without a despawn; forgetting them
[nebula] 0 entity object(s) were destroyed without a despawn; forgetting them
[nebula] 0 entity object(s) were destroyed without a despawn; forgetting them
[nebula] 0 entity object(s) were destroyed without a despawn; forgetting them
[nebula] 0 entity object(s) were destroyed without a despawn; forgetting them
[nebula] 0 entity object(s) were destroyed without a despawn; forgetting them
[nebula] 0 entity object(s) were destroyed without a despawn; forgetting them
[nebula] 0 entity object(s) were destroyed without a despawn; forgetting them
[nebula] 0 entity object(s) were destroyed without a despawn; forgetting them
[nebula] 0 entity object(s) were destroyed without a despawn; forgetting them
[nebula] 0 entity object(s) were destroyed without a despawn; forgetting them
[nebula] 0 entity object(s) were destroyed without a despawn; forgetting them
[nebula] 0 entity object(s) were destroyed without a despawn; forgetting them
[nebula] 0 entity object(s) were destroyed without a despawn; forgetting them
[nebula] 0 entity object(s) were destroyed without a despawn; forgetting them
[nebula] 0 entity object(s) were destroyed without a despawn; forgetting them
[nebula] 0 entity object(s) were destroyed without a despawn; forgetting them
[nebula] 0 entity object(s) were destroyed without a despawn; forgetting them
[nebula] 0 entity object(s) were destroyed without a despawn; forgetting them
[nebula] 0 entity object(s) were destroyed without a despawn; forgetting them
[nebula] 0 entity object(s) were destroyed without a despawn; forgetting them
[nebula] 0 entity object(s) were destroyed without a despawn; forgetting them
[nebula] 0 entity object(s) were destroyed without a despawn; forgetting them
[nebula] 0 entity object(s) were destroyed without a despawn; forgetting them
[nebula] 0 entity object(s) were destroyed without a despawn; forgetting them
[nebula] 0 entity object(s) were destroyed without a despawn; forgetting them
[nebula] 0 entity object(s) were destroyed without a despawn; forgetting them
[nebula] 0 entity object(s) were destroyed without a despawn; forgetting them
[nebula] 0 entity object(s) were destroyed without a despawn; forgetting them
[nebula] 0 entity object(s) were destroyed without a despawn; forgetting them
[nebula] 0 entity object(s) were destroyed without a despawn; forgetting them
[nebula] 0 entity object(s) were destroyed without a despawn; forgetting them
[nebula] 0 entity object(s) were destroyed without a despawn; forgetting them
[nebula] 0 entity object(s) were destroyed without a despawn; forgetting them
[nebula] 0 entity object(s) were destroyed without a despawn; forgetting them
[nebula] 0 entity object(s) were destroyed without a despawn; forgetting them
[nebula] 0 entity object(s) were destroyed without a despawn; forgetting them
[nebula] 0 entity object(s) were destroyed without a despawn; forgetting them
[nebula] 0 entity object(s) were destroyed without a despawn; forgetting them
[nebula] 0 entity object(s) were destroyed without a despawn; forgetting them
[nebula] 0 entity object(s) were destroyed without a despawn; forgetting them
[nebula] 0 entity object(s) were destroyed without a despawn; forgetting them
[nebula] 0 entity object(s) were destroyed without a despawn; forgetting them
[nebula] 0 entity object(s) were destroyed without a despawn; forgetting them
[nebula] 0 entity object(s) were destroyed without a despawn; forgetting them
[nebula] 0 entity object(s) were destroyed without a despawn; forgetting them
[nebula] 0 entity object(s) were destroyed without a despawn; forgetting them
[nebula] 0 entity object(s) were destroyed without a despawn; forgetting them
[nebula] 0 entity object(s) were destroyed without a despawn; forgetting them
[nebula] 0 entity object(s) were destroyed without a despawn; forgetting them
[nebula] 0 entity object(s) were destroyed without a despawn; forgetting them
[nebula] 0 entity object(s) were destroyed without a despawn; forgetting them
[nebula] 0 entity object(s) were destroyed without a despawn; forgetting them
[nebula] 0 entity object(s) were destroyed without a despawn; forgetting them
[nebula] 0 entity object(s) were destroyed without a despawn; forgetting them
[nebula] 0 entity object(s) were destroyed without a despawn; forgetting them
[nebula] 0 entity object(s) were destroyed without a despawn; forgetting them
[nebula] 0 entity object(s) were destroyed without a despawn; forgetting them
[nebula] 0 entity object(s) were destroyed without a despawn; forgetting them
[nebula] 0 entity object(s) were destroyed without a despawn; forgetting them
[nebula] 0 entity object(s) were destroyed without a despawn; forgetting them
[nebula] 0 entity object(s) were destroyed without a despawn; forgetting them
[nebula] 0 entity object(s) were destroyed without a despawn; forgetting them
[nebula] 0 entity object(s) were destroyed without a despawn; forgetting them
[nebula] 0 entity object(s) were destroyed without a despawn; forgetting them
[nebula] 0 entity object(s) were destroyed without a despawn; forgetting them
[nebula] 0 entity object(s) were destroyed without a despawn; forgetting them
[nebula] 0 entity object(s) were destroyed without a despawn; forgetting them
[nebula] 0 entity object(s) were destroyed without a despawn; forgetting them
[nebula] 0 entity object(s) were destroyed without a despawn; forgetting them
[nebula] 0 entity object(s) were destroyed without a despawn; forgetting them
[nebula] 0 entity object(s) were destroyed without a despawn; forgetting them
[nebula] 0 entity object(s) were destroyed without a despawn; forgetting them
[nebula] 0 entity object(s) were destroyed without a despawn; forgetting them
[nebula] 0 entity object(s) were destroyed without a despawn; forgetting them
[nebula] 0 entity object(s) were destroyed without a despawn; forgetting them
[nebula] 0 entity object(s) were destroyed without a despawn; forgetting them
[nebula] 0 entity object(s) were destroyed without a despawn; forgetting them
[nebula] 0 entity object(s) were destroyed without a despawn; forgetting them
[nebula] 0 entity object(s) were destroyed without a despawn; forgetting them
[nebula] 0 entity object(s) were destroyed without a despawn; forgetting them
[nebula] 0 entity object(s) were destroyed without a despawn; forgetting them
[nebula] 0 entity object(s) were destroyed without a despawn; forgetting them
[nebula] 0 entity object(s) were destroyed without a despawn; forgetting them
[nebula] 0 entity object(s) were destroyed without a despawn; forgetting them
[nebula] 0 entity object(s) were destroyed without a despawn; forgetting them
[nebula] 0 entity object(s) were destroyed without a despawn; forgetting them
[nebula] 0 entity object(s) were destroyed without a despawn; forgetting them
[nebula] 0 entity object(s) were destroyed without a despawn; forgetting them
[nebula] 0 entity object(s) were destroyed without a despawn; forgetting them
[nebula] 0 entity object(s) were destroyed without a despawn; forgetting them
[nebula] 0 entity object(s) were destroyed without a despawn; forgetting them
[nebula] 0 entity object(s) were destroyed without a despawn; forgetting them
[nebula] 0 entity object(s) were destroyed without a despawn; forgetting them
[nebula] 0 entity object(s) were destroyed without a despawn; forgetting them
[nebula] 0 entity object(s) were destroyed without a despawn; forgetting them
[nebula] 0 entity object(s) were destroyed without a despawn; forgetting them
[nebula] 0 entity object(s) were destroyed without a despawn; forgetting them
[nebula] 0 entity object(s) were destroyed without a despawn; forgetting them
[nebula] 0 entity object(s) were destroyed without a despawn; forgetting them
[nebula] 0 entity object(s) were destroyed without a despawn; forgetting them
[nebula] 0 entity object(s) were destroyed without a despawn; forgetting them
[nebula] 0 entity object(s) were destroyed without a despawn; forgetting them
[nebula] 0 entity object(s) were destroyed without a despawn; forgetting them
[nebula] 0 entity object(s) were destroyed without a despawn; forgetting them
[nebula] 0 entity object(s) were destroyed without a despawn; forgetting them
[nebula] 0 entity object(s) were destroyed without a despawn; forgetting them
[nebula] 0 entity object(s) were destroyed without a despawn; forgetting them
[nebula] 0 entity object(s) were destroyed without a despawn; forgetting them
[nebula] 0 entity object(s) were destroyed without a despawn; forgetting them
[nebula] 0 entity object(s) were destroyed without a despawn; forgetting them
[nebula] 0 entity object(s) were destroyed without a despawn; forgetting them
[nebula] 0 entity object(s) were destroyed without a despawn; forgetting them
[nebula] 0 entity object(s) were destroyed without a despawn; forgetting them
[nebula] 0 entity object(s) were destroyed without a despawn; forgetting them
[nebula] 0 entity object(s) were destroyed without a despawn; forgetting them
[nebula] spawned Prop(Clone)#281474976710673(e1,rt_17592188141567,auth)
[nebula] 0 entity object(s) were destroyed without a despawn; forgetting them
[nebula] 0 entity object(s) were destroyed without a despawn; forgetting them
[nebula] 0 entity object(s) were destroyed without a despawn; forgetting them
[nebula] 0 entity object(s) were destroyed without a despawn; forgetting them
[nebula] 0 entity object(s) were destroyed without a despawn; forgetting them
[nebula] 0 entity object(s) were destroyed without a despawn; forgetting them
[nebula] 0 entity object(s) were destroyed without a despawn; forgetting them
[nebula] 0 entity object(s) were destroyed without a despawn; forgetting them
[nebula] 0 entity object(s) were destroyed without a despawn; forgetting them
[nebula] 0 entity object(s) were destroyed without a despawn; forgetting them
[nebula] 0 entity object(s) were destroyed without a despawn; forgetting them
[nebula] 0 entity object(s) were destroyed without a despawn; forgetting them
[nebula] 0 entity object(s) were destroyed without a despawn; forgetting them
[nebula] 0 entity object(s) were destroyed without a despawn; forgetting them
[nebula] 0 entity object(s) were destroyed without a despawn; forgetting them
[nebula] 0 entity object(s) were destroyed without a despawn; forgetting them
[nebula] 0 entity object(s) were destroyed without a despawn; forgetting them
[nebula] 0 entity object(s) were destroyed without a despawn; forgetting them
[nebula] 0 entity object(s) were destroyed without a despawn; forgetting them
[nebula] 0 entity object(s) were destroyed without a despawn; forgetting them
[nebula] 0 entity object(s) were destroyed without a despawn; forgetting them
[nebula] 0 entity object(s) were destroyed without a despawn; forgetting them
[nebula] 0 entity object(s) were destroyed without a despawn; forgetting them
[nebula] 0 entity object(s) were destroyed without a despawn; forgetting them
[nebula] 0 entity object(s) were destroyed without a despawn; forgetting them
[nebula] 0 entity object(s) were destroyed without a despawn; forgetting them
[nebula] 0 entity object(s) were destroyed without a despawn; forgetting them
[nebula] 0 entity object(s) were destroyed without a despawn; forgetting them
[nebula] 0 entity object(s) were destroyed without a despawn; forgetting them
[nebula] 0 entity object(s) were destroyed without a despawn; forgetting them
[nebula] 0 entity object(s) were destroyed without a despawn; forgetting them
[nebula] 0 entity object(s) were destroyed without a despawn; forgetting them
[nebula] 0 entity object(s) were destroyed without a despawn; forgetting them
[nebula] 0 entity object(s) were destroyed without a despawn; forgetting them
[nebula] 0 entity object(s) were destroyed without a despawn; forgetting them
[nebula] 0 entity object(s) were destroyed without a despawn; forgetting them
[nebula] 0 entity object(s) were destroyed without a despawn; forgetting them
[nebula] 0 entity object(s) were destroyed without a despawn; forgetting them
[nebula] 0 entity object(s) were destroyed without a despawn; forgetting them
[nebula] 0 entity object(s) were destroyed without a despawn; forgetting them
[nebula] 0 entity object(s) were destroyed without a despawn; forgetting them
[nebula] 0 entity object(s) were destroyed without a despawn; forgetting them
[nebula] 0 entity object(s) were destroyed without a despawn; forgetting them
[nebula] 0 entity object(s) were destroyed without a despawn; forgetting them
[nebula] 0 entity object(s) were destroyed without a despawn; forgetting them
[nebula] 0 entity object(s) were destroyed without a despawn; forgetting them
[nebula] 0 entity object(s) were destroyed without a despawn; forgetting them
[nebula] 0 entity object(s) were destroyed without a despawn; forgetting them
[nebula] 0 entity object(s) were destroyed without a despawn; forgetting them
[nebula] 0 entity object(s) were destroyed without a despawn; forgetting them
[nebula] 0 entity object(s) were destroyed without a despawn; forgetting them
[nebula] 0 entity object(s) were destroyed without a despawn; forgetting them
[nebula] 0 entity object(s) were destroyed without a despawn; forgetting them
[nebula] 0 entity object(s) were destroyed without a despawn; forgetting them
[nebula] 0 entity object(s) were destroyed without a despawn; forgetting them
[nebula] 0 entity object(s) were destroyed without a despawn; forgetting them
[nebula] 0 entity object(s) were destroyed without a despawn; forgetting them
[nebula] 0 entity object(s) were destroyed without a despawn; forgetting them
[nebula] 0 entity object(s) were destroyed without a despawn; forgetting them
[nebula] 0 entity object(s) were destroyed without a despawn; forgetting them
[nebula] 0 entity object(s) were destroyed without a despawn; forgetting them
[nebula] 0 entity object(s) were destroyed without a despawn; forgetting them
[nebula] 0 entity object(s) were destroyed without a despawn; forgetting them
[nebula] 0 entity object(s) were destroyed without a despawn; forgetting them
[nebula] 0 entity object(s) were destroyed without a despawn; forgetting them
[nebula] 0 entity object(s) were destroyed without a despawn; forgetting them
[nebula] 0 entity object(s) were destroyed without a despawn; forgetting them
[nebula] 0 entity object(s) were destroyed without a despawn; forgetting them
[nebula] 0 entity object(s) were destroyed without a despawn; forgetting them
[nebula] 0 entity object(s) were destroyed without a despawn; forgetting them
[nebula] 0 entity object(s) were destroyed without a despawn; forgetting them
[nebula] 0 entity object(s) were destroyed without a despawn; forgetting them
[nebula] 0 entity object(s) were destroyed without a despawn; forgetting them
[nebula] 0 entity object(s) were destroyed without a despawn; forgetting them
[nebula] 0 entity object(s) were destroyed without a despawn; forgetting them
[nebula] 0 entity object(s) were destroyed without a despawn; forgetting them
[nebula] 0 entity object(s) were destroyed without a despawn; forgetting them
[nebula] 0 entity object(s) were destroyed without a despawn; forgetting them
[nebula] 0 entity object(s) were destroyed without a despawn; forgetting them
[nebula] 0 entity object(s) were destroyed without a despawn; forgetting them
[nebula] 0 entity object(s) were destroyed without a despawn; forgetting them
[nebula] 0 entity object(s) were destroyed without a despawn; forgetting them
[nebula] 0 entity object(s) were destroyed without a despawn; forgetting them
[nebula] 0 entity object(s) were destroyed without a despawn; forgetting them
[nebula] 0 entity object(s) were destroyed without a despawn; forgetting them
[nebula] 0 entity object(s) were destroyed without a despawn; forgetting them
[nebula] 0 entity object(s) were destroyed without a despawn; forgetting them
[nebula] 0 entity object(s) were destroyed without a despawn; forgetting them
[nebula] 0 entity object(s) were destroyed without a despawn; forgetting them
[nebula] 0 entity object(s) were destroyed without a despawn; forgetting them
[nebula] 0 entity object(s) were destroyed without a despawn; forgetting them
[nebula] 0 entity object(s) were destroyed without a despawn; forgetting them
[nebula] profile 300 ticks/5s 300 frames avg 0.4ms max 0.9ms dup 0 skip 0 gc 32 auth 12 ghosts 0 | poll=0.01 ghosts=0.00 physics.sync=0.00 simulate=0.01 poses=0.03 containers=0.25 band=0.01 publish=0.01 gap=16.23 interest=0.01
[nebula] 0 entity object(s) were destroyed without a despawn; forgetting them
[nebula] 0 entity object(s) were destroyed without a despawn; forgetting them
[nebula] 0 entity object(s) were destroyed without a despawn; forgetting them
[nebula] 0 entity object(s) were destroyed without a despawn; forgetting them
[nebula] 0 entity object(s) were destroyed without a despawn; forgetting them
[nebula] 0 entity object(s) were destroyed without a despawn; forgetting them
[nebula] 0 entity object(s) were destroyed without a despawn; forgetting them
[nebula] 0 entity object(s) were destroyed without a despawn; forgetting them
[nebula] 0 entity object(s) were destroyed without a despawn; forgetting them
[nebula] 0 entity object(s) were destroyed without a despawn; forgetting them
[nebula] 0 entity object(s) were destroyed without a despawn; forgetting them
[nebula] 0 entity object(s) were destroyed without a despawn; forgetting them
[nebula] 0 entity object(s) were destroyed without a despawn; forgetting them
[nebula] 0 entity object(s) were destroyed without a despawn; forgetting them
[nebula] 0 entity object(s) were destroyed without a despawn; forgetting them
[nebula] 0 entity object(s) were destroyed without a despawn; forgetting them
[nebula] 0 entity object(s) were destroyed without a despawn; forgetting them
[nebula] 0 entity object(s) were destroyed without a despawn; forgetting them
[nebula] 0 entity object(s) were destroyed without a despawn; forgetting them
[nebula] 0 entity object(s) were destroyed without a despawn; forgetting them
[nebula] 0 entity object(s) were destroyed without a despawn; forgetting them
[nebula] 0 entity object(s) were destroyed without a despawn; forgetting them
[nebula] 0 entity object(s) were destroyed without a despawn; forgetting them
[nebula] 0 entity object(s) were destroyed without a despawn; forgetting them
[nebula] 0 entity object(s) were destroyed without a despawn; forgetting them
[nebula] 0 entity object(s) were destroyed without a despawn; forgetting them
[nebula] 0 entity object(s) were destroyed without a despawn; forgetting them
[nebula] 0 entity object(s) were destroyed without a despawn; forgetting them
[nebula] 0 entity object(s) were destroyed without a despawn; forgetting them
[nebula] 0 entity object(s) were destroyed without a despawn; forgetting them
[nebula] 0 entity object(s) were destroyed without a despawn; forgetting them
[nebula] 0 entity object(s) were destroyed without a despawn; forgetting them
[nebula] 0 entity object(s) were destroyed without a despawn; forgetting them
[nebula] 0 entity object(s) were destroyed without a despawn; forgetting them
[nebula] 0 entity object(s) were destroyed without a despawn; forgetting them
[nebula] 0 entity object(s) were destroyed without a despawn; forgetting them
[nebula] 0 entity object(s) were destroyed without a despawn; forgetting them
[nebula] 0 entity object(s) were destroyed without a despawn; forgetting them
[nebula] 0 entity object(s) were destroyed without a despawn; forgetting them
[nebula] 0 entity object(s) were destroyed without a despawn; forgetting them
[nebula] 0 entity object(s) were destroyed without a despawn; forgetting them
[nebula] 0 entity object(s) were destroyed without a despawn; forgetting them
[nebula] 0 entity object(s) were destroyed without a despawn; forgetting them
[nebula] 0 entity object(s) were destroyed without a despawn; forgetting them
[nebula] 0 entity object(s) were destroyed without a despawn; forgetting them
[nebula] 0 entity object(s) were destroyed without a despawn; forgetting them
[nebula] 0 entity object(s) were destroyed without a despawn; forgetting them
[nebula] 0 entity object(s) were destroyed without a despawn; forgetting them
[nebula] 0 entity object(s) were destroyed without a despawn; forgetting them
[nebula] 0 entity object(s) were destroyed without a despawn; forgetting them
[nebula] 0 entity object(s) were destroyed without a despawn; forgetting them
[nebula] 0 entity object(s) were destroyed without a despawn; forgetting them
[nebula] 0 entity object(s) were destroyed without a despawn; forgetting them
[nebula] 0 entity object(s) were destroyed without a despawn; forgetting them
[nebula] 0 entity object(s) were destroyed without a despawn; forgetting them
[nebula] 0 entity object(s) were destroyed without a despawn; forgetting them
[nebula] 0 entity object(s) were destroyed without a despawn; forgetting them
[nebula] 0 entity object(s) were destroyed without a despawn; forgetting them
[nebula] 0 entity object(s) were destroyed without a despawn; forgetting them
[nebula] 0 entity object(s) were destroyed without a despawn; forgetting them
[nebula] 0 entity object(s) were destroyed without a despawn; forgetting them
[nebula] 0 entity object(s) were destroyed without a despawn; forgetting them
[nebula] 0 entity object(s) were destroyed without a despawn; forgetting them
[nebula] 0 entity object(s) were destroyed without a despawn; forgetting them
[nebula] 0 entity object(s) were destroyed without a despawn; forgetting them
[nebula] 0 entity object(s) were destroyed without a despawn; forgetting them
[nebula] 0 entity object(s) were destroyed without a despawn; forgetting them
[nebula] 0 entity object(s) were destroyed without a despawn; forgetting them
[nebula] 0 entity object(s) were destroyed without a despawn; forgetting them
[nebula] 0 entity object(s) were destroyed without a despawn; forgetting them
[nebula] 0 entity object(s) were destroyed without a despawn; forgetting them
[nebula] 0 entity object(s) were destroyed without a despawn; forgetting them
[nebula] 0 entity object(s) were destroyed without a despawn; forgetting them
[nebula] 0 entity object(s) were destroyed without a despawn; forgetting them
[nebula] 0 entity object(s) were destroyed without a despawn; forgetting them
[nebula] 0 entity object(s) were destroyed without a despawn; forgetting them
[nebula] 0 entity object(s) were destroyed without a despawn; forgetting them
[nebula] 0 entity object(s) were destroyed without a despawn; forgetting them
[nebula] 0 entity object(s) were destroyed without a despawn; forgetting them
[nebula] 0 entity object(s) were destroyed without a despawn; forgetting them
[nebula] 0 entity object(s) were destroyed without a despawn; forgetting them
[nebula] 0 entity object(s) were destroyed without a despawn; forgetting them
[nebula] 0 entity object(s) were destroyed without a despawn; forgetting them
[nebula] 0 entity object(s) were destroyed without a despawn; forgetting them
[nebula] 0 entity object(s) were destroyed without a despawn; forgetting them
[nebula] 0 entity object(s) were destroyed without a despawn; forgetting them
[nebula] 0 entity object(s) were destroyed without a despawn; forgetting them
[nebula] 0 entity object(s) were destroyed without a despawn; forgetting them
[nebula] spawned Prop(Clone)#281474976710674(e1,rt_17592188141567,auth)
[nebula] 0 entity object(s) were destroyed without a despawn; forgetting them
[nebula] 0 entity object(s) were destroyed without a despawn; forgetting them
[nebula] 0 entity object(s) were destroyed without a despawn; forgetting them
[nebula] 0 entity object(s) were destroyed without a despawn; forgetting them
[nebula] 0 entity object(s) were destroyed without a despawn; forgetting them
[nebula] 0 entity object(s) were destroyed without a despawn; forgetting them
[nebula] 0 entity object(s) were destroyed without a despawn; forgetting them
[nebula] 0 entity object(s) were destroyed without a despawn; forgetting them
[nebula] 0 entity object(s) were destroyed without a despawn; forgetting them
[nebula] 0 entity object(s) were destroyed without a despawn; forgetting them
[nebula] 0 entity object(s) were destroyed without a despawn; forgetting them
[nebula] 0 entity object(s) were destroyed without a despawn; forgetting them
[nebula] 0 entity object(s) were destroyed without a despawn; forgetting them
[nebula] 0 entity object(s) were destroyed without a despawn; forgetting them
[nebula] 0 entity object(s) were destroyed without a despawn; forgetting them
[nebula] 0 entity object(s) were destroyed without a despawn; forgetting them
[nebula] 0 entity object(s) were destroyed without a despawn; forgetting them
[nebula] 0 entity object(s) were destroyed without a despawn; forgetting them
[nebula] 0 entity object(s) were destroyed without a despawn; forgetting them
[nebula] 0 entity object(s) were destroyed without a despawn; forgetting them
[nebula] 0 entity object(s) were destroyed without a despawn; forgetting them
[nebula] 0 entity object(s) were destroyed without a despawn; forgetting them
[nebula] 0 entity object(s) were destroyed without a despawn; forgetting them
[nebula] 0 entity object(s) were destroyed without a despawn; forgetting them
[nebula] 0 entity object(s) were destroyed without a despawn; forgetting them
[nebula] 0 entity object(s) were destroyed without a despawn; forgetting them
[nebula] 0 entity object(s) were destroyed without a despawn; forgetting them
[nebula] 0 entity object(s) were destroyed without a despawn; forgetting them
[nebula] 0 entity object(s) were destroyed without a despawn; forgetting them
[nebula] 0 entity object(s) were destroyed without a despawn; forgetting them
[nebula] 0 entity object(s) were destroyed without a despawn; forgetting them
[nebula] 0 entity object(s) were destroyed without a despawn; forgetting them
[nebula] 0 entity object(s) were destroyed without a despawn; forgetting them
[nebula] 0 entity object(s) were destroyed without a despawn; forgetting them
[nebula] 0 entity object(s) were destroyed without a despawn; forgetting them
[nebula] 0 entity object(s) were destroyed without a despawn; forgetting them
[nebula] 0 entity object(s) were destroyed without a despawn; forgetting them
[nebula] 0 entity object(s) were destroyed without a despawn; forgetting them
[nebula] 0 entity object(s) were destroyed without a despawn; forgetting them
[nebula] 0 entity object(s) were destroyed without a despawn; forgetting them
[nebula] 0 entity object(s) were destroyed without a despawn; forgetting them
[nebula] 0 entity object(s) were destroyed without a despawn; forgetting them
[nebula] 0 entity object(s) were destroyed without a despawn; forgetting them
[nebula] 0 entity object(s) were destroyed without a despawn; forgetting them
[nebula] 0 entity object(s) were destroyed without a despawn; forgetting them
[nebula] 0 entity object(s) were destroyed without a despawn; forgetting them
[nebula] 0 entity object(s) were destroyed without a despawn; forgetting them
[nebula] 0 entity object(s) were destroyed without a despawn; forgetting them
[nebula] 0 entity object(s) were destroyed without a despawn; forgetting them
[nebula] 0 entity object(s) were destroyed without a despawn; forgetting them
[nebula] 0 entity object(s) were destroyed without a despawn; forgetting them
[nebula] 0 entity object(s) were destroyed without a despawn; forgetting them
[nebula] 0 entity object(s) were destroyed without a despawn; forgetting them
[nebula] 0 entity object(s) were destroyed without a despawn; forgetting them
[nebula] 0 entity object(s) were destroyed without a despawn; forgetting them
[nebula] 0 entity object(s) were destroyed without a despawn; forgetting them
[nebula] 0 entity object(s) were destroyed without a despawn; forgetting them
[nebula] 0 entity object(s) were destroyed without a despawn; forgetting them
[nebula] 0 entity object(s) were destroyed without a despawn; forgetting them
[nebula] 0 entity object(s) were destroyed without a despawn; forgetting them
[nebula] 0 entity object(s) were destroyed without a despawn; forgetting them
[nebula] 0 entity object(s) were destroyed without a despawn; forgetting them
[nebula] 0 entity object(s) were destroyed without a despawn; forgetting them
[nebula] 0 entity object(s) were destroyed without a despawn; forgetting them
[nebula] 0 entity object(s) were destroyed without a despawn; forgetting them
[nebula] 0 entity object(s) were destroyed without a despawn; forgetting them
[nebula] 0 entity object(s) were destroyed without a despawn; forgetting them
[nebula] 0 entity object(s) were destroyed without a despawn; forgetting them
[nebula] 0 entity object(s) were destroyed without a despawn; forgetting them
[nebula] 0 entity object(s) were destroyed without a despawn; forgetting them
[nebula] 0 entity object(s) were destroyed without a despawn; forgetting them
[nebula] 0 entity object(s) were destroyed without a despawn; forgetting them
[nebula] 0 entity object(s) were destroyed without a despawn; forgetting them
[nebula] 0 entity object(s) were destroyed without a despawn; forgetting them
[nebula] 0 entity object(s) were destroyed without a despawn; forgetting them
[nebula] 0 entity object(s) were destroyed without a despawn; forgetting them
[nebula] local handover Player(Clone)#844424930131970(e2,rt_21990234652671,auth) rt_17592188141567 -> rt_21990234652671
[nebula] 0 entity object(s) were destroyed without a despawn; forgetting them
[nebula] 0 entity object(s) were destroyed without a despawn; forgetting them
[nebula] 0 entity object(s) were destroyed without a despawn; forgetting them
[nebula] 0 entity object(s) were destroyed without a despawn; forgetting them
[nebula] 0 entity object(s) were destroyed without a despawn; forgetting them
[nebula] 0 entity object(s) were destroyed without a despawn; forgetting them
[nebula] 0 entity object(s) were destroyed without a despawn; forgetting them
[nebula] 0 entity object(s) were destroyed without a despawn; forgetting them
[nebula] 0 entity object(s) were destroyed without a despawn; forgetting them
[nebula] 0 entity object(s) were destroyed without a despawn; forgetting them
[nebula] 0 entity object(s) were destroyed without a despawn; forgetting them
[nebula] 0 entity object(s) were destroyed without a despawn; forgetting them
[nebula] 0 entity object(s) were destroyed without a despawn; forgetting them
[nebula] 0 entity object(s) were destroyed without a despawn; forgetting them
[nebula] 0 entity object(s) were destroyed without a despawn; forgetting them
[nebula] 0 entity object(s) were destroyed without a despawn; forgetting them
[nebula] 0 entity object(s) were destroyed without a despawn; forgetting them
[nebula] 0 entity object(s) were destroyed without a despawn; forgetting them
[nebula] 0 entity object(s) were destroyed without a despawn; forgetting them
[nebula] 0 entity object(s) were destroyed without a despawn; forgetting them
[nebula] 0 entity object(s) were destroyed without a despawn; forgetting them
[nebula] 0 entity object(s) were destroyed without a despawn; forgetting them
[nebula] 0 entity object(s) were destroyed without a despawn; forgetting them
[nebula] 0 entity object(s) were destroyed without a despawn; forgetting them
[nebula] 0 entity object(s) were destroyed without a despawn; forgetting them
[nebula] 0 entity object(s) were destroyed without a despawn; forgetting them
[nebula] 0 entity object(s) were destroyed without a despawn; forgetting them
[nebula] 0 entity object(s) were destroyed without a despawn; forgetting them
[nebula] 0 entity object(s) were destroyed without a despawn; forgetting them
[nebula] 0 entity object(s) were destroyed without a despawn; forgetting them
[nebula] 0 entity object(s) were destroyed without a despawn; forgetting them
[nebula] 0 entity object(s) were destroyed without a despawn; forgetting them
[nebula] 0 entity object(s) were destroyed without a despawn; forgetting them
[nebula] 0 entity object(s) were destroyed without a despawn; forgetting them
[nebula] 0 entity object(s) were destroyed without a despawn; forgetting them
[nebula] 0 entity object(s) were destroyed without a despawn; forgetting them
[nebula] 0 entity object(s) were destroyed without a despawn; forgetting them
[nebula] 0 entity object(s) were destroyed without a despawn; forgetting them
[nebula] 0 entity object(s) were destroyed without a despawn; forgetting them
[nebula] 0 entity object(s) were destroyed without a despawn; forgetting them
[nebula] 0 entity object(s) were destroyed without a despawn; forgetting them
[nebula] 0 entity object(s) were destroyed without a despawn; forgetting them
[nebula] 0 entity object(s) were destroyed without a despawn; forgetting them
[nebula] 0 entity object(s) were destroyed without a despawn; forgetting them
[nebula] 0 entity object(s) were destroyed without a despawn; forgetting them
[nebula] 0 entity object(s) were destroyed without a despawn; forgetting them
[nebula] 0 entity object(s) were destroyed without a despawn; forgetting them
[nebula] 0 entity object(s) were destroyed without a despawn; forgetting them
[nebula] 0 entity object(s) were destroyed without a despawn; forgetting them
[nebula] 0 entity object(s) were destroyed without a despawn; forgetting them
[nebula] 0 entity object(s) were destroyed without a despawn; forgetting them
[nebula] 0 entity object(s) were destroyed without a despawn; forgetting them
[nebula] 0 entity object(s) were destroyed without a despawn; forgetting them
[nebula] 0 entity object(s) were destroyed without a despawn; forgetting them
[nebula] 0 entity object(s) were destroyed without a despawn; forgetting them
[nebula] 0 entity object(s) were destroyed without a despawn; forgetting them
[nebula] 0 entity object(s) were destroyed without a despawn; forgetting them
[nebula] 0 entity object(s) were destroyed without a despawn; forgetting them
[nebula] 0 entity object(s) were destroyed without a despawn; forgetting them
[nebula] 0 entity object(s) were destroyed without a despawn; forgetting them
[nebula] 0 entity object(s) were destroyed without a despawn; forgetting them
[nebula] 0 entity object(s) were destroyed without a despawn; forgetting them
[nebula] 0 entity object(s) were destroyed without a despawn; forgetting them
[nebula] 0 entity object(s) were destroyed without a despawn; forgetting them
[nebula] 0 entity object(s) were destroyed without a despawn; forgetting them
[nebula] 0 entity object(s) were destroyed without a despawn; forgetting them
[nebula] 0 entity object(s) were destroyed without a despawn; forgetting them
[nebula] 0 entity object(s) were destroyed without a despawn; forgetting them
[nebula] 0 entity object(s) were destroyed without a despawn; forgetting them
[nebula] 0 entity object(s) were destroyed without a despawn; forgetting them
[nebula] 0 entity object(s) were destroyed without a despawn; forgetting them
[nebula] 0 entity object(s) were destroyed without a despawn; forgetting them
[nebula] 0 entity object(s) were destroyed without a despawn; forgetting them
[nebula] 0 entity object(s) were destroyed without a despawn; forgetting them
[nebula] 0 entity object(s) were destroyed without a despawn; forgetting them
[nebula] 0 entity object(s) were destroyed without a despawn; forgetting them
[nebula] 0 entity object(s) were destroyed without a despawn; forgetting them
[nebula] 0 entity object(s) were destroyed without a despawn; forgetting them
[nebula] 0 entity object(s) were destroyed without a despawn; forgetting them
[nebula] 0 entity object(s) were destroyed without a despawn; forgetting them
[nebula] 0 entity object(s) were destroyed without a despawn; forgetting them
[nebula] 0 entity object(s) were destroyed without a despawn; forgetting them
[nebula] 0 entity object(s) were destroyed without a despawn; forgetting them
[nebula] 0 entity object(s) were destroyed without a despawn; forgetting them
[nebula] 0 entity object(s) were destroyed without a despawn; forgetting them
[nebula] 0 entity object(s) were destroyed without a despawn; forgetting them
[nebula] 0 entity object(s) were destroyed without a despawn; forgetting them
[nebula] 0 entity object(s) were destroyed without a despawn; forgetting them
[nebula] 0 entity object(s) were destroyed without a despawn; forgetting them
[nebula] 0 entity object(s) were destroyed without a despawn; forgetting them
[nebula] 0 entity object(s) were destroyed without a despawn; forgetting them
[nebula] 0 entity object(s) were destroyed without a despawn; forgetting them
[nebula] 0 entity object(s) were destroyed without a despawn; forgetting them
[nebula] 0 entity object(s) were destroyed without a despawn; forgetting them
[nebula] 0 entity object(s) were destroyed without a despawn; forgetting them
[nebula] 0 entity object(s) were destroyed without a despawn; forgetting them
[nebula] 0 entity object(s) were destroyed without a despawn; forgetting them
[nebula] 0 entity object(s) were destroyed without a despawn; forgetting them
[nebula] 0 entity object(s) were destroyed without a despawn; forgetting them
[nebula] 0 entity object(s) were destroyed without a despawn; forgetting them
[nebula] 0 entity object(s) were destroyed without a despawn; forgetting them
[nebula] 0 entity object(s) were destroyed without a despawn; forgetting them
[nebula] 0 entity object(s) were destroyed without a despawn; forgetting them
[nebula] 0 entity object(s) were destroyed without a despawn; forgetting them
[nebula] spawned Prop(Clone)#281474976710675(e1,rt_21990234652671,auth)
[nebula] 0 entity object(s) were destroyed without a despawn; forgetting them
[nebula] 0 entity object(s) were destroyed without a despawn; forgetting them
[nebula] 0 entity object(s) were destroyed without a despawn; forgetting them
[nebula] 0 entity object(s) were destroyed without a despawn; forgetting them
[nebula] 0 entity object(s) were destroyed without a despawn; forgetting them
[nebula] 0 entity object(s) were destroyed without a despawn; forgetting them
[nebula] 0 entity object(s) were destroyed without a despawn; forgetting them
[nebula] 0 entity object(s) were destroyed without a despawn; forgetting them
[nebula] 0 entity object(s) were destroyed without a despawn; forgetting them
[nebula] 0 entity object(s) were destroyed without a despawn; forgetting them
[nebula] 0 entity object(s) were destroyed without a despawn; forgetting them
[nebula] 0 entity object(s) were destroyed without a despawn; forgetting them
[nebula] 0 entity object(s) were destroyed without a despawn; forgetting them
[nebula] 0 entity object(s) were destroyed without a despawn; forgetting them
[nebula] 0 entity object(s) were destroyed without a despawn; forgetting them
[nebula] 0 entity object(s) were destroyed without a despawn; forgetting them
[nebula] 0 entity object(s) were destroyed without a despawn; forgetting them
[nebula] 0 entity object(s) were destroyed without a despawn; forgetting them
[nebula] 0 entity object(s) were destroyed without a despawn; forgetting them
[nebula] 0 entity object(s) were destroyed without a despawn; forgetting them
[nebula] 0 entity object(s) were destroyed without a despawn; forgetting them
[nebula] 0 entity object(s) were destroyed without a despawn; forgetting them
[nebula] 0 entity object(s) were destroyed without a despawn; forgetting them
[nebula] 0 entity object(s) were destroyed without a despawn; forgetting them
[nebula] 0 entity object(s) were destroyed without a despawn; forgetting them
[nebula] 0 entity object(s) were destroyed without a despawn; forgetting them
[nebula] 0 entity object(s) were destroyed without a despawn; forgetting them
[nebula] 0 entity object(s) were destroyed without a despawn; forgetting them
[nebula] 0 entity object(s) were destroyed without a despawn; forgetting them
[nebula] 0 entity object(s) were destroyed without a despawn; forgetting them
[nebula] 0 entity object(s) were destroyed without a despawn; forgetting them
[nebula] 0 entity object(s) were destroyed without a despawn; forgetting them
[nebula] profile 300 ticks/5s 300 frames avg 0.5ms max 0.7ms dup 0 skip 0 gc 37 auth 14 ghosts 0 | poll=0.01 ghosts=0.00 physics.sync=0.00 simulate=0.01 poses=0.03 containers=0.27 band=0.01 publish=0.01 gap=16.19 interest=0.01
[nebula] 0 entity object(s) were destroyed without a despawn; forgetting them
[nebula] 0 entity object(s) were destroyed without a despawn; forgetting them
[nebula] 0 entity object(s) were destroyed without a despawn; forgetting them
[nebula] 0 entity object(s) were destroyed without a despawn; forgetting them
[nebula] 0 entity object(s) were destroyed without a despawn; forgetting them
[nebula] 0 entity object(s) were destroyed without a despawn; forgetting them
[nebula] 0 entity object(s) were destroyed without a despawn; forgetting them
[nebula] 0 entity object(s) were destroyed without a despawn; forgetting them
[nebula] 0 entity object(s) were destroyed without a despawn; forgetting them
[nebula] 0 entity object(s) were destroyed without a despawn; forgetting them
[nebula] 0 entity object(s) were destroyed without a despawn; forgetting them
[nebula] 0 entity object(s) were destroyed without a despawn; forgetting them
[nebula] 0 entity object(s) were destroyed without a despawn; forgetting them
[nebula] 0 entity object(s) were destroyed without a despawn; forgetting them
[nebula] 0 entity object(s) were destroyed without a despawn; forgetting them
[nebula] 0 entity object(s) were destroyed without a despawn; forgetting them
[nebula] 0 entity object(s) were destroyed without a despawn; forgetting them
[nebula] 0 entity object(s) were destroyed without a despawn; forgetting them
[nebula] 0 entity object(s) were destroyed without a despawn; forgetting them
[nebula] 0 entity object(s) were destroyed without a despawn; forgetting them
[nebula] 0 entity object(s) were destroyed without a despawn; forgetting them
[nebula] 0 entity object(s) were destroyed without a despawn; forgetting them
[nebula] 0 entity object(s) were destroyed without a despawn; forgetting them
[nebula] 0 entity object(s) were destroyed without a despawn; forgetting them
[nebula] 0 entity object(s) were destroyed without a despawn; forgetting them
[nebula] 0 entity object(s) were destroyed without a despawn; forgetting them
[nebula] 0 entity object(s) were destroyed without a despawn; forgetting them
[nebula] 0 entity object(s) were destroyed without a despawn; forgetting them
[nebula] 0 entity object(s) were destroyed without a despawn; forgetting them
[nebula] 0 entity object(s) were destroyed without a despawn; forgetting them
[nebula] 0 entity object(s) were destroyed without a despawn; forgetting them
[nebula] 0 entity object(s) were destroyed without a despawn; forgetting them
[nebula] 0 entity object(s) were destroyed without a despawn; forgetting them
[nebula] 0 entity object(s) were destroyed without a despawn; forgetting them
[nebula] 0 entity object(s) were destroyed without a despawn; forgetting them
[nebula] 0 entity object(s) were destroyed without a despawn; forgetting them
[nebula] 0 entity object(s) were destroyed without a despawn; forgetting them
[nebula] 0 entity object(s) were destroyed without a despawn; forgetting them
[nebula] 0 entity object(s) were destroyed without a despawn; forgetting them
[nebula] 0 entity object(s) were destroyed without a despawn; forgetting them
[nebula] 0 entity object(s) were destroyed without a despawn; forgetting them
[nebula] 0 entity object(s) were destroyed without a despawn; forgetting them
[nebula] 0 entity object(s) were destroyed without a despawn; forgetting them
[nebula] 0 entity object(s) were destroyed without a despawn; forgetting them
[nebula] 0 entity object(s) were destroyed without a despawn; forgetting them
[nebula] 0 entity object(s) were destroyed without a despawn; forgetting them
[nebula] 0 entity object(s) were destroyed without a despawn; forgetting them
[nebula] 0 entity object(s) were destroyed without a despawn; forgetting them
[nebula] 0 entity object(s) were destroyed without a despawn; forgetting them
[nebula] 0 entity object(s) were destroyed without a despawn; forgetting them
[nebula] 0 entity object(s) were destroyed without a despawn; forgetting them
[nebula] 0 entity object(s) were destroyed without a despawn; forgetting them
[nebula] 0 entity object(s) were destroyed without a despawn; forgetting them
[nebula] 0 entity object(s) were destroyed without a despawn; forgetting them
[nebula] 0 entity object(s) were destroyed without a despawn; forgetting them
[nebula] 0 entity object(s) were destroyed without a despawn; forgetting them
[nebula] 0 entity object(s) were destroyed without a despawn; forgetting them
[nebula] 0 entity object(s) were destroyed without a despawn; forgetting them
[nebula] 0 entity object(s) were destroyed without a despawn; forgetting them
[nebula] 0 entity object(s) were destroyed without a despawn; forgetting them
[nebula] 0 entity object(s) were destroyed without a despawn; forgetting them
[nebula] 0 entity object(s) were destroyed without a despawn; forgetting them
[nebula] 0 entity object(s) were destroyed without a despawn; forgetting them
[nebula] 0 entity object(s) were destroyed without a despawn; forgetting them
[nebula] 0 entity object(s) were destroyed without a despawn; forgetting them
[nebula] 0 entity object(s) were destroyed without a despawn; forgetting them
[nebula] 0 entity object(s) were destroyed without a despawn; forgetting them
[nebula] 0 entity object(s) were destroyed without a despawn; forgetting them
[nebula] 0 entity object(s) were destroyed without a despawn; forgetting them
[nebula] 0 entity object(s) were destroyed without a despawn; forgetting them
[nebula] 0 entity object(s) were destroyed without a despawn; forgetting them
[nebula] 0 entity object(s) were destroyed without a despawn; forgetting them
[nebula] 0 entity object(s) were destroyed without a despawn; forgetting them
[nebula] 0 entity object(s) were destroyed without a despawn; forgetting them
[nebula] 0 entity object(s) were destroyed without a despawn; forgetting them
[nebula] 0 entity object(s) were destroyed without a despawn; forgetting them
[nebula] 0 entity object(s) were destroyed without a despawn; forgetting them
[nebula] 0 entity object(s) were destroyed without a despawn; forgetting them
[nebula] 0 entity object(s) were destroyed without a despawn; forgetting them
[nebula] 0 entity object(s) were destroyed without a despawn; forgetting them
[nebula] 0 entity object(s) were destroyed without a despawn; forgetting them
[nebula] 0 entity object(s) were destroyed without a despawn; forgetting them
[nebula] 0 entity object(s) were destroyed without a despawn; forgetting them
[nebula] 0 entity object(s) were destroyed without a despawn; forgetting them
[nebula] 0 entity object(s) were destroyed without a despawn; forgetting them
[nebula] 0 entity object(s) were destroyed without a despawn; forgetting them
[nebula] 0 entity object(s) were destroyed without a despawn; forgetting them
[nebula] 0 entity object(s) were destroyed without a despawn; forgetting them
[nebula] 0 entity object(s) were destroyed without a despawn; forgetting them
[nebula] 0 entity object(s) were destroyed without a despawn; forgetting them
[nebula] 0 entity object(s) were destroyed without a despawn; forgetting them
[nebula] 0 entity object(s) were destroyed without a despawn; forgetting them
[nebula] 0 entity object(s) were destroyed without a despawn; forgetting them
[nebula] 0 entity object(s) were destroyed without a despawn; forgetting them
[nebula] 0 entity object(s) were destroyed without a despawn; forgetting them
[nebula] 0 entity object(s) were destroyed without a despawn; forgetting them
[nebula] 0 entity object(s) were destroyed without a despawn; forgetting them
[nebula] 0 entity object(s) were destroyed without a despawn; forgetting them
[nebula] 0 entity object(s) were destroyed without a despawn; forgetting them
[nebula] 0 entity object(s) were destroyed without a despawn; forgetting them
[nebula] 0 entity object(s) were destroyed without a despawn; forgetting them
[nebula] 0 entity object(s) were destroyed without a despawn; forgetting them
[nebula] 0 entity object(s) were destroyed without a despawn; forgetting them
[nebula] 0 entity object(s) were destroyed without a despawn; forgetting them
[nebula] 0 entity object(s) were destroyed without a despawn; forgetting them
[nebula] 0 entity object(s) were destroyed without a despawn; forgetting them
[nebula] 0 entity object(s) were destroyed without a despawn; forgetting them
[nebula] 0 entity object(s) were destroyed without a despawn; forgetting them
[nebula] 0 entity object(s) were destroyed without a despawn; forgetting them
[nebula] 0 entity object(s) were destroyed without a despawn; forgetting them
[nebula] 0 entity object(s) were destroyed without a despawn; forgetting them
[nebula] 0 entity object(s) were destroyed without a despawn; forgetting them
[nebula] 0 entity object(s) were destroyed without a despawn; forgetting them
[nebula] 0 entity object(s) were destroyed without a despawn; forgetting them
[nebula] 0 entity object(s) were destroyed without a despawn; forgetting them
[nebula] 0 entity object(s) were destroyed without a despawn; forgetting them
[nebula] 0 entity object(s) were destroyed without a despawn; forgetting them
[nebula] 0 entity object(s) were destroyed without a despawn; forgetting them
[nebula] 0 entity object(s) were destroyed without a despawn; forgetting them
[nebula] 0 entity object(s) were destroyed without a despawn; forgetting them
[nebula] 0 entity object(s) were destroyed without a despawn; forgetting them
[nebula] 0 entity object(s) were destroyed without a despawn; forgetting them
[nebula] 0 entity object(s) were destroyed without a despawn; forgetting them
[nebula] 0 entity object(s) were destroyed without a despawn; forgetting them
[nebula] 0 entity object(s) were destroyed without a despawn; forgetting them
[nebula] 0 entity object(s) were destroyed without a despawn; forgetting them
[nebula] 0 entity object(s) were destroyed without a despawn; forgetting them
[nebula] 0 entity object(s) were destroyed without a despawn; forgetting them
[nebula] 0 entity object(s) were destroyed without a despawn; forgetting them
[nebula] 0 entity object(s) were destroyed without a despawn; forgetting them
[nebula] 0 entity object(s) were destroyed without a despawn; forgetting them
[nebula] 0 entity object(s) were destroyed without a despawn; forgetting them
[nebula] 0 entity object(s) were destroyed without a despawn; forgetting them
[nebula] 0 entity object(s) were destroyed without a despawn; forgetting them
[nebula] 0 entity object(s) were destroyed without a despawn; forgetting them
[nebula] 0 entity object(s) were destroyed without a despawn; forgetting them
[nebula] 0 entity object(s) were destroyed without a despawn; forgetting them
[nebula] 0 entity object(s) were destroyed without a despawn; forgetting them
[nebula] 0 entity object(s) were destroyed without a despawn; forgetting them
[nebula] 0 entity object(s) were destroyed without a despawn; forgetting them
[nebula] 0 entity object(s) were destroyed without a despawn; forgetting them
[nebula] 0 entity object(s) were destroyed without a despawn; forgetting them
[nebula] 0 entity object(s) were destroyed without a despawn; forgetting them
[nebula] 0 entity object(s) were destroyed without a despawn; forgetting them
[nebula] handover OUT Prop(Clone)#844424930131974(e3,rt_8796095119359,ghost) -> w3 (epoch 3, tick 1365039857)
[nebula] handover OUT Prop(Clone)#844424930131976(e3,rt_8796095119359,ghost) -> w3 (epoch 3, tick 1365039857)
[nebula] handover OUT Prop(Clone)#844424930131977(e3,rt_8796095119359,ghost) -> w3 (epoch 3, tick 1365039857)
[nebula] handover OUT Prop(Clone)#281474976710664(e2,rt_8796095119359,ghost) -> w3 (epoch 2, tick 1365039857)
[nebula] handover OUT Prop(Clone)#281474976710667(e2,rt_13194141630463,ghost) -> w3 (epoch 2, tick 1365039857)
[nebula] handover OUT Prop(Clone)#844424930131972(e3,rt_4398048608255,ghost) -> w3 (epoch 3, tick 1365039857)
[nebula] handover OUT Prop(Clone)#281474976710669(e2,rt_13194141630463,ghost) -> w3 (epoch 2, tick 1365039857)
[nebula] handover OUT Prop(Clone)#281474976710670(e2,rt_13194141630463,ghost) -> w3 (epoch 2, tick 1365039857)
[nebula] 0 entity object(s) were destroyed without a despawn; forgetting them
[nebula] ghost Prop(Clone)#844424930131971(e4,rt_9223358842715242496,auth) -> w2
[nebula] handover IN  Prop(Clone)#844424930131971(e4,rt_9223358842715242496,auth) <- w2 (epoch 4, tick 1365039858)
[nebula] ghost Prop(Clone)#844424930131973(e4,rt_9223358842715242496,auth) -> w2
[nebula] handover IN  Prop(Clone)#844424930131973(e4,rt_9223358842715242496,auth) <- w2 (epoch 4, tick 1365039858)
[nebula] ghost Prop(Clone)#844424930131975(e4,rt_9223358842715242496,auth) -> w2
[nebula] handover IN  Prop(Clone)#844424930131975(e4,rt_9223358842715242496,auth) <- w2 (epoch 4, tick 1365039858)
[nebula] ghost Prop(Clone)#281474976710662(e3,rt_9223363240761753600,auth) -> w2
[nebula] handover IN  Prop(Clone)#281474976710662(e3,rt_9223363240761753600,auth) <- w2 (epoch 3, tick 1365039858)
[nebula] ghost Prop(Clone)#281474976710665(e3,rt_9223363240761753600,auth) -> w2
[nebula] handover IN  Prop(Clone)#281474976710665(e3,rt_9223363240761753600,auth) <- w2 (epoch 3, tick 1365039858)
[nebula] ghost Prop(Clone)#281474976710668(e3,rt_9223363240761753600,auth) -> w2
[nebula] handover IN  Prop(Clone)#281474976710668(e3,rt_9223363240761753600,auth) <- w2 (epoch 3, tick 1365039858)
[nebula] 0 entity object(s) were destroyed without a despawn; forgetting them
[nebula] 0 entity object(s) were destroyed without a despawn; forgetting them
[nebula] 0 entity object(s) were destroyed without a despawn; forgetting them
[nebula] spawned Prop(Clone)#281474976710676(e1,rt_21990234652671,auth)
[nebula] 0 entity object(s) were destroyed without a despawn; forgetting them
[nebula] 0 entity object(s) were destroyed without a despawn; forgetting them
[nebula] 0 entity object(s) were destroyed without a despawn; forgetting them
[nebula] 0 entity object(s) were destroyed without a despawn; forgetting them
[nebula] 0 entity object(s) were destroyed without a despawn; forgetting them
[nebula] 0 entity object(s) were destroyed without a despawn; forgetting them
[nebula] 0 entity object(s) were destroyed without a despawn; forgetting them
[nebula] 0 entity object(s) were destroyed without a despawn; forgetting them
[nebula] 0 entity object(s) were destroyed without a despawn; forgetting them
[nebula] 0 entity object(s) were destroyed without a despawn; forgetting them
[nebula] 0 entity object(s) were destroyed without a despawn; forgetting them
[nebula] 0 entity object(s) were destroyed without a despawn; forgetting them
[nebula] 0 entity object(s) were destroyed without a despawn; forgetting them
[nebula] 0 entity object(s) were destroyed without a despawn; forgetting them
[nebula] 0 entity object(s) were destroyed without a despawn; forgetting them
[nebula] 0 entity object(s) were destroyed without a despawn; forgetting them
[nebula] 0 entity object(s) were destroyed without a despawn; forgetting them
[nebula] 0 entity object(s) were destroyed without a despawn; forgetting them
[nebula] 0 entity object(s) were destroyed without a despawn; forgetting them
[nebula] 0 entity object(s) were destroyed without a despawn; forgetting them
[nebula] 0 entity object(s) were destroyed without a despawn; forgetting them
[nebula] 0 entity object(s) were destroyed without a despawn; forgetting them
[nebula] 0 entity object(s) were destroyed without a despawn; forgetting them
[nebula] 0 entity object(s) were destroyed without a despawn; forgetting them
[nebula] 0 entity object(s) were destroyed without a despawn; forgetting them
[nebula] 0 entity object(s) were destroyed without a despawn; forgetting them
[nebula] 0 entity object(s) were destroyed without a despawn; forgetting them
[nebula] 0 entity object(s) were destroyed without a despawn; forgetting them
[nebula] 0 entity object(s) were destroyed without a despawn; forgetting them
[nebula] 0 entity object(s) were destroyed without a despawn; forgetting them
[nebula] 0 entity object(s) were destroyed without a despawn; forgetting them
[nebula] 0 entity object(s) were destroyed without a despawn; forgetting them
[nebula] 0 entity object(s) were destroyed without a despawn; forgetting them
[nebula] 0 entity object(s) were destroyed without a despawn; forgetting them
[nebula] 0 entity object(s) were destroyed without a despawn; forgetting them
[nebula] 0 entity object(s) were destroyed without a despawn; forgetting them
[nebula] 0 entity object(s) were destroyed without a despawn; forgetting them
[nebula] 0 entity object(s) were destroyed without a despawn; forgetting them
[nebula] 0 entity object(s) were destroyed without a despawn; forgetting them
[nebula] 0 entity object(s) were destroyed without a despawn; forgetting them
[nebula] 0 entity object(s) were destroyed without a despawn; forgetting them
[nebula] 0 entity object(s) were destroyed without a despawn; forgetting them
[nebula] 0 entity object(s) were destroyed without a despawn; forgetting them
[nebula] 0 entity object(s) were destroyed without a despawn; forgetting them
[nebula] 0 entity object(s) were destroyed without a despawn; forgetting them
[nebula] 0 entity object(s) were destroyed without a despawn; forgetting them
[nebula] 0 entity object(s) were destroyed without a despawn; forgetting them
[nebula] 0 entity object(s) were destroyed without a despawn; forgetting them
[nebula] 0 entity object(s) were destroyed without a despawn; forgetting them
[nebula] 0 entity object(s) were destroyed without a despawn; forgetting them
[nebula] 0 entity object(s) were destroyed without a despawn; forgetting them
[nebula] 0 entity object(s) were destroyed without a despawn; forgetting them
[nebula] 0 entity object(s) were destroyed without a despawn; forgetting them
[nebula] 0 entity object(s) were destroyed without a despawn; forgetting them
[nebula] 0 entity object(s) were destroyed without a despawn; forgetting them
[nebula] 0 entity object(s) were destroyed without a despawn; forgetting them
[nebula] 0 entity object(s) were destroyed without a despawn; forgetting them
[nebula] 0 entity object(s) were destroyed without a despawn; forgetting them
[nebula] 0 entity object(s) were destroyed without a despawn; forgetting them
[nebula] 0 entity object(s) were destroyed without a despawn; forgetting them
[nebula] 0 entity object(s) were destroyed without a despawn; forgetting them
[nebula] 0 entity object(s) were destroyed without a despawn; forgetting them
[nebula] 0 entity object(s) were destroyed without a despawn; forgetting them
[nebula] 0 entity object(s) were destroyed without a despawn; forgetting them
[nebula] 0 entity object(s) were destroyed without a despawn; forgetting them
[nebula] 0 entity object(s) were destroyed without a despawn; forgetting them
[nebula] 0 entity object(s) were destroyed without a despawn; forgetting them
[nebula] 0 entity object(s) were destroyed without a despawn; forgetting them
[nebula] 0 entity object(s) were destroyed without a despawn; forgetting them
[nebula] 0 entity object(s) were destroyed without a despawn; forgetting them
[nebula] 0 entity object(s) were destroyed without a despawn; forgetting them
[nebula] 0 entity object(s) were destroyed without a despawn; forgetting them
[nebula] 0 entity object(s) were destroyed without a despawn; forgetting them
[nebula] 0 entity object(s) were destroyed without a despawn; forgetting them
[nebula] 0 entity object(s) were destroyed without a despawn; forgetting them
[nebula] 0 entity object(s) were destroyed without a despawn; forgetting them
[nebula] 0 entity object(s) were destroyed without a despawn; forgetting them
[nebula] 0 entity object(s) were destroyed without a despawn; forgetting them
[nebula] 0 entity object(s) were destroyed without a despawn; forgetting them
[nebula] 0 entity object(s) were destroyed without a despawn; forgetting them
[nebula] 0 entity object(s) were destroyed without a despawn; forgetting them
[nebula] 0 entity object(s) were destroyed without a despawn; forgetting them
[nebula] 0 entity object(s) were destroyed without a despawn; forgetting them
[nebula] 0 entity object(s) were destroyed without a despawn; forgetting them
[nebula] 0 entity object(s) were destroyed without a despawn; forgetting them
[nebula] 0 entity object(s) were destroyed without a despawn; forgetting them
[nebula] 0 entity object(s) were destroyed without a despawn; forgetting them
[nebula] 0 entity object(s) were destroyed without a despawn; forgetting them
[nebula] 0 entity object(s) were destroyed without a despawn; forgetting them
[nebula] 0 entity object(s) were destroyed without a despawn; forgetting them
[nebula] 0 entity object(s) were destroyed without a despawn; forgetting them
[nebula] 0 entity object(s) were destroyed without a despawn; forgetting them
[nebula] 0 entity object(s) were destroyed without a despawn; forgetting them
[nebula] 0 entity object(s) were destroyed without a despawn; forgetting them
[nebula] 0 entity object(s) were destroyed without a despawn; forgetting them
[nebula] 0 entity object(s) were destroyed without a despawn; forgetting them
[nebula] 0 entity object(s) were destroyed without a despawn; forgetting them
[nebula] 0 entity object(s) were destroyed without a despawn; forgetting them
[nebula] 0 entity object(s) were destroyed without a despawn; forgetting them
[nebula] 0 entity object(s) were destroyed without a despawn; forgetting them
[nebula] 0 entity object(s) were destroyed without a despawn; forgetting them
[nebula] 0 entity object(s) were destroyed without a despawn; forgetting them
[nebula] 0 entity object(s) were destroyed without a despawn; forgetting them
[nebula] 0 entity object(s) were destroyed without a despawn; forgetting them
[nebula] 0 entity object(s) were destroyed without a despawn; forgetting them
[nebula] 0 entity object(s) were destroyed without a despawn; forgetting them
[nebula] 0 entity object(s) were destroyed without a despawn; forgetting them
[nebula] 0 entity object(s) were destroyed without a despawn; forgetting them
[nebula] 0 entity object(s) were destroyed without a despawn; forgetting them
[nebula] 0 entity object(s) were destroyed without a despawn; forgetting them
[nebula] 0 entity object(s) were destroyed without a despawn; forgetting them
[nebula] 0 entity object(s) were destroyed without a despawn; forgetting them
[nebula] 0 entity object(s) were destroyed without a despawn; forgetting them
[nebula] 0 entity object(s) were destroyed without a despawn; forgetting them
[nebula] 0 entity object(s) were destroyed without a despawn; forgetting them
[nebula] 0 entity object(s) were destroyed without a despawn; forgetting them
[nebula] 0 entity object(s) were destroyed without a despawn; forgetting them
[nebula] 0 entity object(s) were destroyed without a despawn; forgetting them
[nebula] 0 entity object(s) were destroyed without a despawn; forgetting them
[nebula] 0 entity object(s) were destroyed without a despawn; forgetting them
[nebula] 0 entity object(s) were destroyed without a despawn; forgetting them
[nebula] 0 entity object(s) were destroyed without a despawn; forgetting them
[nebula] 0 entity object(s) were destroyed without a despawn; forgetting them
[nebula] 0 entity object(s) were destroyed without a despawn; forgetting them
[nebula] 0 entity object(s) were destroyed without a despawn; forgetting them
[nebula] 0 entity object(s) were destroyed without a despawn; forgetting them
[nebula] 0 entity object(s) were destroyed without a despawn; forgetting them
[nebula] 0 entity object(s) were destroyed without a despawn; forgetting them
[nebula] 0 entity object(s) were destroyed without a despawn; forgetting them
[nebula] 0 entity object(s) were destroyed without a despawn; forgetting them
[nebula] 0 entity object(s) were destroyed without a despawn; forgetting them
[nebula] 0 entity object(s) were destroyed without a despawn; forgetting them
[nebula] 0 entity object(s) were destroyed without a despawn; forgetting them
[nebula] 0 entity object(s) were destroyed without a despawn; forgetting them
[nebula] 0 entity object(s) were destroyed without a despawn; forgetting them
[nebula] 0 entity object(s) were destroyed without a despawn; forgetting them
[nebula] 0 entity object(s) were destroyed without a despawn; forgetting them
[nebula] 0 entity object(s) were destroyed without a despawn; forgetting them
[nebula] 0 entity object(s) were destroyed without a despawn; forgetting them
[nebula] 0 entity object(s) were destroyed without a despawn; forgetting them
[nebula] 0 entity object(s) were destroyed without a despawn; forgetting them
[nebula] 0 entity object(s) were destroyed without a despawn; forgetting them
[nebula] 0 entity object(s) were destroyed without a despawn; forgetting them
[nebula] 0 entity object(s) were destroyed without a despawn; forgetting them
[nebula] 0 entity object(s) were destroyed without a despawn; forgetting them
[nebula] 0 entity object(s) were destroyed without a despawn; forgetting them
[nebula] 0 entity object(s) were destroyed without a despawn; forgetting them
[nebula] 0 entity object(s) were destroyed without a despawn; forgetting them
[nebula] 0 entity object(s) were destroyed without a despawn; forgetting them
[nebula] 0 entity object(s) were destroyed without a despawn; forgetting them
[nebula] 0 entity object(s) were destroyed without a despawn; forgetting them
[nebula] 0 entity object(s) were destroyed without a despawn; forgetting them
[nebula] profile 300 ticks/5s 300 frames avg 0.5ms max 1.1ms dup 0 skip 0 gc 42 auth 13 ghosts 0 | poll=0.01 ghosts=0.00 physics.sync=0.00 simulate=0.01 poses=0.03 containers=0.26 band=0.02 publish=0.01 gap=16.21 interest=0.01
[nebula] 0 entity object(s) were destroyed without a despawn; forgetting them
[nebula] 0 entity object(s) were destroyed without a despawn; forgetting them
[nebula] 0 entity object(s) were destroyed without a despawn; forgetting them
[nebula] 0 entity object(s) were destroyed without a despawn; forgetting them
[nebula] 0 entity object(s) were destroyed without a despawn; forgetting them
[nebula] 0 entity object(s) were destroyed without a despawn; forgetting them
[nebula] 0 entity object(s) were destroyed without a despawn; forgetting them
[nebula] 0 entity object(s) were destroyed without a despawn; forgetting them
[nebula] 0 entity object(s) were destroyed without a despawn; forgetting them
[nebula] 0 entity object(s) were destroyed without a despawn; forgetting them
[nebula] 0 entity object(s) were destroyed without a despawn; forgetting them
[nebula] 0 entity object(s) were destroyed without a despawn; forgetting them
[nebula] 0 entity object(s) were destroyed without a despawn; forgetting them
[nebula] 0 entity object(s) were destroyed without a despawn; forgetting them
[nebula] 0 entity object(s) were destroyed without a despawn; forgetting them
[nebula] 0 entity object(s) were destroyed without a despawn; forgetting them
[nebula] 0 entity object(s) were destroyed without a despawn; forgetting them
[nebula] 0 entity object(s) were destroyed without a despawn; forgetting them
[nebula] 0 entity object(s) were destroyed without a despawn; forgetting them
[nebula] 0 entity object(s) were destroyed without a despawn; forgetting them
[nebula] 0 entity object(s) were destroyed without a despawn; forgetting them
[nebula] 0 entity object(s) were destroyed without a despawn; forgetting them
[nebula] 0 entity object(s) were destroyed without a despawn; forgetting them
[nebula] 0 entity object(s) were destroyed without a despawn; forgetting them
[nebula] 0 entity object(s) were destroyed without a despawn; forgetting them
[nebula] 0 entity object(s) were destroyed without a despawn; forgetting them
[nebula] 0 entity object(s) were destroyed without a despawn; forgetting them
[nebula] 0 entity object(s) were destroyed without a despawn; forgetting them
[nebula] spawned Prop(Clone)#281474976710677(e1,rt_21990234652671,auth)
[nebula] 0 entity object(s) were destroyed without a despawn; forgetting them
[nebula] 0 entity object(s) were destroyed without a despawn; forgetting them
[nebula] 0 entity object(s) were destroyed without a despawn; forgetting them
[nebula] 0 entity object(s) were destroyed without a despawn; forgetting them
[nebula] 0 entity object(s) were destroyed without a despawn; forgetting them
[nebula] 0 entity object(s) were destroyed without a despawn; forgetting them
[nebula] 0 entity object(s) were destroyed without a despawn; forgetting them
[nebula] 0 entity object(s) were destroyed without a despawn; forgetting them
[nebula] 0 entity object(s) were destroyed without a despawn; forgetting them
[nebula] 0 entity object(s) were destroyed without a despawn; forgetting them
[nebula] 0 entity object(s) were destroyed without a despawn; forgetting them
[nebula] 0 entity object(s) were destroyed without a despawn; forgetting them
[nebula] 0 entity object(s) were destroyed without a despawn; forgetting them
[nebula] 0 entity object(s) were destroyed without a despawn; forgetting them
[nebula] 0 entity object(s) were destroyed without a despawn; forgetting them
[nebula] 0 entity object(s) were destroyed without a despawn; forgetting them
[nebula] 0 entity object(s) were destroyed without a despawn; forgetting them
[nebula] 0 entity object(s) were destroyed without a despawn; forgetting them
[nebula] 0 entity object(s) were destroyed without a despawn; forgetting them
[nebula] 0 entity object(s) were destroyed without a despawn; forgetting them
[nebula] 0 entity object(s) were destroyed without a despawn; forgetting them
[nebula] 0 entity object(s) were destroyed without a despawn; forgetting them
[nebula] 0 entity object(s) were destroyed without a despawn; forgetting them
[nebula] 0 entity object(s) were destroyed without a despawn; forgetting them
[nebula] 0 entity object(s) were destroyed without a despawn; forgetting them
[nebula] 0 entity object(s) were destroyed without a despawn; forgetting them
[nebula] 0 entity object(s) were destroyed without a despawn; forgetting them
[nebula] 0 entity object(s) were destroyed without a despawn; forgetting them
[nebula] 0 entity object(s) were destroyed without a despawn; forgetting them
[nebula] 0 entity object(s) were destroyed without a despawn; forgetting them
[nebula] 0 entity object(s) were destroyed without a despawn; forgetting them
[nebula] 0 entity object(s) were destroyed without a despawn; forgetting them
[nebula] 0 entity object(s) were destroyed without a despawn; forgetting them
[nebula] 0 entity object(s) were destroyed without a despawn; forgetting them
[nebula] 0 entity object(s) were destroyed without a despawn; forgetting them
[nebula] 0 entity object(s) were destroyed without a despawn; forgetting them
[nebula] 0 entity object(s) were destroyed without a despawn; forgetting them
[nebula] 0 entity object(s) were destroyed without a despawn; forgetting them
[nebula] 0 entity object(s) were destroyed without a despawn; forgetting them
[nebula] 0 entity object(s) were destroyed without a despawn; forgetting them
[nebula] 0 entity object(s) were destroyed without a despawn; forgetting them
[nebula] 0 entity object(s) were destroyed without a despawn; forgetting them
[nebula] 0 entity object(s) were destroyed without a despawn; forgetting them
[nebula] 0 entity object(s) were destroyed without a despawn; forgetting them
[nebula] 0 entity object(s) were destroyed without a despawn; forgetting them
[nebula] 0 entity object(s) were destroyed without a despawn; forgetting them
[nebula] 0 entity object(s) were destroyed without a despawn; forgetting them
[nebula] 0 entity object(s) were destroyed without a despawn; forgetting them
[nebula] 0 entity object(s) were destroyed without a despawn; forgetting them
[nebula] 0 entity object(s) were destroyed without a despawn; forgetting them
[nebula] 0 entity object(s) were destroyed without a despawn; forgetting them
[nebula] 0 entity object(s) were destroyed without a despawn; forgetting them
[nebula] 0 entity object(s) were destroyed without a despawn; forgetting them
[nebula] 0 entity object(s) were destroyed without a despawn; forgetting them
[nebula] 0 entity object(s) were destroyed without a despawn; forgetting them
[nebula] 0 entity object(s) were destroyed without a despawn; forgetting them
[nebula] 0 entity object(s) were destroyed without a despawn; forgetting them
[nebula] 0 entity object(s) were destroyed without a despawn; forgetting them
[nebula] 0 entity object(s) were destroyed without a despawn; forgetting them
[nebula] 0 entity object(s) were destroyed without a despawn; forgetting them
[nebula] 0 entity object(s) were destroyed without a despawn; forgetting them
[nebula] 0 entity object(s) were destroyed without a despawn; forgetting them
[nebula] 0 entity object(s) were destroyed without a despawn; forgetting them
[nebula] 0 entity object(s) were destroyed without a despawn; forgetting them
[nebula] 0 entity object(s) were destroyed without a despawn; forgetting them
[nebula] 0 entity object(s) were destroyed without a despawn; forgetting them
[nebula] 0 entity object(s) were destroyed without a despawn; forgetting them
[nebula] 0 entity object(s) were destroyed without a despawn; forgetting them
[nebula] 0 entity object(s) were destroyed without a despawn; forgetting them
[nebula] 0 entity object(s) were destroyed without a despawn; forgetting them
[nebula] 0 entity object(s) were destroyed without a despawn; forgetting them
[nebula] 0 entity object(s) were destroyed without a despawn; forgetting them
[nebula] 0 entity object(s) were destroyed without a despawn; forgetting them
[nebula] 0 entity object(s) were destroyed without a despawn; forgetting them
[nebula] 0 entity object(s) were destroyed without a despawn; forgetting them
[nebula] 0 entity object(s) were destroyed without a despawn; forgetting them
[nebula] 0 entity object(s) were destroyed without a despawn; forgetting them
[nebula] 0 entity object(s) were destroyed without a despawn; forgetting them
[nebula] 0 entity object(s) were destroyed without a despawn; forgetting them
[nebula] 0 entity object(s) were destroyed without a despawn; forgetting them
[nebula] 0 entity object(s) were destroyed without a despawn; forgetting them
[nebula] 0 entity object(s) were destroyed without a despawn; forgetting them
[nebula] 0 entity object(s) were destroyed without a despawn; forgetting them
[nebula] 0 entity object(s) were destroyed without a despawn; forgetting them
[nebula] 0 entity object(s) were destroyed without a despawn; forgetting them
[nebula] 0 entity object(s) were destroyed without a despawn; forgetting them
[nebula] 0 entity object(s) were destroyed without a despawn; forgetting them
[nebula] 0 entity object(s) were destroyed without a despawn; forgetting them
[nebula] 0 entity object(s) were destroyed without a despawn; forgetting them
[nebula] 0 entity object(s) were destroyed without a despawn; forgetting them
[nebula] 0 entity object(s) were destroyed without a despawn; forgetting them
[nebula] 0 entity object(s) were destroyed without a despawn; forgetting them
[nebula] 0 entity object(s) were destroyed without a despawn; forgetting them
[nebula] 0 entity object(s) were destroyed without a despawn; forgetting them
[nebula] 0 entity object(s) were destroyed without a despawn; forgetting them
[nebula] 0 entity object(s) were destroyed without a despawn; forgetting them
[nebula] 0 entity object(s) were destroyed without a despawn; forgetting them
[nebula] 0 entity object(s) were destroyed without a despawn; forgetting them
[nebula] 0 entity object(s) were destroyed without a despawn; forgetting them
[nebula] 0 entity object(s) were destroyed without a despawn; forgetting them
[nebula] 0 entity object(s) were destroyed without a despawn; forgetting them
[nebula] 0 entity object(s) were destroyed without a despawn; forgetting them
[nebula] 0 entity object(s) were destroyed without a despawn; forgetting them
[nebula] 0 entity object(s) were destroyed without a despawn; forgetting them
[nebula] 0 entity object(s) were destroyed without a despawn; forgetting them
[nebula] 0 entity object(s) were destroyed without a despawn; forgetting them
[nebula] 0 entity object(s) were destroyed without a despawn; forgetting them
[nebula] 0 entity object(s) were destroyed without a despawn; forgetting them
[nebula] 0 entity object(s) were destroyed without a despawn; forgetting them
[nebula] 0 entity object(s) were destroyed without a despawn; forgetting them
[nebula] 0 entity object(s) were destroyed without a despawn; forgetting them
[nebula] 0 entity object(s) were destroyed without a despawn; forgetting them
[nebula] 0 entity object(s) were destroyed without a despawn; forgetting them
[nebula] 0 entity object(s) were destroyed without a despawn; forgetting them
[nebula] 0 entity object(s) were destroyed without a despawn; forgetting them
[nebula] 0 entity object(s) were destroyed without a despawn; forgetting them
[nebula] 0 entity object(s) were destroyed without a despawn; forgetting them
[nebula] 0 entity object(s) were destroyed without a despawn; forgetting them
[nebula] 0 entity object(s) were destroyed without a despawn; forgetting them
[nebula] 0 entity object(s) were destroyed without a despawn; forgetting them
[nebula] 0 entity object(s) were destroyed without a despawn; forgetting them
[nebula] 0 entity object(s) were destroyed without a despawn; forgetting them
[nebula] 0 entity object(s) were destroyed without a despawn; forgetting them
[nebula] 0 entity object(s) were destroyed without a despawn; forgetting them
[nebula] 0 entity object(s) were destroyed without a despawn; forgetting them
[nebula] 0 entity object(s) were destroyed without a despawn; forgetting them
[nebula] 0 entity object(s) were destroyed without a despawn; forgetting them
[nebula] 0 entity object(s) were destroyed without a despawn; forgetting them
[nebula] 0 entity object(s) were destroyed without a despawn; forgetting them
[nebula] 0 entity object(s) were destroyed without a despawn; forgetting them
[nebula] 0 entity object(s) were destroyed without a despawn; forgetting them
[nebula] 0 entity object(s) were destroyed without a despawn; forgetting them
[nebula] 0 entity object(s) were destroyed without a despawn; forgetting them
[nebula] 0 entity object(s) were destroyed without a despawn; forgetting them
[nebula] 0 entity object(s) were destroyed without a despawn; forgetting them
[nebula] 0 entity object(s) were destroyed without a despawn; forgetting them
[nebula] 0 entity object(s) were destroyed without a despawn; forgetting them
[nebula] 0 entity object(s) were destroyed without a despawn; forgetting them
[nebula] 0 entity object(s) were destroyed without a despawn; forgetting them
[nebula] 0 entity object(s) were destroyed without a despawn; forgetting them
[nebula] 0 entity object(s) were destroyed without a despawn; forgetting them
[nebula] 0 entity object(s) were destroyed without a despawn; forgetting them
[nebula] 0 entity object(s) were destroyed without a despawn; forgetting them
[nebula] 0 entity object(s) were destroyed without a despawn; forgetting them
[nebula] 0 entity object(s) were destroyed without a despawn; forgetting them
[nebula] 0 entity object(s) were destroyed without a despawn; forgetting them
[nebula] 0 entity object(s) were destroyed without a despawn; forgetting them
[nebula] 0 entity object(s) were destroyed without a despawn; forgetting them
[nebula] 0 entity object(s) were destroyed without a despawn; forgetting them
[nebula] 0 entity object(s) were destroyed without a despawn; forgetting them
[nebula] 0 entity object(s) were destroyed without a despawn; forgetting them
[nebula] 0 entity object(s) were destroyed without a despawn; forgetting them
[nebula] 0 entity object(s) were destroyed without a despawn; forgetting them
[nebula] 0 entity object(s) were destroyed without a despawn; forgetting them
[nebula] 0 entity object(s) were destroyed without a despawn; forgetting them
[nebula] 0 entity object(s) were destroyed without a despawn; forgetting them
[nebula] 0 entity object(s) were destroyed without a despawn; forgetting them
[nebula] 0 entity object(s) were destroyed without a despawn; forgetting them
[nebula] 0 entity object(s) were destroyed without a despawn; forgetting them
[nebula] 0 entity object(s) were destroyed without a despawn; forgetting them
[nebula] 0 entity object(s) were destroyed without a despawn; forgetting them
[nebula] 0 entity object(s) were destroyed without a despawn; forgetting them
[nebula] 0 entity object(s) were destroyed without a despawn; forgetting them
[nebula] 0 entity object(s) were destroyed without a despawn; forgetting them
[nebula] 0 entity object(s) were destroyed without a despawn; forgetting them
[nebula] 0 entity object(s) were destroyed without a despawn; forgetting them
[nebula] 0 entity object(s) were destroyed without a despawn; forgetting them
[nebula] 0 entity object(s) were destroyed without a despawn; forgetting them
[nebula] 0 entity object(s) were destroyed without a despawn; forgetting them
[nebula] 0 entity object(s) were destroyed without a despawn; forgetting them
[nebula] 0 entity object(s) were destroyed without a despawn; forgetting them
[nebula] 0 entity object(s) were destroyed without a despawn; forgetting them
[nebula] 0 entity object(s) were destroyed without a despawn; forgetting them
[nebula] 0 entity object(s) were destroyed without a despawn; forgetting them
[nebula] 0 entity object(s) were destroyed without a despawn; forgetting them
[nebula] 0 entity object(s) were destroyed without a despawn; forgetting them
[nebula] local handover Player(Clone)#844424930131970(e2,rt_26388281163775,auth) rt_21990234652671 -> rt_26388281163775
[nebula] 0 entity object(s) were destroyed without a despawn; forgetting them
[nebula] 0 entity object(s) were destroyed without a despawn; forgetting them
[nebula] 0 entity object(s) were destroyed without a despawn; forgetting them
[nebula] 0 entity object(s) were destroyed without a despawn; forgetting them
[nebula] spawned Prop(Clone)#281474976710678(e1,rt_26388281163775,auth)
[nebula] 0 entity object(s) were destroyed without a despawn; forgetting them
[nebula] 0 entity object(s) were destroyed without a despawn; forgetting them
[nebula] 0 entity object(s) were destroyed without a despawn; forgetting them
[nebula] 0 entity object(s) were destroyed without a despawn; forgetting them
[nebula] 0 entity object(s) were destroyed without a despawn; forgetting them
[nebula] 0 entity object(s) were destroyed without a despawn; forgetting them
[nebula] 0 entity object(s) were destroyed without a despawn; forgetting them
[nebula] 0 entity object(s) were destroyed without a despawn; forgetting them
[nebula] 0 entity object(s) were destroyed without a despawn; forgetting them
[nebula] 0 entity object(s) were destroyed without a despawn; forgetting them
[nebula] 0 entity object(s) were destroyed without a despawn; forgetting them
[nebula] 0 entity object(s) were destroyed without a despawn; forgetting them
[nebula] 0 entity object(s) were destroyed without a despawn; forgetting them
[nebula] 0 entity object(s) were destroyed without a despawn; forgetting them
[nebula] 0 entity object(s) were destroyed without a despawn; forgetting them
[nebula] 0 entity object(s) were destroyed without a despawn; forgetting them
[nebula] 0 entity object(s) were destroyed without a despawn; forgetting them
[nebula] 0 entity object(s) were destroyed without a despawn; forgetting them
[nebula] 0 entity object(s) were destroyed without a despawn; forgetting them
[nebula] 0 entity object(s) were destroyed without a despawn; forgetting them
[nebula] 0 entity object(s) were destroyed without a despawn; forgetting them
[nebula] 0 entity object(s) were destroyed without a despawn; forgetting them
[nebula] 0 entity object(s) were destroyed without a despawn; forgetting them
[nebula] 0 entity object(s) were destroyed without a despawn; forgetting them
[nebula] 0 entity object(s) were destroyed without a despawn; forgetting them
[nebula] 0 entity object(s) were destroyed without a despawn; forgetting them
[nebula] 0 entity object(s) were destroyed without a despawn; forgetting them
[nebula] 0 entity object(s) were destroyed without a despawn; forgetting them
[nebula] 0 entity object(s) were destroyed without a despawn; forgetting them
[nebula] 0 entity object(s) were destroyed without a despawn; forgetting them
[nebula] 0 entity object(s) were destroyed without a despawn; forgetting them
[nebula] 0 entity object(s) were destroyed without a despawn; forgetting them
[nebula] 0 entity object(s) were destroyed without a despawn; forgetting them
[nebula] 0 entity object(s) were destroyed without a despawn; forgetting them
[nebula] 0 entity object(s) were destroyed without a despawn; forgetting them
[nebula] 0 entity object(s) were destroyed without a despawn; forgetting them
[nebula] 0 entity object(s) were destroyed without a despawn; forgetting them
[nebula] 0 entity object(s) were destroyed without a despawn; forgetting them
[nebula] 0 entity object(s) were destroyed without a despawn; forgetting them
[nebula] 0 entity object(s) were destroyed without a despawn; forgetting them
[nebula] 0 entity object(s) were destroyed without a despawn; forgetting them
[nebula] 0 entity object(s) were destroyed without a despawn; forgetting them
[nebula] 0 entity object(s) were destroyed without a despawn; forgetting them
[nebula] 0 entity object(s) were destroyed without a despawn; forgetting them
[nebula] 0 entity object(s) were destroyed without a despawn; forgetting them
[nebula] 0 entity object(s) were destroyed without a despawn; forgetting them
[nebula] 0 entity object(s) were destroyed without a despawn; forgetting them
[nebula] 0 entity object(s) were destroyed without a despawn; forgetting them
[nebula] 0 entity object(s) were destroyed without a despawn; forgetting them
[nebula] 0 entity object(s) were destroyed without a despawn; forgetting them
[nebula] 0 entity object(s) were destroyed without a despawn; forgetting them
[nebula] 0 entity object(s) were destroyed without a despawn; forgetting them
[nebula] 0 entity object(s) were destroyed without a despawn; forgetting them
[nebula] 0 entity object(s) were destroyed without a despawn; forgetting them
[nebula] 0 entity object(s) were destroyed without a despawn; forgetting them
[nebula] 0 entity object(s) were destroyed without a despawn; forgetting them
[nebula] 0 entity object(s) were destroyed without a despawn; forgetting them
[nebula] 0 entity object(s) were destroyed without a despawn; forgetting them
[nebula] 0 entity object(s) were destroyed without a despawn; forgetting them
[nebula] 0 entity object(s) were destroyed without a despawn; forgetting them
[nebula] 0 entity object(s) were destroyed without a despawn; forgetting them
[nebula] 0 entity object(s) were destroyed without a despawn; forgetting them
[nebula] 0 entity object(s) were destroyed without a despawn; forgetting them
[nebula] 0 entity object(s) were destroyed without a despawn; forgetting them
[nebula] 0 entity object(s) were destroyed without a despawn; forgetting them
[nebula] 0 entity object(s) were destroyed without a despawn; forgetting them
[nebula] 0 entity object(s) were destroyed without a despawn; forgetting them
[nebula] 0 entity object(s) were destroyed without a despawn; forgetting them
[nebula] 0 entity object(s) were destroyed without a despawn; forgetting them
[nebula] 0 entity object(s) were destroyed without a despawn; forgetting them
[nebula] 0 entity object(s) were destroyed without a despawn; forgetting them
[nebula] 0 entity object(s) were destroyed without a despawn; forgetting them
[nebula] 0 entity object(s) were destroyed without a despawn; forgetting them
[nebula] 0 entity object(s) were destroyed without a despawn; forgetting them
[nebula] 0 entity object(s) were destroyed without a despawn; forgetting them
[nebula] 0 entity object(s) were destroyed without a despawn; forgetting them
[nebula] 0 entity object(s) were destroyed without a despawn; forgetting them
[nebula] 0 entity object(s) were destroyed without a despawn; forgetting them
[nebula] 0 entity object(s) were destroyed without a despawn; forgetting them
[nebula] 0 entity object(s) were destroyed without a despawn; forgetting them
[nebula] 0 entity object(s) were destroyed without a despawn; forgetting them
[nebula] 0 entity object(s) were destroyed without a despawn; forgetting them
[nebula] 0 entity object(s) were destroyed without a despawn; forgetting them
[nebula] 0 entity object(s) were destroyed without a despawn; forgetting them
[nebula] 0 entity object(s) were destroyed without a despawn; forgetting them
[nebula] 0 entity object(s) were destroyed without a despawn; forgetting them
[nebula] 0 entity object(s) were destroyed without a despawn; forgetting them
[nebula] 0 entity object(s) were destroyed without a despawn; forgetting them
[nebula] 0 entity object(s) were destroyed without a despawn; forgetting them
[nebula] 0 entity object(s) were destroyed without a despawn; forgetting them
[nebula] 0 entity object(s) were destroyed without a despawn; forgetting them
[nebula] 0 entity object(s) were destroyed without a despawn; forgetting them
[nebula] profile 300 ticks/5s 300 frames avg 0.4ms max 0.8ms dup 0 skip 0 gc 36 auth 15 ghosts 0 | poll=0.01 ghosts=0.00 physics.sync=0.00 simulate=0.01 poses=0.03 containers=0.25 band=0.02 publish=0.01 gap=16.22 interest=0.01
[nebula] 0 entity object(s) were destroyed without a despawn; forgetting them
[nebula] 0 entity object(s) were destroyed without a despawn; forgetting them
[nebula] 0 entity object(s) were destroyed without a despawn; forgetting them
[nebula] 0 entity object(s) were destroyed without a despawn; forgetting them
[nebula] 0 entity object(s) were destroyed without a despawn; forgetting them
[nebula] 0 entity object(s) were destroyed without a despawn; forgetting them
[nebula] 0 entity object(s) were destroyed without a despawn; forgetting them
[nebula] 0 entity object(s) were destroyed without a despawn; forgetting them
[nebula] 0 entity object(s) were destroyed without a despawn; forgetting them
[nebula] 0 entity object(s) were destroyed without a despawn; forgetting them
[nebula] 0 entity object(s) were destroyed without a despawn; forgetting them
[nebula] 0 entity object(s) were destroyed without a despawn; forgetting them
[nebula] 0 entity object(s) were destroyed without a despawn; forgetting them
[nebula] 0 entity object(s) were destroyed without a despawn; forgetting them
[nebula] 0 entity object(s) were destroyed without a despawn; forgetting them
[nebula] 0 entity object(s) were destroyed without a despawn; forgetting them
[nebula] 0 entity object(s) were destroyed without a despawn; forgetting them
[nebula] 0 entity object(s) were destroyed without a despawn; forgetting them
[nebula] 0 entity object(s) were destroyed without a despawn; forgetting them
[nebula] 0 entity object(s) were destroyed without a despawn; forgetting them
[nebula] 0 entity object(s) were destroyed without a despawn; forgetting them
[nebula] 0 entity object(s) were destroyed without a despawn; forgetting them
[nebula] 0 entity object(s) were destroyed without a despawn; forgetting them
[nebula] 0 entity object(s) were destroyed without a despawn; forgetting them
[nebula] 0 entity object(s) were destroyed without a despawn; forgetting them
[nebula] 0 entity object(s) were destroyed without a despawn; forgetting them
[nebula] 0 entity object(s) were destroyed without a despawn; forgetting them
[nebula] 0 entity object(s) were destroyed without a despawn; forgetting them
[nebula] 0 entity object(s) were destroyed without a despawn; forgetting them
[nebula] 0 entity object(s) were destroyed without a despawn; forgetting them
[nebula] 0 entity object(s) were destroyed without a despawn; forgetting them
[nebula] 0 entity object(s) were destroyed without a despawn; forgetting them
[nebula] 0 entity object(s) were destroyed without a despawn; forgetting them
[nebula] 0 entity object(s) were destroyed without a despawn; forgetting them
[nebula] 0 entity object(s) were destroyed without a despawn; forgetting them
[nebula] 0 entity object(s) were destroyed without a despawn; forgetting them
[nebula] 0 entity object(s) were destroyed without a despawn; forgetting them
[nebula] 0 entity object(s) were destroyed without a despawn; forgetting them
[nebula] 0 entity object(s) were destroyed without a despawn; forgetting them
[nebula] 0 entity object(s) were destroyed without a despawn; forgetting them
[nebula] 0 entity object(s) were destroyed without a despawn; forgetting them
[nebula] 0 entity object(s) were destroyed without a despawn; forgetting them
[nebula] 0 entity object(s) were destroyed without a despawn; forgetting them
[nebula] 0 entity object(s) were destroyed without a despawn; forgetting them
[nebula] 0 entity object(s) were destroyed without a despawn; forgetting them
[nebula] 0 entity object(s) were destroyed without a despawn; forgetting them
[nebula] 0 entity object(s) were destroyed without a despawn; forgetting them
[nebula] 0 entity object(s) were destroyed without a despawn; forgetting them
[nebula] 0 entity object(s) were destroyed without a despawn; forgetting them
[nebula] 0 entity object(s) were destroyed without a despawn; forgetting them
[nebula] 0 entity object(s) were destroyed without a despawn; forgetting them
[nebula] 0 entity object(s) were destroyed without a despawn; forgetting them
[nebula] 0 entity object(s) were destroyed without a despawn; forgetting them
[nebula] 0 entity object(s) were destroyed without a despawn; forgetting them
[nebula] 0 entity object(s) were destroyed without a despawn; forgetting them
[nebula] 0 entity object(s) were destroyed without a despawn; forgetting them
[nebula] 0 entity object(s) were destroyed without a despawn; forgetting them
[nebula] 0 entity object(s) were destroyed without a despawn; forgetting them
[nebula] 0 entity object(s) were destroyed without a despawn; forgetting them
[nebula] 0 entity object(s) were destroyed without a despawn; forgetting them
[nebula] 0 entity object(s) were destroyed without a despawn; forgetting them
[nebula] 0 entity object(s) were destroyed without a despawn; forgetting them
[nebula] 0 entity object(s) were destroyed without a despawn; forgetting them
[nebula] 0 entity object(s) were destroyed without a despawn; forgetting them
[nebula] 0 entity object(s) were destroyed without a despawn; forgetting them
[nebula] 0 entity object(s) were destroyed without a despawn; forgetting them
[nebula] 0 entity object(s) were destroyed without a despawn; forgetting them
[nebula] 0 entity object(s) were destroyed without a despawn; forgetting them
[nebula] 0 entity object(s) were destroyed without a despawn; forgetting them
[nebula] 0 entity object(s) were destroyed without a despawn; forgetting them
[nebula] 0 entity object(s) were destroyed without a despawn; forgetting them
[nebula] 0 entity object(s) were destroyed without a despawn; forgetting them
[nebula] 0 entity object(s) were destroyed without a despawn; forgetting them
[nebula] 0 entity object(s) were destroyed without a despawn; forgetting them
[nebula] 0 entity object(s) were destroyed without a despawn; forgetting them
[nebula] 0 entity object(s) were destroyed without a despawn; forgetting them
[nebula] 0 entity object(s) were destroyed without a despawn; forgetting them
[nebula] 0 entity object(s) were destroyed without a despawn; forgetting them
[nebula] 0 entity object(s) were destroyed without a despawn; forgetting them
[nebula] 0 entity object(s) were destroyed without a despawn; forgetting them
[nebula] 0 entity object(s) were destroyed without a despawn; forgetting them
[nebula] 0 entity object(s) were destroyed without a despawn; forgetting them
[nebula] 0 entity object(s) were destroyed without a despawn; forgetting them
[nebula] 0 entity object(s) were destroyed without a despawn; forgetting them
[nebula] 0 entity object(s) were destroyed without a despawn; forgetting them
[nebula] 0 entity object(s) were destroyed without a despawn; forgetting them
[nebula] 0 entity object(s) were destroyed without a despawn; forgetting them
[nebula] 0 entity object(s) were destroyed without a despawn; forgetting them
[nebula] spawned Prop(Clone)#281474976710679(e1,rt_26388281163775,auth)
[nebula] 0 entity object(s) were destroyed without a despawn; forgetting them
[nebula] 0 entity object(s) were destroyed without a despawn; forgetting them
[nebula] 0 entity object(s) were destroyed without a despawn; forgetting them
[nebula] 0 entity object(s) were destroyed without a despawn; forgetting them
[nebula] 0 entity object(s) were destroyed without a despawn; forgetting them
[nebula] 0 entity object(s) were destroyed without a despawn; forgetting them
[nebula] 0 entity object(s) were destroyed without a despawn; forgetting them
[nebula] 0 entity object(s) were destroyed without a despawn; forgetting them
[nebula] 0 entity object(s) were destroyed without a despawn; forgetting them
[nebula] 0 entity object(s) were destroyed without a despawn; forgetting them
[nebula] 0 entity object(s) were destroyed without a despawn; forgetting them
[nebula] 0 entity object(s) were destroyed without a despawn; forgetting them
[nebula] 0 entity object(s) were destroyed without a despawn; forgetting them
[nebula] 0 entity object(s) were destroyed without a despawn; forgetting them
[nebula] 0 entity object(s) were destroyed without a despawn; forgetting them
[nebula] 0 entity object(s) were destroyed without a despawn; forgetting them
[nebula] 0 entity object(s) were destroyed without a despawn; forgetting them
[nebula] 0 entity object(s) were destroyed without a despawn; forgetting them
[nebula] 0 entity object(s) were destroyed without a despawn; forgetting them
[nebula] 0 entity object(s) were destroyed without a despawn; forgetting them
[nebula] 0 entity object(s) were destroyed without a despawn; forgetting them
[nebula] 0 entity object(s) were destroyed without a despawn; forgetting them
[nebula] 0 entity object(s) were destroyed without a despawn; forgetting them
[nebula] 0 entity object(s) were destroyed without a despawn; forgetting them
[nebula] 0 entity object(s) were destroyed without a despawn; forgetting them
[nebula] 0 entity object(s) were destroyed without a despawn; forgetting them
[nebula] 0 entity object(s) were destroyed without a despawn; forgetting them
[nebula] 0 entity object(s) were destroyed without a despawn; forgetting them
[nebula] 0 entity object(s) were destroyed without a despawn; forgetting them
[nebula] 0 entity object(s) were destroyed without a despawn; forgetting them
[nebula] 0 entity object(s) were destroyed without a despawn; forgetting them
[nebula] 0 entity object(s) were destroyed without a despawn; forgetting them
[nebula] 0 entity object(s) were destroyed without a despawn; forgetting them
[nebula] 0 entity object(s) were destroyed without a despawn; forgetting them
[nebula] 0 entity object(s) were destroyed without a despawn; forgetting them
[nebula] 0 entity object(s) were destroyed without a despawn; forgetting them
[nebula] 0 entity object(s) were destroyed without a despawn; forgetting them
[nebula] 0 entity object(s) were destroyed without a despawn; forgetting them
[nebula] 0 entity object(s) were destroyed without a despawn; forgetting them
[nebula] 0 entity object(s) were destroyed without a despawn; forgetting them
[nebula] 0 entity object(s) were destroyed without a despawn; forgetting them
[nebula] 0 entity object(s) were destroyed without a despawn; forgetting them
[nebula] 0 entity object(s) were destroyed without a despawn; forgetting them
[nebula] 0 entity object(s) were destroyed without a despawn; forgetting them
[nebula] 0 entity object(s) were destroyed without a despawn; forgetting them
[nebula] 0 entity object(s) were destroyed without a despawn; forgetting them
[nebula] 0 entity object(s) were destroyed without a despawn; forgetting them
[nebula] 0 entity object(s) were destroyed without a despawn; forgetting them
[nebula] 0 entity object(s) were destroyed without a despawn; forgetting them
[nebula] 0 entity object(s) were destroyed without a despawn; forgetting them
[nebula] 0 entity object(s) were destroyed without a despawn; forgetting them
[nebula] 0 entity object(s) were destroyed without a despawn; forgetting them
[nebula] 0 entity object(s) were destroyed without a despawn; forgetting them
[nebula] 0 entity object(s) were destroyed without a despawn; forgetting them
[nebula] 0 entity object(s) were destroyed without a despawn; forgetting them
[nebula] 0 entity object(s) were destroyed without a despawn; forgetting them
[nebula] 0 entity object(s) were destroyed without a despawn; forgetting them
[nebula] 0 entity object(s) were destroyed without a despawn; forgetting them
[nebula] 0 entity object(s) were destroyed without a despawn; forgetting them
[nebula] 0 entity object(s) were destroyed without a despawn; forgetting them
[nebula] 0 entity object(s) were destroyed without a despawn; forgetting them
[nebula] 0 entity object(s) were destroyed without a despawn; forgetting them
[nebula] 0 entity object(s) were destroyed without a despawn; forgetting them
[nebula] 0 entity object(s) were destroyed without a despawn; forgetting them
[nebula] 0 entity object(s) were destroyed without a despawn; forgetting them
[nebula] 0 entity object(s) were destroyed without a despawn; forgetting them
[nebula] 0 entity object(s) were destroyed without a despawn; forgetting them
[nebula] 0 entity object(s) were destroyed without a despawn; forgetting them
[nebula] 0 entity object(s) were destroyed without a despawn; forgetting them
[nebula] 0 entity object(s) were destroyed without a despawn; forgetting them
[nebula] 0 entity object(s) were destroyed without a despawn; forgetting them
[nebula] 0 entity object(s) were destroyed without a despawn; forgetting them
[nebula] 0 entity object(s) were destroyed without a despawn; forgetting them
[nebula] 0 entity object(s) were destroyed without a despawn; forgetting them
[nebula] 0 entity object(s) were destroyed without a despawn; forgetting them
[nebula] 0 entity object(s) were destroyed without a despawn; forgetting them
[nebula] 0 entity object(s) were destroyed without a despawn; forgetting them
[nebula] 0 entity object(s) were destroyed without a despawn; forgetting them
[nebula] 0 entity object(s) were destroyed without a despawn; forgetting them
[nebula] 0 entity object(s) were destroyed without a despawn; forgetting them
[nebula] 0 entity object(s) were destroyed without a despawn; forgetting them
[nebula] 0 entity object(s) were destroyed without a despawn; forgetting them
[nebula] 0 entity object(s) were destroyed without a despawn; forgetting them
[nebula] 0 entity object(s) were destroyed without a despawn; forgetting them
[nebula] 0 entity object(s) were destroyed without a despawn; forgetting them
[nebula] 0 entity object(s) were destroyed without a despawn; forgetting them
[nebula] 0 entity object(s) were destroyed without a despawn; forgetting them
[nebula] 0 entity object(s) were destroyed without a despawn; forgetting them
[nebula] 0 entity object(s) were destroyed without a despawn; forgetting them
[nebula] 0 entity object(s) were destroyed without a despawn; forgetting them
[nebula] 0 entity object(s) were destroyed without a despawn; forgetting them
[nebula] 0 entity object(s) were destroyed without a despawn; forgetting them
[nebula] 0 entity object(s) were destroyed without a despawn; forgetting them
[nebula] 0 entity object(s) were destroyed without a despawn; forgetting them
[nebula] 0 entity object(s) were destroyed without a despawn; forgetting them
[nebula] 0 entity object(s) were destroyed without a despawn; forgetting them
[nebula] 0 entity object(s) were destroyed without a despawn; forgetting them
[nebula] 0 entity object(s) were destroyed without a despawn; forgetting them
[nebula] 0 entity object(s) were destroyed without a despawn; forgetting them
[nebula] 0 entity object(s) were destroyed without a despawn; forgetting them
[nebula] 0 entity object(s) were destroyed without a despawn; forgetting them
[nebula] 0 entity object(s) were destroyed without a despawn; forgetting them
[nebula] 0 entity object(s) were destroyed without a despawn; forgetting them
[nebula] 0 entity object(s) were destroyed without a despawn; forgetting them
[nebula] 0 entity object(s) were destroyed without a despawn; forgetting them
[nebula] 0 entity object(s) were destroyed without a despawn; forgetting them
[nebula] 0 entity object(s) were destroyed without a despawn; forgetting them
[nebula] 0 entity object(s) were destroyed without a despawn; forgetting them
[nebula] 0 entity object(s) were destroyed without a despawn; forgetting them
[nebula] 0 entity object(s) were destroyed without a despawn; forgetting them
[nebula] 0 entity object(s) were destroyed without a despawn; forgetting them
[nebula] 0 entity object(s) were destroyed without a despawn; forgetting them
[nebula] 0 entity object(s) were destroyed without a despawn; forgetting them
[nebula] 0 entity object(s) were destroyed without a despawn; forgetting them
[nebula] 0 entity object(s) were destroyed without a despawn; forgetting them
[nebula] 0 entity object(s) were destroyed without a despawn; forgetting them
[nebula] 0 entity object(s) were destroyed without a despawn; forgetting them
[nebula] 0 entity object(s) were destroyed without a despawn; forgetting them
[nebula] 0 entity object(s) were destroyed without a despawn; forgetting them
[nebula] 0 entity object(s) were destroyed without a despawn; forgetting them
[nebula] 0 entity object(s) were destroyed without a despawn; forgetting them
[nebula] 0 entity object(s) were destroyed without a despawn; forgetting them
[nebula] 0 entity object(s) were destroyed without a despawn; forgetting them
[nebula] 0 entity object(s) were destroyed without a despawn; forgetting them
[nebula] 0 entity object(s) were destroyed without a despawn; forgetting them
[nebula] 0 entity object(s) were destroyed without a despawn; forgetting them
[nebula] 0 entity object(s) were destroyed without a despawn; forgetting them
[nebula] 0 entity object(s) were destroyed without a despawn; forgetting them
[nebula] 0 entity object(s) were destroyed without a despawn; forgetting them
[nebula] 0 entity object(s) were destroyed without a despawn; forgetting them
[nebula] 0 entity object(s) were destroyed without a despawn; forgetting them
[nebula] 0 entity object(s) were destroyed without a despawn; forgetting them
[nebula] 0 entity object(s) were destroyed without a despawn; forgetting them
[nebula] 0 entity object(s) were destroyed without a despawn; forgetting them
[nebula] 0 entity object(s) were destroyed without a despawn; forgetting them
[nebula] 0 entity object(s) were destroyed without a despawn; forgetting them
[nebula] 0 entity object(s) were destroyed without a despawn; forgetting them
[nebula] 0 entity object(s) were destroyed without a despawn; forgetting them
[nebula] 0 entity object(s) were destroyed without a despawn; forgetting them
[nebula] 0 entity object(s) were destroyed without a despawn; forgetting them
[nebula] 0 entity object(s) were destroyed without a despawn; forgetting them
[nebula] 0 entity object(s) were destroyed without a despawn; forgetting them
[nebula] 0 entity object(s) were destroyed without a despawn; forgetting them
[nebula] 0 entity object(s) were destroyed without a despawn; forgetting them
[nebula] 0 entity object(s) were destroyed without a despawn; forgetting them
[nebula] 0 entity object(s) were destroyed without a despawn; forgetting them
[nebula] 0 entity object(s) were destroyed without a despawn; forgetting them
[nebula] 0 entity object(s) were destroyed without a despawn; forgetting them
[nebula] 0 entity object(s) were destroyed without a despawn; forgetting them
[nebula] 0 entity object(s) were destroyed without a despawn; forgetting them
[nebula] 0 entity object(s) were destroyed without a despawn; forgetting them
[nebula] 0 entity object(s) were destroyed without a despawn; forgetting them
[nebula] 0 entity object(s) were destroyed without a despawn; forgetting them
[nebula] 0 entity object(s) were destroyed without a despawn; forgetting them
[nebula] 0 entity object(s) were destroyed without a despawn; forgetting them
[nebula] 0 entity object(s) were destroyed without a despawn; forgetting them
[nebula] 0 entity object(s) were destroyed without a despawn; forgetting them
[nebula] 0 entity object(s) were destroyed without a despawn; forgetting them
[nebula] 0 entity object(s) were destroyed without a despawn; forgetting them
[nebula] 0 entity object(s) were destroyed without a despawn; forgetting them
[nebula] 0 entity object(s) were destroyed without a despawn; forgetting them
[nebula] 0 entity object(s) were destroyed without a despawn; forgetting them
[nebula] 0 entity object(s) were destroyed without a despawn; forgetting them
[nebula] 0 entity object(s) were destroyed without a despawn; forgetting them
[nebula] 0 entity object(s) were destroyed without a despawn; forgetting them
[nebula] 0 entity object(s) were destroyed without a despawn; forgetting them
[nebula] 0 entity object(s) were destroyed without a despawn; forgetting them
[nebula] 0 entity object(s) were destroyed without a despawn; forgetting them
[nebula] 0 entity object(s) were destroyed without a despawn; forgetting them
[nebula] 0 entity object(s) were destroyed without a despawn; forgetting them
[nebula] 0 entity object(s) were destroyed without a despawn; forgetting them
[nebula] 0 entity object(s) were destroyed without a despawn; forgetting them
[nebula] 0 entity object(s) were destroyed without a despawn; forgetting them
[nebula] 0 entity object(s) were destroyed without a despawn; forgetting them
[nebula] 0 entity object(s) were destroyed without a despawn; forgetting them
[nebula] 0 entity object(s) were destroyed without a despawn; forgetting them
[nebula] 0 entity object(s) were destroyed without a despawn; forgetting them
[nebula] 0 entity object(s) were destroyed without a despawn; forgetting them
[nebula] 0 entity object(s) were destroyed without a despawn; forgetting them
[nebula] 0 entity object(s) were destroyed without a despawn; forgetting them
[nebula] spawned Prop(Clone)#281474976710680(e1,rt_26388281163775,auth)
[nebula] 0 entity object(s) were destroyed without a despawn; forgetting them
[nebula] 0 entity object(s) were destroyed without a despawn; forgetting them
[nebula] 0 entity object(s) were destroyed without a despawn; forgetting them
[nebula] 0 entity object(s) were destroyed without a despawn; forgetting them
[nebula] 0 entity object(s) were destroyed without a despawn; forgetting them
[nebula] 0 entity object(s) were destroyed without a despawn; forgetting them
[nebula] 0 entity object(s) were destroyed without a despawn; forgetting them
[nebula] 0 entity object(s) were destroyed without a despawn; forgetting them
[nebula] 0 entity object(s) were destroyed without a despawn; forgetting them
[nebula] 0 entity object(s) were destroyed without a despawn; forgetting them
[nebula] 0 entity object(s) were destroyed without a despawn; forgetting them
[nebula] 0 entity object(s) were destroyed without a despawn; forgetting them
[nebula] 0 entity object(s) were destroyed without a despawn; forgetting them
[nebula] 0 entity object(s) were destroyed without a despawn; forgetting them
[nebula] 0 entity object(s) were destroyed without a despawn; forgetting them
[nebula] 0 entity object(s) were destroyed without a despawn; forgetting them
[nebula] 0 entity object(s) were destroyed without a despawn; forgetting them
[nebula] 0 entity object(s) were destroyed without a despawn; forgetting them
[nebula] 0 entity object(s) were destroyed without a despawn; forgetting them
[nebula] 0 entity object(s) were destroyed without a despawn; forgetting them
[nebula] 0 entity object(s) were destroyed without a despawn; forgetting them
[nebula] 0 entity object(s) were destroyed without a despawn; forgetting them
[nebula] 0 entity object(s) were destroyed without a despawn; forgetting them
[nebula] 0 entity object(s) were destroyed without a despawn; forgetting them
[nebula] 0 entity object(s) were destroyed without a despawn; forgetting them
[nebula] 0 entity object(s) were destroyed without a despawn; forgetting them
[nebula] 0 entity object(s) were destroyed without a despawn; forgetting them
[nebula] 0 entity object(s) were destroyed without a despawn; forgetting them
[nebula] 0 entity object(s) were destroyed without a despawn; forgetting them
[nebula] 0 entity object(s) were destroyed without a despawn; forgetting them
[nebula] 0 entity object(s) were destroyed without a despawn; forgetting them
[nebula] 0 entity object(s) were destroyed without a despawn; forgetting them
[nebula] profile 300 ticks/5s 300 frames avg 0.5ms max 0.7ms dup 0 skip 0 gc 28 auth 17 ghosts 0 | poll=0.01 ghosts=0.00 physics.sync=0.00 simulate=0.01 poses=0.03 containers=0.27 band=0.02 publish=0.01 gap=16.20 interest=0.01
[nebula] 0 entity object(s) were destroyed without a despawn; forgetting them
[nebula] 0 entity object(s) were destroyed without a despawn; forgetting them
[nebula] 0 entity object(s) were destroyed without a despawn; forgetting them
[nebula] 0 entity object(s) were destroyed without a despawn; forgetting them
[nebula] 0 entity object(s) were destroyed without a despawn; forgetting them
[nebula] 0 entity object(s) were destroyed without a despawn; forgetting them
[nebula] 0 entity object(s) were destroyed without a despawn; forgetting them
[nebula] 0 entity object(s) were destroyed without a despawn; forgetting them
[nebula] 0 entity object(s) were destroyed without a despawn; forgetting them
[nebula] 0 entity object(s) were destroyed without a despawn; forgetting them
[nebula] 0 entity object(s) were destroyed without a despawn; forgetting them
[nebula] 0 entity object(s) were destroyed without a despawn; forgetting them
[nebula] 0 entity object(s) were destroyed without a despawn; forgetting them
[nebula] 0 entity object(s) were destroyed without a despawn; forgetting them
[nebula] 0 entity object(s) were destroyed without a despawn; forgetting them
[nebula] 0 entity object(s) were destroyed without a despawn; forgetting them
[nebula] 0 entity object(s) were destroyed without a despawn; forgetting them
[nebula] 0 entity object(s) were destroyed without a despawn; forgetting them
[nebula] 0 entity object(s) were destroyed without a despawn; forgetting them
[nebula] 0 entity object(s) were destroyed without a despawn; forgetting them
[nebula] 0 entity object(s) were destroyed without a despawn; forgetting them
[nebula] 0 entity object(s) were destroyed without a despawn; forgetting them
[nebula] 0 entity object(s) were destroyed without a despawn; forgetting them
[nebula] 0 entity object(s) were destroyed without a despawn; forgetting them
[nebula] 0 entity object(s) were destroyed without a despawn; forgetting them
[nebula] 0 entity object(s) were destroyed without a despawn; forgetting them
[nebula] 0 entity object(s) were destroyed without a despawn; forgetting them
[nebula] 0 entity object(s) were destroyed without a despawn; forgetting them
[nebula] 0 entity object(s) were destroyed without a despawn; forgetting them
[nebula] 0 entity object(s) were destroyed without a despawn; forgetting them
[nebula] 0 entity object(s) were destroyed without a despawn; forgetting them
[nebula] 0 entity object(s) were destroyed without a despawn; forgetting them
[nebula] 0 entity object(s) were destroyed without a despawn; forgetting them
[nebula] 0 entity object(s) were destroyed without a despawn; forgetting them
[nebula] 0 entity object(s) were destroyed without a despawn; forgetting them
[nebula] 0 entity object(s) were destroyed without a despawn; forgetting them
[nebula] 0 entity object(s) were destroyed without a despawn; forgetting them
[nebula] 0 entity object(s) were destroyed without a despawn; forgetting them
[nebula] 0 entity object(s) were destroyed without a despawn; forgetting them
[nebula] 0 entity object(s) were destroyed without a despawn; forgetting them
[nebula] 0 entity object(s) were destroyed without a despawn; forgetting them
[nebula] 0 entity object(s) were destroyed without a despawn; forgetting them
[nebula] 0 entity object(s) were destroyed without a despawn; forgetting them
[nebula] 0 entity object(s) were destroyed without a despawn; forgetting them
[nebula] 0 entity object(s) were destroyed without a despawn; forgetting them
[nebula] 0 entity object(s) were destroyed without a despawn; forgetting them
[nebula] 0 entity object(s) were destroyed without a despawn; forgetting them
[nebula] 0 entity object(s) were destroyed without a despawn; forgetting them
[nebula] 0 entity object(s) were destroyed without a despawn; forgetting them
[nebula] 0 entity object(s) were destroyed without a despawn; forgetting them
[nebula] 0 entity object(s) were destroyed without a despawn; forgetting them
[nebula] 0 entity object(s) were destroyed without a despawn; forgetting them
[nebula] 0 entity object(s) were destroyed without a despawn; forgetting them
[nebula] 0 entity object(s) were destroyed without a despawn; forgetting them
[nebula] 0 entity object(s) were destroyed without a despawn; forgetting them
[nebula] 0 entity object(s) were destroyed without a despawn; forgetting them
[nebula] 0 entity object(s) were destroyed without a despawn; forgetting them
[nebula] 0 entity object(s) were destroyed without a despawn; forgetting them
[nebula] 0 entity object(s) were destroyed without a despawn; forgetting them
[nebula] 0 entity object(s) were destroyed without a despawn; forgetting them
[nebula] 0 entity object(s) were destroyed without a despawn; forgetting them
[nebula] 0 entity object(s) were destroyed without a despawn; forgetting them
[nebula] 0 entity object(s) were destroyed without a despawn; forgetting them
[nebula] 0 entity object(s) were destroyed without a despawn; forgetting them
[nebula] 0 entity object(s) were destroyed without a despawn; forgetting them
[nebula] 0 entity object(s) were destroyed without a despawn; forgetting them
[nebula] 0 entity object(s) were destroyed without a despawn; forgetting them
[nebula] 0 entity object(s) were destroyed without a despawn; forgetting them
[nebula] 0 entity object(s) were destroyed without a despawn; forgetting them
[nebula] 0 entity object(s) were destroyed without a despawn; forgetting them
[nebula] 0 entity object(s) were destroyed without a despawn; forgetting them
[nebula] 0 entity object(s) were destroyed without a despawn; forgetting them
[nebula] 0 entity object(s) were destroyed without a despawn; forgetting them
[nebula] 0 entity object(s) were destroyed without a despawn; forgetting them
[nebula] 0 entity object(s) were destroyed without a despawn; forgetting them
[nebula] 0 entity object(s) were destroyed without a despawn; forgetting them
[nebula] 0 entity object(s) were destroyed without a despawn; forgetting them
[nebula] 0 entity object(s) were destroyed without a despawn; forgetting them
[nebula] 0 entity object(s) were destroyed without a despawn; forgetting them
[nebula] 0 entity object(s) were destroyed without a despawn; forgetting them
[nebula] 0 entity object(s) were destroyed without a despawn; forgetting them
[nebula] 0 entity object(s) were destroyed without a despawn; forgetting them
[nebula] 0 entity object(s) were destroyed without a despawn; forgetting them
[nebula] 0 entity object(s) were destroyed without a despawn; forgetting them
[nebula] 0 entity object(s) were destroyed without a despawn; forgetting them
[nebula] 0 entity object(s) were destroyed without a despawn; forgetting them
[nebula] 0 entity object(s) were destroyed without a despawn; forgetting them
[nebula] 0 entity object(s) were destroyed without a despawn; forgetting them
[nebula] 0 entity object(s) were destroyed without a despawn; forgetting them
[nebula] 0 entity object(s) were destroyed without a despawn; forgetting them
[nebula] 0 entity object(s) were destroyed without a despawn; forgetting them
[nebula] 0 entity object(s) were destroyed without a despawn; forgetting them
[nebula] 0 entity object(s) were destroyed without a despawn; forgetting them
[nebula] 0 entity object(s) were destroyed without a despawn; forgetting them
[nebula] 0 entity object(s) were destroyed without a despawn; forgetting them
[nebula] 0 entity object(s) were destroyed without a despawn; forgetting them
[nebula] 0 entity object(s) were destroyed without a despawn; forgetting them
[nebula] 0 entity object(s) were destroyed without a despawn; forgetting them
[nebula] 0 entity object(s) were destroyed without a despawn; forgetting them
[nebula] 0 entity object(s) were destroyed without a despawn; forgetting them
[nebula] 0 entity object(s) were destroyed without a despawn; forgetting them
[nebula] 0 entity object(s) were destroyed without a despawn; forgetting them
[nebula] 0 entity object(s) were destroyed without a despawn; forgetting them
[nebula] 0 entity object(s) were destroyed without a despawn; forgetting them
[nebula] 0 entity object(s) were destroyed without a despawn; forgetting them
[nebula] 0 entity object(s) were destroyed without a despawn; forgetting them
[nebula] 0 entity object(s) were destroyed without a despawn; forgetting them
[nebula] 0 entity object(s) were destroyed without a despawn; forgetting them
[nebula] 0 entity object(s) were destroyed without a despawn; forgetting them
[nebula] 0 entity object(s) were destroyed without a despawn; forgetting them
[nebula] 0 entity object(s) were destroyed without a despawn; forgetting them
[nebula] 0 entity object(s) were destroyed without a despawn; forgetting them
[nebula] 0 entity object(s) were destroyed without a despawn; forgetting them
[nebula] 0 entity object(s) were destroyed without a despawn; forgetting them
[nebula] 0 entity object(s) were destroyed without a despawn; forgetting them
[nebula] 0 entity object(s) were destroyed without a despawn; forgetting them
[nebula] 0 entity object(s) were destroyed without a despawn; forgetting them
[nebula] 0 entity object(s) were destroyed without a despawn; forgetting them
[nebula] 0 entity object(s) were destroyed without a despawn; forgetting them
[nebula] 0 entity object(s) were destroyed without a despawn; forgetting them
[nebula] 0 entity object(s) were destroyed without a despawn; forgetting them
[nebula] 0 entity object(s) were destroyed without a despawn; forgetting them
[nebula] 0 entity object(s) were destroyed without a despawn; forgetting them
[nebula] 0 entity object(s) were destroyed without a despawn; forgetting them
[nebula] 0 entity object(s) were destroyed without a despawn; forgetting them
[nebula] 0 entity object(s) were destroyed without a despawn; forgetting them
[nebula] 0 entity object(s) were destroyed without a despawn; forgetting them
[nebula] 0 entity object(s) were destroyed without a despawn; forgetting them
[nebula] 0 entity object(s) were destroyed without a despawn; forgetting them
[nebula] 0 entity object(s) were destroyed without a despawn; forgetting them
[nebula] 0 entity object(s) were destroyed without a despawn; forgetting them
[nebula] 0 entity object(s) were destroyed without a despawn; forgetting them
[nebula] 0 entity object(s) were destroyed without a despawn; forgetting them
[nebula] 0 entity object(s) were destroyed without a despawn; forgetting them
[nebula] 0 entity object(s) were destroyed without a despawn; forgetting them
[nebula] 0 entity object(s) were destroyed without a despawn; forgetting them
[nebula] 0 entity object(s) were destroyed without a despawn; forgetting them
[nebula] 0 entity object(s) were destroyed without a despawn; forgetting them
[nebula] 0 entity object(s) were destroyed without a despawn; forgetting them
[nebula] 0 entity object(s) were destroyed without a despawn; forgetting them
[nebula] 0 entity object(s) were destroyed without a despawn; forgetting them
[nebula] 0 entity object(s) were destroyed without a despawn; forgetting them
[nebula] 0 entity object(s) were destroyed without a despawn; forgetting them
[nebula] 0 entity object(s) were destroyed without a despawn; forgetting them
[nebula] 0 entity object(s) were destroyed without a despawn; forgetting them
[nebula] 0 entity object(s) were destroyed without a despawn; forgetting them
[nebula] 0 entity object(s) were destroyed without a despawn; forgetting them
[nebula] 0 entity object(s) were destroyed without a despawn; forgetting them
[nebula] spawned Prop(Clone)#281474976710681(e1,rt_26388281163775,auth)
[nebula] 0 entity object(s) were destroyed without a despawn; forgetting them
[nebula] 0 entity object(s) were destroyed without a despawn; forgetting them
[nebula] 0 entity object(s) were destroyed without a despawn; forgetting them
[nebula] 0 entity object(s) were destroyed without a despawn; forgetting them
[nebula] 0 entity object(s) were destroyed without a despawn; forgetting them
[nebula] 0 entity object(s) were destroyed without a despawn; forgetting them
[nebula] 0 entity object(s) were destroyed without a despawn; forgetting them
[nebula] 0 entity object(s) were destroyed without a despawn; forgetting them
[nebula] 0 entity object(s) were destroyed without a despawn; forgetting them
[nebula] 0 entity object(s) were destroyed without a despawn; forgetting them
[nebula] 0 entity object(s) were destroyed without a despawn; forgetting them
[nebula] 0 entity object(s) were destroyed without a despawn; forgetting them
[nebula] 0 entity object(s) were destroyed without a despawn; forgetting them
[nebula] 0 entity object(s) were destroyed without a despawn; forgetting them
[nebula] 0 entity object(s) were destroyed without a despawn; forgetting them
[nebula] 0 entity object(s) were destroyed without a despawn; forgetting them
[nebula] 0 entity object(s) were destroyed without a despawn; forgetting them
[nebula] 0 entity object(s) were destroyed without a despawn; forgetting them
[nebula] 0 entity object(s) were destroyed without a despawn; forgetting them
[nebula] 0 entity object(s) were destroyed without a despawn; forgetting them
[nebula] 0 entity object(s) were destroyed without a despawn; forgetting them
[nebula] 0 entity object(s) were destroyed without a despawn; forgetting them
[nebula] 0 entity object(s) were destroyed without a despawn; forgetting them
[nebula] 0 entity object(s) were destroyed without a despawn; forgetting them
[nebula] 0 entity object(s) were destroyed without a despawn; forgetting them
[nebula] 0 entity object(s) were destroyed without a despawn; forgetting them
[nebula] 0 entity object(s) were destroyed without a despawn; forgetting them
[nebula] 0 entity object(s) were destroyed without a despawn; forgetting them
[nebula] 0 entity object(s) were destroyed without a despawn; forgetting them
[nebula] 0 entity object(s) were destroyed without a despawn; forgetting them
[nebula] 0 entity object(s) were destroyed without a despawn; forgetting them
[nebula] 0 entity object(s) were destroyed without a despawn; forgetting them
[nebula] 0 entity object(s) were destroyed without a despawn; forgetting them
[nebula] 0 entity object(s) were destroyed without a despawn; forgetting them
[nebula] 0 entity object(s) were destroyed without a despawn; forgetting them
[nebula] 0 entity object(s) were destroyed without a despawn; forgetting them
[nebula] 0 entity object(s) were destroyed without a despawn; forgetting them
[nebula] 0 entity object(s) were destroyed without a despawn; forgetting them
[nebula] 0 entity object(s) were destroyed without a despawn; forgetting them
[nebula] 0 entity object(s) were destroyed without a despawn; forgetting them
[nebula] 0 entity object(s) were destroyed without a despawn; forgetting them
[nebula] 0 entity object(s) were destroyed without a despawn; forgetting them
[nebula] 0 entity object(s) were destroyed without a despawn; forgetting them
[nebula] 0 entity object(s) were destroyed without a despawn; forgetting them
[nebula] 0 entity object(s) were destroyed without a despawn; forgetting them
[nebula] 0 entity object(s) were destroyed without a despawn; forgetting them
[nebula] 0 entity object(s) were destroyed without a despawn; forgetting them
[nebula] 0 entity object(s) were destroyed without a despawn; forgetting them
[nebula] 0 entity object(s) were destroyed without a despawn; forgetting them
[nebula] 0 entity object(s) were destroyed without a despawn; forgetting them
[nebula] 0 entity object(s) were destroyed without a despawn; forgetting them
[nebula] 0 entity object(s) were destroyed without a despawn; forgetting them
[nebula] 0 entity object(s) were destroyed without a despawn; forgetting them
[nebula] 0 entity object(s) were destroyed without a despawn; forgetting them
[nebula] 0 entity object(s) were destroyed without a despawn; forgetting them
[nebula] 0 entity object(s) were destroyed without a despawn; forgetting them
[nebula] 0 entity object(s) were destroyed without a despawn; forgetting them
[nebula] 0 entity object(s) were destroyed without a despawn; forgetting them
[nebula] 0 entity object(s) were destroyed without a despawn; forgetting them
[nebula] 0 entity object(s) were destroyed without a despawn; forgetting them
[nebula] 0 entity object(s) were destroyed without a despawn; forgetting them
[nebula] 0 entity object(s) were destroyed without a despawn; forgetting them
[nebula] 0 entity object(s) were destroyed without a despawn; forgetting them
[nebula] 0 entity object(s) were destroyed without a despawn; forgetting them
[nebula] 0 entity object(s) were destroyed without a despawn; forgetting them
[nebula] 0 entity object(s) were destroyed without a despawn; forgetting them
[nebula] 0 entity object(s) were destroyed without a despawn; forgetting them
[nebula] 0 entity object(s) were destroyed without a despawn; forgetting them
[nebula] 0 entity object(s) were destroyed without a despawn; forgetting them
[nebula] 0 entity object(s) were destroyed without a despawn; forgetting them
[nebula] 0 entity object(s) were destroyed without a despawn; forgetting them
[nebula] 0 entity object(s) were destroyed without a despawn; forgetting them
[nebula] 0 entity object(s) were destroyed without a despawn; forgetting them
[nebula] 0 entity object(s) were destroyed without a despawn; forgetting them
[nebula] 0 entity object(s) were destroyed without a despawn; forgetting them
[nebula] 0 entity object(s) were destroyed without a despawn; forgetting them
[nebula] 0 entity object(s) were destroyed without a despawn; forgetting them
[nebula] 0 entity object(s) were destroyed without a despawn; forgetting them
[nebula] 0 entity object(s) were destroyed without a despawn; forgetting them
[nebula] 0 entity object(s) were destroyed without a despawn; forgetting them
[nebula] 0 entity object(s) were destroyed without a despawn; forgetting them
[nebula] 0 entity object(s) were destroyed without a despawn; forgetting them
[nebula] 0 entity object(s) were destroyed without a despawn; forgetting them
[nebula] 0 entity object(s) were destroyed without a despawn; forgetting them
[nebula] 0 entity object(s) were destroyed without a despawn; forgetting them
[nebula] 0 entity object(s) were destroyed without a despawn; forgetting them
[nebula] 0 entity object(s) were destroyed without a despawn; forgetting them
[nebula] 0 entity object(s) were destroyed without a despawn; forgetting them
[nebula] 0 entity object(s) were destroyed without a despawn; forgetting them
[nebula] 0 entity object(s) were destroyed without a despawn; forgetting them
[nebula] 0 entity object(s) were destroyed without a despawn; forgetting them
[nebula] 0 entity object(s) were destroyed without a despawn; forgetting them
[nebula] 0 entity object(s) were destroyed without a despawn; forgetting them
[nebula] 0 entity object(s) were destroyed without a despawn; forgetting them
[nebula] 0 entity object(s) were destroyed without a despawn; forgetting them
[nebula] 0 entity object(s) were destroyed without a despawn; forgetting them
[nebula] local handover Player(Clone)#844424930131970(e2,rt_30786327674879,auth) rt_26388281163775 -> rt_30786327674879
[nebula] 0 entity object(s) were destroyed without a despawn; forgetting them
[nebula] 0 entity object(s) were destroyed without a despawn; forgetting them
[nebula] 0 entity object(s) were destroyed without a despawn; forgetting them
[nebula] 0 entity object(s) were destroyed without a despawn; forgetting them
[nebula] 0 entity object(s) were destroyed without a despawn; forgetting them
[nebula] 0 entity object(s) were destroyed without a despawn; forgetting them
[nebula] 0 entity object(s) were destroyed without a despawn; forgetting them
[nebula] 0 entity object(s) were destroyed without a despawn; forgetting them
[nebula] 0 entity object(s) were destroyed without a despawn; forgetting them
[nebula] 0 entity object(s) were destroyed without a despawn; forgetting them
[nebula] origin shifted to cell (5, 0, -1) (delta (-320.00, 0.00, 64.00))
[nebula] 0 entity object(s) were destroyed without a despawn; forgetting them
[nebula] 0 entity object(s) were destroyed without a despawn; forgetting them
[nebula] 0 entity object(s) were destroyed without a despawn; forgetting them
[nebula] 0 entity object(s) were destroyed without a despawn; forgetting them
[nebula] 0 entity object(s) were destroyed without a despawn; forgetting them
[nebula] 0 entity object(s) were destroyed without a despawn; forgetting them
[nebula] 0 entity object(s) were destroyed without a despawn; forgetting them
[nebula] 0 entity object(s) were destroyed without a despawn; forgetting them
[nebula] 0 entity object(s) were destroyed without a despawn; forgetting them
[nebula] 0 entity object(s) were destroyed without a despawn; forgetting them
[nebula] 0 entity object(s) were destroyed without a despawn; forgetting them
[nebula] 0 entity object(s) were destroyed without a despawn; forgetting them
[nebula] 0 entity object(s) were destroyed without a despawn; forgetting them
[nebula] 0 entity object(s) were destroyed without a despawn; forgetting them
[nebula] 0 entity object(s) were destroyed without a despawn; forgetting them
[nebula] 0 entity object(s) were destroyed without a despawn; forgetting them
[nebula] 0 entity object(s) were destroyed without a despawn; forgetting them
[nebula] 0 entity object(s) were destroyed without a despawn; forgetting them
[nebula] 0 entity object(s) were destroyed without a despawn; forgetting them
[nebula] 0 entity object(s) were destroyed without a despawn; forgetting them
[nebula] 0 entity object(s) were destroyed without a despawn; forgetting them
[nebula] 0 entity object(s) were destroyed without a despawn; forgetting them
[nebula] 0 entity object(s) were destroyed without a despawn; forgetting them
[nebula] 0 entity object(s) were destroyed without a despawn; forgetting them
[nebula] 0 entity object(s) were destroyed without a despawn; forgetting them
[nebula] 0 entity object(s) were destroyed without a despawn; forgetting them
[nebula] 0 entity object(s) were destroyed without a despawn; forgetting them
[nebula] 0 entity object(s) were destroyed without a despawn; forgetting them
[nebula] 0 entity object(s) were destroyed without a despawn; forgetting them
[nebula] 0 entity object(s) were destroyed without a despawn; forgetting them
[nebula] 0 entity object(s) were destroyed without a despawn; forgetting them
[nebula] 0 entity object(s) were destroyed without a despawn; forgetting them
[nebula] 0 entity object(s) were destroyed without a despawn; forgetting them
[nebula] 0 entity object(s) were destroyed without a despawn; forgetting them
[nebula] 0 entity object(s) were destroyed without a despawn; forgetting them
[nebula] 0 entity object(s) were destroyed without a despawn; forgetting them
[nebula] 0 entity object(s) were destroyed without a despawn; forgetting them
[nebula] 0 entity object(s) were destroyed without a despawn; forgetting them
[nebula] 0 entity object(s) were destroyed without a despawn; forgetting them
[nebula] 0 entity object(s) were destroyed without a despawn; forgetting them
[nebula] 0 entity object(s) were destroyed without a despawn; forgetting them
[nebula] 0 entity object(s) were destroyed without a despawn; forgetting them
[nebula] 0 entity object(s) were destroyed without a despawn; forgetting them
[nebula] 0 entity object(s) were destroyed without a despawn; forgetting them
[nebula] 0 entity object(s) were destroyed without a despawn; forgetting them
[nebula] 0 entity object(s) were destroyed without a despawn; forgetting them
[nebula] profile 300 ticks/5s 300 frames avg 0.5ms max 0.9ms dup 0 skip 0 gc 38 auth 18 ghosts 0 | poll=0.01 ghosts=0.00 physics.sync=0.00 simulate=0.01 poses=0.03 containers=0.30 band=0.02 publish=0.01 gap=16.18 interest=0.01
[nebula] 0 entity object(s) were destroyed without a despawn; forgetting them
[nebula] 0 entity object(s) were destroyed without a despawn; forgetting them
[nebula] 0 entity object(s) were destroyed without a despawn; forgetting them
[nebula] 0 entity object(s) were destroyed without a despawn; forgetting them
[nebula] 0 entity object(s) were destroyed without a despawn; forgetting them
[nebula] 0 entity object(s) were destroyed without a despawn; forgetting them
[nebula] 0 entity object(s) were destroyed without a despawn; forgetting them
[nebula] 0 entity object(s) were destroyed without a despawn; forgetting them
[nebula] 0 entity object(s) were destroyed without a despawn; forgetting them
[nebula] 0 entity object(s) were destroyed without a despawn; forgetting them
[nebula] 0 entity object(s) were destroyed without a despawn; forgetting them
[nebula] 0 entity object(s) were destroyed without a despawn; forgetting them
[nebula] 0 entity object(s) were destroyed without a despawn; forgetting them
[nebula] 0 entity object(s) were destroyed without a despawn; forgetting them
[nebula] 0 entity object(s) were destroyed without a despawn; forgetting them
[nebula] 0 entity object(s) were destroyed without a despawn; forgetting them
[nebula] 0 entity object(s) were destroyed without a despawn; forgetting them
[nebula] 0 entity object(s) were destroyed without a despawn; forgetting them
[nebula] 0 entity object(s) were destroyed without a despawn; forgetting them
[nebula] 0 entity object(s) were destroyed without a despawn; forgetting them
[nebula] 0 entity object(s) were destroyed without a despawn; forgetting them
[nebula] 0 entity object(s) were destroyed without a despawn; forgetting them
[nebula] 0 entity object(s) were destroyed without a despawn; forgetting them
[nebula] 0 entity object(s) were destroyed without a despawn; forgetting them
[nebula] 0 entity object(s) were destroyed without a despawn; forgetting them
[nebula] 0 entity object(s) were destroyed without a despawn; forgetting them
[nebula] 0 entity object(s) were destroyed without a despawn; forgetting them
[nebula] 0 entity object(s) were destroyed without a despawn; forgetting them
[nebula] spawned Prop(Clone)#281474976710682(e1,rt_30786327674879,auth)
[nebula] 0 entity object(s) were destroyed without a despawn; forgetting them
[nebula] 0 entity object(s) were destroyed without a despawn; forgetting them
[nebula] 0 entity object(s) were destroyed without a despawn; forgetting them
[nebula] 0 entity object(s) were destroyed without a despawn; forgetting them
[nebula] 0 entity object(s) were destroyed without a despawn; forgetting them
[nebula] 0 entity object(s) were destroyed without a despawn; forgetting them
[nebula] 0 entity object(s) were destroyed without a despawn; forgetting them
[nebula] 0 entity object(s) were destroyed without a despawn; forgetting them
[nebula] 0 entity object(s) were destroyed without a despawn; forgetting them
[nebula] 0 entity object(s) were destroyed without a despawn; forgetting them
[nebula] 0 entity object(s) were destroyed without a despawn; forgetting them
[nebula] 0 entity object(s) were destroyed without a despawn; forgetting them
[nebula] 0 entity object(s) were destroyed without a despawn; forgetting them
[nebula] 0 entity object(s) were destroyed without a despawn; forgetting them
[nebula] 0 entity object(s) were destroyed without a despawn; forgetting them
[nebula] 0 entity object(s) were destroyed without a despawn; forgetting them
[nebula] 0 entity object(s) were destroyed without a despawn; forgetting them
[nebula] 0 entity object(s) were destroyed without a despawn; forgetting them
[nebula] 0 entity object(s) were destroyed without a despawn; forgetting them
[nebula] 0 entity object(s) were destroyed without a despawn; forgetting them
[nebula] 0 entity object(s) were destroyed without a despawn; forgetting them
[nebula] 0 entity object(s) were destroyed without a despawn; forgetting them
[nebula] 0 entity object(s) were destroyed without a despawn; forgetting them
[nebula] 0 entity object(s) were destroyed without a despawn; forgetting them
[nebula] 0 entity object(s) were destroyed without a despawn; forgetting them
[nebula] 0 entity object(s) were destroyed without a despawn; forgetting them
[nebula] 0 entity object(s) were destroyed without a despawn; forgetting them
[nebula] 0 entity object(s) were destroyed without a despawn; forgetting them
[nebula] 0 entity object(s) were destroyed without a despawn; forgetting them
[nebula] 0 entity object(s) were destroyed without a despawn; forgetting them
[nebula] 0 entity object(s) were destroyed without a despawn; forgetting them
[nebula] 0 entity object(s) were destroyed without a despawn; forgetting them
[nebula] 0 entity object(s) were destroyed without a despawn; forgetting them
[nebula] 0 entity object(s) were destroyed without a despawn; forgetting them
[nebula] 0 entity object(s) were destroyed without a despawn; forgetting them
[nebula] 0 entity object(s) were destroyed without a despawn; forgetting them
[nebula] 0 entity object(s) were destroyed without a despawn; forgetting them
[nebula] 0 entity object(s) were destroyed without a despawn; forgetting them
[nebula] 0 entity object(s) were destroyed without a despawn; forgetting them
[nebula] 0 entity object(s) were destroyed without a despawn; forgetting them
[nebula] 0 entity object(s) were destroyed without a despawn; forgetting them
[nebula] 0 entity object(s) were destroyed without a despawn; forgetting them
[nebula] 0 entity object(s) were destroyed without a despawn; forgetting them
[nebula] 0 entity object(s) were destroyed without a despawn; forgetting them
[nebula] 0 entity object(s) were destroyed without a despawn; forgetting them
[nebula] 0 entity object(s) were destroyed without a despawn; forgetting them
[nebula] 0 entity object(s) were destroyed without a despawn; forgetting them
[nebula] 0 entity object(s) were destroyed without a despawn; forgetting them
[nebula] 0 entity object(s) were destroyed without a despawn; forgetting them
[nebula] 0 entity object(s) were destroyed without a despawn; forgetting them
[nebula] 0 entity object(s) were destroyed without a despawn; forgetting them
[nebula] 0 entity object(s) were destroyed without a despawn; forgetting them
[nebula] 0 entity object(s) were destroyed without a despawn; forgetting them
[nebula] 0 entity object(s) were destroyed without a despawn; forgetting them
[nebula] 0 entity object(s) were destroyed without a despawn; forgetting them
[nebula] 0 entity object(s) were destroyed without a despawn; forgetting them
[nebula] 0 entity object(s) were destroyed without a despawn; forgetting them
[nebula] 0 entity object(s) were destroyed without a despawn; forgetting them
[nebula] 0 entity object(s) were destroyed without a despawn; forgetting them
[nebula] 0 entity object(s) were destroyed without a despawn; forgetting them
[nebula] 0 entity object(s) were destroyed without a despawn; forgetting them
[nebula] 0 entity object(s) were destroyed without a despawn; forgetting them
[nebula] 0 entity object(s) were destroyed without a despawn; forgetting them
[nebula] 0 entity object(s) were destroyed without a despawn; forgetting them
[nebula] 0 entity object(s) were destroyed without a despawn; forgetting them
[nebula] 0 entity object(s) were destroyed without a despawn; forgetting them
[nebula] 0 entity object(s) were destroyed without a despawn; forgetting them
[nebula] 0 entity object(s) were destroyed without a despawn; forgetting them
[nebula] 0 entity object(s) were destroyed without a despawn; forgetting them
[nebula] 0 entity object(s) were destroyed without a despawn; forgetting them
[nebula] 0 entity object(s) were destroyed without a despawn; forgetting them
[nebula] 0 entity object(s) were destroyed without a despawn; forgetting them
[nebula] 0 entity object(s) were destroyed without a despawn; forgetting them
[nebula] 0 entity object(s) were destroyed without a despawn; forgetting them
[nebula] 0 entity object(s) were destroyed without a despawn; forgetting them
[nebula] 0 entity object(s) were destroyed without a despawn; forgetting them
[nebula] 0 entity object(s) were destroyed without a despawn; forgetting them
[nebula] 0 entity object(s) were destroyed without a despawn; forgetting them
[nebula] 0 entity object(s) were destroyed without a despawn; forgetting them
[nebula] 0 entity object(s) were destroyed without a despawn; forgetting them
[nebula] 0 entity object(s) were destroyed without a despawn; forgetting them
[nebula] 0 entity object(s) were destroyed without a despawn; forgetting them
[nebula] 0 entity object(s) were destroyed without a despawn; forgetting them
[nebula] 0 entity object(s) were destroyed without a despawn; forgetting them
[nebula] 0 entity object(s) were destroyed without a despawn; forgetting them
[nebula] 0 entity object(s) were destroyed without a despawn; forgetting them
[nebula] 0 entity object(s) were destroyed without a despawn; forgetting them
[nebula] 0 entity object(s) were destroyed without a despawn; forgetting them
[nebula] 0 entity object(s) were destroyed without a despawn; forgetting them
[nebula] 0 entity object(s) were destroyed without a despawn; forgetting them
[nebula] 0 entity object(s) were destroyed without a despawn; forgetting them
[nebula] 0 entity object(s) were destroyed without a despawn; forgetting them
[nebula] 0 entity object(s) were destroyed without a despawn; forgetting them
[nebula] 0 entity object(s) were destroyed without a despawn; forgetting them
[nebula] 0 entity object(s) were destroyed without a despawn; forgetting them
[nebula] 0 entity object(s) were destroyed without a despawn; forgetting them
[nebula] 0 entity object(s) were destroyed without a despawn; forgetting them
[nebula] 0 entity object(s) were destroyed without a despawn; forgetting them
[nebula] 0 entity object(s) were destroyed without a despawn; forgetting them
[nebula] 0 entity object(s) were destroyed without a despawn; forgetting them
[nebula] 0 entity object(s) were destroyed without a despawn; forgetting them
[nebula] 0 entity object(s) were destroyed without a despawn; forgetting them
[nebula] 0 entity object(s) were destroyed without a despawn; forgetting them
[nebula] 0 entity object(s) were destroyed without a despawn; forgetting them
[nebula] 0 entity object(s) were destroyed without a despawn; forgetting them
[nebula] 0 entity object(s) were destroyed without a despawn; forgetting them
[nebula] 0 entity object(s) were destroyed without a despawn; forgetting them
[nebula] 0 entity object(s) were destroyed without a despawn; forgetting them
[nebula] 0 entity object(s) were destroyed without a despawn; forgetting them
[nebula] 0 entity object(s) were destroyed without a despawn; forgetting them
[nebula] 0 entity object(s) were destroyed without a despawn; forgetting them
[nebula] 0 entity object(s) were destroyed without a despawn; forgetting them
[nebula] 0 entity object(s) were destroyed without a despawn; forgetting them
[nebula] 0 entity object(s) were destroyed without a despawn; forgetting them
[nebula] 0 entity object(s) were destroyed without a despawn; forgetting them
[nebula] 0 entity object(s) were destroyed without a despawn; forgetting them
[nebula] 0 entity object(s) were destroyed without a despawn; forgetting them
[nebula] 0 entity object(s) were destroyed without a despawn; forgetting them
[nebula] 0 entity object(s) were destroyed without a despawn; forgetting them
[nebula] 0 entity object(s) were destroyed without a despawn; forgetting them
[nebula] 0 entity object(s) were destroyed without a despawn; forgetting them
[nebula] 0 entity object(s) were destroyed without a despawn; forgetting them
[nebula] 0 entity object(s) were destroyed without a despawn; forgetting them
[nebula] 0 entity object(s) were destroyed without a despawn; forgetting them
[nebula] 0 entity object(s) were destroyed without a despawn; forgetting them
[nebula] 0 entity object(s) were destroyed without a despawn; forgetting them
[nebula] 0 entity object(s) were destroyed without a despawn; forgetting them
[nebula] 0 entity object(s) were destroyed without a despawn; forgetting them
[nebula] 0 entity object(s) were destroyed without a despawn; forgetting them
[nebula] 0 entity object(s) were destroyed without a despawn; forgetting them
[nebula] 0 entity object(s) were destroyed without a despawn; forgetting them
[nebula] 0 entity object(s) were destroyed without a despawn; forgetting them
[nebula] 0 entity object(s) were destroyed without a despawn; forgetting them
[nebula] 0 entity object(s) were destroyed without a despawn; forgetting them
[nebula] 0 entity object(s) were destroyed without a despawn; forgetting them
[nebula] 0 entity object(s) were destroyed without a despawn; forgetting them
[nebula] 0 entity object(s) were destroyed without a despawn; forgetting them
[nebula] 0 entity object(s) were destroyed without a despawn; forgetting them
[nebula] 0 entity object(s) were destroyed without a despawn; forgetting them
[nebula] 0 entity object(s) were destroyed without a despawn; forgetting them
[nebula] 0 entity object(s) were destroyed without a despawn; forgetting them
[nebula] 0 entity object(s) were destroyed without a despawn; forgetting them
[nebula] 0 entity object(s) were destroyed without a despawn; forgetting them
[nebula] 0 entity object(s) were destroyed without a despawn; forgetting them
[nebula] 0 entity object(s) were destroyed without a despawn; forgetting them
[nebula] 0 entity object(s) were destroyed without a despawn; forgetting them
[nebula] 0 entity object(s) were destroyed without a despawn; forgetting them
[nebula] 0 entity object(s) were destroyed without a despawn; forgetting them
[nebula] 0 entity object(s) were destroyed without a despawn; forgetting them
[nebula] 0 entity object(s) were destroyed without a despawn; forgetting them
[nebula] 0 entity object(s) were destroyed without a despawn; forgetting them
[nebula] 0 entity object(s) were destroyed without a despawn; forgetting them
[nebula] 0 entity object(s) were destroyed without a despawn; forgetting them
[nebula] 0 entity object(s) were destroyed without a despawn; forgetting them
[nebula] 0 entity object(s) were destroyed without a despawn; forgetting them
[nebula] 0 entity object(s) were destroyed without a despawn; forgetting them
[nebula] 0 entity object(s) were destroyed without a despawn; forgetting them
[nebula] 0 entity object(s) were destroyed without a despawn; forgetting them
[nebula] 0 entity object(s) were destroyed without a despawn; forgetting them
[nebula] 0 entity object(s) were destroyed without a despawn; forgetting them
[nebula] 0 entity object(s) were destroyed without a despawn; forgetting them
[nebula] 0 entity object(s) were destroyed without a despawn; forgetting them
[nebula] 0 entity object(s) were destroyed without a despawn; forgetting them
[nebula] 0 entity object(s) were destroyed without a despawn; forgetting them
[nebula] 0 entity object(s) were destroyed without a despawn; forgetting them
[nebula] 0 entity object(s) were destroyed without a despawn; forgetting them
[nebula] 0 entity object(s) were destroyed without a despawn; forgetting them
[nebula] 0 entity object(s) were destroyed without a despawn; forgetting them
[nebula] 0 entity object(s) were destroyed without a despawn; forgetting them
[nebula] 0 entity object(s) were destroyed without a despawn; forgetting them
[nebula] 0 entity object(s) were destroyed without a despawn; forgetting them
[nebula] 0 entity object(s) were destroyed without a despawn; forgetting them
[nebula] 0 entity object(s) were destroyed without a despawn; forgetting them
[nebula] 0 entity object(s) were destroyed without a despawn; forgetting them
[nebula] 0 entity object(s) were destroyed without a despawn; forgetting them
[nebula] 0 entity object(s) were destroyed without a despawn; forgetting them
[nebula] 0 entity object(s) were destroyed without a despawn; forgetting them
[nebula] 0 entity object(s) were destroyed without a despawn; forgetting them
[nebula] 0 entity object(s) were destroyed without a despawn; forgetting them
[nebula] 0 entity object(s) were destroyed without a despawn; forgetting them
[nebula] spawned Prop(Clone)#281474976710683(e1,rt_30786327674879,auth)
[nebula] 0 entity object(s) were destroyed without a despawn; forgetting them
[nebula] 0 entity object(s) were destroyed without a despawn; forgetting them
[nebula] 0 entity object(s) were destroyed without a despawn; forgetting them
[nebula] 0 entity object(s) were destroyed without a despawn; forgetting them
[nebula] 0 entity object(s) were destroyed without a despawn; forgetting them
[nebula] 0 entity object(s) were destroyed without a despawn; forgetting them
[nebula] 0 entity object(s) were destroyed without a despawn; forgetting them
[nebula] 0 entity object(s) were destroyed without a despawn; forgetting them
[nebula] 0 entity object(s) were destroyed without a despawn; forgetting them
[nebula] 0 entity object(s) were destroyed without a despawn; forgetting them
[nebula] 0 entity object(s) were destroyed without a despawn; forgetting them
[nebula] 0 entity object(s) were destroyed without a despawn; forgetting them
[nebula] 0 entity object(s) were destroyed without a despawn; forgetting them
[nebula] 0 entity object(s) were destroyed without a despawn; forgetting them
[nebula] 0 entity object(s) were destroyed without a despawn; forgetting them
[nebula] 0 entity object(s) were destroyed without a despawn; forgetting them
[nebula] 0 entity object(s) were destroyed without a despawn; forgetting them
[nebula] 0 entity object(s) were destroyed without a despawn; forgetting them
[nebula] 0 entity object(s) were destroyed without a despawn; forgetting them
[nebula] 0 entity object(s) were destroyed without a despawn; forgetting them
[nebula] 0 entity object(s) were destroyed without a despawn; forgetting them
[nebula] 0 entity object(s) were destroyed without a despawn; forgetting them
[nebula] 0 entity object(s) were destroyed without a despawn; forgetting them
[nebula] 0 entity object(s) were destroyed without a despawn; forgetting them
[nebula] 0 entity object(s) were destroyed without a despawn; forgetting them
[nebula] 0 entity object(s) were destroyed without a despawn; forgetting them
[nebula] 0 entity object(s) were destroyed without a despawn; forgetting them
[nebula] 0 entity object(s) were destroyed without a despawn; forgetting them
[nebula] 0 entity object(s) were destroyed without a despawn; forgetting them
[nebula] 0 entity object(s) were destroyed without a despawn; forgetting them
[nebula] 0 entity object(s) were destroyed without a despawn; forgetting them
[nebula] 0 entity object(s) were destroyed without a despawn; forgetting them
[nebula] 0 entity object(s) were destroyed without a despawn; forgetting them
[nebula] 0 entity object(s) were destroyed without a despawn; forgetting them
[nebula] 0 entity object(s) were destroyed without a despawn; forgetting them
[nebula] 0 entity object(s) were destroyed without a despawn; forgetting them
[nebula] 0 entity object(s) were destroyed without a despawn; forgetting them
[nebula] 0 entity object(s) were destroyed without a despawn; forgetting them
[nebula] 0 entity object(s) were destroyed without a despawn; forgetting them
[nebula] 0 entity object(s) were destroyed without a despawn; forgetting them
[nebula] 0 entity object(s) were destroyed without a despawn; forgetting them
[nebula] 0 entity object(s) were destroyed without a despawn; forgetting them
[nebula] 0 entity object(s) were destroyed without a despawn; forgetting them
[nebula] 0 entity object(s) were destroyed without a despawn; forgetting them
[nebula] 0 entity object(s) were destroyed without a despawn; forgetting them
[nebula] 0 entity object(s) were destroyed without a despawn; forgetting them
[nebula] 0 entity object(s) were destroyed without a despawn; forgetting them
[nebula] 0 entity object(s) were destroyed without a despawn; forgetting them
[nebula] 0 entity object(s) were destroyed without a despawn; forgetting them
[nebula] 0 entity object(s) were destroyed without a despawn; forgetting them
[nebula] 0 entity object(s) were destroyed without a despawn; forgetting them
[nebula] 0 entity object(s) were destroyed without a despawn; forgetting them
[nebula] 0 entity object(s) were destroyed without a despawn; forgetting them
[nebula] 0 entity object(s) were destroyed without a despawn; forgetting them
[nebula] 0 entity object(s) were destroyed without a despawn; forgetting them
[nebula] 0 entity object(s) were destroyed without a despawn; forgetting them
[nebula] 0 entity object(s) were destroyed without a despawn; forgetting them
[nebula] 0 entity object(s) were destroyed without a despawn; forgetting them
[nebula] 0 entity object(s) were destroyed without a despawn; forgetting them
[nebula] 0 entity object(s) were destroyed without a despawn; forgetting them
[nebula] 0 entity object(s) were destroyed without a despawn; forgetting them
[nebula] 0 entity object(s) were destroyed without a despawn; forgetting them
[nebula] 0 entity object(s) were destroyed without a despawn; forgetting them
[nebula] 0 entity object(s) were destroyed without a despawn; forgetting them
[nebula] 0 entity object(s) were destroyed without a despawn; forgetting them
[nebula] 0 entity object(s) were destroyed without a despawn; forgetting them
[nebula] 0 entity object(s) were destroyed without a despawn; forgetting them
[nebula] 0 entity object(s) were destroyed without a despawn; forgetting them
[nebula] 0 entity object(s) were destroyed without a despawn; forgetting them
[nebula] 0 entity object(s) were destroyed without a despawn; forgetting them
[nebula] 0 entity object(s) were destroyed without a despawn; forgetting them
[nebula] 0 entity object(s) were destroyed without a despawn; forgetting them
[nebula] 0 entity object(s) were destroyed without a despawn; forgetting them
[nebula] 0 entity object(s) were destroyed without a despawn; forgetting them
[nebula] 0 entity object(s) were destroyed without a despawn; forgetting them
[nebula] 0 entity object(s) were destroyed without a despawn; forgetting them
[nebula] 0 entity object(s) were destroyed without a despawn; forgetting them
[nebula] 0 entity object(s) were destroyed without a despawn; forgetting them
[nebula] 0 entity object(s) were destroyed without a despawn; forgetting them
[nebula] 0 entity object(s) were destroyed without a despawn; forgetting them
[nebula] 0 entity object(s) were destroyed without a despawn; forgetting them
[nebula] 0 entity object(s) were destroyed without a despawn; forgetting them
[nebula] 0 entity object(s) were destroyed without a despawn; forgetting them
[nebula] 0 entity object(s) were destroyed without a despawn; forgetting them
[nebula] 0 entity object(s) were destroyed without a despawn; forgetting them
[nebula] 0 entity object(s) were destroyed without a despawn; forgetting them
[nebula] 0 entity object(s) were destroyed without a despawn; forgetting them
[nebula] 0 entity object(s) were destroyed without a despawn; forgetting them
[nebula] 0 entity object(s) were destroyed without a despawn; forgetting them
[nebula] 0 entity object(s) were destroyed without a despawn; forgetting them
[nebula] 0 entity object(s) were destroyed without a despawn; forgetting them
[nebula] 0 entity object(s) were destroyed without a despawn; forgetting them
[nebula] profile 300 ticks/5s 300 frames avg 0.6ms max 1.0ms dup 0 skip 0 gc 36 auth 20 ghosts 0 | poll=0.01 ghosts=0.00 physics.sync=0.00 simulate=0.01 poses=0.03 containers=0.40 band=0.02 publish=0.01 gap=16.07 interest=0.01
[nebula] 0 entity object(s) were destroyed without a despawn; forgetting them
[nebula] 0 entity object(s) were destroyed without a despawn; forgetting them
[nebula] 0 entity object(s) were destroyed without a despawn; forgetting them
[nebula] 0 entity object(s) were destroyed without a despawn; forgetting them
[nebula] 0 entity object(s) were destroyed without a despawn; forgetting them
[nebula] 0 entity object(s) were destroyed without a despawn; forgetting them
[nebula] 0 entity object(s) were destroyed without a despawn; forgetting them
[nebula] 0 entity object(s) were destroyed without a despawn; forgetting them
[nebula] 0 entity object(s) were destroyed without a despawn; forgetting them
[nebula] 0 entity object(s) were destroyed without a despawn; forgetting them
[nebula] 0 entity object(s) were destroyed without a despawn; forgetting them
[nebula] 0 entity object(s) were destroyed without a despawn; forgetting them
[nebula] 0 entity object(s) were destroyed without a despawn; forgetting them
[nebula] 0 entity object(s) were destroyed without a despawn; forgetting them
[nebula] 0 entity object(s) were destroyed without a despawn; forgetting them
[nebula] 0 entity object(s) were destroyed without a despawn; forgetting them
[nebula] 0 entity object(s) were destroyed without a despawn; forgetting them
[nebula] 0 entity object(s) were destroyed without a despawn; forgetting them
[nebula] 0 entity object(s) were destroyed without a despawn; forgetting them
[nebula] 0 entity object(s) were destroyed without a despawn; forgetting them
[nebula] 0 entity object(s) were destroyed without a despawn; forgetting them
[nebula] 0 entity object(s) were destroyed without a despawn; forgetting them
[nebula] 0 entity object(s) were destroyed without a despawn; forgetting them
[nebula] 0 entity object(s) were destroyed without a despawn; forgetting them
[nebula] 0 entity object(s) were destroyed without a despawn; forgetting them
[nebula] 0 entity object(s) were destroyed without a despawn; forgetting them
[nebula] 0 entity object(s) were destroyed without a despawn; forgetting them
[nebula] 0 entity object(s) were destroyed without a despawn; forgetting them
[nebula] 0 entity object(s) were destroyed without a despawn; forgetting them
[nebula] 0 entity object(s) were destroyed without a despawn; forgetting them
[nebula] 0 entity object(s) were destroyed without a despawn; forgetting them
[nebula] 0 entity object(s) were destroyed without a despawn; forgetting them
[nebula] 0 entity object(s) were destroyed without a despawn; forgetting them
[nebula] 0 entity object(s) were destroyed without a despawn; forgetting them
[nebula] 0 entity object(s) were destroyed without a despawn; forgetting them
[nebula] 0 entity object(s) were destroyed without a despawn; forgetting them
[nebula] 0 entity object(s) were destroyed without a despawn; forgetting them
[nebula] 0 entity object(s) were destroyed without a despawn; forgetting them
[nebula] 0 entity object(s) were destroyed without a despawn; forgetting them
[nebula] 0 entity object(s) were destroyed without a despawn; forgetting them
[nebula] 0 entity object(s) were destroyed without a despawn; forgetting them
[nebula] 0 entity object(s) were destroyed without a despawn; forgetting them
[nebula] 0 entity object(s) were destroyed without a despawn; forgetting them
[nebula] 0 entity object(s) were destroyed without a despawn; forgetting them
[nebula] 0 entity object(s) were destroyed without a despawn; forgetting them
[nebula] 0 entity object(s) were destroyed without a despawn; forgetting them
[nebula] 0 entity object(s) were destroyed without a despawn; forgetting them
[nebula] 0 entity object(s) were destroyed without a despawn; forgetting them
[nebula] 0 entity object(s) were destroyed without a despawn; forgetting them
[nebula] 0 entity object(s) were destroyed without a despawn; forgetting them
[nebula] 0 entity object(s) were destroyed without a despawn; forgetting them
[nebula] 0 entity object(s) were destroyed without a despawn; forgetting them
[nebula] 0 entity object(s) were destroyed without a despawn; forgetting them
[nebula] 0 entity object(s) were destroyed without a despawn; forgetting them
[nebula] 0 entity object(s) were destroyed without a despawn; forgetting them
[nebula] 0 entity object(s) were destroyed without a despawn; forgetting them
[nebula] 0 entity object(s) were destroyed without a despawn; forgetting them
[nebula] 0 entity object(s) were destroyed without a despawn; forgetting them
[nebula] 0 entity object(s) were destroyed without a despawn; forgetting them
[nebula] 0 entity object(s) were destroyed without a despawn; forgetting them
[nebula] 0 entity object(s) were destroyed without a despawn; forgetting them
[nebula] 0 entity object(s) were destroyed without a despawn; forgetting them
[nebula] 0 entity object(s) were destroyed without a despawn; forgetting them
[nebula] 0 entity object(s) were destroyed without a despawn; forgetting them
[nebula] 0 entity object(s) were destroyed without a despawn; forgetting them
[nebula] 0 entity object(s) were destroyed without a despawn; forgetting them
[nebula] 0 entity object(s) were destroyed without a despawn; forgetting them
[nebula] 0 entity object(s) were destroyed without a despawn; forgetting them
[nebula] 0 entity object(s) were destroyed without a despawn; forgetting them
[nebula] 0 entity object(s) were destroyed without a despawn; forgetting them
[nebula] 0 entity object(s) were destroyed without a despawn; forgetting them
[nebula] 0 entity object(s) were destroyed without a despawn; forgetting them
[nebula] 0 entity object(s) were destroyed without a despawn; forgetting them
[nebula] 0 entity object(s) were destroyed without a despawn; forgetting them
[nebula] 0 entity object(s) were destroyed without a despawn; forgetting them
[nebula] 0 entity object(s) were destroyed without a despawn; forgetting them
[nebula] 0 entity object(s) were destroyed without a despawn; forgetting them
[nebula] 0 entity object(s) were destroyed without a despawn; forgetting them
[nebula] 0 entity object(s) were destroyed without a despawn; forgetting them
[nebula] 0 entity object(s) were destroyed without a despawn; forgetting them
[nebula] 0 entity object(s) were destroyed without a despawn; forgetting them
[nebula] 0 entity object(s) were destroyed without a despawn; forgetting them
[nebula] 0 entity object(s) were destroyed without a despawn; forgetting them
[nebula] 0 entity object(s) were destroyed without a despawn; forgetting them
[nebula] 0 entity object(s) were destroyed without a despawn; forgetting them
[nebula] 0 entity object(s) were destroyed without a despawn; forgetting them
[nebula] 0 entity object(s) were destroyed without a despawn; forgetting them
[nebula] 0 entity object(s) were destroyed without a despawn; forgetting them
[nebula] 0 entity object(s) were destroyed without a despawn; forgetting them
[nebula] spawned Prop(Clone)#281474976710684(e1,rt_30786327674879,auth)
[nebula] 0 entity object(s) were destroyed without a despawn; forgetting them
[nebula] 0 entity object(s) were destroyed without a despawn; forgetting them
[nebula] 0 entity object(s) were destroyed without a despawn; forgetting them
[nebula] 0 entity object(s) were destroyed without a despawn; forgetting them
[nebula] 0 entity object(s) were destroyed without a despawn; forgetting them
[nebula] 0 entity object(s) were destroyed without a despawn; forgetting them
[nebula] 0 entity object(s) were destroyed without a despawn; forgetting them
[nebula] 0 entity object(s) were destroyed without a despawn; forgetting them
[nebula] 0 entity object(s) were destroyed without a despawn; forgetting them
[nebula] 0 entity object(s) were destroyed without a despawn; forgetting them
[nebula] 0 entity object(s) were destroyed without a despawn; forgetting them
[nebula] 0 entity object(s) were destroyed without a despawn; forgetting them
[nebula] 0 entity object(s) were destroyed without a despawn; forgetting them
[nebula] 0 entity object(s) were destroyed without a despawn; forgetting them
[nebula] 0 entity object(s) were destroyed without a despawn; forgetting them
[nebula] 0 entity object(s) were destroyed without a despawn; forgetting them
[nebula] 0 entity object(s) were destroyed without a despawn; forgetting them
[nebula] 0 entity object(s) were destroyed without a despawn; forgetting them
[nebula] 0 entity object(s) were destroyed without a despawn; forgetting them
[nebula] 0 entity object(s) were destroyed without a despawn; forgetting them
[nebula] 0 entity object(s) were destroyed without a despawn; forgetting them
[nebula] 0 entity object(s) were destroyed without a despawn; forgetting them
[nebula] 0 entity object(s) were destroyed without a despawn; forgetting them
[nebula] 0 entity object(s) were destroyed without a despawn; forgetting them
[nebula] 0 entity object(s) were destroyed without a despawn; forgetting them
[nebula] 0 entity object(s) were destroyed without a despawn; forgetting them
[nebula] 0 entity object(s) were destroyed without a despawn; forgetting them
[nebula] 0 entity object(s) were destroyed without a despawn; forgetting them
[nebula] 0 entity object(s) were destroyed without a despawn; forgetting them
[nebula] 0 entity object(s) were destroyed without a despawn; forgetting them
[nebula] 0 entity object(s) were destroyed without a despawn; forgetting them
[nebula] 0 entity object(s) were destroyed without a despawn; forgetting them
[nebula] 0 entity object(s) were destroyed without a despawn; forgetting them
[nebula] 0 entity object(s) were destroyed without a despawn; forgetting them
[nebula] 0 entity object(s) were destroyed without a despawn; forgetting them
[nebula] 0 entity object(s) were destroyed without a despawn; forgetting them
[nebula] 0 entity object(s) were destroyed without a despawn; forgetting them
[nebula] 0 entity object(s) were destroyed without a despawn; forgetting them
[nebula] 0 entity object(s) were destroyed without a despawn; forgetting them
[nebula] 0 entity object(s) were destroyed without a despawn; forgetting them
[nebula] 0 entity object(s) were destroyed without a despawn; forgetting them
[nebula] 0 entity object(s) were destroyed without a despawn; forgetting them
[nebula] 0 entity object(s) were destroyed without a despawn; forgetting them
[nebula] 0 entity object(s) were destroyed without a despawn; forgetting them
[nebula] 0 entity object(s) were destroyed without a despawn; forgetting them
[nebula] 0 entity object(s) were destroyed without a despawn; forgetting them
[nebula] 0 entity object(s) were destroyed without a despawn; forgetting them
[nebula] 0 entity object(s) were destroyed without a despawn; forgetting them
[nebula] 0 entity object(s) were destroyed without a despawn; forgetting them
[nebula] 0 entity object(s) were destroyed without a despawn; forgetting them
[nebula] 0 entity object(s) were destroyed without a despawn; forgetting them
[nebula] 0 entity object(s) were destroyed without a despawn; forgetting them
[nebula] 0 entity object(s) were destroyed without a despawn; forgetting them
[nebula] 0 entity object(s) were destroyed without a despawn; forgetting them
[nebula] 0 entity object(s) were destroyed without a despawn; forgetting them
[nebula] 0 entity object(s) were destroyed without a despawn; forgetting them
[nebula] 0 entity object(s) were destroyed without a despawn; forgetting them
[nebula] 0 entity object(s) were destroyed without a despawn; forgetting them
[nebula] 0 entity object(s) were destroyed without a despawn; forgetting them
[nebula] 0 entity object(s) were destroyed without a despawn; forgetting them
[nebula] 0 entity object(s) were destroyed without a despawn; forgetting them
[nebula] 0 entity object(s) were destroyed without a despawn; forgetting them
[nebula] 0 entity object(s) were destroyed without a despawn; forgetting them
[nebula] 0 entity object(s) were destroyed without a despawn; forgetting them
[nebula] 0 entity object(s) were destroyed without a despawn; forgetting them
[nebula] 0 entity object(s) were destroyed without a despawn; forgetting them
[nebula] 0 entity object(s) were destroyed without a despawn; forgetting them
[nebula] 0 entity object(s) were destroyed without a despawn; forgetting them
[nebula] 0 entity object(s) were destroyed without a despawn; forgetting them
[nebula] 0 entity object(s) were destroyed without a despawn; forgetting them
[nebula] 0 entity object(s) were destroyed without a despawn; forgetting them
[nebula] 0 entity object(s) were destroyed without a despawn; forgetting them
[nebula] 0 entity object(s) were destroyed without a despawn; forgetting them
[nebula] 0 entity object(s) were destroyed without a despawn; forgetting them
[nebula] 0 entity object(s) were destroyed without a despawn; forgetting them
[nebula] 0 entity object(s) were destroyed without a despawn; forgetting them
[nebula] 0 entity object(s) were destroyed without a despawn; forgetting them
[nebula] 0 entity object(s) were destroyed without a despawn; forgetting them
[nebula] 0 entity object(s) were destroyed without a despawn; forgetting them
[nebula] 0 entity object(s) were destroyed without a despawn; forgetting them
[nebula] 0 entity object(s) were destroyed without a despawn; forgetting them
[nebula] 0 entity object(s) were destroyed without a despawn; forgetting them
[nebula] 0 entity object(s) were destroyed without a despawn; forgetting them
[nebula] 0 entity object(s) were destroyed without a despawn; forgetting them
[nebula] 0 entity object(s) were destroyed without a despawn; forgetting them
[nebula] 0 entity object(s) were destroyed without a despawn; forgetting them
[nebula] 0 entity object(s) were destroyed without a despawn; forgetting them
[nebula] 0 entity object(s) were destroyed without a despawn; forgetting them
[nebula] 0 entity object(s) were destroyed without a despawn; forgetting them
[nebula] 0 entity object(s) were destroyed without a despawn; forgetting them
[nebula] 0 entity object(s) were destroyed without a despawn; forgetting them
[nebula] 0 entity object(s) were destroyed without a despawn; forgetting them
[nebula] 0 entity object(s) were destroyed without a despawn; forgetting them
[nebula] 0 entity object(s) were destroyed without a despawn; forgetting them
[nebula] 0 entity object(s) were destroyed without a despawn; forgetting them
[nebula] 0 entity object(s) were destroyed without a despawn; forgetting them
[nebula] 0 entity object(s) were destroyed without a despawn; forgetting them
[nebula] 0 entity object(s) were destroyed without a despawn; forgetting them
[nebula] 0 entity object(s) were destroyed without a despawn; forgetting them
[nebula] 0 entity object(s) were destroyed without a despawn; forgetting them
[nebula] 0 entity object(s) were destroyed without a despawn; forgetting them
[nebula] 0 entity object(s) were destroyed without a despawn; forgetting them
[nebula] 0 entity object(s) were destroyed without a despawn; forgetting them
[nebula] 0 entity object(s) were destroyed without a despawn; forgetting them
[nebula] 0 entity object(s) were destroyed without a despawn; forgetting them
[nebula] 0 entity object(s) were destroyed without a despawn; forgetting them
[nebula] 0 entity object(s) were destroyed without a despawn; forgetting them
[nebula] 0 entity object(s) were destroyed without a despawn; forgetting them
[nebula] 0 entity object(s) were destroyed without a despawn; forgetting them
[nebula] 0 entity object(s) were destroyed without a despawn; forgetting them
[nebula] 0 entity object(s) were destroyed without a despawn; forgetting them
[nebula] 0 entity object(s) were destroyed without a despawn; forgetting them
[nebula] 0 entity object(s) were destroyed without a despawn; forgetting them
[nebula] 0 entity object(s) were destroyed without a despawn; forgetting them
[nebula] 0 entity object(s) were destroyed without a despawn; forgetting them
[nebula] 0 entity object(s) were destroyed without a despawn; forgetting them
[nebula] 0 entity object(s) were destroyed without a despawn; forgetting them
[nebula] 0 entity object(s) were destroyed without a despawn; forgetting them
[nebula] 0 entity object(s) were destroyed without a despawn; forgetting them
[nebula] 0 entity object(s) were destroyed without a despawn; forgetting them
[nebula] 0 entity object(s) were destroyed without a despawn; forgetting them
[nebula] 0 entity object(s) were destroyed without a despawn; forgetting them
[nebula] 0 entity object(s) were destroyed without a despawn; forgetting them
[nebula] 0 entity object(s) were destroyed without a despawn; forgetting them
[nebula] 0 entity object(s) were destroyed without a despawn; forgetting them
[nebula] 0 entity object(s) were destroyed without a despawn; forgetting them
[nebula] 0 entity object(s) were destroyed without a despawn; forgetting them
[nebula] 0 entity object(s) were destroyed without a despawn; forgetting them
[nebula] 0 entity object(s) were destroyed without a despawn; forgetting them
[nebula] 0 entity object(s) were destroyed without a despawn; forgetting them
[nebula] 0 entity object(s) were destroyed without a despawn; forgetting them
[nebula] 0 entity object(s) were destroyed without a despawn; forgetting them
[nebula] 0 entity object(s) were destroyed without a despawn; forgetting them
[nebula] 0 entity object(s) were destroyed without a despawn; forgetting them
[nebula] 0 entity object(s) were destroyed without a despawn; forgetting them
[nebula] 0 entity object(s) were destroyed without a despawn; forgetting them
[nebula] 0 entity object(s) were destroyed without a despawn; forgetting them
[nebula] 0 entity object(s) were destroyed without a despawn; forgetting them
[nebula] 0 entity object(s) were destroyed without a despawn; forgetting them
[nebula] 0 entity object(s) were destroyed without a despawn; forgetting them
[nebula] 0 entity object(s) were destroyed without a despawn; forgetting them
[nebula] 0 entity object(s) were destroyed without a despawn; forgetting them
[nebula] 0 entity object(s) were destroyed without a despawn; forgetting them
[nebula] 0 entity object(s) were destroyed without a despawn; forgetting them
[nebula] 0 entity object(s) were destroyed without a despawn; forgetting them
[nebula] 0 entity object(s) were destroyed without a despawn; forgetting them
[nebula] 0 entity object(s) were destroyed without a despawn; forgetting them
[nebula] 0 entity object(s) were destroyed without a despawn; forgetting them
[nebula] 0 entity object(s) were destroyed without a despawn; forgetting them
[nebula] 0 entity object(s) were destroyed without a despawn; forgetting them
[nebula] 0 entity object(s) were destroyed without a despawn; forgetting them
[nebula] 0 entity object(s) were destroyed without a despawn; forgetting them
[nebula] 0 entity object(s) were destroyed without a despawn; forgetting them
[nebula] 0 entity object(s) were destroyed without a despawn; forgetting them
[nebula] 0 entity object(s) were destroyed without a despawn; forgetting them
[nebula] 0 entity object(s) were destroyed without a despawn; forgetting them
[nebula] 0 entity object(s) were destroyed without a despawn; forgetting them
[nebula] 0 entity object(s) were destroyed without a despawn; forgetting them
[nebula] 0 entity object(s) were destroyed without a despawn; forgetting them
[nebula] 0 entity object(s) were destroyed without a despawn; forgetting them
[nebula] 0 entity object(s) were destroyed without a despawn; forgetting them
[nebula] 0 entity object(s) were destroyed without a despawn; forgetting them
[nebula] 0 entity object(s) were destroyed without a despawn; forgetting them
[nebula] 0 entity object(s) were destroyed without a despawn; forgetting them
[nebula] 0 entity object(s) were destroyed without a despawn; forgetting them
[nebula] 0 entity object(s) were destroyed without a despawn; forgetting them
[nebula] 0 entity object(s) were destroyed without a despawn; forgetting them
[nebula] 0 entity object(s) were destroyed without a despawn; forgetting them
[nebula] 0 entity object(s) were destroyed without a despawn; forgetting them
[nebula] 0 entity object(s) were destroyed without a despawn; forgetting them
[nebula] 0 entity object(s) were destroyed without a despawn; forgetting them
[nebula] 0 entity object(s) were destroyed without a despawn; forgetting them
[nebula] 0 entity object(s) were destroyed without a despawn; forgetting them
[nebula] 0 entity object(s) were destroyed without a despawn; forgetting them
[nebula] 0 entity object(s) were destroyed without a despawn; forgetting them
[nebula] 0 entity object(s) were destroyed without a despawn; forgetting them
[nebula] 0 entity object(s) were destroyed without a despawn; forgetting them
[nebula] 0 entity object(s) were destroyed without a despawn; forgetting them
[nebula] 0 entity object(s) were destroyed without a despawn; forgetting them
[nebula] 0 entity object(s) were destroyed without a despawn; forgetting them
[nebula] spawned Prop(Clone)#281474976710685(e1,rt_35184374185983,auth)
[nebula] 0 entity object(s) were destroyed without a despawn; forgetting them
[nebula] 0 entity object(s) were destroyed without a despawn; forgetting them
[nebula] 0 entity object(s) were destroyed without a despawn; forgetting them
[nebula] 0 entity object(s) were destroyed without a despawn; forgetting them
[nebula] 0 entity object(s) were destroyed without a despawn; forgetting them
[nebula] 0 entity object(s) were destroyed without a despawn; forgetting them
[nebula] 0 entity object(s) were destroyed without a despawn; forgetting them
[nebula] 0 entity object(s) were destroyed without a despawn; forgetting them
[nebula] 0 entity object(s) were destroyed without a despawn; forgetting them
[nebula] 0 entity object(s) were destroyed without a despawn; forgetting them
[nebula] 0 entity object(s) were destroyed without a despawn; forgetting them
[nebula] 0 entity object(s) were destroyed without a despawn; forgetting them
[nebula] 0 entity object(s) were destroyed without a despawn; forgetting them
[nebula] 0 entity object(s) were destroyed without a despawn; forgetting them
[nebula] 0 entity object(s) were destroyed without a despawn; forgetting them
[nebula] local handover Player(Clone)#844424930131970(e2,rt_35184374185983,auth) rt_30786327674879 -> rt_35184374185983
[nebula] 0 entity object(s) were destroyed without a despawn; forgetting them
[nebula] 0 entity object(s) were destroyed without a despawn; forgetting them
[nebula] 0 entity object(s) were destroyed without a despawn; forgetting them
[nebula] 0 entity object(s) were destroyed without a despawn; forgetting them
[nebula] 0 entity object(s) were destroyed without a despawn; forgetting them
[nebula] 0 entity object(s) were destroyed without a despawn; forgetting them
[nebula] 0 entity object(s) were destroyed without a despawn; forgetting them
[nebula] handover OUT Prop(Clone)#281474976710671(e2,rt_17592188141567,ghost) -> w3 (epoch 2, tick 1365041504)
[nebula] handover OUT Prop(Clone)#281474976710672(e2,rt_17592188141567,ghost) -> w3 (epoch 2, tick 1365041504)
[nebula] handover OUT Prop(Clone)#281474976710673(e2,rt_17592188141567,ghost) -> w3 (epoch 2, tick 1365041504)
[nebula] handover OUT Prop(Clone)#281474976710674(e2,rt_17592188141567,ghost) -> w3 (epoch 2, tick 1365041504)
[nebula] 0 entity object(s) were destroyed without a despawn; forgetting them
[nebula] 0 entity object(s) were destroyed without a despawn; forgetting them
[nebula] 0 entity object(s) were destroyed without a despawn; forgetting them
[nebula] 0 entity object(s) were destroyed without a despawn; forgetting them
[nebula] 0 entity object(s) were destroyed without a despawn; forgetting them
[nebula] 0 entity object(s) were destroyed without a despawn; forgetting them
[nebula] 0 entity object(s) were destroyed without a despawn; forgetting them
[nebula] 0 entity object(s) were destroyed without a despawn; forgetting them
[nebula] 0 entity object(s) were destroyed without a despawn; forgetting them
[nebula] profile 300 ticks/5s 300 frames avg 0.6ms max 1.2ms dup 0 skip 0 gc 26 auth 18 ghosts 4 | poll=0.01 ghosts=0.00 physics.sync=0.00 simulate=0.01 poses=0.03 containers=0.43 band=0.02 publish=0.02 gap=16.04 interest=0.01
[nebula] 0 entity object(s) were destroyed without a despawn; forgetting them
[nebula] 0 entity object(s) were destroyed without a despawn; forgetting them
[nebula] 0 entity object(s) were destroyed without a despawn; forgetting them
[nebula] 0 entity object(s) were destroyed without a despawn; forgetting them
[nebula] 0 entity object(s) were destroyed without a despawn; forgetting them
[nebula] 0 entity object(s) were destroyed without a despawn; forgetting them
[nebula] 0 entity object(s) were destroyed without a despawn; forgetting them
[nebula] 0 entity object(s) were destroyed without a despawn; forgetting them
[nebula] 0 entity object(s) were destroyed without a despawn; forgetting them
[nebula] 0 entity object(s) were destroyed without a despawn; forgetting them
[nebula] 0 entity object(s) were destroyed without a despawn; forgetting them
[nebula] 0 entity object(s) were destroyed without a despawn; forgetting them
[nebula] 0 entity object(s) were destroyed without a despawn; forgetting them
[nebula] 0 entity object(s) were destroyed without a despawn; forgetting them
[nebula] 0 entity object(s) were destroyed without a despawn; forgetting them
[nebula] 0 entity object(s) were destroyed without a despawn; forgetting them
[nebula] 0 entity object(s) were destroyed without a despawn; forgetting them
[nebula] 0 entity object(s) were destroyed without a despawn; forgetting them
[nebula] 0 entity object(s) were destroyed without a despawn; forgetting them
[nebula] 0 entity object(s) were destroyed without a despawn; forgetting them
[nebula] 0 entity object(s) were destroyed without a despawn; forgetting them
[nebula] 0 entity object(s) were destroyed without a despawn; forgetting them
[nebula] 0 entity object(s) were destroyed without a despawn; forgetting them
[nebula] 0 entity object(s) were destroyed without a despawn; forgetting them
[nebula] 0 entity object(s) were destroyed without a despawn; forgetting them
[nebula] 0 entity object(s) were destroyed without a despawn; forgetting them
[nebula] 0 entity object(s) were destroyed without a despawn; forgetting them
[nebula] 0 entity object(s) were destroyed without a despawn; forgetting them
[nebula] 0 entity object(s) were destroyed without a despawn; forgetting them
[nebula] 0 entity object(s) were destroyed without a despawn; forgetting them
[nebula] 0 entity object(s) were destroyed without a despawn; forgetting them
[nebula] 0 entity object(s) were destroyed without a despawn; forgetting them
[nebula] 0 entity object(s) were destroyed without a despawn; forgetting them
[nebula] 0 entity object(s) were destroyed without a despawn; forgetting them
[nebula] 0 entity object(s) were destroyed without a despawn; forgetting them
[nebula] 0 entity object(s) were destroyed without a despawn; forgetting them
[nebula] 0 entity object(s) were destroyed without a despawn; forgetting them
[nebula] 0 entity object(s) were destroyed without a despawn; forgetting them
[nebula] 0 entity object(s) were destroyed without a despawn; forgetting them
[nebula] 0 entity object(s) were destroyed without a despawn; forgetting them
[nebula] 0 entity object(s) were destroyed without a despawn; forgetting them
[nebula] 0 entity object(s) were destroyed without a despawn; forgetting them
[nebula] 0 entity object(s) were destroyed without a despawn; forgetting them
[nebula] 0 entity object(s) were destroyed without a despawn; forgetting them
[nebula] 0 entity object(s) were destroyed without a despawn; forgetting them
[nebula] 0 entity object(s) were destroyed without a despawn; forgetting them
[nebula] 0 entity object(s) were destroyed without a despawn; forgetting them
[nebula] 0 entity object(s) were destroyed without a despawn; forgetting them
[nebula] 0 entity object(s) were destroyed without a despawn; forgetting them
[nebula] 0 entity object(s) were destroyed without a despawn; forgetting them
[nebula] 0 entity object(s) were destroyed without a despawn; forgetting them
[nebula] 0 entity object(s) were destroyed without a despawn; forgetting them
[nebula] 0 entity object(s) were destroyed without a despawn; forgetting them
[nebula] 0 entity object(s) were destroyed without a despawn; forgetting them
[nebula] 0 entity object(s) were destroyed without a despawn; forgetting them
[nebula] 0 entity object(s) were destroyed without a despawn; forgetting them
[nebula] 0 entity object(s) were destroyed without a despawn; forgetting them
[nebula] 0 entity object(s) were destroyed without a despawn; forgetting them
[nebula] 0 entity object(s) were destroyed without a despawn; forgetting them
[nebula] 0 entity object(s) were destroyed without a despawn; forgetting them
[nebula] 0 entity object(s) were destroyed without a despawn; forgetting them
[nebula] 0 entity object(s) were destroyed without a despawn; forgetting them
[nebula] 0 entity object(s) were destroyed without a despawn; forgetting them
[nebula] 0 entity object(s) were destroyed without a despawn; forgetting them
[nebula] 0 entity object(s) were destroyed without a despawn; forgetting them
[nebula] 0 entity object(s) were destroyed without a despawn; forgetting them
[nebula] 0 entity object(s) were destroyed without a despawn; forgetting them
[nebula] 0 entity object(s) were destroyed without a despawn; forgetting them
[nebula] 0 entity object(s) were destroyed without a despawn; forgetting them
[nebula] 0 entity object(s) were destroyed without a despawn; forgetting them
[nebula] 0 entity object(s) were destroyed without a despawn; forgetting them
[nebula] 0 entity object(s) were destroyed without a despawn; forgetting them
[nebula] 0 entity object(s) were destroyed without a despawn; forgetting them
[nebula] 0 entity object(s) were destroyed without a despawn; forgetting them
[nebula] 0 entity object(s) were destroyed without a despawn; forgetting them
[nebula] 0 entity object(s) were destroyed without a despawn; forgetting them
[nebula] 0 entity object(s) were destroyed without a despawn; forgetting them
[nebula] 0 entity object(s) were destroyed without a despawn; forgetting them
[nebula] 0 entity object(s) were destroyed without a despawn; forgetting them
[nebula] 0 entity object(s) were destroyed without a despawn; forgetting them
[nebula] 0 entity object(s) were destroyed without a despawn; forgetting them
[nebula] 0 entity object(s) were destroyed without a despawn; forgetting them
[nebula] 0 entity object(s) were destroyed without a despawn; forgetting them
[nebula] 0 entity object(s) were destroyed without a despawn; forgetting them
[nebula] 0 entity object(s) were destroyed without a despawn; forgetting them
[nebula] 0 entity object(s) were destroyed without a despawn; forgetting them
[nebula] 0 entity object(s) were destroyed without a despawn; forgetting them
[nebula] 0 entity object(s) were destroyed without a despawn; forgetting them
[nebula] 0 entity object(s) were destroyed without a despawn; forgetting them
[nebula] 0 entity object(s) were destroyed without a despawn; forgetting them
[nebula] 0 entity object(s) were destroyed without a despawn; forgetting them
[nebula] 0 entity object(s) were destroyed without a despawn; forgetting them
[nebula] 0 entity object(s) were destroyed without a despawn; forgetting them
[nebula] 0 entity object(s) were destroyed without a despawn; forgetting them
[nebula] 0 entity object(s) were destroyed without a despawn; forgetting them
[nebula] 0 entity object(s) were destroyed without a despawn; forgetting them
[nebula] 0 entity object(s) were destroyed without a despawn; forgetting them
[nebula] 0 entity object(s) were destroyed without a despawn; forgetting them
[nebula] 0 entity object(s) were destroyed without a despawn; forgetting them
[nebula] 0 entity object(s) were destroyed without a despawn; forgetting them
[nebula] 0 entity object(s) were destroyed without a despawn; forgetting them
[nebula] 0 entity object(s) were destroyed without a despawn; forgetting them
[nebula] 0 entity object(s) were destroyed without a despawn; forgetting them
[nebula] 0 entity object(s) were destroyed without a despawn; forgetting them
[nebula] 0 entity object(s) were destroyed without a despawn; forgetting them
[nebula] 0 entity object(s) were destroyed without a despawn; forgetting them
[nebula] 0 entity object(s) were destroyed without a despawn; forgetting them
[nebula] 0 entity object(s) were destroyed without a despawn; forgetting them
[nebula] 0 entity object(s) were destroyed without a despawn; forgetting them
[nebula] 0 entity object(s) were destroyed without a despawn; forgetting them
[nebula] 0 entity object(s) were destroyed without a despawn; forgetting them
[nebula] 0 entity object(s) were destroyed without a despawn; forgetting them
[nebula] 0 entity object(s) were destroyed without a despawn; forgetting them
[nebula] 0 entity object(s) were destroyed without a despawn; forgetting them
[nebula] 0 entity object(s) were destroyed without a despawn; forgetting them
[nebula] 0 entity object(s) were destroyed without a despawn; forgetting them
[nebula] 0 entity object(s) were destroyed without a despawn; forgetting them
[nebula] 0 entity object(s) were destroyed without a despawn; forgetting them
[nebula] 0 entity object(s) were destroyed without a despawn; forgetting them
[nebula] 0 entity object(s) were destroyed without a despawn; forgetting them
[nebula] 0 entity object(s) were destroyed without a despawn; forgetting them
[nebula] 0 entity object(s) were destroyed without a despawn; forgetting them
[nebula] 0 entity object(s) were destroyed without a despawn; forgetting them
[nebula] 0 entity object(s) were destroyed without a despawn; forgetting them
[nebula] 0 entity object(s) were destroyed without a despawn; forgetting them
[nebula] 0 entity object(s) were destroyed without a despawn; forgetting them
[nebula] 0 entity object(s) were destroyed without a despawn; forgetting them
[nebula] 0 entity object(s) were destroyed without a despawn; forgetting them
[nebula] 0 entity object(s) were destroyed without a despawn; forgetting them
[nebula] 0 entity object(s) were destroyed without a despawn; forgetting them
[nebula] 0 entity object(s) were destroyed without a despawn; forgetting them
[nebula] 0 entity object(s) were destroyed without a despawn; forgetting them
[nebula] 0 entity object(s) were destroyed without a despawn; forgetting them
[nebula] 0 entity object(s) were destroyed without a despawn; forgetting them
[nebula] 0 entity object(s) were destroyed without a despawn; forgetting them
[nebula] 0 entity object(s) were destroyed without a despawn; forgetting them
[nebula] 0 entity object(s) were destroyed without a despawn; forgetting them
[nebula] 0 entity object(s) were destroyed without a despawn; forgetting them
[nebula] 0 entity object(s) were destroyed without a despawn; forgetting them
[nebula] 0 entity object(s) were destroyed without a despawn; forgetting them
[nebula] 0 entity object(s) were destroyed without a despawn; forgetting them
[nebula] 0 entity object(s) were destroyed without a despawn; forgetting them
[nebula] 0 entity object(s) were destroyed without a despawn; forgetting them
[nebula] 0 entity object(s) were destroyed without a despawn; forgetting them
[nebula] 0 entity object(s) were destroyed without a despawn; forgetting them
[nebula] 0 entity object(s) were destroyed without a despawn; forgetting them
[nebula] 0 entity object(s) were destroyed without a despawn; forgetting them
[nebula] 0 entity object(s) were destroyed without a despawn; forgetting them
[nebula] 0 entity object(s) were destroyed without a despawn; forgetting them
[nebula] spawned Prop(Clone)#281474976710686(e1,rt_35184374185983,auth)
[nebula] 0 entity object(s) were destroyed without a despawn; forgetting them
[nebula] 0 entity object(s) were destroyed without a despawn; forgetting them
[nebula] 0 entity object(s) were destroyed without a despawn; forgetting them
[nebula] 0 entity object(s) were destroyed without a despawn; forgetting them
[nebula] 0 entity object(s) were destroyed without a despawn; forgetting them
[nebula] 0 entity object(s) were destroyed without a despawn; forgetting them
[nebula] 0 entity object(s) were destroyed without a despawn; forgetting them
[nebula] 0 entity object(s) were destroyed without a despawn; forgetting them
[nebula] 0 entity object(s) were destroyed without a despawn; forgetting them
[nebula] 0 entity object(s) were destroyed without a despawn; forgetting them
[nebula] 0 entity object(s) were destroyed without a despawn; forgetting them
[nebula] 0 entity object(s) were destroyed without a despawn; forgetting them
[nebula] 0 entity object(s) were destroyed without a despawn; forgetting them
[nebula] 0 entity object(s) were destroyed without a despawn; forgetting them
[nebula] 0 entity object(s) were destroyed without a despawn; forgetting them
[nebula] 0 entity object(s) were destroyed without a despawn; forgetting them
[nebula] 0 entity object(s) were destroyed without a despawn; forgetting them
[nebula] 0 entity object(s) were destroyed without a despawn; forgetting them
[nebula] 0 entity object(s) were destroyed without a despawn; forgetting them
[nebula] 0 entity object(s) were destroyed without a despawn; forgetting them
[nebula] 0 entity object(s) were destroyed without a despawn; forgetting them
[nebula] 0 entity object(s) were destroyed without a despawn; forgetting them
[nebula] 0 entity object(s) were destroyed without a despawn; forgetting them
[nebula] 0 entity object(s) were destroyed without a despawn; forgetting them
[nebula] 0 entity object(s) were destroyed without a despawn; forgetting them
[nebula] 0 entity object(s) were destroyed without a despawn; forgetting them
[nebula] 0 entity object(s) were destroyed without a despawn; forgetting them
[nebula] 0 entity object(s) were destroyed without a despawn; forgetting them
[nebula] 0 entity object(s) were destroyed without a despawn; forgetting them
[nebula] 0 entity object(s) were destroyed without a despawn; forgetting them
[nebula] 0 entity object(s) were destroyed without a despawn; forgetting them
[nebula] 0 entity object(s) were destroyed without a despawn; forgetting them
[nebula] 0 entity object(s) were destroyed without a despawn; forgetting them
[nebula] 0 entity object(s) were destroyed without a despawn; forgetting them
[nebula] 0 entity object(s) were destroyed without a despawn; forgetting them
[nebula] 0 entity object(s) were destroyed without a despawn; forgetting them
[nebula] 0 entity object(s) were destroyed without a despawn; forgetting them
[nebula] 0 entity object(s) were destroyed without a despawn; forgetting them
[nebula] 0 entity object(s) were destroyed without a despawn; forgetting them
[nebula] 0 entity object(s) were destroyed without a despawn; forgetting them
[nebula] 0 entity object(s) were destroyed without a despawn; forgetting them
[nebula] 0 entity object(s) were destroyed without a despawn; forgetting them
[nebula] 0 entity object(s) were destroyed without a despawn; forgetting them
[nebula] 0 entity object(s) were destroyed without a despawn; forgetting them
[nebula] 0 entity object(s) were destroyed without a despawn; forgetting them
[nebula] 0 entity object(s) were destroyed without a despawn; forgetting them
[nebula] 0 entity object(s) were destroyed without a despawn; forgetting them
[nebula] 0 entity object(s) were destroyed without a despawn; forgetting them
[nebula] 0 entity object(s) were destroyed without a despawn; forgetting them
[nebula] 0 entity object(s) were destroyed without a despawn; forgetting them
[nebula] 0 entity object(s) were destroyed without a despawn; forgetting them
[nebula] 0 entity object(s) were destroyed without a despawn; forgetting them
[nebula] 0 entity object(s) were destroyed without a despawn; forgetting them
[nebula] 0 entity object(s) were destroyed without a despawn; forgetting them
[nebula] 0 entity object(s) were destroyed without a despawn; forgetting them
[nebula] 0 entity object(s) were destroyed without a despawn; forgetting them
[nebula] 0 entity object(s) were destroyed without a despawn; forgetting them
[nebula] 0 entity object(s) were destroyed without a despawn; forgetting them
[nebula] 0 entity object(s) were destroyed without a despawn; forgetting them
[nebula] 0 entity object(s) were destroyed without a despawn; forgetting them
[nebula] 0 entity object(s) were destroyed without a despawn; forgetting them
[nebula] 0 entity object(s) were destroyed without a despawn; forgetting them
[nebula] 0 entity object(s) were destroyed without a despawn; forgetting them
[nebula] 0 entity object(s) were destroyed without a despawn; forgetting them
[nebula] 0 entity object(s) were destroyed without a despawn; forgetting them
[nebula] 0 entity object(s) were destroyed without a despawn; forgetting them
[nebula] 0 entity object(s) were destroyed without a despawn; forgetting them
[nebula] 0 entity object(s) were destroyed without a despawn; forgetting them
[nebula] 0 entity object(s) were destroyed without a despawn; forgetting them
[nebula] 0 entity object(s) were destroyed without a despawn; forgetting them
[nebula] 0 entity object(s) were destroyed without a despawn; forgetting them
[nebula] 0 entity object(s) were destroyed without a despawn; forgetting them
[nebula] 0 entity object(s) were destroyed without a despawn; forgetting them
[nebula] 0 entity object(s) were destroyed without a despawn; forgetting them
[nebula] 0 entity object(s) were destroyed without a despawn; forgetting them
[nebula] 0 entity object(s) were destroyed without a despawn; forgetting them
[nebula] 0 entity object(s) were destroyed without a despawn; forgetting them
[nebula] 0 entity object(s) were destroyed without a despawn; forgetting them
[nebula] 0 entity object(s) were destroyed without a despawn; forgetting them
[nebula] 0 entity object(s) were destroyed without a despawn; forgetting them
[nebula] 0 entity object(s) were destroyed without a despawn; forgetting them
[nebula] 0 entity object(s) were destroyed without a despawn; forgetting them
[nebula] 0 entity object(s) were destroyed without a despawn; forgetting them
[nebula] 0 entity object(s) were destroyed without a despawn; forgetting them
[nebula] 0 entity object(s) were destroyed without a despawn; forgetting them
[nebula] 0 entity object(s) were destroyed without a despawn; forgetting them
[nebula] 0 entity object(s) were destroyed without a despawn; forgetting them
[nebula] 0 entity object(s) were destroyed without a despawn; forgetting them
[nebula] 0 entity object(s) were destroyed without a despawn; forgetting them
[nebula] 0 entity object(s) were destroyed without a despawn; forgetting them
[nebula] 0 entity object(s) were destroyed without a despawn; forgetting them
[nebula] 0 entity object(s) were destroyed without a despawn; forgetting them
[nebula] 0 entity object(s) were destroyed without a despawn; forgetting them
[nebula] 0 entity object(s) were destroyed without a despawn; forgetting them
[nebula] 0 entity object(s) were destroyed without a despawn; forgetting them
[nebula] 0 entity object(s) were destroyed without a despawn; forgetting them
[nebula] 0 entity object(s) were destroyed without a despawn; forgetting them
[nebula] 0 entity object(s) were destroyed without a despawn; forgetting them
[nebula] 0 entity object(s) were destroyed without a despawn; forgetting them
[nebula] 0 entity object(s) were destroyed without a despawn; forgetting them
[nebula] 0 entity object(s) were destroyed without a despawn; forgetting them
[nebula] 0 entity object(s) were destroyed without a despawn; forgetting them
[nebula] 0 entity object(s) were destroyed without a despawn; forgetting them
[nebula] 0 entity object(s) were destroyed without a despawn; forgetting them
[nebula] 0 entity object(s) were destroyed without a despawn; forgetting them
[nebula] 0 entity object(s) were destroyed without a despawn; forgetting them
[nebula] 0 entity object(s) were destroyed without a despawn; forgetting them
[nebula] 0 entity object(s) were destroyed without a despawn; forgetting them
[nebula] 0 entity object(s) were destroyed without a despawn; forgetting them
[nebula] 0 entity object(s) were destroyed without a despawn; forgetting them
[nebula] 0 entity object(s) were destroyed without a despawn; forgetting them
[nebula] 0 entity object(s) were destroyed without a despawn; forgetting them
[nebula] 0 entity object(s) were destroyed without a despawn; forgetting them
[nebula] 0 entity object(s) were destroyed without a despawn; forgetting them
[nebula] 0 entity object(s) were destroyed without a despawn; forgetting them
[nebula] 0 entity object(s) were destroyed without a despawn; forgetting them
[nebula] 0 entity object(s) were destroyed without a despawn; forgetting them
[nebula] 0 entity object(s) were destroyed without a despawn; forgetting them
[nebula] 0 entity object(s) were destroyed without a despawn; forgetting them
[nebula] 0 entity object(s) were destroyed without a despawn; forgetting them
[nebula] 0 entity object(s) were destroyed without a despawn; forgetting them
[nebula] 0 entity object(s) were destroyed without a despawn; forgetting them
[nebula] 0 entity object(s) were destroyed without a despawn; forgetting them
[nebula] 0 entity object(s) were destroyed without a despawn; forgetting them
[nebula] 0 entity object(s) were destroyed without a despawn; forgetting them
[nebula] 0 entity object(s) were destroyed without a despawn; forgetting them
[nebula] 0 entity object(s) were destroyed without a despawn; forgetting them
[nebula] 0 entity object(s) were destroyed without a despawn; forgetting them
[nebula] 0 entity object(s) were destroyed without a despawn; forgetting them
[nebula] 0 entity object(s) were destroyed without a despawn; forgetting them
[nebula] 0 entity object(s) were destroyed without a despawn; forgetting them
[nebula] 0 entity object(s) were destroyed without a despawn; forgetting them
[nebula] 0 entity object(s) were destroyed without a despawn; forgetting them
[nebula] 0 entity object(s) were destroyed without a despawn; forgetting them
[nebula] 0 entity object(s) were destroyed without a despawn; forgetting them
[nebula] 0 entity object(s) were destroyed without a despawn; forgetting them
[nebula] 0 entity object(s) were destroyed without a despawn; forgetting them
[nebula] 0 entity object(s) were destroyed without a despawn; forgetting them
[nebula] 0 entity object(s) were destroyed without a despawn; forgetting them
[nebula] 0 entity object(s) were destroyed without a despawn; forgetting them
[nebula] 0 entity object(s) were destroyed without a despawn; forgetting them
[nebula] 0 entity object(s) were destroyed without a despawn; forgetting them
[nebula] 0 entity object(s) were destroyed without a despawn; forgetting them
[nebula] 0 entity object(s) were destroyed without a despawn; forgetting them
[nebula] 0 entity object(s) were destroyed without a despawn; forgetting them
[nebula] 0 entity object(s) were destroyed without a despawn; forgetting them
[nebula] 0 entity object(s) were destroyed without a despawn; forgetting them
[nebula] 0 entity object(s) were destroyed without a despawn; forgetting them
[nebula] 0 entity object(s) were destroyed without a despawn; forgetting them
[nebula] 0 entity object(s) were destroyed without a despawn; forgetting them
[nebula] 0 entity object(s) were destroyed without a despawn; forgetting them
[nebula] profile 300 ticks/5s 300 frames avg 0.6ms max 0.9ms dup 0 skip 0 gc 35 auth 19 ghosts 0 | poll=0.01 ghosts=0.00 physics.sync=0.00 simulate=0.01 poses=0.03 containers=0.38 band=0.02 publish=0.01 gap=16.09 interest=0.01
[nebula] 0 entity object(s) were destroyed without a despawn; forgetting them
[nebula] 0 entity object(s) were destroyed without a despawn; forgetting them
[nebula] 0 entity object(s) were destroyed without a despawn; forgetting them
[nebula] 0 entity object(s) were destroyed without a despawn; forgetting them
[nebula] 0 entity object(s) were destroyed without a despawn; forgetting them
[nebula] 0 entity object(s) were destroyed without a despawn; forgetting them
[nebula] 0 entity object(s) were destroyed without a despawn; forgetting them
[nebula] 0 entity object(s) were destroyed without a despawn; forgetting them
[nebula] 0 entity object(s) were destroyed without a despawn; forgetting them
[nebula] 0 entity object(s) were destroyed without a despawn; forgetting them
[nebula] 0 entity object(s) were destroyed without a despawn; forgetting them
[nebula] 0 entity object(s) were destroyed without a despawn; forgetting them
[nebula] 0 entity object(s) were destroyed without a despawn; forgetting them
[nebula] 0 entity object(s) were destroyed without a despawn; forgetting them
[nebula] 0 entity object(s) were destroyed without a despawn; forgetting them
[nebula] 0 entity object(s) were destroyed without a despawn; forgetting them
[nebula] 0 entity object(s) were destroyed without a despawn; forgetting them
[nebula] 0 entity object(s) were destroyed without a despawn; forgetting them
[nebula] 0 entity object(s) were destroyed without a despawn; forgetting them
[nebula] 0 entity object(s) were destroyed without a despawn; forgetting them
[nebula] 0 entity object(s) were destroyed without a despawn; forgetting them
[nebula] 0 entity object(s) were destroyed without a despawn; forgetting them
[nebula] 0 entity object(s) were destroyed without a despawn; forgetting them
[nebula] 0 entity object(s) were destroyed without a despawn; forgetting them
[nebula] 0 entity object(s) were destroyed without a despawn; forgetting them
[nebula] 0 entity object(s) were destroyed without a despawn; forgetting them
[nebula] 0 entity object(s) were destroyed without a despawn; forgetting them
[nebula] 0 entity object(s) were destroyed without a despawn; forgetting them
[nebula] 0 entity object(s) were destroyed without a despawn; forgetting them
[nebula] spawned Prop(Clone)#281474976710687(e1,rt_35184374185983,auth)
[nebula] 0 entity object(s) were destroyed without a despawn; forgetting them
[nebula] 0 entity object(s) were destroyed without a despawn; forgetting them
[nebula] 0 entity object(s) were destroyed without a despawn; forgetting them
[nebula] 0 entity object(s) were destroyed without a despawn; forgetting them
[nebula] 0 entity object(s) were destroyed without a despawn; forgetting them
[nebula] 0 entity object(s) were destroyed without a despawn; forgetting them
[nebula] 0 entity object(s) were destroyed without a despawn; forgetting them
[nebula] 0 entity object(s) were destroyed without a despawn; forgetting them
[nebula] 0 entity object(s) were destroyed without a despawn; forgetting them
[nebula] 0 entity object(s) were destroyed without a despawn; forgetting them
[nebula] 0 entity object(s) were destroyed without a despawn; forgetting them
[nebula] 0 entity object(s) were destroyed without a despawn; forgetting them
[nebula] 0 entity object(s) were destroyed without a despawn; forgetting them
[nebula] 0 entity object(s) were destroyed without a despawn; forgetting them
[nebula] 0 entity object(s) were destroyed without a despawn; forgetting them
[nebula] 0 entity object(s) were destroyed without a despawn; forgetting them
[nebula] 0 entity object(s) were destroyed without a despawn; forgetting them
[nebula] 0 entity object(s) were destroyed without a despawn; forgetting them
[nebula] 0 entity object(s) were destroyed without a despawn; forgetting them
[nebula] 0 entity object(s) were destroyed without a despawn; forgetting them
[nebula] 0 entity object(s) were destroyed without a despawn; forgetting them
[nebula] 0 entity object(s) were destroyed without a despawn; forgetting them
[nebula] 0 entity object(s) were destroyed without a despawn; forgetting them
[nebula] 0 entity object(s) were destroyed without a despawn; forgetting them
[nebula] 0 entity object(s) were destroyed without a despawn; forgetting them
[nebula] 0 entity object(s) were destroyed without a despawn; forgetting them
[nebula] 0 entity object(s) were destroyed without a despawn; forgetting them
[nebula] 0 entity object(s) were destroyed without a despawn; forgetting them
[nebula] 0 entity object(s) were destroyed without a despawn; forgetting them
[nebula] 0 entity object(s) were destroyed without a despawn; forgetting them
[nebula] 0 entity object(s) were destroyed without a despawn; forgetting them
[nebula] 0 entity object(s) were destroyed without a despawn; forgetting them
[nebula] 0 entity object(s) were destroyed without a despawn; forgetting them
[nebula] 0 entity object(s) were destroyed without a despawn; forgetting them
[nebula] 0 entity object(s) were destroyed without a despawn; forgetting them
[nebula] 0 entity object(s) were destroyed without a despawn; forgetting them
[nebula] 0 entity object(s) were destroyed without a despawn; forgetting them
[nebula] 0 entity object(s) were destroyed without a despawn; forgetting them
[nebula] 0 entity object(s) were destroyed without a despawn; forgetting them
[nebula] 0 entity object(s) were destroyed without a despawn; forgetting them
[nebula] 0 entity object(s) were destroyed without a despawn; forgetting them
[nebula] 0 entity object(s) were destroyed without a despawn; forgetting them
[nebula] 0 entity object(s) were destroyed without a despawn; forgetting them
[nebula] 0 entity object(s) were destroyed without a despawn; forgetting them
[nebula] 0 entity object(s) were destroyed without a despawn; forgetting them
[nebula] 0 entity object(s) were destroyed without a despawn; forgetting them
[nebula] 0 entity object(s) were destroyed without a despawn; forgetting them
[nebula] 0 entity object(s) were destroyed without a despawn; forgetting them
[nebula] 0 entity object(s) were destroyed without a despawn; forgetting them
[nebula] 0 entity object(s) were destroyed without a despawn; forgetting them
[nebula] 0 entity object(s) were destroyed without a despawn; forgetting them
[nebula] 0 entity object(s) were destroyed without a despawn; forgetting them
[nebula] 0 entity object(s) were destroyed without a despawn; forgetting them
[nebula] 0 entity object(s) were destroyed without a despawn; forgetting them
[nebula] 0 entity object(s) were destroyed without a despawn; forgetting them
[nebula] 0 entity object(s) were destroyed without a despawn; forgetting them
[nebula] 0 entity object(s) were destroyed without a despawn; forgetting them
[nebula] 0 entity object(s) were destroyed without a despawn; forgetting them
[nebula] 0 entity object(s) were destroyed without a despawn; forgetting them
[nebula] 0 entity object(s) were destroyed without a despawn; forgetting them
[nebula] 0 entity object(s) were destroyed without a despawn; forgetting them
[nebula] 0 entity object(s) were destroyed without a despawn; forgetting them
[nebula] 0 entity object(s) were destroyed without a despawn; forgetting them
[nebula] 0 entity object(s) were destroyed without a despawn; forgetting them
[nebula] 0 entity object(s) were destroyed without a despawn; forgetting them
[nebula] 0 entity object(s) were destroyed without a despawn; forgetting them
[nebula] 0 entity object(s) were destroyed without a despawn; forgetting them
[nebula] 0 entity object(s) were destroyed without a despawn; forgetting them
[nebula] 0 entity object(s) were destroyed without a despawn; forgetting them
[nebula] 0 entity object(s) were destroyed without a despawn; forgetting them
[nebula] 0 entity object(s) were destroyed without a despawn; forgetting them
[nebula] 0 entity object(s) were destroyed without a despawn; forgetting them
[nebula] 0 entity object(s) were destroyed without a despawn; forgetting them
[nebula] 0 entity object(s) were destroyed without a despawn; forgetting them
[nebula] 0 entity object(s) were destroyed without a despawn; forgetting them
[nebula] 0 entity object(s) were destroyed without a despawn; forgetting them
[nebula] 0 entity object(s) were destroyed without a despawn; forgetting them
[nebula] 0 entity object(s) were destroyed without a despawn; forgetting them
[nebula] 0 entity object(s) were destroyed without a despawn; forgetting them
[nebula] 0 entity object(s) were destroyed without a despawn; forgetting them
[nebula] 0 entity object(s) were destroyed without a despawn; forgetting them
[nebula] 0 entity object(s) were destroyed without a despawn; forgetting them
[nebula] 0 entity object(s) were destroyed without a despawn; forgetting them
[nebula] 0 entity object(s) were destroyed without a despawn; forgetting them
[nebula] 0 entity object(s) were destroyed without a despawn; forgetting them
[nebula] 0 entity object(s) were destroyed without a despawn; forgetting them
[nebula] 0 entity object(s) were destroyed without a despawn; forgetting them
[nebula] 0 entity object(s) were destroyed without a despawn; forgetting them
[nebula] 0 entity object(s) were destroyed without a despawn; forgetting them
[nebula] 0 entity object(s) were destroyed without a despawn; forgetting them
[nebula] 0 entity object(s) were destroyed without a despawn; forgetting them
[nebula] 0 entity object(s) were destroyed without a despawn; forgetting them
[nebula] 0 entity object(s) were destroyed without a despawn; forgetting them
[nebula] 0 entity object(s) were destroyed without a despawn; forgetting them
[nebula] 0 entity object(s) were destroyed without a despawn; forgetting them
[nebula] 0 entity object(s) were destroyed without a despawn; forgetting them
[nebula] 0 entity object(s) were destroyed without a despawn; forgetting them
[nebula] 0 entity object(s) were destroyed without a despawn; forgetting them
[nebula] 0 entity object(s) were destroyed without a despawn; forgetting them
[nebula] 0 entity object(s) were destroyed without a despawn; forgetting them
[nebula] 0 entity object(s) were destroyed without a despawn; forgetting them
[nebula] 0 entity object(s) were destroyed without a despawn; forgetting them
[nebula] 0 entity object(s) were destroyed without a despawn; forgetting them
[nebula] 0 entity object(s) were destroyed without a despawn; forgetting them
[nebula] 0 entity object(s) were destroyed without a despawn; forgetting them
[nebula] 0 entity object(s) were destroyed without a despawn; forgetting them
[nebula] 0 entity object(s) were destroyed without a despawn; forgetting them
[nebula] 0 entity object(s) were destroyed without a despawn; forgetting them
[nebula] 0 entity object(s) were destroyed without a despawn; forgetting them
[nebula] 0 entity object(s) were destroyed without a despawn; forgetting them
[nebula] 0 entity object(s) were destroyed without a despawn; forgetting them
[nebula] 0 entity object(s) were destroyed without a despawn; forgetting them
[nebula] 0 entity object(s) were destroyed without a despawn; forgetting them
[nebula] 0 entity object(s) were destroyed without a despawn; forgetting them
[nebula] 0 entity object(s) were destroyed without a despawn; forgetting them
[nebula] 0 entity object(s) were destroyed without a despawn; forgetting them
[nebula] 0 entity object(s) were destroyed without a despawn; forgetting them
[nebula] 0 entity object(s) were destroyed without a despawn; forgetting them
[nebula] 0 entity object(s) were destroyed without a despawn; forgetting them
[nebula] 0 entity object(s) were destroyed without a despawn; forgetting them
[nebula] 0 entity object(s) were destroyed without a despawn; forgetting them
[nebula] 0 entity object(s) were destroyed without a despawn; forgetting them
[nebula] 0 entity object(s) were destroyed without a despawn; forgetting them
[nebula] 0 entity object(s) were destroyed without a despawn; forgetting them
[nebula] 0 entity object(s) were destroyed without a despawn; forgetting them
[nebula] 0 entity object(s) were destroyed without a despawn; forgetting them
[nebula] 0 entity object(s) were destroyed without a despawn; forgetting them
[nebula] 0 entity object(s) were destroyed without a despawn; forgetting them
[nebula] 0 entity object(s) were destroyed without a despawn; forgetting them
[nebula] 0 entity object(s) were destroyed without a despawn; forgetting them
[nebula] 0 entity object(s) were destroyed without a despawn; forgetting them
[nebula] 0 entity object(s) were destroyed without a despawn; forgetting them
[nebula] 0 entity object(s) were destroyed without a despawn; forgetting them
[nebula] 0 entity object(s) were destroyed without a despawn; forgetting them
[nebula] 0 entity object(s) were destroyed without a despawn; forgetting them
[nebula] 0 entity object(s) were destroyed without a despawn; forgetting them
[nebula] 0 entity object(s) were destroyed without a despawn; forgetting them
[nebula] 0 entity object(s) were destroyed without a despawn; forgetting them
[nebula] 0 entity object(s) were destroyed without a despawn; forgetting them
[nebula] 0 entity object(s) were destroyed without a despawn; forgetting them
[nebula] 0 entity object(s) were destroyed without a despawn; forgetting them
[nebula] 0 entity object(s) were destroyed without a despawn; forgetting them
[nebula] 0 entity object(s) were destroyed without a despawn; forgetting them
[nebula] 0 entity object(s) were destroyed without a despawn; forgetting them
[nebula] 0 entity object(s) were destroyed without a despawn; forgetting them
[nebula] 0 entity object(s) were destroyed without a despawn; forgetting them
[nebula] 0 entity object(s) were destroyed without a despawn; forgetting them
[nebula] 0 entity object(s) were destroyed without a despawn; forgetting them
[nebula] 0 entity object(s) were destroyed without a despawn; forgetting them
[nebula] 0 entity object(s) were destroyed without a despawn; forgetting them
[nebula] 0 entity object(s) were destroyed without a despawn; forgetting them
[nebula] 0 entity object(s) were destroyed without a despawn; forgetting them
[nebula] 0 entity object(s) were destroyed without a despawn; forgetting them
[nebula] 0 entity object(s) were destroyed without a despawn; forgetting them
[nebula] 0 entity object(s) were destroyed without a despawn; forgetting them
[nebula] 0 entity object(s) were destroyed without a despawn; forgetting them
[nebula] 0 entity object(s) were destroyed without a despawn; forgetting them
[nebula] 0 entity object(s) were destroyed without a despawn; forgetting them
[nebula] 0 entity object(s) were destroyed without a despawn; forgetting them
[nebula] 0 entity object(s) were destroyed without a despawn; forgetting them
[nebula] 0 entity object(s) were destroyed without a despawn; forgetting them
[nebula] 0 entity object(s) were destroyed without a despawn; forgetting them
[nebula] 0 entity object(s) were destroyed without a despawn; forgetting them
[nebula] 0 entity object(s) were destroyed without a despawn; forgetting them
[nebula] 0 entity object(s) were destroyed without a despawn; forgetting them
[nebula] 0 entity object(s) were destroyed without a despawn; forgetting them
[nebula] 0 entity object(s) were destroyed without a despawn; forgetting them
[nebula] 0 entity object(s) were destroyed without a despawn; forgetting them
[nebula] 0 entity object(s) were destroyed without a despawn; forgetting them
[nebula] 0 entity object(s) were destroyed without a despawn; forgetting them
[nebula] 0 entity object(s) were destroyed without a despawn; forgetting them
[nebula] 0 entity object(s) were destroyed without a despawn; forgetting them
[nebula] 0 entity object(s) were destroyed without a despawn; forgetting them
[nebula] 0 entity object(s) were destroyed without a despawn; forgetting them
[nebula] 0 entity object(s) were destroyed without a despawn; forgetting them
[nebula] 0 entity object(s) were destroyed without a despawn; forgetting them
[nebula] 0 entity object(s) were destroyed without a despawn; forgetting them
[nebula] 0 entity object(s) were destroyed without a despawn; forgetting them
[nebula] 0 entity object(s) were destroyed without a despawn; forgetting them
[nebula] 0 entity object(s) were destroyed without a despawn; forgetting them
[nebula] spawned Prop(Clone)#281474976710688(e1,rt_35184374185983,auth)
[nebula] 0 entity object(s) were destroyed without a despawn; forgetting them
[nebula] 0 entity object(s) were destroyed without a despawn; forgetting them
[nebula] 0 entity object(s) were destroyed without a despawn; forgetting them
[nebula] 0 entity object(s) were destroyed without a despawn; forgetting them
[nebula] 0 entity object(s) were destroyed without a despawn; forgetting them
[nebula] 0 entity object(s) were destroyed without a despawn; forgetting them
[nebula] 0 entity object(s) were destroyed without a despawn; forgetting them
[nebula] 0 entity object(s) were destroyed without a despawn; forgetting them
[nebula] 0 entity object(s) were destroyed without a despawn; forgetting them
[nebula] 0 entity object(s) were destroyed without a despawn; forgetting them
[nebula] 0 entity object(s) were destroyed without a despawn; forgetting them
[nebula] 0 entity object(s) were destroyed without a despawn; forgetting them
[nebula] 0 entity object(s) were destroyed without a despawn; forgetting them
[nebula] 0 entity object(s) were destroyed without a despawn; forgetting them
[nebula] 0 entity object(s) were destroyed without a despawn; forgetting them
[nebula] 0 entity object(s) were destroyed without a despawn; forgetting them
[nebula] 0 entity object(s) were destroyed without a despawn; forgetting them
[nebula] 0 entity object(s) were destroyed without a despawn; forgetting them
[nebula] 0 entity object(s) were destroyed without a despawn; forgetting them
[nebula] 0 entity object(s) were destroyed without a despawn; forgetting them
[nebula] 0 entity object(s) were destroyed without a despawn; forgetting them
[nebula] 0 entity object(s) were destroyed without a despawn; forgetting them
[nebula] 0 entity object(s) were destroyed without a despawn; forgetting them
[nebula] 0 entity object(s) were destroyed without a despawn; forgetting them
[nebula] 0 entity object(s) were destroyed without a despawn; forgetting them
[nebula] 0 entity object(s) were destroyed without a despawn; forgetting them
[nebula] 0 entity object(s) were destroyed without a despawn; forgetting them
[nebula] 0 entity object(s) were destroyed without a despawn; forgetting them
[nebula] 0 entity object(s) were destroyed without a despawn; forgetting them
[nebula] 0 entity object(s) were destroyed without a despawn; forgetting them
[nebula] 0 entity object(s) were destroyed without a despawn; forgetting them
[nebula] 0 entity object(s) were destroyed without a despawn; forgetting them
[nebula] 0 entity object(s) were destroyed without a despawn; forgetting them
[nebula] 0 entity object(s) were destroyed without a despawn; forgetting them
[nebula] 0 entity object(s) were destroyed without a despawn; forgetting them
[nebula] 0 entity object(s) were destroyed without a despawn; forgetting them
[nebula] 0 entity object(s) were destroyed without a despawn; forgetting them
[nebula] 0 entity object(s) were destroyed without a despawn; forgetting them
[nebula] 0 entity object(s) were destroyed without a despawn; forgetting them
[nebula] 0 entity object(s) were destroyed without a despawn; forgetting them
[nebula] 0 entity object(s) were destroyed without a despawn; forgetting them
[nebula] 0 entity object(s) were destroyed without a despawn; forgetting them
[nebula] 0 entity object(s) were destroyed without a despawn; forgetting them
[nebula] 0 entity object(s) were destroyed without a despawn; forgetting them
[nebula] 0 entity object(s) were destroyed without a despawn; forgetting them
[nebula] 0 entity object(s) were destroyed without a despawn; forgetting them
[nebula] 0 entity object(s) were destroyed without a despawn; forgetting them
[nebula] 0 entity object(s) were destroyed without a despawn; forgetting them
[nebula] 0 entity object(s) were destroyed without a despawn; forgetting them
[nebula] 0 entity object(s) were destroyed without a despawn; forgetting them
[nebula] 0 entity object(s) were destroyed without a despawn; forgetting them
[nebula] 0 entity object(s) were destroyed without a despawn; forgetting them
[nebula] 0 entity object(s) were destroyed without a despawn; forgetting them
[nebula] 0 entity object(s) were destroyed without a despawn; forgetting them
[nebula] 0 entity object(s) were destroyed without a despawn; forgetting them
[nebula] 0 entity object(s) were destroyed without a despawn; forgetting them
[nebula] 0 entity object(s) were destroyed without a despawn; forgetting them
[nebula] 0 entity object(s) were destroyed without a despawn; forgetting them
[nebula] 0 entity object(s) were destroyed without a despawn; forgetting them
[nebula] 0 entity object(s) were destroyed without a despawn; forgetting them
[nebula] 0 entity object(s) were destroyed without a despawn; forgetting them
[nebula] 0 entity object(s) were destroyed without a despawn; forgetting them
[nebula] 0 entity object(s) were destroyed without a despawn; forgetting them
[nebula] 0 entity object(s) were destroyed without a despawn; forgetting them
[nebula] 0 entity object(s) were destroyed without a despawn; forgetting them
[nebula] 0 entity object(s) were destroyed without a despawn; forgetting them
[nebula] 0 entity object(s) were destroyed without a despawn; forgetting them
[nebula] 0 entity object(s) were destroyed without a despawn; forgetting them
[nebula] 0 entity object(s) were destroyed without a despawn; forgetting them
[nebula] 0 entity object(s) were destroyed without a despawn; forgetting them
[nebula] 0 entity object(s) were destroyed without a despawn; forgetting them
[nebula] 0 entity object(s) were destroyed without a despawn; forgetting them
[nebula] 0 entity object(s) were destroyed without a despawn; forgetting them
[nebula] 0 entity object(s) were destroyed without a despawn; forgetting them
[nebula] 0 entity object(s) were destroyed without a despawn; forgetting them
[nebula] 0 entity object(s) were destroyed without a despawn; forgetting them
[nebula] 0 entity object(s) were destroyed without a despawn; forgetting them
[nebula] 0 entity object(s) were destroyed without a despawn; forgetting them
[nebula] 0 entity object(s) were destroyed without a despawn; forgetting them
[nebula] 0 entity object(s) were destroyed without a despawn; forgetting them
[nebula] 0 entity object(s) were destroyed without a despawn; forgetting them
[nebula] 0 entity object(s) were destroyed without a despawn; forgetting them
[nebula] 0 entity object(s) were destroyed without a despawn; forgetting them
[nebula] 0 entity object(s) were destroyed without a despawn; forgetting them
[nebula] 0 entity object(s) were destroyed without a despawn; forgetting them
[nebula] 0 entity object(s) were destroyed without a despawn; forgetting them
[nebula] 0 entity object(s) were destroyed without a despawn; forgetting them
[nebula] 0 entity object(s) were destroyed without a despawn; forgetting them
[nebula] 0 entity object(s) were destroyed without a despawn; forgetting them
[nebula] 0 entity object(s) were destroyed without a despawn; forgetting them
[nebula] 0 entity object(s) were destroyed without a despawn; forgetting them
[nebula] profile 300 ticks/5s 300 frames avg 0.6ms max 1.5ms dup 0 skip 0 gc 24 auth 21 ghosts 0 | poll=0.01 ghosts=0.00 physics.sync=0.00 simulate=0.01 poses=0.04 containers=0.41 band=0.02 publish=0.02 gap=16.05 interest=0.01
[nebula] 0 entity object(s) were destroyed without a despawn; forgetting them
[nebula] 0 entity object(s) were destroyed without a despawn; forgetting them
[nebula] 0 entity object(s) were destroyed without a despawn; forgetting them
[nebula] 0 entity object(s) were destroyed without a despawn; forgetting them
[nebula] 0 entity object(s) were destroyed without a despawn; forgetting them
[nebula] 0 entity object(s) were destroyed without a despawn; forgetting them
[nebula] 0 entity object(s) were destroyed without a despawn; forgetting them
[nebula] 0 entity object(s) were destroyed without a despawn; forgetting them
[nebula] 0 entity object(s) were destroyed without a despawn; forgetting them
[nebula] 0 entity object(s) were destroyed without a despawn; forgetting them
[nebula] 0 entity object(s) were destroyed without a despawn; forgetting them
[nebula] 0 entity object(s) were destroyed without a despawn; forgetting them
[nebula] 0 entity object(s) were destroyed without a despawn; forgetting them
[nebula] 0 entity object(s) were destroyed without a despawn; forgetting them
[nebula] 0 entity object(s) were destroyed without a despawn; forgetting them
[nebula] 0 entity object(s) were destroyed without a despawn; forgetting them
[nebula] 0 entity object(s) were destroyed without a despawn; forgetting them
[nebula] 0 entity object(s) were destroyed without a despawn; forgetting them
[nebula] 0 entity object(s) were destroyed without a despawn; forgetting them
[nebula] 0 entity object(s) were destroyed without a despawn; forgetting them
[nebula] 0 entity object(s) were destroyed without a despawn; forgetting them
[nebula] 0 entity object(s) were destroyed without a despawn; forgetting them
[nebula] 0 entity object(s) were destroyed without a despawn; forgetting them
[nebula] 0 entity object(s) were destroyed without a despawn; forgetting them
[nebula] local handover Player(Clone)#844424930131970(e2,rt_39582420697087,auth) rt_35184374185983 -> rt_39582420697087
[nebula] 0 entity object(s) were destroyed without a despawn; forgetting them
[nebula] 0 entity object(s) were destroyed without a despawn; forgetting them
[nebula] 0 entity object(s) were destroyed without a despawn; forgetting them
[nebula] 0 entity object(s) were destroyed without a despawn; forgetting them
[nebula] 0 entity object(s) were destroyed without a despawn; forgetting them
[nebula] 0 entity object(s) were destroyed without a despawn; forgetting them
[nebula] 0 entity object(s) were destroyed without a despawn; forgetting them
[nebula] 0 entity object(s) were destroyed without a despawn; forgetting them
[nebula] 0 entity object(s) were destroyed without a despawn; forgetting them
[nebula] 0 entity object(s) were destroyed without a despawn; forgetting them
[nebula] 0 entity object(s) were destroyed without a despawn; forgetting them
[nebula] 0 entity object(s) were destroyed without a despawn; forgetting them
[nebula] 0 entity object(s) were destroyed without a despawn; forgetting them
[nebula] 0 entity object(s) were destroyed without a despawn; forgetting them
[nebula] 0 entity object(s) were destroyed without a despawn; forgetting them
[nebula] 0 entity object(s) were destroyed without a despawn; forgetting them
[nebula] 0 entity object(s) were destroyed without a despawn; forgetting them
[nebula] 0 entity object(s) were destroyed without a despawn; forgetting them
[nebula] 0 entity object(s) were destroyed without a despawn; forgetting them
[nebula] 0 entity object(s) were destroyed without a despawn; forgetting them
[nebula] 0 entity object(s) were destroyed without a despawn; forgetting them
[nebula] 0 entity object(s) were destroyed without a despawn; forgetting them
[nebula] 0 entity object(s) were destroyed without a despawn; forgetting them
[nebula] 0 entity object(s) were destroyed without a despawn; forgetting them
[nebula] 0 entity object(s) were destroyed without a despawn; forgetting them
[nebula] 0 entity object(s) were destroyed without a despawn; forgetting them
[nebula] 0 entity object(s) were destroyed without a despawn; forgetting them
[nebula] 0 entity object(s) were destroyed without a despawn; forgetting them
[nebula] 0 entity object(s) were destroyed without a despawn; forgetting them
[nebula] 0 entity object(s) were destroyed without a despawn; forgetting them
[nebula] 0 entity object(s) were destroyed without a despawn; forgetting them
[nebula] 0 entity object(s) were destroyed without a despawn; forgetting them
[nebula] 0 entity object(s) were destroyed without a despawn; forgetting them
[nebula] 0 entity object(s) were destroyed without a despawn; forgetting them
[nebula] 0 entity object(s) were destroyed without a despawn; forgetting them
[nebula] 0 entity object(s) were destroyed without a despawn; forgetting them
[nebula] 0 entity object(s) were destroyed without a despawn; forgetting them
[nebula] 0 entity object(s) were destroyed without a despawn; forgetting them
[nebula] 0 entity object(s) were destroyed without a despawn; forgetting them
[nebula] 0 entity object(s) were destroyed without a despawn; forgetting them
[nebula] 0 entity object(s) were destroyed without a despawn; forgetting them
[nebula] 0 entity object(s) were destroyed without a despawn; forgetting them
[nebula] 0 entity object(s) were destroyed without a despawn; forgetting them
[nebula] 0 entity object(s) were destroyed without a despawn; forgetting them
[nebula] 0 entity object(s) were destroyed without a despawn; forgetting them
[nebula] 0 entity object(s) were destroyed without a despawn; forgetting them
[nebula] 0 entity object(s) were destroyed without a despawn; forgetting them
[nebula] 0 entity object(s) were destroyed without a despawn; forgetting them
[nebula] 0 entity object(s) were destroyed without a despawn; forgetting them
[nebula] 0 entity object(s) were destroyed without a despawn; forgetting them
[nebula] 0 entity object(s) were destroyed without a despawn; forgetting them
[nebula] 0 entity object(s) were destroyed without a despawn; forgetting them
[nebula] 0 entity object(s) were destroyed without a despawn; forgetting them
[nebula] 0 entity object(s) were destroyed without a despawn; forgetting them
[nebula] 0 entity object(s) were destroyed without a despawn; forgetting them
[nebula] 0 entity object(s) were destroyed without a despawn; forgetting them
[nebula] 0 entity object(s) were destroyed without a despawn; forgetting them
[nebula] 0 entity object(s) were destroyed without a despawn; forgetting them
[nebula] 0 entity object(s) were destroyed without a despawn; forgetting them
[nebula] 0 entity object(s) were destroyed without a despawn; forgetting them
[nebula] 0 entity object(s) were destroyed without a despawn; forgetting them
[nebula] 0 entity object(s) were destroyed without a despawn; forgetting them
[nebula] 0 entity object(s) were destroyed without a despawn; forgetting them
[nebula] 0 entity object(s) were destroyed without a despawn; forgetting them
[nebula] 0 entity object(s) were destroyed without a despawn; forgetting them
[nebula] spawned Prop(Clone)#281474976710689(e1,rt_39582420697087,auth)
[nebula] 0 entity object(s) were destroyed without a despawn; forgetting them
[nebula] 0 entity object(s) were destroyed without a despawn; forgetting them
[nebula] 0 entity object(s) were destroyed without a despawn; forgetting them
[nebula] 0 entity object(s) were destroyed without a despawn; forgetting them
[nebula] 0 entity object(s) were destroyed without a despawn; forgetting them
[nebula] 0 entity object(s) were destroyed without a despawn; forgetting them
[nebula] 0 entity object(s) were destroyed without a despawn; forgetting them
[nebula] 0 entity object(s) were destroyed without a despawn; forgetting them
[nebula] 0 entity object(s) were destroyed without a despawn; forgetting them
[nebula] 0 entity object(s) were destroyed without a despawn; forgetting them
[nebula] 0 entity object(s) were destroyed without a despawn; forgetting them
[nebula] 0 entity object(s) were destroyed without a despawn; forgetting them
[nebula] 0 entity object(s) were destroyed without a despawn; forgetting them
[nebula] 0 entity object(s) were destroyed without a despawn; forgetting them
[nebula] 0 entity object(s) were destroyed without a despawn; forgetting them
[nebula] 0 entity object(s) were destroyed without a despawn; forgetting them
[nebula] 0 entity object(s) were destroyed without a despawn; forgetting them
[nebula] 0 entity object(s) were destroyed without a despawn; forgetting them
[nebula] 0 entity object(s) were destroyed without a despawn; forgetting them
[nebula] 0 entity object(s) were destroyed without a despawn; forgetting them
[nebula] 0 entity object(s) were destroyed without a despawn; forgetting them
[nebula] 0 entity object(s) were destroyed without a despawn; forgetting them
[nebula] 0 entity object(s) were destroyed without a despawn; forgetting them
[nebula] 0 entity object(s) were destroyed without a despawn; forgetting them
[nebula] 0 entity object(s) were destroyed without a despawn; forgetting them
[nebula] 0 entity object(s) were destroyed without a despawn; forgetting them
[nebula] 0 entity object(s) were destroyed without a despawn; forgetting them
[nebula] 0 entity object(s) were destroyed without a despawn; forgetting them
[nebula] 0 entity object(s) were destroyed without a despawn; forgetting them
[nebula] 0 entity object(s) were destroyed without a despawn; forgetting them
[nebula] 0 entity object(s) were destroyed without a despawn; forgetting them
[nebula] 0 entity object(s) were destroyed without a despawn; forgetting them
[nebula] 0 entity object(s) were destroyed without a despawn; forgetting them
[nebula] 0 entity object(s) were destroyed without a despawn; forgetting them
[nebula] 0 entity object(s) were destroyed without a despawn; forgetting them
[nebula] 0 entity object(s) were destroyed without a despawn; forgetting them
[nebula] 0 entity object(s) were destroyed without a despawn; forgetting them
[nebula] 0 entity object(s) were destroyed without a despawn; forgetting them
[nebula] 0 entity object(s) were destroyed without a despawn; forgetting them
[nebula] 0 entity object(s) were destroyed without a despawn; forgetting them
[nebula] 0 entity object(s) were destroyed without a despawn; forgetting them
[nebula] 0 entity object(s) were destroyed without a despawn; forgetting them
[nebula] 0 entity object(s) were destroyed without a despawn; forgetting them
[nebula] 0 entity object(s) were destroyed without a despawn; forgetting them
[nebula] 0 entity object(s) were destroyed without a despawn; forgetting them
[nebula] 0 entity object(s) were destroyed without a despawn; forgetting them
[nebula] 0 entity object(s) were destroyed without a despawn; forgetting them
[nebula] 0 entity object(s) were destroyed without a despawn; forgetting them
[nebula] 0 entity object(s) were destroyed without a despawn; forgetting them
[nebula] 0 entity object(s) were destroyed without a despawn; forgetting them
[nebula] 0 entity object(s) were destroyed without a despawn; forgetting them
[nebula] 0 entity object(s) were destroyed without a despawn; forgetting them
[nebula] 0 entity object(s) were destroyed without a despawn; forgetting them
[nebula] 0 entity object(s) were destroyed without a despawn; forgetting them
[nebula] 0 entity object(s) were destroyed without a despawn; forgetting them
[nebula] 0 entity object(s) were destroyed without a despawn; forgetting them
[nebula] 0 entity object(s) were destroyed without a despawn; forgetting them
[nebula] 0 entity object(s) were destroyed without a despawn; forgetting them
[nebula] 0 entity object(s) were destroyed without a despawn; forgetting them
[nebula] 0 entity object(s) were destroyed without a despawn; forgetting them
[nebula] 0 entity object(s) were destroyed without a despawn; forgetting them
[nebula] 0 entity object(s) were destroyed without a despawn; forgetting them
[nebula] 0 entity object(s) were destroyed without a despawn; forgetting them
[nebula] 0 entity object(s) were destroyed without a despawn; forgetting them
[nebula] 0 entity object(s) were destroyed without a despawn; forgetting them
[nebula] 0 entity object(s) were destroyed without a despawn; forgetting them
[nebula] 0 entity object(s) were destroyed without a despawn; forgetting them
[nebula] 0 entity object(s) were destroyed without a despawn; forgetting them
[nebula] 0 entity object(s) were destroyed without a despawn; forgetting them
[nebula] 0 entity object(s) were destroyed without a despawn; forgetting them
[nebula] 0 entity object(s) were destroyed without a despawn; forgetting them
[nebula] 0 entity object(s) were destroyed without a despawn; forgetting them
[nebula] 0 entity object(s) were destroyed without a despawn; forgetting them
[nebula] 0 entity object(s) were destroyed without a despawn; forgetting them
[nebula] 0 entity object(s) were destroyed without a despawn; forgetting them
[nebula] 0 entity object(s) were destroyed without a despawn; forgetting them
[nebula] 0 entity object(s) were destroyed without a despawn; forgetting them
[nebula] 0 entity object(s) were destroyed without a despawn; forgetting them
[nebula] 0 entity object(s) were destroyed without a despawn; forgetting them
[nebula] 0 entity object(s) were destroyed without a despawn; forgetting them
[nebula] 0 entity object(s) were destroyed without a despawn; forgetting them
[nebula] 0 entity object(s) were destroyed without a despawn; forgetting them
[nebula] 0 entity object(s) were destroyed without a despawn; forgetting them
[nebula] 0 entity object(s) were destroyed without a despawn; forgetting them
[nebula] 0 entity object(s) were destroyed without a despawn; forgetting them
[nebula] 0 entity object(s) were destroyed without a despawn; forgetting them
[nebula] 0 entity object(s) were destroyed without a despawn; forgetting them
[nebula] 0 entity object(s) were destroyed without a despawn; forgetting them
[nebula] 0 entity object(s) were destroyed without a despawn; forgetting them
[nebula] 0 entity object(s) were destroyed without a despawn; forgetting them
[nebula] 0 entity object(s) were destroyed without a despawn; forgetting them
[nebula] 0 entity object(s) were destroyed without a despawn; forgetting them
[nebula] 0 entity object(s) were destroyed without a despawn; forgetting them
[nebula] 0 entity object(s) were destroyed without a despawn; forgetting them
[nebula] 0 entity object(s) were destroyed without a despawn; forgetting them
[nebula] 0 entity object(s) were destroyed without a despawn; forgetting them
[nebula] 0 entity object(s) were destroyed without a despawn; forgetting them
[nebula] 0 entity object(s) were destroyed without a despawn; forgetting them
[nebula] 0 entity object(s) were destroyed without a despawn; forgetting them
[nebula] 0 entity object(s) were destroyed without a despawn; forgetting them
[nebula] 0 entity object(s) were destroyed without a despawn; forgetting them
[nebula] 0 entity object(s) were destroyed without a despawn; forgetting them
[nebula] 0 entity object(s) were destroyed without a despawn; forgetting them
[nebula] 0 entity object(s) were destroyed without a despawn; forgetting them
[nebula] 0 entity object(s) were destroyed without a despawn; forgetting them
[nebula] 0 entity object(s) were destroyed without a despawn; forgetting them
[nebula] 0 entity object(s) were destroyed without a despawn; forgetting them
[nebula] 0 entity object(s) were destroyed without a despawn; forgetting them
[nebula] 0 entity object(s) were destroyed without a despawn; forgetting them
[nebula] 0 entity object(s) were destroyed without a despawn; forgetting them
[nebula] 0 entity object(s) were destroyed without a despawn; forgetting them
[nebula] 0 entity object(s) were destroyed without a despawn; forgetting them
[nebula] 0 entity object(s) were destroyed without a despawn; forgetting them
[nebula] 0 entity object(s) were destroyed without a despawn; forgetting them
[nebula] 0 entity object(s) were destroyed without a despawn; forgetting them
[nebula] 0 entity object(s) were destroyed without a despawn; forgetting them
[nebula] 0 entity object(s) were destroyed without a despawn; forgetting them
[nebula] 0 entity object(s) were destroyed without a despawn; forgetting them
[nebula] 0 entity object(s) were destroyed without a despawn; forgetting them
[nebula] 0 entity object(s) were destroyed without a despawn; forgetting them
[nebula] 0 entity object(s) were destroyed without a despawn; forgetting them
[nebula] 0 entity object(s) were destroyed without a despawn; forgetting them
[nebula] 0 entity object(s) were destroyed without a despawn; forgetting them
[nebula] 0 entity object(s) were destroyed without a despawn; forgetting them
[nebula] 0 entity object(s) were destroyed without a despawn; forgetting them
[nebula] 0 entity object(s) were destroyed without a despawn; forgetting them
[nebula] 0 entity object(s) were destroyed without a despawn; forgetting them
[nebula] 0 entity object(s) were destroyed without a despawn; forgetting them
[nebula] 0 entity object(s) were destroyed without a despawn; forgetting them
[nebula] 0 entity object(s) were destroyed without a despawn; forgetting them
[nebula] 0 entity object(s) were destroyed without a despawn; forgetting them
[nebula] 0 entity object(s) were destroyed without a despawn; forgetting them
[nebula] 0 entity object(s) were destroyed without a despawn; forgetting them
[nebula] 0 entity object(s) were destroyed without a despawn; forgetting them
[nebula] 0 entity object(s) were destroyed without a despawn; forgetting them
[nebula] 0 entity object(s) were destroyed without a despawn; forgetting them
[nebula] 0 entity object(s) were destroyed without a despawn; forgetting them
[nebula] 0 entity object(s) were destroyed without a despawn; forgetting them
[nebula] 0 entity object(s) were destroyed without a despawn; forgetting them
[nebula] 0 entity object(s) were destroyed without a despawn; forgetting them
[nebula] 0 entity object(s) were destroyed without a despawn; forgetting them
[nebula] 0 entity object(s) were destroyed without a despawn; forgetting them
[nebula] 0 entity object(s) were destroyed without a despawn; forgetting them
[nebula] 0 entity object(s) were destroyed without a despawn; forgetting them
[nebula] 0 entity object(s) were destroyed without a despawn; forgetting them
[nebula] 0 entity object(s) were destroyed without a despawn; forgetting them
[nebula] 0 entity object(s) were destroyed without a despawn; forgetting them
[nebula] 0 entity object(s) were destroyed without a despawn; forgetting them
[nebula] 0 entity object(s) were destroyed without a despawn; forgetting them
[nebula] 0 entity object(s) were destroyed without a despawn; forgetting them
[nebula] 0 entity object(s) were destroyed without a despawn; forgetting them
[nebula] 0 entity object(s) were destroyed without a despawn; forgetting them
[nebula] 0 entity object(s) were destroyed without a despawn; forgetting them
[nebula] 0 entity object(s) were destroyed without a despawn; forgetting them
[nebula] 0 entity object(s) were destroyed without a despawn; forgetting them
[nebula] 0 entity object(s) were destroyed without a despawn; forgetting them
[nebula] 0 entity object(s) were destroyed without a despawn; forgetting them
[nebula] 0 entity object(s) were destroyed without a despawn; forgetting them
[nebula] 0 entity object(s) were destroyed without a despawn; forgetting them
[nebula] 0 entity object(s) were destroyed without a despawn; forgetting them
[nebula] 0 entity object(s) were destroyed without a despawn; forgetting them
[nebula] 0 entity object(s) were destroyed without a despawn; forgetting them
[nebula] 0 entity object(s) were destroyed without a despawn; forgetting them
[nebula] 0 entity object(s) were destroyed without a despawn; forgetting them
[nebula] 0 entity object(s) were destroyed without a despawn; forgetting them
[nebula] 0 entity object(s) were destroyed without a despawn; forgetting them
[nebula] 0 entity object(s) were destroyed without a despawn; forgetting them
[nebula] 0 entity object(s) were destroyed without a despawn; forgetting them
[nebula] 0 entity object(s) were destroyed without a despawn; forgetting them
[nebula] 0 entity object(s) were destroyed without a despawn; forgetting them
[nebula] 0 entity object(s) were destroyed without a despawn; forgetting them
[nebula] 0 entity object(s) were destroyed without a despawn; forgetting them
[nebula] 0 entity object(s) were destroyed without a despawn; forgetting them
[nebula] 0 entity object(s) were destroyed without a despawn; forgetting them
[nebula] 0 entity object(s) were destroyed without a despawn; forgetting them
[nebula] 0 entity object(s) were destroyed without a despawn; forgetting them
[nebula] 0 entity object(s) were destroyed without a despawn; forgetting them
[nebula] 0 entity object(s) were destroyed without a despawn; forgetting them
[nebula] 0 entity object(s) were destroyed without a despawn; forgetting them
[nebula] 0 entity object(s) were destroyed without a despawn; forgetting them
[nebula] spawned Prop(Clone)#281474976710690(e1,rt_39582420697087,auth)
[nebula] 0 entity object(s) were destroyed without a despawn; forgetting them
[nebula] 0 entity object(s) were destroyed without a despawn; forgetting them
[nebula] 0 entity object(s) were destroyed without a despawn; forgetting them
[nebula] 0 entity object(s) were destroyed without a despawn; forgetting them
[nebula] 0 entity object(s) were destroyed without a despawn; forgetting them
[nebula] 0 entity object(s) were destroyed without a despawn; forgetting them
[nebula] 0 entity object(s) were destroyed without a despawn; forgetting them
[nebula] 0 entity object(s) were destroyed without a despawn; forgetting them
[nebula] 0 entity object(s) were destroyed without a despawn; forgetting them
[nebula] 0 entity object(s) were destroyed without a despawn; forgetting them
[nebula] 0 entity object(s) were destroyed without a despawn; forgetting them
[nebula] 0 entity object(s) were destroyed without a despawn; forgetting them
[nebula] 0 entity object(s) were destroyed without a despawn; forgetting them
[nebula] 0 entity object(s) were destroyed without a despawn; forgetting them
[nebula] 0 entity object(s) were destroyed without a despawn; forgetting them
[nebula] 0 entity object(s) were destroyed without a despawn; forgetting them
[nebula] 0 entity object(s) were destroyed without a despawn; forgetting them
[nebula] 0 entity object(s) were destroyed without a despawn; forgetting them
[nebula] 0 entity object(s) were destroyed without a despawn; forgetting them
[nebula] 0 entity object(s) were destroyed without a despawn; forgetting them
[nebula] 0 entity object(s) were destroyed without a despawn; forgetting them
[nebula] 0 entity object(s) were destroyed without a despawn; forgetting them
[nebula] 0 entity object(s) were destroyed without a despawn; forgetting them
[nebula] 0 entity object(s) were destroyed without a despawn; forgetting them
[nebula] 0 entity object(s) were destroyed without a despawn; forgetting them
[nebula] 0 entity object(s) were destroyed without a despawn; forgetting them
[nebula] 0 entity object(s) were destroyed without a despawn; forgetting them
[nebula] 0 entity object(s) were destroyed without a despawn; forgetting them
[nebula] 0 entity object(s) were destroyed without a despawn; forgetting them
[nebula] 0 entity object(s) were destroyed without a despawn; forgetting them
[nebula] 0 entity object(s) were destroyed without a despawn; forgetting them
[nebula] profile 300 ticks/5s 300 frames avg 0.7ms max 1.0ms dup 0 skip 0 gc 33 auth 23 ghosts 0 | poll=0.01 ghosts=0.00 physics.sync=0.00 simulate=0.01 poses=0.04 containers=0.46 band=0.02 publish=0.02 gap=16.00 interest=0.01
[nebula] 0 entity object(s) were destroyed without a despawn; forgetting them
[nebula] 0 entity object(s) were destroyed without a despawn; forgetting them
[nebula] 0 entity object(s) were destroyed without a despawn; forgetting them
[nebula] 0 entity object(s) were destroyed without a despawn; forgetting them
[nebula] 0 entity object(s) were destroyed without a despawn; forgetting them
[nebula] 0 entity object(s) were destroyed without a despawn; forgetting them
[nebula] 0 entity object(s) were destroyed without a despawn; forgetting them
[nebula] 0 entity object(s) were destroyed without a despawn; forgetting them
[nebula] 0 entity object(s) were destroyed without a despawn; forgetting them
[nebula] 0 entity object(s) were destroyed without a despawn; forgetting them
[nebula] 0 entity object(s) were destroyed without a despawn; forgetting them
[nebula] 0 entity object(s) were destroyed without a despawn; forgetting them
[nebula] 0 entity object(s) were destroyed without a despawn; forgetting them
[nebula] 0 entity object(s) were destroyed without a despawn; forgetting them
[nebula] 0 entity object(s) were destroyed without a despawn; forgetting them
[nebula] 0 entity object(s) were destroyed without a despawn; forgetting them
[nebula] 0 entity object(s) were destroyed without a despawn; forgetting them
[nebula] 0 entity object(s) were destroyed without a despawn; forgetting them
[nebula] 0 entity object(s) were destroyed without a despawn; forgetting them
[nebula] 0 entity object(s) were destroyed without a despawn; forgetting them
[nebula] 0 entity object(s) were destroyed without a despawn; forgetting them
[nebula] 0 entity object(s) were destroyed without a despawn; forgetting them
[nebula] 0 entity object(s) were destroyed without a despawn; forgetting them
[nebula] 0 entity object(s) were destroyed without a despawn; forgetting them
[nebula] 0 entity object(s) were destroyed without a despawn; forgetting them
[nebula] 0 entity object(s) were destroyed without a despawn; forgetting them
[nebula] 0 entity object(s) were destroyed without a despawn; forgetting them
[nebula] 0 entity object(s) were destroyed without a despawn; forgetting them
[nebula] 0 entity object(s) were destroyed without a despawn; forgetting them
[nebula] 0 entity object(s) were destroyed without a despawn; forgetting them
[nebula] 0 entity object(s) were destroyed without a despawn; forgetting them
[nebula] 0 entity object(s) were destroyed without a despawn; forgetting them
[nebula] 0 entity object(s) were destroyed without a despawn; forgetting them
[nebula] 0 entity object(s) were destroyed without a despawn; forgetting them
[nebula] 0 entity object(s) were destroyed without a despawn; forgetting them
[nebula] 0 entity object(s) were destroyed without a despawn; forgetting them
[nebula] 0 entity object(s) were destroyed without a despawn; forgetting them
[nebula] 0 entity object(s) were destroyed without a despawn; forgetting them
[nebula] 0 entity object(s) were destroyed without a despawn; forgetting them
[nebula] 0 entity object(s) were destroyed without a despawn; forgetting them
[nebula] 0 entity object(s) were destroyed without a despawn; forgetting them
[nebula] 0 entity object(s) were destroyed without a despawn; forgetting them
[nebula] 0 entity object(s) were destroyed without a despawn; forgetting them
[nebula] 0 entity object(s) were destroyed without a despawn; forgetting them
[nebula] 0 entity object(s) were destroyed without a despawn; forgetting them
[nebula] 0 entity object(s) were destroyed without a despawn; forgetting them
[nebula] 0 entity object(s) were destroyed without a despawn; forgetting them
[nebula] 0 entity object(s) were destroyed without a despawn; forgetting them
[nebula] 0 entity object(s) were destroyed without a despawn; forgetting them
[nebula] 0 entity object(s) were destroyed without a despawn; forgetting them
[nebula] 0 entity object(s) were destroyed without a despawn; forgetting them
[nebula] 0 entity object(s) were destroyed without a despawn; forgetting them
[nebula] 0 entity object(s) were destroyed without a despawn; forgetting them
[nebula] 0 entity object(s) were destroyed without a despawn; forgetting them
[nebula] 0 entity object(s) were destroyed without a despawn; forgetting them
[nebula] 0 entity object(s) were destroyed without a despawn; forgetting them
[nebula] 0 entity object(s) were destroyed without a despawn; forgetting them
[nebula] 0 entity object(s) were destroyed without a despawn; forgetting them
[nebula] 0 entity object(s) were destroyed without a despawn; forgetting them
[nebula] 0 entity object(s) were destroyed without a despawn; forgetting them
[nebula] 0 entity object(s) were destroyed without a despawn; forgetting them
[nebula] 0 entity object(s) were destroyed without a despawn; forgetting them
[nebula] 0 entity object(s) were destroyed without a despawn; forgetting them
[nebula] 0 entity object(s) were destroyed without a despawn; forgetting them
[nebula] 0 entity object(s) were destroyed without a despawn; forgetting them
[nebula] 0 entity object(s) were destroyed without a despawn; forgetting them
[nebula] 0 entity object(s) were destroyed without a despawn; forgetting them
[nebula] 0 entity object(s) were destroyed without a despawn; forgetting them
[nebula] 0 entity object(s) were destroyed without a despawn; forgetting them
[nebula] 0 entity object(s) were destroyed without a despawn; forgetting them
[nebula] 0 entity object(s) were destroyed without a despawn; forgetting them
[nebula] 0 entity object(s) were destroyed without a despawn; forgetting them
[nebula] 0 entity object(s) were destroyed without a despawn; forgetting them
[nebula] 0 entity object(s) were destroyed without a despawn; forgetting them
[nebula] 0 entity object(s) were destroyed without a despawn; forgetting them
[nebula] 0 entity object(s) were destroyed without a despawn; forgetting them
[nebula] 0 entity object(s) were destroyed without a despawn; forgetting them
[nebula] 0 entity object(s) were destroyed without a despawn; forgetting them
[nebula] 0 entity object(s) were destroyed without a despawn; forgetting them
[nebula] 0 entity object(s) were destroyed without a despawn; forgetting them
[nebula] 0 entity object(s) were destroyed without a despawn; forgetting them
[nebula] 0 entity object(s) were destroyed without a despawn; forgetting them
[nebula] 0 entity object(s) were destroyed without a despawn; forgetting them
[nebula] 0 entity object(s) were destroyed without a despawn; forgetting them
[nebula] 0 entity object(s) were destroyed without a despawn; forgetting them
[nebula] 0 entity object(s) were destroyed without a despawn; forgetting them
[nebula] 0 entity object(s) were destroyed without a despawn; forgetting them
[nebula] 0 entity object(s) were destroyed without a despawn; forgetting them
[nebula] 0 entity object(s) were destroyed without a despawn; forgetting them
[nebula] 0 entity object(s) were destroyed without a despawn; forgetting them
[nebula] 0 entity object(s) were destroyed without a despawn; forgetting them
[nebula] 0 entity object(s) were destroyed without a despawn; forgetting them
[nebula] 0 entity object(s) were destroyed without a despawn; forgetting them
[nebula] 0 entity object(s) were destroyed without a despawn; forgetting them
[nebula] 0 entity object(s) were destroyed without a despawn; forgetting them
[nebula] 0 entity object(s) were destroyed without a despawn; forgetting them
[nebula] 0 entity object(s) were destroyed without a despawn; forgetting them
[nebula] 0 entity object(s) were destroyed without a despawn; forgetting them
[nebula] 0 entity object(s) were destroyed without a despawn; forgetting them
[nebula] 0 entity object(s) were destroyed without a despawn; forgetting them
[nebula] 0 entity object(s) were destroyed without a despawn; forgetting them
[nebula] 0 entity object(s) were destroyed without a despawn; forgetting them
[nebula] 0 entity object(s) were destroyed without a despawn; forgetting them
[nebula] 0 entity object(s) were destroyed without a despawn; forgetting them
[nebula] 0 entity object(s) were destroyed without a despawn; forgetting them
[nebula] 0 entity object(s) were destroyed without a despawn; forgetting them
[nebula] 0 entity object(s) were destroyed without a despawn; forgetting them
[nebula] 0 entity object(s) were destroyed without a despawn; forgetting them
[nebula] 0 entity object(s) were destroyed without a despawn; forgetting them
[nebula] 0 entity object(s) were destroyed without a despawn; forgetting them
[nebula] 0 entity object(s) were destroyed without a despawn; forgetting them
[nebula] 0 entity object(s) were destroyed without a despawn; forgetting them
[nebula] 0 entity object(s) were destroyed without a despawn; forgetting them
[nebula] 0 entity object(s) were destroyed without a despawn; forgetting them
[nebula] 0 entity object(s) were destroyed without a despawn; forgetting them
[nebula] 0 entity object(s) were destroyed without a despawn; forgetting them
[nebula] 0 entity object(s) were destroyed without a despawn; forgetting them
[nebula] 0 entity object(s) were destroyed without a despawn; forgetting them
[nebula] 0 entity object(s) were destroyed without a despawn; forgetting them
[nebula] 0 entity object(s) were destroyed without a despawn; forgetting them
[nebula] 0 entity object(s) were destroyed without a despawn; forgetting them
[nebula] 0 entity object(s) were destroyed without a despawn; forgetting them
[nebula] 0 entity object(s) were destroyed without a despawn; forgetting them
[nebula] 0 entity object(s) were destroyed without a despawn; forgetting them
[nebula] 0 entity object(s) were destroyed without a despawn; forgetting them
[nebula] 0 entity object(s) were destroyed without a despawn; forgetting them
[nebula] 0 entity object(s) were destroyed without a despawn; forgetting them
[nebula] 0 entity object(s) were destroyed without a despawn; forgetting them
[nebula] 0 entity object(s) were destroyed without a despawn; forgetting them
[nebula] 0 entity object(s) were destroyed without a despawn; forgetting them
[nebula] 0 entity object(s) were destroyed without a despawn; forgetting them
[nebula] 0 entity object(s) were destroyed without a despawn; forgetting them
[nebula] 0 entity object(s) were destroyed without a despawn; forgetting them
[nebula] 0 entity object(s) were destroyed without a despawn; forgetting them
[nebula] 0 entity object(s) were destroyed without a despawn; forgetting them
[nebula] 0 entity object(s) were destroyed without a despawn; forgetting them
[nebula] 0 entity object(s) were destroyed without a despawn; forgetting them
[nebula] 0 entity object(s) were destroyed without a despawn; forgetting them
[nebula] 0 entity object(s) were destroyed without a despawn; forgetting them
[nebula] 0 entity object(s) were destroyed without a despawn; forgetting them
[nebula] 0 entity object(s) were destroyed without a despawn; forgetting them
[nebula] 0 entity object(s) were destroyed without a despawn; forgetting them
[nebula] 0 entity object(s) were destroyed without a despawn; forgetting them
[nebula] 0 entity object(s) were destroyed without a despawn; forgetting them
[nebula] 0 entity object(s) were destroyed without a despawn; forgetting them
[nebula] 0 entity object(s) were destroyed without a despawn; forgetting them
[nebula] 0 entity object(s) were destroyed without a despawn; forgetting them
[nebula] 0 entity object(s) were destroyed without a despawn; forgetting them
[nebula] 0 entity object(s) were destroyed without a despawn; forgetting them
[nebula] spawned Prop(Clone)#281474976710691(e1,rt_39582420697087,auth)
[nebula] 0 entity object(s) were destroyed without a despawn; forgetting them
[nebula] 0 entity object(s) were destroyed without a despawn; forgetting them
[nebula] 0 entity object(s) were destroyed without a despawn; forgetting them
[nebula] 0 entity object(s) were destroyed without a despawn; forgetting them
[nebula] 0 entity object(s) were destroyed without a despawn; forgetting them
[nebula] 0 entity object(s) were destroyed without a despawn; forgetting them
[nebula] 0 entity object(s) were destroyed without a despawn; forgetting them
[nebula] 0 entity object(s) were destroyed without a despawn; forgetting them
[nebula] 0 entity object(s) were destroyed without a despawn; forgetting them
[nebula] 0 entity object(s) were destroyed without a despawn; forgetting them
[nebula] 0 entity object(s) were destroyed without a despawn; forgetting them
[nebula] 0 entity object(s) were destroyed without a despawn; forgetting them
[nebula] 0 entity object(s) were destroyed without a despawn; forgetting them
[nebula] 0 entity object(s) were destroyed without a despawn; forgetting them
[nebula] 0 entity object(s) were destroyed without a despawn; forgetting them
[nebula] 0 entity object(s) were destroyed without a despawn; forgetting them
[nebula] 0 entity object(s) were destroyed without a despawn; forgetting them
[nebula] 0 entity object(s) were destroyed without a despawn; forgetting them
[nebula] 0 entity object(s) were destroyed without a despawn; forgetting them
[nebula] 0 entity object(s) were destroyed without a despawn; forgetting them
[nebula] 0 entity object(s) were destroyed without a despawn; forgetting them
[nebula] 0 entity object(s) were destroyed without a despawn; forgetting them
[nebula] 0 entity object(s) were destroyed without a despawn; forgetting them
[nebula] 0 entity object(s) were destroyed without a despawn; forgetting them
[nebula] 0 entity object(s) were destroyed without a despawn; forgetting them
[nebula] 0 entity object(s) were destroyed without a despawn; forgetting them
[nebula] 0 entity object(s) were destroyed without a despawn; forgetting them
[nebula] 0 entity object(s) were destroyed without a despawn; forgetting them
[nebula] 0 entity object(s) were destroyed without a despawn; forgetting them
[nebula] 0 entity object(s) were destroyed without a despawn; forgetting them
[nebula] 0 entity object(s) were destroyed without a despawn; forgetting them
[nebula] 0 entity object(s) were destroyed without a despawn; forgetting them
[nebula] 0 entity object(s) were destroyed without a despawn; forgetting them
[nebula] 0 entity object(s) were destroyed without a despawn; forgetting them
[nebula] 0 entity object(s) were destroyed without a despawn; forgetting them
[nebula] 0 entity object(s) were destroyed without a despawn; forgetting them
[nebula] 0 entity object(s) were destroyed without a despawn; forgetting them
[nebula] 0 entity object(s) were destroyed without a despawn; forgetting them
[nebula] 0 entity object(s) were destroyed without a despawn; forgetting them
[nebula] 0 entity object(s) were destroyed without a despawn; forgetting them
[nebula] 0 entity object(s) were destroyed without a despawn; forgetting them
[nebula] 0 entity object(s) were destroyed without a despawn; forgetting them
[nebula] 0 entity object(s) were destroyed without a despawn; forgetting them
[nebula] 0 entity object(s) were destroyed without a despawn; forgetting them
[nebula] 0 entity object(s) were destroyed without a despawn; forgetting them
[nebula] 0 entity object(s) were destroyed without a despawn; forgetting them
[nebula] 0 entity object(s) were destroyed without a despawn; forgetting them
[nebula] 0 entity object(s) were destroyed without a despawn; forgetting them
[nebula] 0 entity object(s) were destroyed without a despawn; forgetting them
[nebula] 0 entity object(s) were destroyed without a despawn; forgetting them
[nebula] 0 entity object(s) were destroyed without a despawn; forgetting them
[nebula] 0 entity object(s) were destroyed without a despawn; forgetting them
[nebula] 0 entity object(s) were destroyed without a despawn; forgetting them
[nebula] 0 entity object(s) were destroyed without a despawn; forgetting them
[nebula] 0 entity object(s) were destroyed without a despawn; forgetting them
[nebula] 0 entity object(s) were destroyed without a despawn; forgetting them
[nebula] 0 entity object(s) were destroyed without a despawn; forgetting them
[nebula] 0 entity object(s) were destroyed without a despawn; forgetting them
[nebula] 0 entity object(s) were destroyed without a despawn; forgetting them
[nebula] 0 entity object(s) were destroyed without a despawn; forgetting them
[nebula] 0 entity object(s) were destroyed without a despawn; forgetting them
[nebula] 0 entity object(s) were destroyed without a despawn; forgetting them
[nebula] 0 entity object(s) were destroyed without a despawn; forgetting them
[nebula] 0 entity object(s) were destroyed without a despawn; forgetting them
[nebula] 0 entity object(s) were destroyed without a despawn; forgetting them
[nebula] 0 entity object(s) were destroyed without a despawn; forgetting them
[nebula] 0 entity object(s) were destroyed without a despawn; forgetting them
[nebula] 0 entity object(s) were destroyed without a despawn; forgetting them
[nebula] 0 entity object(s) were destroyed without a despawn; forgetting them
[nebula] 0 entity object(s) were destroyed without a despawn; forgetting them
[nebula] 0 entity object(s) were destroyed without a despawn; forgetting them
[nebula] 0 entity object(s) were destroyed without a despawn; forgetting them
[nebula] 0 entity object(s) were destroyed without a despawn; forgetting them
[nebula] 0 entity object(s) were destroyed without a despawn; forgetting them
[nebula] 0 entity object(s) were destroyed without a despawn; forgetting them
[nebula] 0 entity object(s) were destroyed without a despawn; forgetting them
[nebula] 0 entity object(s) were destroyed without a despawn; forgetting them
[nebula] 0 entity object(s) were destroyed without a despawn; forgetting them
[nebula] 0 entity object(s) were destroyed without a despawn; forgetting them
[nebula] 0 entity object(s) were destroyed without a despawn; forgetting them
[nebula] 0 entity object(s) were destroyed without a despawn; forgetting them
[nebula] 0 entity object(s) were destroyed without a despawn; forgetting them
[nebula] 0 entity object(s) were destroyed without a despawn; forgetting them
[nebula] 0 entity object(s) were destroyed without a despawn; forgetting them
[nebula] 0 entity object(s) were destroyed without a despawn; forgetting them
[nebula] 0 entity object(s) were destroyed without a despawn; forgetting them
[nebula] 0 entity object(s) were destroyed without a despawn; forgetting them
[nebula] 0 entity object(s) were destroyed without a despawn; forgetting them
[nebula] 0 entity object(s) were destroyed without a despawn; forgetting them
[nebula] 0 entity object(s) were destroyed without a despawn; forgetting them
[nebula] 0 entity object(s) were destroyed without a despawn; forgetting them
[nebula] 0 entity object(s) were destroyed without a despawn; forgetting them
[nebula] 0 entity object(s) were destroyed without a despawn; forgetting them
[nebula] 0 entity object(s) were destroyed without a despawn; forgetting them
[nebula] 0 entity object(s) were destroyed without a despawn; forgetting them
[nebula] 0 entity object(s) were destroyed without a despawn; forgetting them
[nebula] 0 entity object(s) were destroyed without a despawn; forgetting them
[nebula] 0 entity object(s) were destroyed without a despawn; forgetting them
[nebula] 0 entity object(s) were destroyed without a despawn; forgetting them
[nebula] 0 entity object(s) were destroyed without a despawn; forgetting them
[nebula] 0 entity object(s) were destroyed without a despawn; forgetting them
[nebula] 0 entity object(s) were destroyed without a despawn; forgetting them
[nebula] 0 entity object(s) were destroyed without a despawn; forgetting them
[nebula] 0 entity object(s) were destroyed without a despawn; forgetting them
[nebula] 0 entity object(s) were destroyed without a despawn; forgetting them
[nebula] 0 entity object(s) were destroyed without a despawn; forgetting them
[nebula] 0 entity object(s) were destroyed without a despawn; forgetting them
[nebula] 0 entity object(s) were destroyed without a despawn; forgetting them
[nebula] 0 entity object(s) were destroyed without a despawn; forgetting them
[nebula] 0 entity object(s) were destroyed without a despawn; forgetting them
[nebula] 0 entity object(s) were destroyed without a despawn; forgetting them
[nebula] 0 entity object(s) were destroyed without a despawn; forgetting them
[nebula] 0 entity object(s) were destroyed without a despawn; forgetting them
[nebula] 0 entity object(s) were destroyed without a despawn; forgetting them
[nebula] 0 entity object(s) were destroyed without a despawn; forgetting them
[nebula] 0 entity object(s) were destroyed without a despawn; forgetting them
[nebula] 0 entity object(s) were destroyed without a despawn; forgetting them
[nebula] 0 entity object(s) were destroyed without a despawn; forgetting them
[nebula] 0 entity object(s) were destroyed without a despawn; forgetting them
[nebula] 0 entity object(s) were destroyed without a despawn; forgetting them
[nebula] 0 entity object(s) were destroyed without a despawn; forgetting them
[nebula] 0 entity object(s) were destroyed without a despawn; forgetting them
[nebula] 0 entity object(s) were destroyed without a despawn; forgetting them
[nebula] 0 entity object(s) were destroyed without a despawn; forgetting them
[nebula] 0 entity object(s) were destroyed without a despawn; forgetting them
[nebula] 0 entity object(s) were destroyed without a despawn; forgetting them
[nebula] 0 entity object(s) were destroyed without a despawn; forgetting them
[nebula] 0 entity object(s) were destroyed without a despawn; forgetting them
[nebula] 0 entity object(s) were destroyed without a despawn; forgetting them
[nebula] 0 entity object(s) were destroyed without a despawn; forgetting them
[nebula] 0 entity object(s) were destroyed without a despawn; forgetting them
[nebula] 0 entity object(s) were destroyed without a despawn; forgetting them
[nebula] 0 entity object(s) were destroyed without a despawn; forgetting them
[nebula] 0 entity object(s) were destroyed without a despawn; forgetting them
[nebula] 0 entity object(s) were destroyed without a despawn; forgetting them
[nebula] 0 entity object(s) were destroyed without a despawn; forgetting them
[nebula] 0 entity object(s) were destroyed without a despawn; forgetting them
[nebula] 0 entity object(s) were destroyed without a despawn; forgetting them
[nebula] 0 entity object(s) were destroyed without a despawn; forgetting them
[nebula] 0 entity object(s) were destroyed without a despawn; forgetting them
[nebula] 0 entity object(s) were destroyed without a despawn; forgetting them
[nebula] 0 entity object(s) were destroyed without a despawn; forgetting them
[nebula] 0 entity object(s) were destroyed without a despawn; forgetting them
[nebula] 0 entity object(s) were destroyed without a despawn; forgetting them
[nebula] 0 entity object(s) were destroyed without a despawn; forgetting them
[nebula] 0 entity object(s) were destroyed without a despawn; forgetting them
[nebula] 0 entity object(s) were destroyed without a despawn; forgetting them
[nebula] 0 entity object(s) were destroyed without a despawn; forgetting them
[nebula] 0 entity object(s) were destroyed without a despawn; forgetting them
[nebula] 0 entity object(s) were destroyed without a despawn; forgetting them
[nebula] 0 entity object(s) were destroyed without a despawn; forgetting them
[nebula] profile 300 ticks/5s 300 frames avg 0.7ms max 1.0ms dup 0 skip 0 gc 36 auth 24 ghosts 0 | poll=0.01 ghosts=0.00 physics.sync=0.00 simulate=0.01 poses=0.04 containers=0.50 band=0.02 publish=0.02 gap=15.96 interest=0.01
[nebula] 0 entity object(s) were destroyed without a despawn; forgetting them
[nebula] 0 entity object(s) were destroyed without a despawn; forgetting them
[nebula] 0 entity object(s) were destroyed without a despawn; forgetting them
[nebula] 0 entity object(s) were destroyed without a despawn; forgetting them
[nebula] 0 entity object(s) were destroyed without a despawn; forgetting them
[nebula] 0 entity object(s) were destroyed without a despawn; forgetting them
[nebula] 0 entity object(s) were destroyed without a despawn; forgetting them
[nebula] 0 entity object(s) were destroyed without a despawn; forgetting them
[nebula] 0 entity object(s) were destroyed without a despawn; forgetting them
[nebula] 0 entity object(s) were destroyed without a despawn; forgetting them
[nebula] 0 entity object(s) were destroyed without a despawn; forgetting them
[nebula] 0 entity object(s) were destroyed without a despawn; forgetting them
[nebula] 0 entity object(s) were destroyed without a despawn; forgetting them
[nebula] 0 entity object(s) were destroyed without a despawn; forgetting them
[nebula] 0 entity object(s) were destroyed without a despawn; forgetting them
[nebula] 0 entity object(s) were destroyed without a despawn; forgetting them
[nebula] 0 entity object(s) were destroyed without a despawn; forgetting them
[nebula] 0 entity object(s) were destroyed without a despawn; forgetting them
[nebula] 0 entity object(s) were destroyed without a despawn; forgetting them
[nebula] 0 entity object(s) were destroyed without a despawn; forgetting them
[nebula] 0 entity object(s) were destroyed without a despawn; forgetting them
[nebula] 0 entity object(s) were destroyed without a despawn; forgetting them
[nebula] 0 entity object(s) were destroyed without a despawn; forgetting them
[nebula] 0 entity object(s) were destroyed without a despawn; forgetting them
[nebula] 0 entity object(s) were destroyed without a despawn; forgetting them
[nebula] 0 entity object(s) were destroyed without a despawn; forgetting them
[nebula] 0 entity object(s) were destroyed without a despawn; forgetting them
[nebula] 0 entity object(s) were destroyed without a despawn; forgetting them
[nebula] 0 entity object(s) were destroyed without a despawn; forgetting them
[nebula] spawned Prop(Clone)#281474976710692(e1,rt_39582420697087,auth)
[nebula] 0 entity object(s) were destroyed without a despawn; forgetting them
[nebula] 0 entity object(s) were destroyed without a despawn; forgetting them
[nebula] 0 entity object(s) were destroyed without a despawn; forgetting them
[nebula] 0 entity object(s) were destroyed without a despawn; forgetting them
[nebula] 0 entity object(s) were destroyed without a despawn; forgetting them
[nebula] 0 entity object(s) were destroyed without a despawn; forgetting them
[nebula] 0 entity object(s) were destroyed without a despawn; forgetting them
[nebula] 0 entity object(s) were destroyed without a despawn; forgetting them
[nebula] 0 entity object(s) were destroyed without a despawn; forgetting them
[nebula] 0 entity object(s) were destroyed without a despawn; forgetting them
[nebula] 0 entity object(s) were destroyed without a despawn; forgetting them
[nebula] 0 entity object(s) were destroyed without a despawn; forgetting them
[nebula] 0 entity object(s) were destroyed without a despawn; forgetting them
[nebula] 0 entity object(s) were destroyed without a despawn; forgetting them
[nebula] 0 entity object(s) were destroyed without a despawn; forgetting them
[nebula] 0 entity object(s) were destroyed without a despawn; forgetting them
[nebula] 0 entity object(s) were destroyed without a despawn; forgetting them
[nebula] 0 entity object(s) were destroyed without a despawn; forgetting them
[nebula] 0 entity object(s) were destroyed without a despawn; forgetting them
[nebula] 0 entity object(s) were destroyed without a despawn; forgetting them
[nebula] 0 entity object(s) were destroyed without a despawn; forgetting them
[nebula] 0 entity object(s) were destroyed without a despawn; forgetting them
[nebula] 0 entity object(s) were destroyed without a despawn; forgetting them
[nebula] 0 entity object(s) were destroyed without a despawn; forgetting them
[nebula] 0 entity object(s) were destroyed without a despawn; forgetting them
[nebula] 0 entity object(s) were destroyed without a despawn; forgetting them
[nebula] 0 entity object(s) were destroyed without a despawn; forgetting them
[nebula] 0 entity object(s) were destroyed without a despawn; forgetting them
[nebula] 0 entity object(s) were destroyed without a despawn; forgetting them
[nebula] 0 entity object(s) were destroyed without a despawn; forgetting them
[nebula] 0 entity object(s) were destroyed without a despawn; forgetting them
[nebula] 0 entity object(s) were destroyed without a despawn; forgetting them
[nebula] 0 entity object(s) were destroyed without a despawn; forgetting them
[nebula] 0 entity object(s) were destroyed without a despawn; forgetting them
[nebula] 0 entity object(s) were destroyed without a despawn; forgetting them
[nebula] local handover Player(Clone)#844424930131970(e2,rt_43980467208191,auth) rt_39582420697087 -> rt_43980467208191
[nebula] 0 entity object(s) were destroyed without a despawn; forgetting them
[nebula] 0 entity object(s) were destroyed without a despawn; forgetting them
[nebula] 0 entity object(s) were destroyed without a despawn; forgetting them
[nebula] 0 entity object(s) were destroyed without a despawn; forgetting them
[nebula] 0 entity object(s) were destroyed without a despawn; forgetting them
[nebula] 0 entity object(s) were destroyed without a despawn; forgetting them
[nebula] 0 entity object(s) were destroyed without a despawn; forgetting them
[nebula] 0 entity object(s) were destroyed without a despawn; forgetting them
[nebula] 0 entity object(s) were destroyed without a despawn; forgetting them
[nebula] 0 entity object(s) were destroyed without a despawn; forgetting them
[nebula] 0 entity object(s) were destroyed without a despawn; forgetting them
[nebula] 0 entity object(s) were destroyed without a despawn; forgetting them
[nebula] 0 entity object(s) were destroyed without a despawn; forgetting them
[nebula] 0 entity object(s) were destroyed without a despawn; forgetting them
[nebula] 0 entity object(s) were destroyed without a despawn; forgetting them
[nebula] 0 entity object(s) were destroyed without a despawn; forgetting them
[nebula] 0 entity object(s) were destroyed without a despawn; forgetting them
[nebula] 0 entity object(s) were destroyed without a despawn; forgetting them
[nebula] 0 entity object(s) were destroyed without a despawn; forgetting them
[nebula] 0 entity object(s) were destroyed without a despawn; forgetting them
[nebula] 0 entity object(s) were destroyed without a despawn; forgetting them
[nebula] 0 entity object(s) were destroyed without a despawn; forgetting them
[nebula] 0 entity object(s) were destroyed without a despawn; forgetting them
[nebula] 0 entity object(s) were destroyed without a despawn; forgetting them
[nebula] 0 entity object(s) were destroyed without a despawn; forgetting them
[nebula] 0 entity object(s) were destroyed without a despawn; forgetting them
[nebula] 0 entity object(s) were destroyed without a despawn; forgetting them
[nebula] 0 entity object(s) were destroyed without a despawn; forgetting them
[nebula] 0 entity object(s) were destroyed without a despawn; forgetting them
[nebula] 0 entity object(s) were destroyed without a despawn; forgetting them
[nebula] 0 entity object(s) were destroyed without a despawn; forgetting them
[nebula] 0 entity object(s) were destroyed without a despawn; forgetting them
[nebula] 0 entity object(s) were destroyed without a despawn; forgetting them
[nebula] 0 entity object(s) were destroyed without a despawn; forgetting them
[nebula] 0 entity object(s) were destroyed without a despawn; forgetting them
[nebula] 0 entity object(s) were destroyed without a despawn; forgetting them
[nebula] 0 entity object(s) were destroyed without a despawn; forgetting them
[nebula] 0 entity object(s) were destroyed without a despawn; forgetting them
[nebula] 0 entity object(s) were destroyed without a despawn; forgetting them
[nebula] 0 entity object(s) were destroyed without a despawn; forgetting them
[nebula] 0 entity object(s) were destroyed without a despawn; forgetting them
[nebula] 0 entity object(s) were destroyed without a despawn; forgetting them
[nebula] 0 entity object(s) were destroyed without a despawn; forgetting them
[nebula] 0 entity object(s) were destroyed without a despawn; forgetting them
[nebula] 0 entity object(s) were destroyed without a despawn; forgetting them
[nebula] 0 entity object(s) were destroyed without a despawn; forgetting them
[nebula] 0 entity object(s) were destroyed without a despawn; forgetting them
[nebula] 0 entity object(s) were destroyed without a despawn; forgetting them
[nebula] 0 entity object(s) were destroyed without a despawn; forgetting them
[nebula] 0 entity object(s) were destroyed without a despawn; forgetting them
[nebula] 0 entity object(s) were destroyed without a despawn; forgetting them
[nebula] 0 entity object(s) were destroyed without a despawn; forgetting them
[nebula] 0 entity object(s) were destroyed without a despawn; forgetting them
[nebula] 0 entity object(s) were destroyed without a despawn; forgetting them
[nebula] 0 entity object(s) were destroyed without a despawn; forgetting them
[nebula] 0 entity object(s) were destroyed without a despawn; forgetting them
[nebula] 0 entity object(s) were destroyed without a despawn; forgetting them
[nebula] 0 entity object(s) were destroyed without a despawn; forgetting them
[nebula] 0 entity object(s) were destroyed without a despawn; forgetting them
[nebula] 0 entity object(s) were destroyed without a despawn; forgetting them
[nebula] 0 entity object(s) were destroyed without a despawn; forgetting them
[nebula] 0 entity object(s) were destroyed without a despawn; forgetting them
[nebula] 0 entity object(s) were destroyed without a despawn; forgetting them
[nebula] 0 entity object(s) were destroyed without a despawn; forgetting them
[nebula] 0 entity object(s) were destroyed without a despawn; forgetting them
[nebula] 0 entity object(s) were destroyed without a despawn; forgetting them
[nebula] 0 entity object(s) were destroyed without a despawn; forgetting them
[nebula] 0 entity object(s) were destroyed without a despawn; forgetting them
[nebula] 0 entity object(s) were destroyed without a despawn; forgetting them
[nebula] 0 entity object(s) were destroyed without a despawn; forgetting them
[nebula] 0 entity object(s) were destroyed without a despawn; forgetting them
[nebula] 0 entity object(s) were destroyed without a despawn; forgetting them
[nebula] 0 entity object(s) were destroyed without a despawn; forgetting them
[nebula] 0 entity object(s) were destroyed without a despawn; forgetting them
[nebula] 0 entity object(s) were destroyed without a despawn; forgetting them
[nebula] 0 entity object(s) were destroyed without a despawn; forgetting them
[nebula] 0 entity object(s) were destroyed without a despawn; forgetting them
[nebula] 0 entity object(s) were destroyed without a despawn; forgetting them
[nebula] 0 entity object(s) were destroyed without a despawn; forgetting them
[nebula] 0 entity object(s) were destroyed without a despawn; forgetting them
[nebula] 0 entity object(s) were destroyed without a despawn; forgetting them
[nebula] 0 entity object(s) were destroyed without a despawn; forgetting them
[nebula] 0 entity object(s) were destroyed without a despawn; forgetting them
[nebula] 0 entity object(s) were destroyed without a despawn; forgetting them
[nebula] 0 entity object(s) were destroyed without a despawn; forgetting them
[nebula] 0 entity object(s) were destroyed without a despawn; forgetting them
[nebula] 0 entity object(s) were destroyed without a despawn; forgetting them
[nebula] 0 entity object(s) were destroyed without a despawn; forgetting them
[nebula] 0 entity object(s) were destroyed without a despawn; forgetting them
[nebula] 0 entity object(s) were destroyed without a despawn; forgetting them
[nebula] 0 entity object(s) were destroyed without a despawn; forgetting them
[nebula] 0 entity object(s) were destroyed without a despawn; forgetting them
[nebula] 0 entity object(s) were destroyed without a despawn; forgetting them
[nebula] 0 entity object(s) were destroyed without a despawn; forgetting them
[nebula] 0 entity object(s) were destroyed without a despawn; forgetting them
[nebula] 0 entity object(s) were destroyed without a despawn; forgetting them
[nebula] 0 entity object(s) were destroyed without a despawn; forgetting them
[nebula] 0 entity object(s) were destroyed without a despawn; forgetting them
[nebula] 0 entity object(s) were destroyed without a despawn; forgetting them
[nebula] 0 entity object(s) were destroyed without a despawn; forgetting them
[nebula] 0 entity object(s) were destroyed without a despawn; forgetting them
[nebula] 0 entity object(s) were destroyed without a despawn; forgetting them
[nebula] 0 entity object(s) were destroyed without a despawn; forgetting them
[nebula] 0 entity object(s) were destroyed without a despawn; forgetting them
[nebula] 0 entity object(s) were destroyed without a despawn; forgetting them
[nebula] 0 entity object(s) were destroyed without a despawn; forgetting them
[nebula] 0 entity object(s) were destroyed without a despawn; forgetting them
[nebula] 0 entity object(s) were destroyed without a despawn; forgetting them
[nebula] 0 entity object(s) were destroyed without a despawn; forgetting them
[nebula] 0 entity object(s) were destroyed without a despawn; forgetting them
[nebula] 0 entity object(s) were destroyed without a despawn; forgetting them
[nebula] 0 entity object(s) were destroyed without a despawn; forgetting them
[nebula] 0 entity object(s) were destroyed without a despawn; forgetting them
[nebula] 0 entity object(s) were destroyed without a despawn; forgetting them
[nebula] 0 entity object(s) were destroyed without a despawn; forgetting them
[nebula] 0 entity object(s) were destroyed without a despawn; forgetting them
[nebula] 0 entity object(s) were destroyed without a despawn; forgetting them
[nebula] 0 entity object(s) were destroyed without a despawn; forgetting them
[nebula] 0 entity object(s) were destroyed without a despawn; forgetting them
[nebula] 0 entity object(s) were destroyed without a despawn; forgetting them
[nebula] 0 entity object(s) were destroyed without a despawn; forgetting them
[nebula] 0 entity object(s) were destroyed without a despawn; forgetting them
[nebula] 0 entity object(s) were destroyed without a despawn; forgetting them
[nebula] 0 entity object(s) were destroyed without a despawn; forgetting them
[nebula] 0 entity object(s) were destroyed without a despawn; forgetting them
[nebula] 0 entity object(s) were destroyed without a despawn; forgetting them
[nebula] 0 entity object(s) were destroyed without a despawn; forgetting them
[nebula] 0 entity object(s) were destroyed without a despawn; forgetting them
[nebula] 0 entity object(s) were destroyed without a despawn; forgetting them
[nebula] 0 entity object(s) were destroyed without a despawn; forgetting them
[nebula] 0 entity object(s) were destroyed without a despawn; forgetting them
[nebula] 0 entity object(s) were destroyed without a despawn; forgetting them
[nebula] 0 entity object(s) were destroyed without a despawn; forgetting them
[nebula] 0 entity object(s) were destroyed without a despawn; forgetting them
[nebula] 0 entity object(s) were destroyed without a despawn; forgetting them
[nebula] 0 entity object(s) were destroyed without a despawn; forgetting them
[nebula] 0 entity object(s) were destroyed without a despawn; forgetting them
[nebula] 0 entity object(s) were destroyed without a despawn; forgetting them
[nebula] 0 entity object(s) were destroyed without a despawn; forgetting them
[nebula] 0 entity object(s) were destroyed without a despawn; forgetting them
[nebula] 0 entity object(s) were destroyed without a despawn; forgetting them
[nebula] 0 entity object(s) were destroyed without a despawn; forgetting them
[nebula] 0 entity object(s) were destroyed without a despawn; forgetting them
[nebula] 0 entity object(s) were destroyed without a despawn; forgetting them
[nebula] 0 entity object(s) were destroyed without a despawn; forgetting them
[nebula] spawned Prop(Clone)#281474976710693(e1,rt_43980467208191,auth)
[nebula] 0 entity object(s) were destroyed without a despawn; forgetting them
[nebula] 0 entity object(s) were destroyed without a despawn; forgetting them
[nebula] 0 entity object(s) were destroyed without a despawn; forgetting them
[nebula] 0 entity object(s) were destroyed without a despawn; forgetting them
[nebula] 0 entity object(s) were destroyed without a despawn; forgetting them
[nebula] 0 entity object(s) were destroyed without a despawn; forgetting them
[nebula] 0 entity object(s) were destroyed without a despawn; forgetting them
[nebula] 0 entity object(s) were destroyed without a despawn; forgetting them
[nebula] 0 entity object(s) were destroyed without a despawn; forgetting them
[nebula] 0 entity object(s) were destroyed without a despawn; forgetting them
[nebula] 0 entity object(s) were destroyed without a despawn; forgetting them
[nebula] 0 entity object(s) were destroyed without a despawn; forgetting them
[nebula] 0 entity object(s) were destroyed without a despawn; forgetting them
[nebula] 0 entity object(s) were destroyed without a despawn; forgetting them
[nebula] 0 entity object(s) were destroyed without a despawn; forgetting them
[nebula] 0 entity object(s) were destroyed without a despawn; forgetting them
[nebula] 0 entity object(s) were destroyed without a despawn; forgetting them
[nebula] 0 entity object(s) were destroyed without a despawn; forgetting them
[nebula] 0 entity object(s) were destroyed without a despawn; forgetting them
[nebula] 0 entity object(s) were destroyed without a despawn; forgetting them
[nebula] 0 entity object(s) were destroyed without a despawn; forgetting them
[nebula] 0 entity object(s) were destroyed without a despawn; forgetting them
[nebula] 0 entity object(s) were destroyed without a despawn; forgetting them
[nebula] 0 entity object(s) were destroyed without a despawn; forgetting them
[nebula] 0 entity object(s) were destroyed without a despawn; forgetting them
[nebula] 0 entity object(s) were destroyed without a despawn; forgetting them
[nebula] 0 entity object(s) were destroyed without a despawn; forgetting them
[nebula] 0 entity object(s) were destroyed without a despawn; forgetting them
[nebula] 0 entity object(s) were destroyed without a despawn; forgetting them
[nebula] 0 entity object(s) were destroyed without a despawn; forgetting them
[nebula] 0 entity object(s) were destroyed without a despawn; forgetting them
[nebula] 0 entity object(s) were destroyed without a despawn; forgetting them
[nebula] 0 entity object(s) were destroyed without a despawn; forgetting them
[nebula] 0 entity object(s) were destroyed without a despawn; forgetting them
[nebula] 0 entity object(s) were destroyed without a despawn; forgetting them
[nebula] 0 entity object(s) were destroyed without a despawn; forgetting them
[nebula] 0 entity object(s) were destroyed without a despawn; forgetting them
[nebula] 0 entity object(s) were destroyed without a despawn; forgetting them
[nebula] 0 entity object(s) were destroyed without a despawn; forgetting them
[nebula] 0 entity object(s) were destroyed without a despawn; forgetting them
[nebula] 0 entity object(s) were destroyed without a despawn; forgetting them
[nebula] 0 entity object(s) were destroyed without a despawn; forgetting them
[nebula] 0 entity object(s) were destroyed without a despawn; forgetting them
[nebula] 0 entity object(s) were destroyed without a despawn; forgetting them
[nebula] 0 entity object(s) were destroyed without a despawn; forgetting them
[nebula] 0 entity object(s) were destroyed without a despawn; forgetting them
[nebula] 0 entity object(s) were destroyed without a despawn; forgetting them
[nebula] 0 entity object(s) were destroyed without a despawn; forgetting them
[nebula] 0 entity object(s) were destroyed without a despawn; forgetting them
[nebula] 0 entity object(s) were destroyed without a despawn; forgetting them
[nebula] 0 entity object(s) were destroyed without a despawn; forgetting them
[nebula] 0 entity object(s) were destroyed without a despawn; forgetting them
[nebula] 0 entity object(s) were destroyed without a despawn; forgetting them
[nebula] 0 entity object(s) were destroyed without a despawn; forgetting them
[nebula] 0 entity object(s) were destroyed without a despawn; forgetting them
[nebula] 0 entity object(s) were destroyed without a despawn; forgetting them
[nebula] 0 entity object(s) were destroyed without a despawn; forgetting them
[nebula] 0 entity object(s) were destroyed without a despawn; forgetting them
[nebula] 0 entity object(s) were destroyed without a despawn; forgetting them
[nebula] 0 entity object(s) were destroyed without a despawn; forgetting them
[nebula] 0 entity object(s) were destroyed without a despawn; forgetting them
[nebula] 0 entity object(s) were destroyed without a despawn; forgetting them
[nebula] 0 entity object(s) were destroyed without a despawn; forgetting them
[nebula] 0 entity object(s) were destroyed without a despawn; forgetting them
[nebula] 0 entity object(s) were destroyed without a despawn; forgetting them
[nebula] 0 entity object(s) were destroyed without a despawn; forgetting them
[nebula] 0 entity object(s) were destroyed without a despawn; forgetting them
[nebula] 0 entity object(s) were destroyed without a despawn; forgetting them
[nebula] 0 entity object(s) were destroyed without a despawn; forgetting them
[nebula] 0 entity object(s) were destroyed without a despawn; forgetting them
[nebula] 0 entity object(s) were destroyed without a despawn; forgetting them
[nebula] 0 entity object(s) were destroyed without a despawn; forgetting them
[nebula] 0 entity object(s) were destroyed without a despawn; forgetting them
[nebula] 0 entity object(s) were destroyed without a despawn; forgetting them
[nebula] 0 entity object(s) were destroyed without a despawn; forgetting them
[nebula] 0 entity object(s) were destroyed without a despawn; forgetting them
[nebula] 0 entity object(s) were destroyed without a despawn; forgetting them
[nebula] 0 entity object(s) were destroyed without a despawn; forgetting them
[nebula] 0 entity object(s) were destroyed without a despawn; forgetting them
[nebula] 0 entity object(s) were destroyed without a despawn; forgetting them
[nebula] 0 entity object(s) were destroyed without a despawn; forgetting them
[nebula] 0 entity object(s) were destroyed without a despawn; forgetting them
[nebula] 0 entity object(s) were destroyed without a despawn; forgetting them
[nebula] 0 entity object(s) were destroyed without a despawn; forgetting them
[nebula] 0 entity object(s) were destroyed without a despawn; forgetting them
[nebula] 0 entity object(s) were destroyed without a despawn; forgetting them
[nebula] 0 entity object(s) were destroyed without a despawn; forgetting them
[nebula] 0 entity object(s) were destroyed without a despawn; forgetting them
[nebula] 0 entity object(s) were destroyed without a despawn; forgetting them
[nebula] 0 entity object(s) were destroyed without a despawn; forgetting them
[nebula] 0 entity object(s) were destroyed without a despawn; forgetting them
[nebula] profile 300 ticks/5s 300 frames avg 0.7ms max 1.1ms dup 0 skip 0 gc 33 auth 26 ghosts 0 | poll=0.01 ghosts=0.00 physics.sync=0.00 simulate=0.01 poses=0.04 containers=0.52 band=0.02 publish=0.02 gap=15.92 interest=0.01
[nebula] 0 entity object(s) were destroyed without a despawn; forgetting them
[nebula] 0 entity object(s) were destroyed without a despawn; forgetting them
[nebula] 0 entity object(s) were destroyed without a despawn; forgetting them
[nebula] 0 entity object(s) were destroyed without a despawn; forgetting them
[nebula] 0 entity object(s) were destroyed without a despawn; forgetting them
[nebula] 0 entity object(s) were destroyed without a despawn; forgetting them
[nebula] 0 entity object(s) were destroyed without a despawn; forgetting them
[nebula] 0 entity object(s) were destroyed without a despawn; forgetting them
[nebula] 0 entity object(s) were destroyed without a despawn; forgetting them
[nebula] 0 entity object(s) were destroyed without a despawn; forgetting them
[nebula] 0 entity object(s) were destroyed without a despawn; forgetting them
[nebula] 0 entity object(s) were destroyed without a despawn; forgetting them
[nebula] 0 entity object(s) were destroyed without a despawn; forgetting them
[nebula] 0 entity object(s) were destroyed without a despawn; forgetting them
[nebula] 0 entity object(s) were destroyed without a despawn; forgetting them
[nebula] 0 entity object(s) were destroyed without a despawn; forgetting them
[nebula] 0 entity object(s) were destroyed without a despawn; forgetting them
[nebula] 0 entity object(s) were destroyed without a despawn; forgetting them
[nebula] 0 entity object(s) were destroyed without a despawn; forgetting them
[nebula] 0 entity object(s) were destroyed without a despawn; forgetting them
[nebula] 0 entity object(s) were destroyed without a despawn; forgetting them
[nebula] 0 entity object(s) were destroyed without a despawn; forgetting them
[nebula] 0 entity object(s) were destroyed without a despawn; forgetting them
[nebula] 0 entity object(s) were destroyed without a despawn; forgetting them
[nebula] 0 entity object(s) were destroyed without a despawn; forgetting them
[nebula] 0 entity object(s) were destroyed without a despawn; forgetting them
[nebula] 0 entity object(s) were destroyed without a despawn; forgetting them
[nebula] 0 entity object(s) were destroyed without a despawn; forgetting them
[nebula] 0 entity object(s) were destroyed without a despawn; forgetting them
[nebula] 0 entity object(s) were destroyed without a despawn; forgetting them
[nebula] 0 entity object(s) were destroyed without a despawn; forgetting them
[nebula] 0 entity object(s) were destroyed without a despawn; forgetting them
[nebula] 0 entity object(s) were destroyed without a despawn; forgetting them
[nebula] 0 entity object(s) were destroyed without a despawn; forgetting them
[nebula] 0 entity object(s) were destroyed without a despawn; forgetting them
[nebula] 0 entity object(s) were destroyed without a despawn; forgetting them
[nebula] 0 entity object(s) were destroyed without a despawn; forgetting them
[nebula] 0 entity object(s) were destroyed without a despawn; forgetting them
[nebula] 0 entity object(s) were destroyed without a despawn; forgetting them
[nebula] 0 entity object(s) were destroyed without a despawn; forgetting them
[nebula] 0 entity object(s) were destroyed without a despawn; forgetting them
[nebula] 0 entity object(s) were destroyed without a despawn; forgetting them
[nebula] 0 entity object(s) were destroyed without a despawn; forgetting them
[nebula] 0 entity object(s) were destroyed without a despawn; forgetting them
[nebula] 0 entity object(s) were destroyed without a despawn; forgetting them
[nebula] 0 entity object(s) were destroyed without a despawn; forgetting them
[nebula] 0 entity object(s) were destroyed without a despawn; forgetting them
[nebula] 0 entity object(s) were destroyed without a despawn; forgetting them
[nebula] 0 entity object(s) were destroyed without a despawn; forgetting them
[nebula] 0 entity object(s) were destroyed without a despawn; forgetting them
[nebula] 0 entity object(s) were destroyed without a despawn; forgetting them
[nebula] 0 entity object(s) were destroyed without a despawn; forgetting them
[nebula] 0 entity object(s) were destroyed without a despawn; forgetting them
[nebula] 0 entity object(s) were destroyed without a despawn; forgetting them
[nebula] 0 entity object(s) were destroyed without a despawn; forgetting them
[nebula] 0 entity object(s) were destroyed without a despawn; forgetting them
[nebula] 0 entity object(s) were destroyed without a despawn; forgetting them
[nebula] 0 entity object(s) were destroyed without a despawn; forgetting them
[nebula] 0 entity object(s) were destroyed without a despawn; forgetting them
[nebula] 0 entity object(s) were destroyed without a despawn; forgetting them
[nebula] 0 entity object(s) were destroyed without a despawn; forgetting them
[nebula] 0 entity object(s) were destroyed without a despawn; forgetting them
[nebula] 0 entity object(s) were destroyed without a despawn; forgetting them
[nebula] 0 entity object(s) were destroyed without a despawn; forgetting them
[nebula] 0 entity object(s) were destroyed without a despawn; forgetting them
[nebula] 0 entity object(s) were destroyed without a despawn; forgetting them
[nebula] 0 entity object(s) were destroyed without a despawn; forgetting them
[nebula] 0 entity object(s) were destroyed without a despawn; forgetting them
[nebula] 0 entity object(s) were destroyed without a despawn; forgetting them
[nebula] 0 entity object(s) were destroyed without a despawn; forgetting them
[nebula] 0 entity object(s) were destroyed without a despawn; forgetting them
[nebula] 0 entity object(s) were destroyed without a despawn; forgetting them
[nebula] 0 entity object(s) were destroyed without a despawn; forgetting them
[nebula] 0 entity object(s) were destroyed without a despawn; forgetting them
[nebula] 0 entity object(s) were destroyed without a despawn; forgetting them
[nebula] 0 entity object(s) were destroyed without a despawn; forgetting them
[nebula] 0 entity object(s) were destroyed without a despawn; forgetting them
[nebula] 0 entity object(s) were destroyed without a despawn; forgetting them
[nebula] 0 entity object(s) were destroyed without a despawn; forgetting them
[nebula] 0 entity object(s) were destroyed without a despawn; forgetting them
[nebula] 0 entity object(s) were destroyed without a despawn; forgetting them
[nebula] 0 entity object(s) were destroyed without a despawn; forgetting them
[nebula] 0 entity object(s) were destroyed without a despawn; forgetting them
[nebula] 0 entity object(s) were destroyed without a despawn; forgetting them
[nebula] 0 entity object(s) were destroyed without a despawn; forgetting them
[nebula] 0 entity object(s) were destroyed without a despawn; forgetting them
[nebula] 0 entity object(s) were destroyed without a despawn; forgetting them
[nebula] 0 entity object(s) were destroyed without a despawn; forgetting them
[nebula] 0 entity object(s) were destroyed without a despawn; forgetting them
[nebula] spawned Prop(Clone)#281474976710694(e1,rt_43980467208191,auth)
[nebula] 0 entity object(s) were destroyed without a despawn; forgetting them
[nebula] 0 entity object(s) were destroyed without a despawn; forgetting them
[nebula] 0 entity object(s) were destroyed without a despawn; forgetting them
[nebula] 0 entity object(s) were destroyed without a despawn; forgetting them
[nebula] 0 entity object(s) were destroyed without a despawn; forgetting them
[nebula] 0 entity object(s) were destroyed without a despawn; forgetting them
[nebula] 0 entity object(s) were destroyed without a despawn; forgetting them
[nebula] 0 entity object(s) were destroyed without a despawn; forgetting them
[nebula] 0 entity object(s) were destroyed without a despawn; forgetting them
[nebula] 0 entity object(s) were destroyed without a despawn; forgetting them
[nebula] 0 entity object(s) were destroyed without a despawn; forgetting them
[nebula] 0 entity object(s) were destroyed without a despawn; forgetting them
[nebula] 0 entity object(s) were destroyed without a despawn; forgetting them
[nebula] 0 entity object(s) were destroyed without a despawn; forgetting them
[nebula] 0 entity object(s) were destroyed without a despawn; forgetting them
[nebula] 0 entity object(s) were destroyed without a despawn; forgetting them
[nebula] 0 entity object(s) were destroyed without a despawn; forgetting them
[nebula] 0 entity object(s) were destroyed without a despawn; forgetting them
[nebula] 0 entity object(s) were destroyed without a despawn; forgetting them
[nebula] 0 entity object(s) were destroyed without a despawn; forgetting them
[nebula] 0 entity object(s) were destroyed without a despawn; forgetting them
[nebula] 0 entity object(s) were destroyed without a despawn; forgetting them
[nebula] 0 entity object(s) were destroyed without a despawn; forgetting them
[nebula] 0 entity object(s) were destroyed without a despawn; forgetting them
[nebula] 0 entity object(s) were destroyed without a despawn; forgetting them
[nebula] 0 entity object(s) were destroyed without a despawn; forgetting them
[nebula] 0 entity object(s) were destroyed without a despawn; forgetting them
[nebula] 0 entity object(s) were destroyed without a despawn; forgetting them
[nebula] 0 entity object(s) were destroyed without a despawn; forgetting them
[nebula] 0 entity object(s) were destroyed without a despawn; forgetting them
[nebula] 0 entity object(s) were destroyed without a despawn; forgetting them
[nebula] 0 entity object(s) were destroyed without a despawn; forgetting them
[nebula] 0 entity object(s) were destroyed without a despawn; forgetting them
[nebula] 0 entity object(s) were destroyed without a despawn; forgetting them
[nebula] 0 entity object(s) were destroyed without a despawn; forgetting them
[nebula] 0 entity object(s) were destroyed without a despawn; forgetting them
[nebula] 0 entity object(s) were destroyed without a despawn; forgetting them
[nebula] 0 entity object(s) were destroyed without a despawn; forgetting them
[nebula] 0 entity object(s) were destroyed without a despawn; forgetting them
[nebula] 0 entity object(s) were destroyed without a despawn; forgetting them
[nebula] 0 entity object(s) were destroyed without a despawn; forgetting them
[nebula] 0 entity object(s) were destroyed without a despawn; forgetting them
[nebula] 0 entity object(s) were destroyed without a despawn; forgetting them
[nebula] 0 entity object(s) were destroyed without a despawn; forgetting them
[nebula] 0 entity object(s) were destroyed without a despawn; forgetting them
[nebula] 0 entity object(s) were destroyed without a despawn; forgetting them
[nebula] 0 entity object(s) were destroyed without a despawn; forgetting them
[nebula] 0 entity object(s) were destroyed without a despawn; forgetting them
[nebula] 0 entity object(s) were destroyed without a despawn; forgetting them
[nebula] 0 entity object(s) were destroyed without a despawn; forgetting them
[nebula] 0 entity object(s) were destroyed without a despawn; forgetting them
[nebula] 0 entity object(s) were destroyed without a despawn; forgetting them
[nebula] 0 entity object(s) were destroyed without a despawn; forgetting them
[nebula] 0 entity object(s) were destroyed without a despawn; forgetting them
[nebula] 0 entity object(s) were destroyed without a despawn; forgetting them
[nebula] 0 entity object(s) were destroyed without a despawn; forgetting them
[nebula] 0 entity object(s) were destroyed without a despawn; forgetting them
[nebula] 0 entity object(s) were destroyed without a despawn; forgetting them
[nebula] 0 entity object(s) were destroyed without a despawn; forgetting them
[nebula] 0 entity object(s) were destroyed without a despawn; forgetting them
[nebula] 0 entity object(s) were destroyed without a despawn; forgetting them
[nebula] 0 entity object(s) were destroyed without a despawn; forgetting them
[nebula] 0 entity object(s) were destroyed without a despawn; forgetting them
[nebula] 0 entity object(s) were destroyed without a despawn; forgetting them
[nebula] 0 entity object(s) were destroyed without a despawn; forgetting them
[nebula] 0 entity object(s) were destroyed without a despawn; forgetting them
[nebula] 0 entity object(s) were destroyed without a despawn; forgetting them
[nebula] 0 entity object(s) were destroyed without a despawn; forgetting them
[nebula] 0 entity object(s) were destroyed without a despawn; forgetting them
[nebula] 0 entity object(s) were destroyed without a despawn; forgetting them
[nebula] 0 entity object(s) were destroyed without a despawn; forgetting them
[nebula] 0 entity object(s) were destroyed without a despawn; forgetting them
[nebula] 0 entity object(s) were destroyed without a despawn; forgetting them
[nebula] 0 entity object(s) were destroyed without a despawn; forgetting them
[nebula] 0 entity object(s) were destroyed without a despawn; forgetting them
[nebula] 0 entity object(s) were destroyed without a despawn; forgetting them
[nebula] 0 entity object(s) were destroyed without a despawn; forgetting them
[nebula] 0 entity object(s) were destroyed without a despawn; forgetting them
[nebula] 0 entity object(s) were destroyed without a despawn; forgetting them
[nebula] 0 entity object(s) were destroyed without a despawn; forgetting them
[nebula] 0 entity object(s) were destroyed without a despawn; forgetting them
[nebula] 0 entity object(s) were destroyed without a despawn; forgetting them
[nebula] 0 entity object(s) were destroyed without a despawn; forgetting them
[nebula] 0 entity object(s) were destroyed without a despawn; forgetting them
[nebula] 0 entity object(s) were destroyed without a despawn; forgetting them
[nebula] 0 entity object(s) were destroyed without a despawn; forgetting them
[nebula] 0 entity object(s) were destroyed without a despawn; forgetting them
[nebula] 0 entity object(s) were destroyed without a despawn; forgetting them
[nebula] 0 entity object(s) were destroyed without a despawn; forgetting them
[nebula] 0 entity object(s) were destroyed without a despawn; forgetting them
[nebula] 0 entity object(s) were destroyed without a despawn; forgetting them
[nebula] 0 entity object(s) were destroyed without a despawn; forgetting them
[nebula] 0 entity object(s) were destroyed without a despawn; forgetting them
[nebula] 0 entity object(s) were destroyed without a despawn; forgetting them
[nebula] 0 entity object(s) were destroyed without a despawn; forgetting them
[nebula] 0 entity object(s) were destroyed without a despawn; forgetting them
[nebula] 0 entity object(s) were destroyed without a despawn; forgetting them
[nebula] 0 entity object(s) were destroyed without a despawn; forgetting them
[nebula] 0 entity object(s) were destroyed without a despawn; forgetting them
[nebula] 0 entity object(s) were destroyed without a despawn; forgetting them
[nebula] 0 entity object(s) were destroyed without a despawn; forgetting them
[nebula] 0 entity object(s) were destroyed without a despawn; forgetting them
[nebula] 0 entity object(s) were destroyed without a despawn; forgetting them
[nebula] 0 entity object(s) were destroyed without a despawn; forgetting them
[nebula] 0 entity object(s) were destroyed without a despawn; forgetting them
[nebula] 0 entity object(s) were destroyed without a despawn; forgetting them
[nebula] 0 entity object(s) were destroyed without a despawn; forgetting them
[nebula] 0 entity object(s) were destroyed without a despawn; forgetting them
[nebula] 0 entity object(s) were destroyed without a despawn; forgetting them
[nebula] 0 entity object(s) were destroyed without a despawn; forgetting them
[nebula] 0 entity object(s) were destroyed without a despawn; forgetting them
[nebula] 0 entity object(s) were destroyed without a despawn; forgetting them
[nebula] 0 entity object(s) were destroyed without a despawn; forgetting them
[nebula] 0 entity object(s) were destroyed without a despawn; forgetting them
[nebula] 0 entity object(s) were destroyed without a despawn; forgetting them
[nebula] 0 entity object(s) were destroyed without a despawn; forgetting them
[nebula] 0 entity object(s) were destroyed without a despawn; forgetting them
[nebula] 0 entity object(s) were destroyed without a despawn; forgetting them
[nebula] 0 entity object(s) were destroyed without a despawn; forgetting them
[nebula] 0 entity object(s) were destroyed without a despawn; forgetting them
[nebula] 0 entity object(s) were destroyed without a despawn; forgetting them
[nebula] 0 entity object(s) were destroyed without a despawn; forgetting them
[nebula] 0 entity object(s) were destroyed without a despawn; forgetting them
[nebula] 0 entity object(s) were destroyed without a despawn; forgetting them
[nebula] 0 entity object(s) were destroyed without a despawn; forgetting them
[nebula] 0 entity object(s) were destroyed without a despawn; forgetting them
[nebula] 0 entity object(s) were destroyed without a despawn; forgetting them
[nebula] 0 entity object(s) were destroyed without a despawn; forgetting them
[nebula] 0 entity object(s) were destroyed without a despawn; forgetting them
[nebula] 0 entity object(s) were destroyed without a despawn; forgetting them
[nebula] 0 entity object(s) were destroyed without a despawn; forgetting them
[nebula] 0 entity object(s) were destroyed without a despawn; forgetting them
[nebula] 0 entity object(s) were destroyed without a despawn; forgetting them
[nebula] 0 entity object(s) were destroyed without a despawn; forgetting them
[nebula] 0 entity object(s) were destroyed without a despawn; forgetting them
[nebula] 0 entity object(s) were destroyed without a despawn; forgetting them
[nebula] 0 entity object(s) were destroyed without a despawn; forgetting them
[nebula] 0 entity object(s) were destroyed without a despawn; forgetting them
[nebula] 0 entity object(s) were destroyed without a despawn; forgetting them
[nebula] 0 entity object(s) were destroyed without a despawn; forgetting them
[nebula] 0 entity object(s) were destroyed without a despawn; forgetting them
[nebula] 0 entity object(s) were destroyed without a despawn; forgetting them
[nebula] 0 entity object(s) were destroyed without a despawn; forgetting them
[nebula] 0 entity object(s) were destroyed without a despawn; forgetting them
[nebula] 0 entity object(s) were destroyed without a despawn; forgetting them
[nebula] 0 entity object(s) were destroyed without a despawn; forgetting them
[nebula] 0 entity object(s) were destroyed without a despawn; forgetting them
[nebula] 0 entity object(s) were destroyed without a despawn; forgetting them
[nebula] 0 entity object(s) were destroyed without a despawn; forgetting them
[nebula] 0 entity object(s) were destroyed without a despawn; forgetting them
[nebula] 0 entity object(s) were destroyed without a despawn; forgetting them
[nebula] 0 entity object(s) were destroyed without a despawn; forgetting them
[nebula] 0 entity object(s) were destroyed without a despawn; forgetting them
[nebula] 0 entity object(s) were destroyed without a despawn; forgetting them
[nebula] 0 entity object(s) were destroyed without a despawn; forgetting them
[nebula] 0 entity object(s) were destroyed without a despawn; forgetting them
[nebula] 0 entity object(s) were destroyed without a despawn; forgetting them
[nebula] 0 entity object(s) were destroyed without a despawn; forgetting them
[nebula] 0 entity object(s) were destroyed without a despawn; forgetting them
[nebula] 0 entity object(s) were destroyed without a despawn; forgetting them
[nebula] 0 entity object(s) were destroyed without a despawn; forgetting them
[nebula] 0 entity object(s) were destroyed without a despawn; forgetting them
[nebula] 0 entity object(s) were destroyed without a despawn; forgetting them
[nebula] 0 entity object(s) were destroyed without a despawn; forgetting them
[nebula] 0 entity object(s) were destroyed without a despawn; forgetting them
[nebula] 0 entity object(s) were destroyed without a despawn; forgetting them
[nebula] 0 entity object(s) were destroyed without a despawn; forgetting them
[nebula] 0 entity object(s) were destroyed without a despawn; forgetting them
[nebula] 0 entity object(s) were destroyed without a despawn; forgetting them
[nebula] 0 entity object(s) were destroyed without a despawn; forgetting them
[nebula] 0 entity object(s) were destroyed without a despawn; forgetting them
[nebula] 0 entity object(s) were destroyed without a despawn; forgetting them
[nebula] 0 entity object(s) were destroyed without a despawn; forgetting them
[nebula] 0 entity object(s) were destroyed without a despawn; forgetting them
[nebula] 0 entity object(s) were destroyed without a despawn; forgetting them
[nebula] 0 entity object(s) were destroyed without a despawn; forgetting them
[nebula] 0 entity object(s) were destroyed without a despawn; forgetting them
[nebula] 0 entity object(s) were destroyed without a despawn; forgetting them
[nebula] 0 entity object(s) were destroyed without a despawn; forgetting them
[nebula] 0 entity object(s) were destroyed without a despawn; forgetting them
[nebula] spawned Prop(Clone)#281474976710695(e1,rt_43980467208191,auth)
[nebula] 0 entity object(s) were destroyed without a despawn; forgetting them
[nebula] 0 entity object(s) were destroyed without a despawn; forgetting them
[nebula] 0 entity object(s) were destroyed without a despawn; forgetting them
[nebula] 0 entity object(s) were destroyed without a despawn; forgetting them
[nebula] 0 entity object(s) were destroyed without a despawn; forgetting them
[nebula] 0 entity object(s) were destroyed without a despawn; forgetting them
[nebula] 0 entity object(s) were destroyed without a despawn; forgetting them
[nebula] 0 entity object(s) were destroyed without a despawn; forgetting them
[nebula] 0 entity object(s) were destroyed without a despawn; forgetting them
[nebula] 0 entity object(s) were destroyed without a despawn; forgetting them
[nebula] 0 entity object(s) were destroyed without a despawn; forgetting them
[nebula] 0 entity object(s) were destroyed without a despawn; forgetting them
[nebula] 0 entity object(s) were destroyed without a despawn; forgetting them
[nebula] 0 entity object(s) were destroyed without a despawn; forgetting them
[nebula] 0 entity object(s) were destroyed without a despawn; forgetting them
[nebula] 0 entity object(s) were destroyed without a despawn; forgetting them
[nebula] 0 entity object(s) were destroyed without a despawn; forgetting them
[nebula] 0 entity object(s) were destroyed without a despawn; forgetting them
[nebula] 0 entity object(s) were destroyed without a despawn; forgetting them
[nebula] 0 entity object(s) were destroyed without a despawn; forgetting them
[nebula] 0 entity object(s) were destroyed without a despawn; forgetting them
[nebula] 0 entity object(s) were destroyed without a despawn; forgetting them
[nebula] 0 entity object(s) were destroyed without a despawn; forgetting them
[nebula] 0 entity object(s) were destroyed without a despawn; forgetting them
[nebula] 0 entity object(s) were destroyed without a despawn; forgetting them
[nebula] 0 entity object(s) were destroyed without a despawn; forgetting them
[nebula] 0 entity object(s) were destroyed without a despawn; forgetting them
[nebula] 0 entity object(s) were destroyed without a despawn; forgetting them
[nebula] 0 entity object(s) were destroyed without a despawn; forgetting them
[nebula] 0 entity object(s) were destroyed without a despawn; forgetting them
[nebula] 0 entity object(s) were destroyed without a despawn; forgetting them
[nebula] profile 300 ticks/5s 300 frames avg 0.8ms max 1.2ms dup 0 skip 0 gc 28 auth 28 ghosts 0 | poll=0.01 ghosts=0.00 physics.sync=0.00 simulate=0.01 poses=0.04 containers=0.56 band=0.02 publish=0.02 gap=15.90 interest=0.01
[nebula] 0 entity object(s) were destroyed without a despawn; forgetting them
[nebula] 0 entity object(s) were destroyed without a despawn; forgetting them
[nebula] 0 entity object(s) were destroyed without a despawn; forgetting them
[nebula] 0 entity object(s) were destroyed without a despawn; forgetting them
[nebula] 0 entity object(s) were destroyed without a despawn; forgetting them
[nebula] 0 entity object(s) were destroyed without a despawn; forgetting them
[nebula] 0 entity object(s) were destroyed without a despawn; forgetting them
[nebula] 0 entity object(s) were destroyed without a despawn; forgetting them
[nebula] 0 entity object(s) were destroyed without a despawn; forgetting them
[nebula] 0 entity object(s) were destroyed without a despawn; forgetting them
[nebula] 0 entity object(s) were destroyed without a despawn; forgetting them
[nebula] 0 entity object(s) were destroyed without a despawn; forgetting them
[nebula] 0 entity object(s) were destroyed without a despawn; forgetting them
[nebula] 0 entity object(s) were destroyed without a despawn; forgetting them
[nebula] 0 entity object(s) were destroyed without a despawn; forgetting them
[nebula] 0 entity object(s) were destroyed without a despawn; forgetting them
[nebula] 0 entity object(s) were destroyed without a despawn; forgetting them
[nebula] 0 entity object(s) were destroyed without a despawn; forgetting them
[nebula] 0 entity object(s) were destroyed without a despawn; forgetting them
[nebula] 0 entity object(s) were destroyed without a despawn; forgetting them
[nebula] 0 entity object(s) were destroyed without a despawn; forgetting them
[nebula] 0 entity object(s) were destroyed without a despawn; forgetting them
[nebula] 0 entity object(s) were destroyed without a despawn; forgetting them
[nebula] 0 entity object(s) were destroyed without a despawn; forgetting them
[nebula] 0 entity object(s) were destroyed without a despawn; forgetting them
[nebula] 0 entity object(s) were destroyed without a despawn; forgetting them
[nebula] 0 entity object(s) were destroyed without a despawn; forgetting them
[nebula] 0 entity object(s) were destroyed without a despawn; forgetting them
[nebula] 0 entity object(s) were destroyed without a despawn; forgetting them
[nebula] 0 entity object(s) were destroyed without a despawn; forgetting them
[nebula] 0 entity object(s) were destroyed without a despawn; forgetting them
[nebula] 0 entity object(s) were destroyed without a despawn; forgetting them
[nebula] 0 entity object(s) were destroyed without a despawn; forgetting them
[nebula] 0 entity object(s) were destroyed without a despawn; forgetting them
[nebula] 0 entity object(s) were destroyed without a despawn; forgetting them
[nebula] 0 entity object(s) were destroyed without a despawn; forgetting them
[nebula] 0 entity object(s) were destroyed without a despawn; forgetting them
[nebula] 0 entity object(s) were destroyed without a despawn; forgetting them
[nebula] 0 entity object(s) were destroyed without a despawn; forgetting them
[nebula] 0 entity object(s) were destroyed without a despawn; forgetting them
[nebula] 0 entity object(s) were destroyed without a despawn; forgetting them
[nebula] 0 entity object(s) were destroyed without a despawn; forgetting them
[nebula] 0 entity object(s) were destroyed without a despawn; forgetting them
[nebula] 0 entity object(s) were destroyed without a despawn; forgetting them
[nebula] 0 entity object(s) were destroyed without a despawn; forgetting them
[nebula] 0 entity object(s) were destroyed without a despawn; forgetting them
[nebula] 0 entity object(s) were destroyed without a despawn; forgetting them
[nebula] 0 entity object(s) were destroyed without a despawn; forgetting them
[nebula] 0 entity object(s) were destroyed without a despawn; forgetting them
[nebula] 0 entity object(s) were destroyed without a despawn; forgetting them
[nebula] 0 entity object(s) were destroyed without a despawn; forgetting them
[nebula] 0 entity object(s) were destroyed without a despawn; forgetting them
[nebula] 0 entity object(s) were destroyed without a despawn; forgetting them
[nebula] 0 entity object(s) were destroyed without a despawn; forgetting them
[nebula] 0 entity object(s) were destroyed without a despawn; forgetting them
[nebula] 0 entity object(s) were destroyed without a despawn; forgetting them
[nebula] 0 entity object(s) were destroyed without a despawn; forgetting them
[nebula] 0 entity object(s) were destroyed without a despawn; forgetting them
[nebula] 0 entity object(s) were destroyed without a despawn; forgetting them
[nebula] 0 entity object(s) were destroyed without a despawn; forgetting them
[nebula] 0 entity object(s) were destroyed without a despawn; forgetting them
[nebula] 0 entity object(s) were destroyed without a despawn; forgetting them
[nebula] 0 entity object(s) were destroyed without a despawn; forgetting them
[nebula] 0 entity object(s) were destroyed without a despawn; forgetting them
[nebula] 0 entity object(s) were destroyed without a despawn; forgetting them
[nebula] 0 entity object(s) were destroyed without a despawn; forgetting them
[nebula] 0 entity object(s) were destroyed without a despawn; forgetting them
[nebula] 0 entity object(s) were destroyed without a despawn; forgetting them
[nebula] 0 entity object(s) were destroyed without a despawn; forgetting them
[nebula] 0 entity object(s) were destroyed without a despawn; forgetting them
[nebula] 0 entity object(s) were destroyed without a despawn; forgetting them
[nebula] 0 entity object(s) were destroyed without a despawn; forgetting them
[nebula] 0 entity object(s) were destroyed without a despawn; forgetting them
[nebula] 0 entity object(s) were destroyed without a despawn; forgetting them
[nebula] 0 entity object(s) were destroyed without a despawn; forgetting them
[nebula] 0 entity object(s) were destroyed without a despawn; forgetting them
[nebula] 0 entity object(s) were destroyed without a despawn; forgetting them
[nebula] 0 entity object(s) were destroyed without a despawn; forgetting them
[nebula] 0 entity object(s) were destroyed without a despawn; forgetting them
[nebula] 0 entity object(s) were destroyed without a despawn; forgetting them
[nebula] 0 entity object(s) were destroyed without a despawn; forgetting them
[nebula] 0 entity object(s) were destroyed without a despawn; forgetting them
[nebula] 0 entity object(s) were destroyed without a despawn; forgetting them
[nebula] 0 entity object(s) were destroyed without a despawn; forgetting them
[nebula] 0 entity object(s) were destroyed without a despawn; forgetting them
[nebula] 0 entity object(s) were destroyed without a despawn; forgetting them
[nebula] 0 entity object(s) were destroyed without a despawn; forgetting them
[nebula] 0 entity object(s) were destroyed without a despawn; forgetting them
[nebula] 0 entity object(s) were destroyed without a despawn; forgetting them
[nebula] 0 entity object(s) were destroyed without a despawn; forgetting them
[nebula] 0 entity object(s) were destroyed without a despawn; forgetting them
[nebula] 0 entity object(s) were destroyed without a despawn; forgetting them
[nebula] 0 entity object(s) were destroyed without a despawn; forgetting them
[nebula] 0 entity object(s) were destroyed without a despawn; forgetting them
[nebula] 0 entity object(s) were destroyed without a despawn; forgetting them
[nebula] 0 entity object(s) were destroyed without a despawn; forgetting them
[nebula] 0 entity object(s) were destroyed without a despawn; forgetting them
[nebula] 0 entity object(s) were destroyed without a despawn; forgetting them
[nebula] 0 entity object(s) were destroyed without a despawn; forgetting them
[nebula] 0 entity object(s) were destroyed without a despawn; forgetting them
[nebula] 0 entity object(s) were destroyed without a despawn; forgetting them
[nebula] 0 entity object(s) were destroyed without a despawn; forgetting them
[nebula] 0 entity object(s) were destroyed without a despawn; forgetting them
[nebula] 0 entity object(s) were destroyed without a despawn; forgetting them
[nebula] local handover Player(Clone)#844424930131970(e2,rt_48378513719295,auth) rt_43980467208191 -> rt_48378513719295
[nebula] 0 entity object(s) were destroyed without a despawn; forgetting them
[nebula] 0 entity object(s) were destroyed without a despawn; forgetting them
[nebula] 0 entity object(s) were destroyed without a despawn; forgetting them
[nebula] 0 entity object(s) were destroyed without a despawn; forgetting them
[nebula] 0 entity object(s) were destroyed without a despawn; forgetting them
[nebula] 0 entity object(s) were destroyed without a despawn; forgetting them
[nebula] 0 entity object(s) were destroyed without a despawn; forgetting them
[nebula] 0 entity object(s) were destroyed without a despawn; forgetting them
[nebula] 0 entity object(s) were destroyed without a despawn; forgetting them
[nebula] 0 entity object(s) were destroyed without a despawn; forgetting them
[nebula] 0 entity object(s) were destroyed without a despawn; forgetting them
[nebula] 0 entity object(s) were destroyed without a despawn; forgetting them
[nebula] 0 entity object(s) were destroyed without a despawn; forgetting them
[nebula] 0 entity object(s) were destroyed without a despawn; forgetting them
[nebula] 0 entity object(s) were destroyed without a despawn; forgetting them
[nebula] 0 entity object(s) were destroyed without a despawn; forgetting them
[nebula] 0 entity object(s) were destroyed without a despawn; forgetting them
[nebula] 0 entity object(s) were destroyed without a despawn; forgetting them
[nebula] 0 entity object(s) were destroyed without a despawn; forgetting them
[nebula] 0 entity object(s) were destroyed without a despawn; forgetting them
[nebula] 0 entity object(s) were destroyed without a despawn; forgetting them
[nebula] 0 entity object(s) were destroyed without a despawn; forgetting them
[nebula] 0 entity object(s) were destroyed without a despawn; forgetting them
[nebula] 0 entity object(s) were destroyed without a despawn; forgetting them
[nebula] 0 entity object(s) were destroyed without a despawn; forgetting them
[nebula] 0 entity object(s) were destroyed without a despawn; forgetting them
[nebula] 0 entity object(s) were destroyed without a despawn; forgetting them
[nebula] 0 entity object(s) were destroyed without a despawn; forgetting them
[nebula] 0 entity object(s) were destroyed without a despawn; forgetting them
[nebula] 0 entity object(s) were destroyed without a despawn; forgetting them
[nebula] 0 entity object(s) were destroyed without a despawn; forgetting them
[nebula] 0 entity object(s) were destroyed without a despawn; forgetting them
[nebula] 0 entity object(s) were destroyed without a despawn; forgetting them
[nebula] 0 entity object(s) were destroyed without a despawn; forgetting them
[nebula] 0 entity object(s) were destroyed without a despawn; forgetting them
[nebula] 0 entity object(s) were destroyed without a despawn; forgetting them
[nebula] 0 entity object(s) were destroyed without a despawn; forgetting them
[nebula] 0 entity object(s) were destroyed without a despawn; forgetting them
[nebula] 0 entity object(s) were destroyed without a despawn; forgetting them
[nebula] 0 entity object(s) were destroyed without a despawn; forgetting them
[nebula] 0 entity object(s) were destroyed without a despawn; forgetting them
[nebula] 0 entity object(s) were destroyed without a despawn; forgetting them
[nebula] 0 entity object(s) were destroyed without a despawn; forgetting them
[nebula] 0 entity object(s) were destroyed without a despawn; forgetting them
[nebula] 0 entity object(s) were destroyed without a despawn; forgetting them
[nebula] spawned Prop(Clone)#281474976710696(e1,rt_48378513719295,auth)
[nebula] 0 entity object(s) were destroyed without a despawn; forgetting them
[nebula] 0 entity object(s) were destroyed without a despawn; forgetting them
[nebula] 0 entity object(s) were destroyed without a despawn; forgetting them
[nebula] 0 entity object(s) were destroyed without a despawn; forgetting them
[nebula] 0 entity object(s) were destroyed without a despawn; forgetting them
[nebula] 0 entity object(s) were destroyed without a despawn; forgetting them
[nebula] 0 entity object(s) were destroyed without a despawn; forgetting them
[nebula] 0 entity object(s) were destroyed without a despawn; forgetting them
[nebula] 0 entity object(s) were destroyed without a despawn; forgetting them
[nebula] 0 entity object(s) were destroyed without a despawn; forgetting them
[nebula] 0 entity object(s) were destroyed without a despawn; forgetting them
[nebula] 0 entity object(s) were destroyed without a despawn; forgetting them
[nebula] 0 entity object(s) were destroyed without a despawn; forgetting them
[nebula] 0 entity object(s) were destroyed without a despawn; forgetting them
[nebula] 0 entity object(s) were destroyed without a despawn; forgetting them
[nebula] 0 entity object(s) were destroyed without a despawn; forgetting them
[nebula] 0 entity object(s) were destroyed without a despawn; forgetting them
[nebula] 0 entity object(s) were destroyed without a despawn; forgetting them
[nebula] 0 entity object(s) were destroyed without a despawn; forgetting them
[nebula] 0 entity object(s) were destroyed without a despawn; forgetting them
[nebula] 0 entity object(s) were destroyed without a despawn; forgetting them
[nebula] 0 entity object(s) were destroyed without a despawn; forgetting them
[nebula] 0 entity object(s) were destroyed without a despawn; forgetting them
[nebula] 0 entity object(s) were destroyed without a despawn; forgetting them
[nebula] 0 entity object(s) were destroyed without a despawn; forgetting them
[nebula] 0 entity object(s) were destroyed without a despawn; forgetting them
[nebula] 0 entity object(s) were destroyed without a despawn; forgetting them
[nebula] 0 entity object(s) were destroyed without a despawn; forgetting them
[nebula] 0 entity object(s) were destroyed without a despawn; forgetting them
[nebula] 0 entity object(s) were destroyed without a despawn; forgetting them
[nebula] 0 entity object(s) were destroyed without a despawn; forgetting them
[nebula] 0 entity object(s) were destroyed without a despawn; forgetting them
[nebula] 0 entity object(s) were destroyed without a despawn; forgetting them
[nebula] 0 entity object(s) were destroyed without a despawn; forgetting them
[nebula] 0 entity object(s) were destroyed without a despawn; forgetting them
[nebula] 0 entity object(s) were destroyed without a despawn; forgetting them
[nebula] 0 entity object(s) were destroyed without a despawn; forgetting them
[nebula] 0 entity object(s) were destroyed without a despawn; forgetting them
[nebula] 0 entity object(s) were destroyed without a despawn; forgetting them
[nebula] 0 entity object(s) were destroyed without a despawn; forgetting them
[nebula] 0 entity object(s) were destroyed without a despawn; forgetting them
[nebula] 0 entity object(s) were destroyed without a despawn; forgetting them
[nebula] 0 entity object(s) were destroyed without a despawn; forgetting them
[nebula] 0 entity object(s) were destroyed without a despawn; forgetting them
[nebula] 0 entity object(s) were destroyed without a despawn; forgetting them
[nebula] 0 entity object(s) were destroyed without a despawn; forgetting them
[nebula] 0 entity object(s) were destroyed without a despawn; forgetting them
[nebula] 0 entity object(s) were destroyed without a despawn; forgetting them
[nebula] 0 entity object(s) were destroyed without a despawn; forgetting them
[nebula] 0 entity object(s) were destroyed without a despawn; forgetting them
[nebula] 0 entity object(s) were destroyed without a despawn; forgetting them
[nebula] 0 entity object(s) were destroyed without a despawn; forgetting them
[nebula] 0 entity object(s) were destroyed without a despawn; forgetting them
[nebula] 0 entity object(s) were destroyed without a despawn; forgetting them
[nebula] 0 entity object(s) were destroyed without a despawn; forgetting them
[nebula] 0 entity object(s) were destroyed without a despawn; forgetting them
[nebula] 0 entity object(s) were destroyed without a despawn; forgetting them
[nebula] 0 entity object(s) were destroyed without a despawn; forgetting them
[nebula] 0 entity object(s) were destroyed without a despawn; forgetting them
[nebula] 0 entity object(s) were destroyed without a despawn; forgetting them
[nebula] 0 entity object(s) were destroyed without a despawn; forgetting them
[nebula] 0 entity object(s) were destroyed without a despawn; forgetting them
[nebula] 0 entity object(s) were destroyed without a despawn; forgetting them
[nebula] 0 entity object(s) were destroyed without a despawn; forgetting them
[nebula] 0 entity object(s) were destroyed without a despawn; forgetting them
[nebula] 0 entity object(s) were destroyed without a despawn; forgetting them
[nebula] 0 entity object(s) were destroyed without a despawn; forgetting them
[nebula] 0 entity object(s) were destroyed without a despawn; forgetting them
[nebula] 0 entity object(s) were destroyed without a despawn; forgetting them
[nebula] 0 entity object(s) were destroyed without a despawn; forgetting them
[nebula] 0 entity object(s) were destroyed without a despawn; forgetting them
[nebula] 0 entity object(s) were destroyed without a despawn; forgetting them
[nebula] 0 entity object(s) were destroyed without a despawn; forgetting them
[nebula] 0 entity object(s) were destroyed without a despawn; forgetting them
[nebula] 0 entity object(s) were destroyed without a despawn; forgetting them
[nebula] 0 entity object(s) were destroyed without a despawn; forgetting them
[nebula] 0 entity object(s) were destroyed without a despawn; forgetting them
[nebula] 0 entity object(s) were destroyed without a despawn; forgetting them
[nebula] 0 entity object(s) were destroyed without a despawn; forgetting them
[nebula] 0 entity object(s) were destroyed without a despawn; forgetting them
[nebula] 0 entity object(s) were destroyed without a despawn; forgetting them
[nebula] 0 entity object(s) were destroyed without a despawn; forgetting them
[nebula] 0 entity object(s) were destroyed without a despawn; forgetting them
[nebula] 0 entity object(s) were destroyed without a despawn; forgetting them
[nebula] 0 entity object(s) were destroyed without a despawn; forgetting them
[nebula] 0 entity object(s) were destroyed without a despawn; forgetting them
[nebula] 0 entity object(s) were destroyed without a despawn; forgetting them
[nebula] 0 entity object(s) were destroyed without a despawn; forgetting them
[nebula] 0 entity object(s) were destroyed without a despawn; forgetting them
[nebula] 0 entity object(s) were destroyed without a despawn; forgetting them
[nebula] 0 entity object(s) were destroyed without a despawn; forgetting them
[nebula] 0 entity object(s) were destroyed without a despawn; forgetting them
[nebula] 0 entity object(s) were destroyed without a despawn; forgetting them
[nebula] 0 entity object(s) were destroyed without a despawn; forgetting them
[nebula] 0 entity object(s) were destroyed without a despawn; forgetting them
[nebula] 0 entity object(s) were destroyed without a despawn; forgetting them
[nebula] 0 entity object(s) were destroyed without a despawn; forgetting them
[nebula] 0 entity object(s) were destroyed without a despawn; forgetting them
[nebula] 0 entity object(s) were destroyed without a despawn; forgetting them
[nebula] 0 entity object(s) were destroyed without a despawn; forgetting them
[nebula] 0 entity object(s) were destroyed without a despawn; forgetting them
[nebula] 0 entity object(s) were destroyed without a despawn; forgetting them
[nebula] 0 entity object(s) were destroyed without a despawn; forgetting them
[nebula] 0 entity object(s) were destroyed without a despawn; forgetting them
[nebula] 0 entity object(s) were destroyed without a despawn; forgetting them
[nebula] 0 entity object(s) were destroyed without a despawn; forgetting them
[nebula] 0 entity object(s) were destroyed without a despawn; forgetting them
[nebula] 0 entity object(s) were destroyed without a despawn; forgetting them
[nebula] 0 entity object(s) were destroyed without a despawn; forgetting them
[nebula] 0 entity object(s) were destroyed without a despawn; forgetting them
[nebula] 0 entity object(s) were destroyed without a despawn; forgetting them
[nebula] 0 entity object(s) were destroyed without a despawn; forgetting them
[nebula] 0 entity object(s) were destroyed without a despawn; forgetting them
[nebula] 0 entity object(s) were destroyed without a despawn; forgetting them
[nebula] 0 entity object(s) were destroyed without a despawn; forgetting them
[nebula] 0 entity object(s) were destroyed without a despawn; forgetting them
[nebula] 0 entity object(s) were destroyed without a despawn; forgetting them
[nebula] 0 entity object(s) were destroyed without a despawn; forgetting them
[nebula] 0 entity object(s) were destroyed without a despawn; forgetting them
[nebula] 0 entity object(s) were destroyed without a despawn; forgetting them
[nebula] 0 entity object(s) were destroyed without a despawn; forgetting them
[nebula] 0 entity object(s) were destroyed without a despawn; forgetting them
[nebula] 0 entity object(s) were destroyed without a despawn; forgetting them
[nebula] 0 entity object(s) were destroyed without a despawn; forgetting them
[nebula] 0 entity object(s) were destroyed without a despawn; forgetting them
[nebula] 0 entity object(s) were destroyed without a despawn; forgetting them
[nebula] 0 entity object(s) were destroyed without a despawn; forgetting them
[nebula] 0 entity object(s) were destroyed without a despawn; forgetting them
[nebula] 0 entity object(s) were destroyed without a despawn; forgetting them
[nebula] 0 entity object(s) were destroyed without a despawn; forgetting them
[nebula] 0 entity object(s) were destroyed without a despawn; forgetting them
[nebula] 0 entity object(s) were destroyed without a despawn; forgetting them
[nebula] 0 entity object(s) were destroyed without a despawn; forgetting them
[nebula] 0 entity object(s) were destroyed without a despawn; forgetting them
[nebula] 0 entity object(s) were destroyed without a despawn; forgetting them
[nebula] 0 entity object(s) were destroyed without a despawn; forgetting them
[nebula] 0 entity object(s) were destroyed without a despawn; forgetting them
[nebula] 0 entity object(s) were destroyed without a despawn; forgetting them
[nebula] 0 entity object(s) were destroyed without a despawn; forgetting them
[nebula] 0 entity object(s) were destroyed without a despawn; forgetting them
[nebula] 0 entity object(s) were destroyed without a despawn; forgetting them
[nebula] 0 entity object(s) were destroyed without a despawn; forgetting them
[nebula] 0 entity object(s) were destroyed without a despawn; forgetting them
[nebula] 0 entity object(s) were destroyed without a despawn; forgetting them
[nebula] 0 entity object(s) were destroyed without a despawn; forgetting them
[nebula] 0 entity object(s) were destroyed without a despawn; forgetting them
[nebula] 0 entity object(s) were destroyed without a despawn; forgetting them
[nebula] 0 entity object(s) were destroyed without a despawn; forgetting them
[nebula] 0 entity object(s) were destroyed without a despawn; forgetting them
[nebula] 0 entity object(s) were destroyed without a despawn; forgetting them
[nebula] 0 entity object(s) were destroyed without a despawn; forgetting them
[nebula] profile 300 ticks/5s 300 frames avg 0.8ms max 1.2ms dup 0 skip 0 gc 39 auth 29 ghosts 0 | poll=0.01 ghosts=0.00 physics.sync=0.00 simulate=0.01 poses=0.04 containers=0.60 band=0.02 publish=0.02 gap=15.84 interest=0.01
[nebula] 0 entity object(s) were destroyed without a despawn; forgetting them
[nebula] 0 entity object(s) were destroyed without a despawn; forgetting them
[nebula] 0 entity object(s) were destroyed without a despawn; forgetting them
[nebula] 0 entity object(s) were destroyed without a despawn; forgetting them
[nebula] 0 entity object(s) were destroyed without a despawn; forgetting them
[nebula] 0 entity object(s) were destroyed without a despawn; forgetting them
[nebula] 0 entity object(s) were destroyed without a despawn; forgetting them
[nebula] 0 entity object(s) were destroyed without a despawn; forgetting them
[nebula] 0 entity object(s) were destroyed without a despawn; forgetting them
[nebula] 0 entity object(s) were destroyed without a despawn; forgetting them
[nebula] 0 entity object(s) were destroyed without a despawn; forgetting them
[nebula] 0 entity object(s) were destroyed without a despawn; forgetting them
[nebula] 0 entity object(s) were destroyed without a despawn; forgetting them
[nebula] 0 entity object(s) were destroyed without a despawn; forgetting them
[nebula] 0 entity object(s) were destroyed without a despawn; forgetting them
[nebula] 0 entity object(s) were destroyed without a despawn; forgetting them
[nebula] 0 entity object(s) were destroyed without a despawn; forgetting them
[nebula] 0 entity object(s) were destroyed without a despawn; forgetting them
[nebula] 0 entity object(s) were destroyed without a despawn; forgetting them
[nebula] 0 entity object(s) were destroyed without a despawn; forgetting them
[nebula] 0 entity object(s) were destroyed without a despawn; forgetting them
[nebula] 0 entity object(s) were destroyed without a despawn; forgetting them
[nebula] 0 entity object(s) were destroyed without a despawn; forgetting them
[nebula] 0 entity object(s) were destroyed without a despawn; forgetting them
[nebula] 0 entity object(s) were destroyed without a despawn; forgetting them
[nebula] 0 entity object(s) were destroyed without a despawn; forgetting them
[nebula] 0 entity object(s) were destroyed without a despawn; forgetting them
[nebula] 0 entity object(s) were destroyed without a despawn; forgetting them
[nebula] 0 entity object(s) were destroyed without a despawn; forgetting them
[nebula] spawned Prop(Clone)#281474976710697(e1,rt_48378513719295,auth)
[nebula] 0 entity object(s) were destroyed without a despawn; forgetting them
[nebula] 0 entity object(s) were destroyed without a despawn; forgetting them
[nebula] 0 entity object(s) were destroyed without a despawn; forgetting them
[nebula] 0 entity object(s) were destroyed without a despawn; forgetting them
[nebula] 0 entity object(s) were destroyed without a despawn; forgetting them
[nebula] 0 entity object(s) were destroyed without a despawn; forgetting them
[nebula] 0 entity object(s) were destroyed without a despawn; forgetting them
[nebula] 0 entity object(s) were destroyed without a despawn; forgetting them
[nebula] 0 entity object(s) were destroyed without a despawn; forgetting them
[nebula] 0 entity object(s) were destroyed without a despawn; forgetting them
[nebula] 0 entity object(s) were destroyed without a despawn; forgetting them
[nebula] 0 entity object(s) were destroyed without a despawn; forgetting them
[nebula] 0 entity object(s) were destroyed without a despawn; forgetting them
[nebula] 0 entity object(s) were destroyed without a despawn; forgetting them
[nebula] 0 entity object(s) were destroyed without a despawn; forgetting them
[nebula] 0 entity object(s) were destroyed without a despawn; forgetting them
[nebula] 0 entity object(s) were destroyed without a despawn; forgetting them
[nebula] 0 entity object(s) were destroyed without a despawn; forgetting them
[nebula] 0 entity object(s) were destroyed without a despawn; forgetting them
[nebula] 0 entity object(s) were destroyed without a despawn; forgetting them
[nebula] 0 entity object(s) were destroyed without a despawn; forgetting them
[nebula] 0 entity object(s) were destroyed without a despawn; forgetting them
[nebula] 0 entity object(s) were destroyed without a despawn; forgetting them
[nebula] 0 entity object(s) were destroyed without a despawn; forgetting them
[nebula] 0 entity object(s) were destroyed without a despawn; forgetting them
[nebula] 0 entity object(s) were destroyed without a despawn; forgetting them
[nebula] 0 entity object(s) were destroyed without a despawn; forgetting them
[nebula] 0 entity object(s) were destroyed without a despawn; forgetting them
[nebula] 0 entity object(s) were destroyed without a despawn; forgetting them
[nebula] 0 entity object(s) were destroyed without a despawn; forgetting them
[nebula] 0 entity object(s) were destroyed without a despawn; forgetting them
[nebula] 0 entity object(s) were destroyed without a despawn; forgetting them
[nebula] 0 entity object(s) were destroyed without a despawn; forgetting them
[nebula] 0 entity object(s) were destroyed without a despawn; forgetting them
[nebula] 0 entity object(s) were destroyed without a despawn; forgetting them
[nebula] 0 entity object(s) were destroyed without a despawn; forgetting them
[nebula] 0 entity object(s) were destroyed without a despawn; forgetting them
[nebula] 0 entity object(s) were destroyed without a despawn; forgetting them
[nebula] 0 entity object(s) were destroyed without a despawn; forgetting them
[nebula] 0 entity object(s) were destroyed without a despawn; forgetting them
[nebula] 0 entity object(s) were destroyed without a despawn; forgetting them
[nebula] 0 entity object(s) were destroyed without a despawn; forgetting them
[nebula] 0 entity object(s) were destroyed without a despawn; forgetting them
[nebula] 0 entity object(s) were destroyed without a despawn; forgetting them
[nebula] 0 entity object(s) were destroyed without a despawn; forgetting them
[nebula] 0 entity object(s) were destroyed without a despawn; forgetting them
[nebula] 0 entity object(s) were destroyed without a despawn; forgetting them
[nebula] 0 entity object(s) were destroyed without a despawn; forgetting them
[nebula] 0 entity object(s) were destroyed without a despawn; forgetting them
[nebula] 0 entity object(s) were destroyed without a despawn; forgetting them
[nebula] 0 entity object(s) were destroyed without a despawn; forgetting them
[nebula] 0 entity object(s) were destroyed without a despawn; forgetting them
[nebula] 0 entity object(s) were destroyed without a despawn; forgetting them
[nebula] 0 entity object(s) were destroyed without a despawn; forgetting them
[nebula] 0 entity object(s) were destroyed without a despawn; forgetting them
[nebula] 0 entity object(s) were destroyed without a despawn; forgetting them
[nebula] 0 entity object(s) were destroyed without a despawn; forgetting them
[nebula] 0 entity object(s) were destroyed without a despawn; forgetting them
[nebula] 0 entity object(s) were destroyed without a despawn; forgetting them
[nebula] 0 entity object(s) were destroyed without a despawn; forgetting them
[nebula] 0 entity object(s) were destroyed without a despawn; forgetting them
[nebula] 0 entity object(s) were destroyed without a despawn; forgetting them
[nebula] 0 entity object(s) were destroyed without a despawn; forgetting them
[nebula] 0 entity object(s) were destroyed without a despawn; forgetting them
[nebula] 0 entity object(s) were destroyed without a despawn; forgetting them
[nebula] 0 entity object(s) were destroyed without a despawn; forgetting them
[nebula] 0 entity object(s) were destroyed without a despawn; forgetting them
[nebula] 0 entity object(s) were destroyed without a despawn; forgetting them
[nebula] 0 entity object(s) were destroyed without a despawn; forgetting them
[nebula] 0 entity object(s) were destroyed without a despawn; forgetting them
[nebula] 0 entity object(s) were destroyed without a despawn; forgetting them
[nebula] 0 entity object(s) were destroyed without a despawn; forgetting them
[nebula] 0 entity object(s) were destroyed without a despawn; forgetting them
[nebula] 0 entity object(s) were destroyed without a despawn; forgetting them
[nebula] 0 entity object(s) were destroyed without a despawn; forgetting them
[nebula] 0 entity object(s) were destroyed without a despawn; forgetting them
[nebula] 0 entity object(s) were destroyed without a despawn; forgetting them
[nebula] 0 entity object(s) were destroyed without a despawn; forgetting them
[nebula] 0 entity object(s) were destroyed without a despawn; forgetting them
[nebula] 0 entity object(s) were destroyed without a despawn; forgetting them
[nebula] 0 entity object(s) were destroyed without a despawn; forgetting them
[nebula] 0 entity object(s) were destroyed without a despawn; forgetting them
[nebula] 0 entity object(s) were destroyed without a despawn; forgetting them
[nebula] 0 entity object(s) were destroyed without a despawn; forgetting them
[nebula] 0 entity object(s) were destroyed without a despawn; forgetting them
[nebula] 0 entity object(s) were destroyed without a despawn; forgetting them
[nebula] 0 entity object(s) were destroyed without a despawn; forgetting them
[nebula] 0 entity object(s) were destroyed without a despawn; forgetting them
[nebula] 0 entity object(s) were destroyed without a despawn; forgetting them
[nebula] 0 entity object(s) were destroyed without a despawn; forgetting them
[nebula] 0 entity object(s) were destroyed without a despawn; forgetting them
[nebula] 0 entity object(s) were destroyed without a despawn; forgetting them
[nebula] 0 entity object(s) were destroyed without a despawn; forgetting them
[nebula] 0 entity object(s) were destroyed without a despawn; forgetting them
[nebula] 0 entity object(s) were destroyed without a despawn; forgetting them
[nebula] 0 entity object(s) were destroyed without a despawn; forgetting them
[nebula] 0 entity object(s) were destroyed without a despawn; forgetting them
[nebula] 0 entity object(s) were destroyed without a despawn; forgetting them
[nebula] 0 entity object(s) were destroyed without a despawn; forgetting them
[nebula] 0 entity object(s) were destroyed without a despawn; forgetting them
[nebula] 0 entity object(s) were destroyed without a despawn; forgetting them
[nebula] 0 entity object(s) were destroyed without a despawn; forgetting them
[nebula] 0 entity object(s) were destroyed without a despawn; forgetting them
[nebula] 0 entity object(s) were destroyed without a despawn; forgetting them
[nebula] 0 entity object(s) were destroyed without a despawn; forgetting them
[nebula] 0 entity object(s) were destroyed without a despawn; forgetting them
[nebula] 0 entity object(s) were destroyed without a despawn; forgetting them
[nebula] 0 entity object(s) were destroyed without a despawn; forgetting them
[nebula] 0 entity object(s) were destroyed without a despawn; forgetting them
[nebula] 0 entity object(s) were destroyed without a despawn; forgetting them
[nebula] 0 entity object(s) were destroyed without a despawn; forgetting them
[nebula] 0 entity object(s) were destroyed without a despawn; forgetting them
[nebula] 0 entity object(s) were destroyed without a despawn; forgetting them
[nebula] 0 entity object(s) were destroyed without a despawn; forgetting them
[nebula] 0 entity object(s) were destroyed without a despawn; forgetting them
[nebula] 0 entity object(s) were destroyed without a despawn; forgetting them
[nebula] 0 entity object(s) were destroyed without a despawn; forgetting them
[nebula] 0 entity object(s) were destroyed without a despawn; forgetting them
[nebula] 0 entity object(s) were destroyed without a despawn; forgetting them
[nebula] 0 entity object(s) were destroyed without a despawn; forgetting them
[nebula] 0 entity object(s) were destroyed without a despawn; forgetting them
[nebula] 0 entity object(s) were destroyed without a despawn; forgetting them
[nebula] 0 entity object(s) were destroyed without a despawn; forgetting them
[nebula] 0 entity object(s) were destroyed without a despawn; forgetting them
[nebula] 0 entity object(s) were destroyed without a despawn; forgetting them
[nebula] 0 entity object(s) were destroyed without a despawn; forgetting them
[nebula] 0 entity object(s) were destroyed without a despawn; forgetting them
[nebula] 0 entity object(s) were destroyed without a despawn; forgetting them
[nebula] 0 entity object(s) were destroyed without a despawn; forgetting them
[nebula] 0 entity object(s) were destroyed without a despawn; forgetting them
[nebula] 0 entity object(s) were destroyed without a despawn; forgetting them
[nebula] 0 entity object(s) were destroyed without a despawn; forgetting them
[nebula] 0 entity object(s) were destroyed without a despawn; forgetting them
[nebula] 0 entity object(s) were destroyed without a despawn; forgetting them
[nebula] 0 entity object(s) were destroyed without a despawn; forgetting them
[nebula] 0 entity object(s) were destroyed without a despawn; forgetting them
[nebula] 0 entity object(s) were destroyed without a despawn; forgetting them
[nebula] 0 entity object(s) were destroyed without a despawn; forgetting them
[nebula] 0 entity object(s) were destroyed without a despawn; forgetting them
[nebula] 0 entity object(s) were destroyed without a despawn; forgetting them
[nebula] 0 entity object(s) were destroyed without a despawn; forgetting them
[nebula] 0 entity object(s) were destroyed without a despawn; forgetting them
[nebula] 0 entity object(s) were destroyed without a despawn; forgetting them
[nebula] 0 entity object(s) were destroyed without a despawn; forgetting them
[nebula] 0 entity object(s) were destroyed without a despawn; forgetting them
[nebula] 0 entity object(s) were destroyed without a despawn; forgetting them
[nebula] 0 entity object(s) were destroyed without a despawn; forgetting them
[nebula] 0 entity object(s) were destroyed without a despawn; forgetting them
[nebula] 0 entity object(s) were destroyed without a despawn; forgetting them
[nebula] 0 entity object(s) were destroyed without a despawn; forgetting them
[nebula] 0 entity object(s) were destroyed without a despawn; forgetting them
[nebula] 0 entity object(s) were destroyed without a despawn; forgetting them
[nebula] 0 entity object(s) were destroyed without a despawn; forgetting them
[nebula] 0 entity object(s) were destroyed without a despawn; forgetting them
[nebula] 0 entity object(s) were destroyed without a despawn; forgetting them
[nebula] 0 entity object(s) were destroyed without a despawn; forgetting them
[nebula] 0 entity object(s) were destroyed without a despawn; forgetting them
[nebula] 0 entity object(s) were destroyed without a despawn; forgetting them
[nebula] 0 entity object(s) were destroyed without a despawn; forgetting them
[nebula] 0 entity object(s) were destroyed without a despawn; forgetting them
[nebula] 0 entity object(s) were destroyed without a despawn; forgetting them
[nebula] 0 entity object(s) were destroyed without a despawn; forgetting them
[nebula] 0 entity object(s) were destroyed without a despawn; forgetting them
[nebula] 0 entity object(s) were destroyed without a despawn; forgetting them
[nebula] 0 entity object(s) were destroyed without a despawn; forgetting them
[nebula] 0 entity object(s) were destroyed without a despawn; forgetting them
[nebula] 0 entity object(s) were destroyed without a despawn; forgetting them
[nebula] 0 entity object(s) were destroyed without a despawn; forgetting them
[nebula] 0 entity object(s) were destroyed without a despawn; forgetting them
[nebula] 0 entity object(s) were destroyed without a despawn; forgetting them
[nebula] 0 entity object(s) were destroyed without a despawn; forgetting them
[nebula] 0 entity object(s) were destroyed without a despawn; forgetting them
[nebula] 0 entity object(s) were destroyed without a despawn; forgetting them
[nebula] 0 entity object(s) were destroyed without a despawn; forgetting them
[nebula] 0 entity object(s) were destroyed without a despawn; forgetting them
[nebula] 0 entity object(s) were destroyed without a despawn; forgetting them
[nebula] 0 entity object(s) were destroyed without a despawn; forgetting them
[nebula] 0 entity object(s) were destroyed without a despawn; forgetting them
[nebula] 0 entity object(s) were destroyed without a despawn; forgetting them
[nebula] 0 entity object(s) were destroyed without a despawn; forgetting them
[nebula] spawned Prop(Clone)#281474976710698(e1,rt_48378513719295,auth)
[nebula] 0 entity object(s) were destroyed without a despawn; forgetting them
[nebula] 0 entity object(s) were destroyed without a despawn; forgetting them
[nebula] 0 entity object(s) were destroyed without a despawn; forgetting them
[nebula] 0 entity object(s) were destroyed without a despawn; forgetting them
[nebula] 0 entity object(s) were destroyed without a despawn; forgetting them
[nebula] 0 entity object(s) were destroyed without a despawn; forgetting them
[nebula] 0 entity object(s) were destroyed without a despawn; forgetting them
[nebula] 0 entity object(s) were destroyed without a despawn; forgetting them
[nebula] 0 entity object(s) were destroyed without a despawn; forgetting them
[nebula] 0 entity object(s) were destroyed without a despawn; forgetting them
[nebula] 0 entity object(s) were destroyed without a despawn; forgetting them
[nebula] 0 entity object(s) were destroyed without a despawn; forgetting them
[nebula] 0 entity object(s) were destroyed without a despawn; forgetting them
[nebula] 0 entity object(s) were destroyed without a despawn; forgetting them
[nebula] 0 entity object(s) were destroyed without a despawn; forgetting them
[nebula] 0 entity object(s) were destroyed without a despawn; forgetting them
[nebula] 0 entity object(s) were destroyed without a despawn; forgetting them
[nebula] 0 entity object(s) were destroyed without a despawn; forgetting them
[nebula] 0 entity object(s) were destroyed without a despawn; forgetting them
[nebula] 0 entity object(s) were destroyed without a despawn; forgetting them
[nebula] 0 entity object(s) were destroyed without a despawn; forgetting them
[nebula] 0 entity object(s) were destroyed without a despawn; forgetting them
[nebula] 0 entity object(s) were destroyed without a despawn; forgetting them
[nebula] 0 entity object(s) were destroyed without a despawn; forgetting them
[nebula] 0 entity object(s) were destroyed without a despawn; forgetting them
[nebula] 0 entity object(s) were destroyed without a despawn; forgetting them
[nebula] 0 entity object(s) were destroyed without a despawn; forgetting them
[nebula] 0 entity object(s) were destroyed without a despawn; forgetting them
[nebula] 0 entity object(s) were destroyed without a despawn; forgetting them
[nebula] 0 entity object(s) were destroyed without a despawn; forgetting them
[nebula] 0 entity object(s) were destroyed without a despawn; forgetting them
[nebula] 0 entity object(s) were destroyed without a despawn; forgetting them
[nebula] 0 entity object(s) were destroyed without a despawn; forgetting them
[nebula] 0 entity object(s) were destroyed without a despawn; forgetting them
[nebula] 0 entity object(s) were destroyed without a despawn; forgetting them
[nebula] 0 entity object(s) were destroyed without a despawn; forgetting them
[nebula] 0 entity object(s) were destroyed without a despawn; forgetting them
[nebula] 0 entity object(s) were destroyed without a despawn; forgetting them
[nebula] 0 entity object(s) were destroyed without a despawn; forgetting them
[nebula] 0 entity object(s) were destroyed without a despawn; forgetting them
[nebula] 0 entity object(s) were destroyed without a despawn; forgetting them
[nebula] 0 entity object(s) were destroyed without a despawn; forgetting them
[nebula] 0 entity object(s) were destroyed without a despawn; forgetting them
[nebula] 0 entity object(s) were destroyed without a despawn; forgetting them
[nebula] 0 entity object(s) were destroyed without a despawn; forgetting them
[nebula] 0 entity object(s) were destroyed without a despawn; forgetting them
[nebula] 0 entity object(s) were destroyed without a despawn; forgetting them
[nebula] 0 entity object(s) were destroyed without a despawn; forgetting them
[nebula] 0 entity object(s) were destroyed without a despawn; forgetting them
[nebula] 0 entity object(s) were destroyed without a despawn; forgetting them
[nebula] 0 entity object(s) were destroyed without a despawn; forgetting them
[nebula] 0 entity object(s) were destroyed without a despawn; forgetting them
[nebula] 0 entity object(s) were destroyed without a despawn; forgetting them
[nebula] 0 entity object(s) were destroyed without a despawn; forgetting them
[nebula] 0 entity object(s) were destroyed without a despawn; forgetting them
[nebula] 0 entity object(s) were destroyed without a despawn; forgetting them
[nebula] 0 entity object(s) were destroyed without a despawn; forgetting them
[nebula] 0 entity object(s) were destroyed without a despawn; forgetting them
[nebula] 0 entity object(s) were destroyed without a despawn; forgetting them
[nebula] 0 entity object(s) were destroyed without a despawn; forgetting them
[nebula] 0 entity object(s) were destroyed without a despawn; forgetting them
[nebula] 0 entity object(s) were destroyed without a despawn; forgetting them
[nebula] 0 entity object(s) were destroyed without a despawn; forgetting them
[nebula] 0 entity object(s) were destroyed without a despawn; forgetting them
[nebula] 0 entity object(s) were destroyed without a despawn; forgetting them
[nebula] 0 entity object(s) were destroyed without a despawn; forgetting them
[nebula] 0 entity object(s) were destroyed without a despawn; forgetting them
[nebula] 0 entity object(s) were destroyed without a despawn; forgetting them
[nebula] 0 entity object(s) were destroyed without a despawn; forgetting them
[nebula] 0 entity object(s) were destroyed without a despawn; forgetting them
[nebula] 0 entity object(s) were destroyed without a despawn; forgetting them
[nebula] 0 entity object(s) were destroyed without a despawn; forgetting them
[nebula] 0 entity object(s) were destroyed without a despawn; forgetting them
[nebula] 0 entity object(s) were destroyed without a despawn; forgetting them
[nebula] 0 entity object(s) were destroyed without a despawn; forgetting them
[nebula] 0 entity object(s) were destroyed without a despawn; forgetting them
[nebula] 0 entity object(s) were destroyed without a despawn; forgetting them
[nebula] 0 entity object(s) were destroyed without a despawn; forgetting them
[nebula] 0 entity object(s) were destroyed without a despawn; forgetting them
[nebula] 0 entity object(s) were destroyed without a despawn; forgetting them
[nebula] 0 entity object(s) were destroyed without a despawn; forgetting them
[nebula] 0 entity object(s) were destroyed without a despawn; forgetting them
[nebula] 0 entity object(s) were destroyed without a despawn; forgetting them
[nebula] 0 entity object(s) were destroyed without a despawn; forgetting them
[nebula] 0 entity object(s) were destroyed without a despawn; forgetting them
[nebula] 0 entity object(s) were destroyed without a despawn; forgetting them
[nebula] 0 entity object(s) were destroyed without a despawn; forgetting them
[nebula] 0 entity object(s) were destroyed without a despawn; forgetting them
[nebula] 0 entity object(s) were destroyed without a despawn; forgetting them
[nebula] 0 entity object(s) were destroyed without a despawn; forgetting them
[nebula] 0 entity object(s) were destroyed without a despawn; forgetting them
[nebula] profile 300 ticks/5s 300 frames avg 0.9ms max 1.4ms dup 0 skip 0 gc 32 auth 31 ghosts 0 | poll=0.01 ghosts=0.00 physics.sync=0.00 simulate=0.01 poses=0.04 containers=0.63 band=0.02 publish=0.02 gap=15.81 interest=0.01
[nebula] 0 entity object(s) were destroyed without a despawn; forgetting them
[nebula] 0 entity object(s) were destroyed without a despawn; forgetting them
[nebula] 0 entity object(s) were destroyed without a despawn; forgetting them
[nebula] 0 entity object(s) were destroyed without a despawn; forgetting them
[nebula] 0 entity object(s) were destroyed without a despawn; forgetting them
[nebula] 0 entity object(s) were destroyed without a despawn; forgetting them
[nebula] 0 entity object(s) were destroyed without a despawn; forgetting them
[nebula] 0 entity object(s) were destroyed without a despawn; forgetting them
[nebula] 0 entity object(s) were destroyed without a despawn; forgetting them
[nebula] 0 entity object(s) were destroyed without a despawn; forgetting them
[nebula] 0 entity object(s) were destroyed without a despawn; forgetting them
[nebula] 0 entity object(s) were destroyed without a despawn; forgetting them
[nebula] 0 entity object(s) were destroyed without a despawn; forgetting them
[nebula] 0 entity object(s) were destroyed without a despawn; forgetting them
[nebula] 0 entity object(s) were destroyed without a despawn; forgetting them
[nebula] 0 entity object(s) were destroyed without a despawn; forgetting them
[nebula] 0 entity object(s) were destroyed without a despawn; forgetting them
[nebula] 0 entity object(s) were destroyed without a despawn; forgetting them
[nebula] 0 entity object(s) were destroyed without a despawn; forgetting them
[nebula] 0 entity object(s) were destroyed without a despawn; forgetting them
[nebula] 0 entity object(s) were destroyed without a despawn; forgetting them
[nebula] 0 entity object(s) were destroyed without a despawn; forgetting them
[nebula] 0 entity object(s) were destroyed without a despawn; forgetting them
[nebula] 0 entity object(s) were destroyed without a despawn; forgetting them
[nebula] 0 entity object(s) were destroyed without a despawn; forgetting them
[nebula] 0 entity object(s) were destroyed without a despawn; forgetting them
[nebula] 0 entity object(s) were destroyed without a despawn; forgetting them
[nebula] 0 entity object(s) were destroyed without a despawn; forgetting them
[nebula] 0 entity object(s) were destroyed without a despawn; forgetting them
[nebula] 0 entity object(s) were destroyed without a despawn; forgetting them
[nebula] 0 entity object(s) were destroyed without a despawn; forgetting them
[nebula] 0 entity object(s) were destroyed without a despawn; forgetting them
[nebula] 0 entity object(s) were destroyed without a despawn; forgetting them
[nebula] 0 entity object(s) were destroyed without a despawn; forgetting them
[nebula] 0 entity object(s) were destroyed without a despawn; forgetting them
[nebula] 0 entity object(s) were destroyed without a despawn; forgetting them
[nebula] 0 entity object(s) were destroyed without a despawn; forgetting them
[nebula] 0 entity object(s) were destroyed without a despawn; forgetting them
[nebula] 0 entity object(s) were destroyed without a despawn; forgetting them
[nebula] 0 entity object(s) were destroyed without a despawn; forgetting them
[nebula] 0 entity object(s) were destroyed without a despawn; forgetting them
[nebula] 0 entity object(s) were destroyed without a despawn; forgetting them
[nebula] 0 entity object(s) were destroyed without a despawn; forgetting them
[nebula] 0 entity object(s) were destroyed without a despawn; forgetting them
[nebula] 0 entity object(s) were destroyed without a despawn; forgetting them
[nebula] 0 entity object(s) were destroyed without a despawn; forgetting them
[nebula] 0 entity object(s) were destroyed without a despawn; forgetting them
[nebula] 0 entity object(s) were destroyed without a despawn; forgetting them
[nebula] 0 entity object(s) were destroyed without a despawn; forgetting them
[nebula] 0 entity object(s) were destroyed without a despawn; forgetting them
[nebula] 0 entity object(s) were destroyed without a despawn; forgetting them
[nebula] 0 entity object(s) were destroyed without a despawn; forgetting them
[nebula] 0 entity object(s) were destroyed without a despawn; forgetting them
[nebula] 0 entity object(s) were destroyed without a despawn; forgetting them
[nebula] 0 entity object(s) were destroyed without a despawn; forgetting them
[nebula] 0 entity object(s) were destroyed without a despawn; forgetting them
[nebula] 0 entity object(s) were destroyed without a despawn; forgetting them
[nebula] 0 entity object(s) were destroyed without a despawn; forgetting them
[nebula] 0 entity object(s) were destroyed without a despawn; forgetting them
[nebula] 0 entity object(s) were destroyed without a despawn; forgetting them
[nebula] 0 entity object(s) were destroyed without a despawn; forgetting them
[nebula] 0 entity object(s) were destroyed without a despawn; forgetting them
[nebula] 0 entity object(s) were destroyed without a despawn; forgetting them
[nebula] 0 entity object(s) were destroyed without a despawn; forgetting them
[nebula] 0 entity object(s) were destroyed without a despawn; forgetting them
[nebula] 0 entity object(s) were destroyed without a despawn; forgetting them
[nebula] 0 entity object(s) were destroyed without a despawn; forgetting them
[nebula] 0 entity object(s) were destroyed without a despawn; forgetting them
[nebula] 0 entity object(s) were destroyed without a despawn; forgetting them
[nebula] 0 entity object(s) were destroyed without a despawn; forgetting them
[nebula] 0 entity object(s) were destroyed without a despawn; forgetting them
[nebula] 0 entity object(s) were destroyed without a despawn; forgetting them
[nebula] 0 entity object(s) were destroyed without a despawn; forgetting them
[nebula] 0 entity object(s) were destroyed without a despawn; forgetting them
[nebula] 0 entity object(s) were destroyed without a despawn; forgetting them
[nebula] 0 entity object(s) were destroyed without a despawn; forgetting them
[nebula] 0 entity object(s) were destroyed without a despawn; forgetting them
[nebula] 0 entity object(s) were destroyed without a despawn; forgetting them
[nebula] 0 entity object(s) were destroyed without a despawn; forgetting them
[nebula] 0 entity object(s) were destroyed without a despawn; forgetting them
[nebula] 0 entity object(s) were destroyed without a despawn; forgetting them
[nebula] 0 entity object(s) were destroyed without a despawn; forgetting them
[nebula] 0 entity object(s) were destroyed without a despawn; forgetting them
[nebula] 0 entity object(s) were destroyed without a despawn; forgetting them
[nebula] 0 entity object(s) were destroyed without a despawn; forgetting them
[nebula] 0 entity object(s) were destroyed without a despawn; forgetting them
[nebula] 0 entity object(s) were destroyed without a despawn; forgetting them
[nebula] 0 entity object(s) were destroyed without a despawn; forgetting them
[nebula] 0 entity object(s) were destroyed without a despawn; forgetting them
[nebula] spawned Prop(Clone)#281474976710699(e1,rt_48378513719295,auth)
[nebula] 0 entity object(s) were destroyed without a despawn; forgetting them
[nebula] 0 entity object(s) were destroyed without a despawn; forgetting them
[nebula] 0 entity object(s) were destroyed without a despawn; forgetting them
[nebula] 0 entity object(s) were destroyed without a despawn; forgetting them
[nebula] 0 entity object(s) were destroyed without a despawn; forgetting them
[nebula] 0 entity object(s) were destroyed without a despawn; forgetting them
[nebula] 0 entity object(s) were destroyed without a despawn; forgetting them
[nebula] 0 entity object(s) were destroyed without a despawn; forgetting them
[nebula] handover OUT Prop(Clone)#281474976710675(e2,rt_21990234652671,ghost) -> w3 (epoch 2, tick 1365044010)
[nebula] handover OUT Prop(Clone)#281474976710676(e2,rt_21990234652671,ghost) -> w3 (epoch 2, tick 1365044010)
[nebula] handover OUT Prop(Clone)#281474976710677(e2,rt_21990234652671,ghost) -> w3 (epoch 2, tick 1365044010)
[nebula] handover OUT Prop(Clone)#281474976710678(e2,rt_26388281163775,ghost) -> w3 (epoch 2, tick 1365044010)
[nebula] handover OUT Prop(Clone)#281474976710679(e2,rt_26388281163775,ghost) -> w3 (epoch 2, tick 1365044010)
[nebula] handover OUT Prop(Clone)#281474976710680(e2,rt_26388281163775,ghost) -> w3 (epoch 2, tick 1365044010)
[nebula] handover OUT Prop(Clone)#281474976710681(e2,rt_26388281163775,ghost) -> w3 (epoch 2, tick 1365044010)
[nebula] handover OUT Prop(Clone)#281474976710682(e2,rt_30786327674879,ghost) -> w3 (epoch 2, tick 1365044010)
[nebula] handover OUT Prop(Clone)#281474976710683(e2,rt_30786327674879,ghost) -> w3 (epoch 2, tick 1365044010)
[nebula] handover OUT Prop(Clone)#281474976710684(e2,rt_30786327674879,ghost) -> w3 (epoch 2, tick 1365044010)
[nebula] ghost Prop(Clone)#281474976710685(e1,rt_35184374185983,auth) -> w3
[nebula] 0 entity object(s) were destroyed without a despawn; forgetting them
[nebula] ghost Prop(Clone)#281474976710658(e3,rt_9223358842715242499,auth) -> w2
[nebula] handover IN  Prop(Clone)#281474976710658(e3,rt_9223358842715242499,auth) <- w2 (epoch 3, tick 1365044011)
[nebula] ghost Prop(Clone)#281474976710659(e3,rt_9223358842715242499,auth) -> w2
[nebula] handover IN  Prop(Clone)#281474976710659(e3,rt_9223358842715242499,auth) <- w2 (epoch 3, tick 1365044011)
[nebula] 0 entity object(s) were destroyed without a despawn; forgetting them
[nebula] 0 entity object(s) were destroyed without a despawn; forgetting them
[nebula] 0 entity object(s) were destroyed without a despawn; forgetting them
[nebula] 0 entity object(s) were destroyed without a despawn; forgetting them
[nebula] 0 entity object(s) were destroyed without a despawn; forgetting them
[nebula] 0 entity object(s) were destroyed without a despawn; forgetting them
[nebula] 0 entity object(s) were destroyed without a despawn; forgetting them
[nebula] 0 entity object(s) were destroyed without a despawn; forgetting them
[nebula] 0 entity object(s) were destroyed without a despawn; forgetting them
[nebula] 0 entity object(s) were destroyed without a despawn; forgetting them
[nebula] 0 entity object(s) were destroyed without a despawn; forgetting them
[nebula] 0 entity object(s) were destroyed without a despawn; forgetting them
[nebula] 0 entity object(s) were destroyed without a despawn; forgetting them
[nebula] 0 entity object(s) were destroyed without a despawn; forgetting them
[nebula] 0 entity object(s) were destroyed without a despawn; forgetting them
[nebula] 0 entity object(s) were destroyed without a despawn; forgetting them
[nebula] 0 entity object(s) were destroyed without a despawn; forgetting them
[nebula] 0 entity object(s) were destroyed without a despawn; forgetting them
[nebula] 0 entity object(s) were destroyed without a despawn; forgetting them
[nebula] 0 entity object(s) were destroyed without a despawn; forgetting them
[nebula] 0 entity object(s) were destroyed without a despawn; forgetting them
[nebula] 0 entity object(s) were destroyed without a despawn; forgetting them
[nebula] 0 entity object(s) were destroyed without a despawn; forgetting them
[nebula] 0 entity object(s) were destroyed without a despawn; forgetting them
[nebula] 0 entity object(s) were destroyed without a despawn; forgetting them
[nebula] 0 entity object(s) were destroyed without a despawn; forgetting them
[nebula] 0 entity object(s) were destroyed without a despawn; forgetting them
[nebula] 0 entity object(s) were destroyed without a despawn; forgetting them
[nebula] 0 entity object(s) were destroyed without a despawn; forgetting them
[nebula] 0 entity object(s) were destroyed without a despawn; forgetting them
[nebula] 0 entity object(s) were destroyed without a despawn; forgetting them
[nebula] 0 entity object(s) were destroyed without a despawn; forgetting them
[nebula] 0 entity object(s) were destroyed without a despawn; forgetting them
[nebula] 0 entity object(s) were destroyed without a despawn; forgetting them
[nebula] 0 entity object(s) were destroyed without a despawn; forgetting them
[nebula] 0 entity object(s) were destroyed without a despawn; forgetting them
[nebula] 0 entity object(s) were destroyed without a despawn; forgetting them
[nebula] 0 entity object(s) were destroyed without a despawn; forgetting them
[nebula] 0 entity object(s) were destroyed without a despawn; forgetting them
[nebula] 0 entity object(s) were destroyed without a despawn; forgetting them
[nebula] 0 entity object(s) were destroyed without a despawn; forgetting them
[nebula] 0 entity object(s) were destroyed without a despawn; forgetting them
[nebula] 0 entity object(s) were destroyed without a despawn; forgetting them
[nebula] 0 entity object(s) were destroyed without a despawn; forgetting them
[nebula] 0 entity object(s) were destroyed without a despawn; forgetting them
[nebula] local handover Player(Clone)#844424930131970(e2,rt_52776560230399,auth) rt_48378513719295 -> rt_52776560230399
[nebula] 0 entity object(s) were destroyed without a despawn; forgetting them
[nebula] 0 entity object(s) were destroyed without a despawn; forgetting them
[nebula] 0 entity object(s) were destroyed without a despawn; forgetting them
[nebula] 0 entity object(s) were destroyed without a despawn; forgetting them
[nebula] 0 entity object(s) were destroyed without a despawn; forgetting them
[nebula] 0 entity object(s) were destroyed without a despawn; forgetting them
[nebula] 0 entity object(s) were destroyed without a despawn; forgetting them
[nebula] 0 entity object(s) were destroyed without a despawn; forgetting them
[nebula] 0 entity object(s) were destroyed without a despawn; forgetting them
[nebula] 0 entity object(s) were destroyed without a despawn; forgetting them
[nebula] 0 entity object(s) were destroyed without a despawn; forgetting them
[nebula] 0 entity object(s) were destroyed without a despawn; forgetting them
[nebula] 0 entity object(s) were destroyed without a despawn; forgetting them
[nebula] 0 entity object(s) were destroyed without a despawn; forgetting them
[nebula] 0 entity object(s) were destroyed without a despawn; forgetting them
[nebula] 0 entity object(s) were destroyed without a despawn; forgetting them
[nebula] 0 entity object(s) were destroyed without a despawn; forgetting them
[nebula] 0 entity object(s) were destroyed without a despawn; forgetting them
[nebula] 0 entity object(s) were destroyed without a despawn; forgetting them
[nebula] 0 entity object(s) were destroyed without a despawn; forgetting them
[nebula] 0 entity object(s) were destroyed without a despawn; forgetting them
[nebula] 0 entity object(s) were destroyed without a despawn; forgetting them
[nebula] 0 entity object(s) were destroyed without a despawn; forgetting them
[nebula] 0 entity object(s) were destroyed without a despawn; forgetting them
[nebula] 0 entity object(s) were destroyed without a despawn; forgetting them
[nebula] 0 entity object(s) were destroyed without a despawn; forgetting them
[nebula] 0 entity object(s) were destroyed without a despawn; forgetting them
[nebula] 0 entity object(s) were destroyed without a despawn; forgetting them
[nebula] 0 entity object(s) were destroyed without a despawn; forgetting them
[nebula] 0 entity object(s) were destroyed without a despawn; forgetting them
[nebula] 0 entity object(s) were destroyed without a despawn; forgetting them
[nebula] 0 entity object(s) were destroyed without a despawn; forgetting them
[nebula] 0 entity object(s) were destroyed without a despawn; forgetting them
[nebula] 0 entity object(s) were destroyed without a despawn; forgetting them
[nebula] 0 entity object(s) were destroyed without a despawn; forgetting them
[nebula] 0 entity object(s) were destroyed without a despawn; forgetting them
[nebula] 0 entity object(s) were destroyed without a despawn; forgetting them
[nebula] 0 entity object(s) were destroyed without a despawn; forgetting them
[nebula] 0 entity object(s) were destroyed without a despawn; forgetting them
[nebula] 0 entity object(s) were destroyed without a despawn; forgetting them
[nebula] 0 entity object(s) were destroyed without a despawn; forgetting them
[nebula] 0 entity object(s) were destroyed without a despawn; forgetting them
[nebula] 0 entity object(s) were destroyed without a despawn; forgetting them
[nebula] 0 entity object(s) were destroyed without a despawn; forgetting them
[nebula] 0 entity object(s) were destroyed without a despawn; forgetting them
[nebula] 0 entity object(s) were destroyed without a despawn; forgetting them
[nebula] 0 entity object(s) were destroyed without a despawn; forgetting them
[nebula] 0 entity object(s) were destroyed without a despawn; forgetting them
[nebula] 0 entity object(s) were destroyed without a despawn; forgetting them
[nebula] 0 entity object(s) were destroyed without a despawn; forgetting them
[nebula] 0 entity object(s) were destroyed without a despawn; forgetting them
[nebula] 0 entity object(s) were destroyed without a despawn; forgetting them
[nebula] 0 entity object(s) were destroyed without a despawn; forgetting them
[nebula] 0 entity object(s) were destroyed without a despawn; forgetting them
[nebula] 0 entity object(s) were destroyed without a despawn; forgetting them
[nebula] 0 entity object(s) were destroyed without a despawn; forgetting them
[nebula] 0 entity object(s) were destroyed without a despawn; forgetting them
[nebula] 0 entity object(s) were destroyed without a despawn; forgetting them
[nebula] 0 entity object(s) were destroyed without a despawn; forgetting them
[nebula] 0 entity object(s) were destroyed without a despawn; forgetting them
[nebula] 0 entity object(s) were destroyed without a despawn; forgetting them
[nebula] 0 entity object(s) were destroyed without a despawn; forgetting them
[nebula] 0 entity object(s) were destroyed without a despawn; forgetting them
[nebula] 0 entity object(s) were destroyed without a despawn; forgetting them
[nebula] 0 entity object(s) were destroyed without a despawn; forgetting them
[nebula] 0 entity object(s) were destroyed without a despawn; forgetting them
[nebula] 0 entity object(s) were destroyed without a despawn; forgetting them
[nebula] 0 entity object(s) were destroyed without a despawn; forgetting them
[nebula] 0 entity object(s) were destroyed without a despawn; forgetting them
[nebula] 0 entity object(s) were destroyed without a despawn; forgetting them
[nebula] 0 entity object(s) were destroyed without a despawn; forgetting them
[nebula] 0 entity object(s) were destroyed without a despawn; forgetting them
[nebula] 0 entity object(s) were destroyed without a despawn; forgetting them
[nebula] 0 entity object(s) were destroyed without a despawn; forgetting them
[nebula] 0 entity object(s) were destroyed without a despawn; forgetting them
[nebula] 0 entity object(s) were destroyed without a despawn; forgetting them
[nebula] 0 entity object(s) were destroyed without a despawn; forgetting them
[nebula] 0 entity object(s) were destroyed without a despawn; forgetting them
[nebula] 0 entity object(s) were destroyed without a despawn; forgetting them
[nebula] 0 entity object(s) were destroyed without a despawn; forgetting them
[nebula] 0 entity object(s) were destroyed without a despawn; forgetting them
[nebula] 0 entity object(s) were destroyed without a despawn; forgetting them
[nebula] 0 entity object(s) were destroyed without a despawn; forgetting them
[nebula] 0 entity object(s) were destroyed without a despawn; forgetting them
[nebula] 0 entity object(s) were destroyed without a despawn; forgetting them
[nebula] 0 entity object(s) were destroyed without a despawn; forgetting them
[nebula] 0 entity object(s) were destroyed without a despawn; forgetting them
[nebula] 0 entity object(s) were destroyed without a despawn; forgetting them
[nebula] 0 entity object(s) were destroyed without a despawn; forgetting them
[nebula] 0 entity object(s) were destroyed without a despawn; forgetting them
[nebula] 0 entity object(s) were destroyed without a despawn; forgetting them
[nebula] 0 entity object(s) were destroyed without a despawn; forgetting them
[nebula] 0 entity object(s) were destroyed without a despawn; forgetting them
[nebula] 0 entity object(s) were destroyed without a despawn; forgetting them
[nebula] 0 entity object(s) were destroyed without a despawn; forgetting them
[nebula] 0 entity object(s) were destroyed without a despawn; forgetting them
[nebula] 0 entity object(s) were destroyed without a despawn; forgetting them
[nebula] 0 entity object(s) were destroyed without a despawn; forgetting them
[nebula] 0 entity object(s) were destroyed without a despawn; forgetting them
[nebula] 0 entity object(s) were destroyed without a despawn; forgetting them
[nebula] 0 entity object(s) were destroyed without a despawn; forgetting them
[nebula] 0 entity object(s) were destroyed without a despawn; forgetting them
[nebula] 0 entity object(s) were destroyed without a despawn; forgetting them
[nebula] 0 entity object(s) were destroyed without a despawn; forgetting them
[nebula] 0 entity object(s) were destroyed without a despawn; forgetting them
[nebula] 0 entity object(s) were destroyed without a despawn; forgetting them
[nebula] 0 entity object(s) were destroyed without a despawn; forgetting them
[nebula] 0 entity object(s) were destroyed without a despawn; forgetting them
[nebula] 0 entity object(s) were destroyed without a despawn; forgetting them
[nebula] 0 entity object(s) were destroyed without a despawn; forgetting them
[nebula] 0 entity object(s) were destroyed without a despawn; forgetting them
[nebula] 0 entity object(s) were destroyed without a despawn; forgetting them
[nebula] 0 entity object(s) were destroyed without a despawn; forgetting them
[nebula] 0 entity object(s) were destroyed without a despawn; forgetting them
[nebula] 0 entity object(s) were destroyed without a despawn; forgetting them
[nebula] 0 entity object(s) were destroyed without a despawn; forgetting them
[nebula] 0 entity object(s) were destroyed without a despawn; forgetting them
[nebula] 0 entity object(s) were destroyed without a despawn; forgetting them
[nebula] 0 entity object(s) were destroyed without a despawn; forgetting them
[nebula] 0 entity object(s) were destroyed without a despawn; forgetting them
[nebula] 0 entity object(s) were destroyed without a despawn; forgetting them
[nebula] 0 entity object(s) were destroyed without a despawn; forgetting them
[nebula] 0 entity object(s) were destroyed without a despawn; forgetting them
[nebula] 0 entity object(s) were destroyed without a despawn; forgetting them
[nebula] 0 entity object(s) were destroyed without a despawn; forgetting them
[nebula] 0 entity object(s) were destroyed without a despawn; forgetting them
[nebula] spawned Prop(Clone)#281474976710700(e1,rt_52776560230399,auth)
[nebula] 0 entity object(s) were destroyed without a despawn; forgetting them
[nebula] 0 entity object(s) were destroyed without a despawn; forgetting them
[nebula] 0 entity object(s) were destroyed without a despawn; forgetting them
[nebula] 0 entity object(s) were destroyed without a despawn; forgetting them
[nebula] 0 entity object(s) were destroyed without a despawn; forgetting them
[nebula] 0 entity object(s) were destroyed without a despawn; forgetting them
[nebula] 0 entity object(s) were destroyed without a despawn; forgetting them
[nebula] 0 entity object(s) were destroyed without a despawn; forgetting them
[nebula] 0 entity object(s) were destroyed without a despawn; forgetting them
[nebula] 0 entity object(s) were destroyed without a despawn; forgetting them
[nebula] 0 entity object(s) were destroyed without a despawn; forgetting them
[nebula] 0 entity object(s) were destroyed without a despawn; forgetting them
[nebula] 0 entity object(s) were destroyed without a despawn; forgetting them
[nebula] 0 entity object(s) were destroyed without a despawn; forgetting them
[nebula] 0 entity object(s) were destroyed without a despawn; forgetting them
[nebula] 0 entity object(s) were destroyed without a despawn; forgetting them
[nebula] 0 entity object(s) were destroyed without a despawn; forgetting them
[nebula] 0 entity object(s) were destroyed without a despawn; forgetting them
[nebula] 0 entity object(s) were destroyed without a despawn; forgetting them
[nebula] 0 entity object(s) were destroyed without a despawn; forgetting them
[nebula] 0 entity object(s) were destroyed without a despawn; forgetting them
[nebula] 0 entity object(s) were destroyed without a despawn; forgetting them
[nebula] 0 entity object(s) were destroyed without a despawn; forgetting them
[nebula] 0 entity object(s) were destroyed without a despawn; forgetting them
[nebula] 0 entity object(s) were destroyed without a despawn; forgetting them
[nebula] 0 entity object(s) were destroyed without a despawn; forgetting them
[nebula] 0 entity object(s) were destroyed without a despawn; forgetting them
[nebula] 0 entity object(s) were destroyed without a despawn; forgetting them
[nebula] 0 entity object(s) were destroyed without a despawn; forgetting them
[nebula] 0 entity object(s) were destroyed without a despawn; forgetting them
[nebula] 0 entity object(s) were destroyed without a despawn; forgetting them
[nebula] profile 300 ticks/5s 300 frames avg 0.8ms max 1.7ms dup 0 skip 0 gc 35 auth 25 ghosts 0 | poll=0.01 ghosts=0.00 physics.sync=0.00 simulate=0.01 poses=0.04 containers=0.53 band=0.03 publish=0.01 gap=15.91 interest=0.01
[nebula] 0 entity object(s) were destroyed without a despawn; forgetting them
[nebula] 0 entity object(s) were destroyed without a despawn; forgetting them
[nebula] 0 entity object(s) were destroyed without a despawn; forgetting them
[nebula] 0 entity object(s) were destroyed without a despawn; forgetting them
[nebula] 0 entity object(s) were destroyed without a despawn; forgetting them
[nebula] 0 entity object(s) were destroyed without a despawn; forgetting them
[nebula] 0 entity object(s) were destroyed without a despawn; forgetting them
[nebula] 0 entity object(s) were destroyed without a despawn; forgetting them
[nebula] 0 entity object(s) were destroyed without a despawn; forgetting them
[nebula] 0 entity object(s) were destroyed without a despawn; forgetting them
[nebula] 0 entity object(s) were destroyed without a despawn; forgetting them
[nebula] 0 entity object(s) were destroyed without a despawn; forgetting them
[nebula] 0 entity object(s) were destroyed without a despawn; forgetting them
[nebula] 0 entity object(s) were destroyed without a despawn; forgetting them
[nebula] 0 entity object(s) were destroyed without a despawn; forgetting them
[nebula] 0 entity object(s) were destroyed without a despawn; forgetting them
[nebula] 0 entity object(s) were destroyed without a despawn; forgetting them
[nebula] 0 entity object(s) were destroyed without a despawn; forgetting them
[nebula] 0 entity object(s) were destroyed without a despawn; forgetting them
[nebula] 0 entity object(s) were destroyed without a despawn; forgetting them
[nebula] 0 entity object(s) were destroyed without a despawn; forgetting them
[nebula] 0 entity object(s) were destroyed without a despawn; forgetting them
[nebula] 0 entity object(s) were destroyed without a despawn; forgetting them
[nebula] 0 entity object(s) were destroyed without a despawn; forgetting them
[nebula] 0 entity object(s) were destroyed without a despawn; forgetting them
[nebula] 0 entity object(s) were destroyed without a despawn; forgetting them
[nebula] 0 entity object(s) were destroyed without a despawn; forgetting them
[nebula] 0 entity object(s) were destroyed without a despawn; forgetting them
[nebula] 0 entity object(s) were destroyed without a despawn; forgetting them
[nebula] 0 entity object(s) were destroyed without a despawn; forgetting them
[nebula] 0 entity object(s) were destroyed without a despawn; forgetting them
[nebula] 0 entity object(s) were destroyed without a despawn; forgetting them
[nebula] 0 entity object(s) were destroyed without a despawn; forgetting them
[nebula] 0 entity object(s) were destroyed without a despawn; forgetting them
[nebula] 0 entity object(s) were destroyed without a despawn; forgetting them
[nebula] 0 entity object(s) were destroyed without a despawn; forgetting them
[nebula] 0 entity object(s) were destroyed without a despawn; forgetting them
[nebula] 0 entity object(s) were destroyed without a despawn; forgetting them
[nebula] 0 entity object(s) were destroyed without a despawn; forgetting them
[nebula] 0 entity object(s) were destroyed without a despawn; forgetting them
[nebula] 0 entity object(s) were destroyed without a despawn; forgetting them
[nebula] 0 entity object(s) were destroyed without a despawn; forgetting them
[nebula] 0 entity object(s) were destroyed without a despawn; forgetting them
[nebula] 0 entity object(s) were destroyed without a despawn; forgetting them
[nebula] 0 entity object(s) were destroyed without a despawn; forgetting them
[nebula] 0 entity object(s) were destroyed without a despawn; forgetting them
[nebula] 0 entity object(s) were destroyed without a despawn; forgetting them
[nebula] 0 entity object(s) were destroyed without a despawn; forgetting them
[nebula] 0 entity object(s) were destroyed without a despawn; forgetting them
[nebula] 0 entity object(s) were destroyed without a despawn; forgetting them
[nebula] 0 entity object(s) were destroyed without a despawn; forgetting them
[nebula] 0 entity object(s) were destroyed without a despawn; forgetting them
[nebula] 0 entity object(s) were destroyed without a despawn; forgetting them
[nebula] 0 entity object(s) were destroyed without a despawn; forgetting them
[nebula] 0 entity object(s) were destroyed without a despawn; forgetting them
[nebula] 0 entity object(s) were destroyed without a despawn; forgetting them
[nebula] 0 entity object(s) were destroyed without a despawn; forgetting them
[nebula] 0 entity object(s) were destroyed without a despawn; forgetting them
[nebula] 0 entity object(s) were destroyed without a despawn; forgetting them
[nebula] 0 entity object(s) were destroyed without a despawn; forgetting them
[nebula] 0 entity object(s) were destroyed without a despawn; forgetting them
[nebula] 0 entity object(s) were destroyed without a despawn; forgetting them
[nebula] 0 entity object(s) were destroyed without a despawn; forgetting them
[nebula] 0 entity object(s) were destroyed without a despawn; forgetting them
[nebula] 0 entity object(s) were destroyed without a despawn; forgetting them
[nebula] 0 entity object(s) were destroyed without a despawn; forgetting them
[nebula] 0 entity object(s) were destroyed without a despawn; forgetting them
[nebula] 0 entity object(s) were destroyed without a despawn; forgetting them
[nebula] 0 entity object(s) were destroyed without a despawn; forgetting them
[nebula] 0 entity object(s) were destroyed without a despawn; forgetting them
[nebula] 0 entity object(s) were destroyed without a despawn; forgetting them
[nebula] 0 entity object(s) were destroyed without a despawn; forgetting them
[nebula] 0 entity object(s) were destroyed without a despawn; forgetting them
[nebula] 0 entity object(s) were destroyed without a despawn; forgetting them
[nebula] 0 entity object(s) were destroyed without a despawn; forgetting them
[nebula] 0 entity object(s) were destroyed without a despawn; forgetting them
[nebula] 0 entity object(s) were destroyed without a despawn; forgetting them
[nebula] 0 entity object(s) were destroyed without a despawn; forgetting them
[nebula] 0 entity object(s) were destroyed without a despawn; forgetting them
[nebula] 0 entity object(s) were destroyed without a despawn; forgetting them
[nebula] 0 entity object(s) were destroyed without a despawn; forgetting them
[nebula] 0 entity object(s) were destroyed without a despawn; forgetting them
[nebula] 0 entity object(s) were destroyed without a despawn; forgetting them
[nebula] 0 entity object(s) were destroyed without a despawn; forgetting them
[nebula] 0 entity object(s) were destroyed without a despawn; forgetting them
[nebula] 0 entity object(s) were destroyed without a despawn; forgetting them
[nebula] 0 entity object(s) were destroyed without a despawn; forgetting them
[nebula] 0 entity object(s) were destroyed without a despawn; forgetting them
[nebula] 0 entity object(s) were destroyed without a despawn; forgetting them
[nebula] 0 entity object(s) were destroyed without a despawn; forgetting them
[nebula] 0 entity object(s) were destroyed without a despawn; forgetting them
[nebula] 0 entity object(s) were destroyed without a despawn; forgetting them
[nebula] 0 entity object(s) were destroyed without a despawn; forgetting them
[nebula] 0 entity object(s) were destroyed without a despawn; forgetting them
[nebula] 0 entity object(s) were destroyed without a despawn; forgetting them
[nebula] 0 entity object(s) were destroyed without a despawn; forgetting them
[nebula] 0 entity object(s) were destroyed without a despawn; forgetting them
[nebula] 0 entity object(s) were destroyed without a despawn; forgetting them
[nebula] 0 entity object(s) were destroyed without a despawn; forgetting them
[nebula] 0 entity object(s) were destroyed without a despawn; forgetting them
[nebula] 0 entity object(s) were destroyed without a despawn; forgetting them
[nebula] 0 entity object(s) were destroyed without a despawn; forgetting them
[nebula] 0 entity object(s) were destroyed without a despawn; forgetting them
[nebula] 0 entity object(s) were destroyed without a despawn; forgetting them
[nebula] 0 entity object(s) were destroyed without a despawn; forgetting them
[nebula] 0 entity object(s) were destroyed without a despawn; forgetting them
[nebula] 0 entity object(s) were destroyed without a despawn; forgetting them
[nebula] 0 entity object(s) were destroyed without a despawn; forgetting them
[nebula] 0 entity object(s) were destroyed without a despawn; forgetting them
[nebula] 0 entity object(s) were destroyed without a despawn; forgetting them
[nebula] 0 entity object(s) were destroyed without a despawn; forgetting them
[nebula] 0 entity object(s) were destroyed without a despawn; forgetting them
[nebula] 0 entity object(s) were destroyed without a despawn; forgetting them
[nebula] 0 entity object(s) were destroyed without a despawn; forgetting them
[nebula] 0 entity object(s) were destroyed without a despawn; forgetting them
[nebula] 0 entity object(s) were destroyed without a despawn; forgetting them
[nebula] 0 entity object(s) were destroyed without a despawn; forgetting them
[nebula] 0 entity object(s) were destroyed without a despawn; forgetting them
[nebula] 0 entity object(s) were destroyed without a despawn; forgetting them
[nebula] 0 entity object(s) were destroyed without a despawn; forgetting them
[nebula] 0 entity object(s) were destroyed without a despawn; forgetting them
[nebula] 0 entity object(s) were destroyed without a despawn; forgetting them
[nebula] 0 entity object(s) were destroyed without a despawn; forgetting them
[nebula] 0 entity object(s) were destroyed without a despawn; forgetting them
[nebula] 0 entity object(s) were destroyed without a despawn; forgetting them
[nebula] 0 entity object(s) were destroyed without a despawn; forgetting them
[nebula] 0 entity object(s) were destroyed without a despawn; forgetting them
[nebula] 0 entity object(s) were destroyed without a despawn; forgetting them
[nebula] 0 entity object(s) were destroyed without a despawn; forgetting them
[nebula] 0 entity object(s) were destroyed without a despawn; forgetting them
[nebula] 0 entity object(s) were destroyed without a despawn; forgetting them
[nebula] 0 entity object(s) were destroyed without a despawn; forgetting them
[nebula] 0 entity object(s) were destroyed without a despawn; forgetting them
[nebula] 0 entity object(s) were destroyed without a despawn; forgetting them
[nebula] 0 entity object(s) were destroyed without a despawn; forgetting them
[nebula] 0 entity object(s) were destroyed without a despawn; forgetting them
[nebula] 0 entity object(s) were destroyed without a despawn; forgetting them
[nebula] 0 entity object(s) were destroyed without a despawn; forgetting them
[nebula] 0 entity object(s) were destroyed without a despawn; forgetting them
[nebula] 0 entity object(s) were destroyed without a despawn; forgetting them
[nebula] 0 entity object(s) were destroyed without a despawn; forgetting them
[nebula] 0 entity object(s) were destroyed without a despawn; forgetting them
[nebula] 0 entity object(s) were destroyed without a despawn; forgetting them
[nebula] 0 entity object(s) were destroyed without a despawn; forgetting them
[nebula] 0 entity object(s) were destroyed without a despawn; forgetting them
[nebula] 0 entity object(s) were destroyed without a despawn; forgetting them
[nebula] 0 entity object(s) were destroyed without a despawn; forgetting them
[nebula] 0 entity object(s) were destroyed without a despawn; forgetting them
[nebula] 0 entity object(s) were destroyed without a despawn; forgetting them
[nebula] spawned Prop(Clone)#281474976710701(e1,rt_52776560230399,auth)
[nebula] 0 entity object(s) were destroyed without a despawn; forgetting them
[nebula] 0 entity object(s) were destroyed without a despawn; forgetting them
[nebula] 0 entity object(s) were destroyed without a despawn; forgetting them
[nebula] 0 entity object(s) were destroyed without a despawn; forgetting them
[nebula] 0 entity object(s) were destroyed without a despawn; forgetting them
[nebula] 0 entity object(s) were destroyed without a despawn; forgetting them
[nebula] 0 entity object(s) were destroyed without a despawn; forgetting them
[nebula] 0 entity object(s) were destroyed without a despawn; forgetting them
[nebula] 0 entity object(s) were destroyed without a despawn; forgetting them
[nebula] 0 entity object(s) were destroyed without a despawn; forgetting them
[nebula] 0 entity object(s) were destroyed without a despawn; forgetting them
[nebula] 0 entity object(s) were destroyed without a despawn; forgetting them
[nebula] 0 entity object(s) were destroyed without a despawn; forgetting them
[nebula] 0 entity object(s) were destroyed without a despawn; forgetting them
[nebula] 0 entity object(s) were destroyed without a despawn; forgetting them
[nebula] 0 entity object(s) were destroyed without a despawn; forgetting them
[nebula] 0 entity object(s) were destroyed without a despawn; forgetting them
[nebula] 0 entity object(s) were destroyed without a despawn; forgetting them
[nebula] 0 entity object(s) were destroyed without a despawn; forgetting them
[nebula] 0 entity object(s) were destroyed without a despawn; forgetting them
[nebula] 0 entity object(s) were destroyed without a despawn; forgetting them
[nebula] 0 entity object(s) were destroyed without a despawn; forgetting them
[nebula] 0 entity object(s) were destroyed without a despawn; forgetting them
[nebula] 0 entity object(s) were destroyed without a despawn; forgetting them
[nebula] 0 entity object(s) were destroyed without a despawn; forgetting them
[nebula] 0 entity object(s) were destroyed without a despawn; forgetting them
[nebula] 0 entity object(s) were destroyed without a despawn; forgetting them
[nebula] 0 entity object(s) were destroyed without a despawn; forgetting them
[nebula] 0 entity object(s) were destroyed without a despawn; forgetting them
[nebula] 0 entity object(s) were destroyed without a despawn; forgetting them
[nebula] 0 entity object(s) were destroyed without a despawn; forgetting them
[nebula] 0 entity object(s) were destroyed without a despawn; forgetting them
[nebula] 0 entity object(s) were destroyed without a despawn; forgetting them
[nebula] 0 entity object(s) were destroyed without a despawn; forgetting them
[nebula] 0 entity object(s) were destroyed without a despawn; forgetting them
[nebula] 0 entity object(s) were destroyed without a despawn; forgetting them
[nebula] 0 entity object(s) were destroyed without a despawn; forgetting them
[nebula] 0 entity object(s) were destroyed without a despawn; forgetting them
[nebula] 0 entity object(s) were destroyed without a despawn; forgetting them
[nebula] 0 entity object(s) were destroyed without a despawn; forgetting them
[nebula] 0 entity object(s) were destroyed without a despawn; forgetting them
[nebula] 0 entity object(s) were destroyed without a despawn; forgetting them
[nebula] 0 entity object(s) were destroyed without a despawn; forgetting them
[nebula] 0 entity object(s) were destroyed without a despawn; forgetting them
[nebula] 0 entity object(s) were destroyed without a despawn; forgetting them
[nebula] 0 entity object(s) were destroyed without a despawn; forgetting them
[nebula] 0 entity object(s) were destroyed without a despawn; forgetting them
[nebula] 0 entity object(s) were destroyed without a despawn; forgetting them
[nebula] 0 entity object(s) were destroyed without a despawn; forgetting them
[nebula] 0 entity object(s) were destroyed without a despawn; forgetting them
[nebula] 0 entity object(s) were destroyed without a despawn; forgetting them
[nebula] 0 entity object(s) were destroyed without a despawn; forgetting them
[nebula] 0 entity object(s) were destroyed without a despawn; forgetting them
[nebula] 0 entity object(s) were destroyed without a despawn; forgetting them
[nebula] 0 entity object(s) were destroyed without a despawn; forgetting them
[nebula] 0 entity object(s) were destroyed without a despawn; forgetting them
[nebula] 0 entity object(s) were destroyed without a despawn; forgetting them
[nebula] 0 entity object(s) were destroyed without a despawn; forgetting them
[nebula] 0 entity object(s) were destroyed without a despawn; forgetting them
[nebula] 0 entity object(s) were destroyed without a despawn; forgetting them
[nebula] 0 entity object(s) were destroyed without a despawn; forgetting them
[nebula] 0 entity object(s) were destroyed without a despawn; forgetting them
[nebula] 0 entity object(s) were destroyed without a despawn; forgetting them
[nebula] 0 entity object(s) were destroyed without a despawn; forgetting them
[nebula] 0 entity object(s) were destroyed without a despawn; forgetting them
[nebula] 0 entity object(s) were destroyed without a despawn; forgetting them
[nebula] 0 entity object(s) were destroyed without a despawn; forgetting them
[nebula] 0 entity object(s) were destroyed without a despawn; forgetting them
[nebula] 0 entity object(s) were destroyed without a despawn; forgetting them
[nebula] 0 entity object(s) were destroyed without a despawn; forgetting them
[nebula] 0 entity object(s) were destroyed without a despawn; forgetting them
[nebula] 0 entity object(s) were destroyed without a despawn; forgetting them
[nebula] 0 entity object(s) were destroyed without a despawn; forgetting them
[nebula] 0 entity object(s) were destroyed without a despawn; forgetting them
[nebula] 0 entity object(s) were destroyed without a despawn; forgetting them
[nebula] 0 entity object(s) were destroyed without a despawn; forgetting them
[nebula] 0 entity object(s) were destroyed without a despawn; forgetting them
[nebula] 0 entity object(s) were destroyed without a despawn; forgetting them
[nebula] 0 entity object(s) were destroyed without a despawn; forgetting them
[nebula] 0 entity object(s) were destroyed without a despawn; forgetting them
[nebula] 0 entity object(s) were destroyed without a despawn; forgetting them
[nebula] 0 entity object(s) were destroyed without a despawn; forgetting them
[nebula] 0 entity object(s) were destroyed without a despawn; forgetting them
[nebula] 0 entity object(s) were destroyed without a despawn; forgetting them
[nebula] 0 entity object(s) were destroyed without a despawn; forgetting them
[nebula] 0 entity object(s) were destroyed without a despawn; forgetting them
[nebula] 0 entity object(s) were destroyed without a despawn; forgetting them
[nebula] 0 entity object(s) were destroyed without a despawn; forgetting them
[nebula] 0 entity object(s) were destroyed without a despawn; forgetting them
[nebula] 0 entity object(s) were destroyed without a despawn; forgetting them
[nebula] 0 entity object(s) were destroyed without a despawn; forgetting them
[nebula] 0 entity object(s) were destroyed without a despawn; forgetting them
[nebula] 0 entity object(s) were destroyed without a despawn; forgetting them
[nebula] 0 entity object(s) were destroyed without a despawn; forgetting them
[nebula] 0 entity object(s) were destroyed without a despawn; forgetting them
[nebula] 0 entity object(s) were destroyed without a despawn; forgetting them
[nebula] 0 entity object(s) were destroyed without a despawn; forgetting them
[nebula] 0 entity object(s) were destroyed without a despawn; forgetting them
[nebula] 0 entity object(s) were destroyed without a despawn; forgetting them
[nebula] 0 entity object(s) were destroyed without a despawn; forgetting them
[nebula] 0 entity object(s) were destroyed without a despawn; forgetting them
[nebula] 0 entity object(s) were destroyed without a despawn; forgetting them
[nebula] 0 entity object(s) were destroyed without a despawn; forgetting them
[nebula] 0 entity object(s) were destroyed without a despawn; forgetting them
[nebula] 0 entity object(s) were destroyed without a despawn; forgetting them
[nebula] 0 entity object(s) were destroyed without a despawn; forgetting them
[nebula] 0 entity object(s) were destroyed without a despawn; forgetting them
[nebula] 0 entity object(s) were destroyed without a despawn; forgetting them
[nebula] 0 entity object(s) were destroyed without a despawn; forgetting them
[nebula] 0 entity object(s) were destroyed without a despawn; forgetting them
[nebula] 0 entity object(s) were destroyed without a despawn; forgetting them
[nebula] 0 entity object(s) were destroyed without a despawn; forgetting them
[nebula] 0 entity object(s) were destroyed without a despawn; forgetting them
[nebula] 0 entity object(s) were destroyed without a despawn; forgetting them
[nebula] 0 entity object(s) were destroyed without a despawn; forgetting them
[nebula] 0 entity object(s) were destroyed without a despawn; forgetting them
[nebula] 0 entity object(s) were destroyed without a despawn; forgetting them
[nebula] 0 entity object(s) were destroyed without a despawn; forgetting them
[nebula] 0 entity object(s) were destroyed without a despawn; forgetting them
[nebula] 0 entity object(s) were destroyed without a despawn; forgetting them
[nebula] 0 entity object(s) were destroyed without a despawn; forgetting them
[nebula] 0 entity object(s) were destroyed without a despawn; forgetting them
[nebula] 0 entity object(s) were destroyed without a despawn; forgetting them
[nebula] 0 entity object(s) were destroyed without a despawn; forgetting them
[nebula] 0 entity object(s) were destroyed without a despawn; forgetting them
[nebula] 0 entity object(s) were destroyed without a despawn; forgetting them
[nebula] 0 entity object(s) were destroyed without a despawn; forgetting them
[nebula] 0 entity object(s) were destroyed without a despawn; forgetting them
[nebula] 0 entity object(s) were destroyed without a despawn; forgetting them
[nebula] 0 entity object(s) were destroyed without a despawn; forgetting them
[nebula] 0 entity object(s) were destroyed without a despawn; forgetting them
[nebula] 0 entity object(s) were destroyed without a despawn; forgetting them
[nebula] 0 entity object(s) were destroyed without a despawn; forgetting them
[nebula] 0 entity object(s) were destroyed without a despawn; forgetting them
[nebula] 0 entity object(s) were destroyed without a despawn; forgetting them
[nebula] 0 entity object(s) were destroyed without a despawn; forgetting them
[nebula] 0 entity object(s) were destroyed without a despawn; forgetting them
[nebula] 0 entity object(s) were destroyed without a despawn; forgetting them
[nebula] 0 entity object(s) were destroyed without a despawn; forgetting them
[nebula] 0 entity object(s) were destroyed without a despawn; forgetting them
[nebula] 0 entity object(s) were destroyed without a despawn; forgetting them
[nebula] 0 entity object(s) were destroyed without a despawn; forgetting them
[nebula] 0 entity object(s) were destroyed without a despawn; forgetting them
[nebula] 0 entity object(s) were destroyed without a despawn; forgetting them
[nebula] 0 entity object(s) were destroyed without a despawn; forgetting them
[nebula] 0 entity object(s) were destroyed without a despawn; forgetting them
[nebula] 0 entity object(s) were destroyed without a despawn; forgetting them
[nebula] 0 entity object(s) were destroyed without a despawn; forgetting them
[nebula] 0 entity object(s) were destroyed without a despawn; forgetting them
[nebula] 0 entity object(s) were destroyed without a despawn; forgetting them
[nebula] 0 entity object(s) were destroyed without a despawn; forgetting them
[nebula] profile 300 ticks/5s 300 frames avg 0.7ms max 1.2ms dup 0 skip 0 gc 48 auth 26 ghosts 0 | poll=0.01 ghosts=0.00 physics.sync=0.00 simulate=0.01 poses=0.04 containers=0.50 band=0.03 publish=0.01 gap=15.93 interest=0.01
[nebula] 0 entity object(s) were destroyed without a despawn; forgetting them
[nebula] 0 entity object(s) were destroyed without a despawn; forgetting them
[nebula] 0 entity object(s) were destroyed without a despawn; forgetting them
[nebula] 0 entity object(s) were destroyed without a despawn; forgetting them
[nebula] 0 entity object(s) were destroyed without a despawn; forgetting them
[nebula] 0 entity object(s) were destroyed without a despawn; forgetting them
[nebula] 0 entity object(s) were destroyed without a despawn; forgetting them
[nebula] 0 entity object(s) were destroyed without a despawn; forgetting them
[nebula] 0 entity object(s) were destroyed without a despawn; forgetting them
[nebula] 0 entity object(s) were destroyed without a despawn; forgetting them
[nebula] 0 entity object(s) were destroyed without a despawn; forgetting them
[nebula] 0 entity object(s) were destroyed without a despawn; forgetting them
[nebula] 0 entity object(s) were destroyed without a despawn; forgetting them
[nebula] 0 entity object(s) were destroyed without a despawn; forgetting them
[nebula] 0 entity object(s) were destroyed without a despawn; forgetting them
[nebula] 0 entity object(s) were destroyed without a despawn; forgetting them
[nebula] 0 entity object(s) were destroyed without a despawn; forgetting them
[nebula] 0 entity object(s) were destroyed without a despawn; forgetting them
[nebula] 0 entity object(s) were destroyed without a despawn; forgetting them
[nebula] 0 entity object(s) were destroyed without a despawn; forgetting them
[nebula] 0 entity object(s) were destroyed without a despawn; forgetting them
[nebula] 0 entity object(s) were destroyed without a despawn; forgetting them
[nebula] 0 entity object(s) were destroyed without a despawn; forgetting them
[nebula] 0 entity object(s) were destroyed without a despawn; forgetting them
[nebula] 0 entity object(s) were destroyed without a despawn; forgetting them
[nebula] 0 entity object(s) were destroyed without a despawn; forgetting them
[nebula] 0 entity object(s) were destroyed without a despawn; forgetting them
[nebula] 0 entity object(s) were destroyed without a despawn; forgetting them
[nebula] 0 entity object(s) were destroyed without a despawn; forgetting them
[nebula] spawned Prop(Clone)#281474976710702(e1,rt_52776560230399,auth)
[nebula] 0 entity object(s) were destroyed without a despawn; forgetting them
[nebula] 0 entity object(s) were destroyed without a despawn; forgetting them
[nebula] 0 entity object(s) were destroyed without a despawn; forgetting them
[nebula] 0 entity object(s) were destroyed without a despawn; forgetting them
[nebula] 0 entity object(s) were destroyed without a despawn; forgetting them
[nebula] 0 entity object(s) were destroyed without a despawn; forgetting them
[nebula] 0 entity object(s) were destroyed without a despawn; forgetting them
[nebula] 0 entity object(s) were destroyed without a despawn; forgetting them
[nebula] 0 entity object(s) were destroyed without a despawn; forgetting them
[nebula] 0 entity object(s) were destroyed without a despawn; forgetting them
[nebula] 0 entity object(s) were destroyed without a despawn; forgetting them
[nebula] 0 entity object(s) were destroyed without a despawn; forgetting them
[nebula] 0 entity object(s) were destroyed without a despawn; forgetting them
[nebula] 0 entity object(s) were destroyed without a despawn; forgetting them
[nebula] 0 entity object(s) were destroyed without a despawn; forgetting them
[nebula] 0 entity object(s) were destroyed without a despawn; forgetting them
[nebula] 0 entity object(s) were destroyed without a despawn; forgetting them
[nebula] 0 entity object(s) were destroyed without a despawn; forgetting them
[nebula] 0 entity object(s) were destroyed without a despawn; forgetting them
[nebula] 0 entity object(s) were destroyed without a despawn; forgetting them
[nebula] 0 entity object(s) were destroyed without a despawn; forgetting them
[nebula] 0 entity object(s) were destroyed without a despawn; forgetting them
[nebula] 0 entity object(s) were destroyed without a despawn; forgetting them
[nebula] 0 entity object(s) were destroyed without a despawn; forgetting them
[nebula] 0 entity object(s) were destroyed without a despawn; forgetting them
[nebula] 0 entity object(s) were destroyed without a despawn; forgetting them
[nebula] 0 entity object(s) were destroyed without a despawn; forgetting them
[nebula] 0 entity object(s) were destroyed without a despawn; forgetting them
[nebula] 0 entity object(s) were destroyed without a despawn; forgetting them
[nebula] 0 entity object(s) were destroyed without a despawn; forgetting them
[nebula] 0 entity object(s) were destroyed without a despawn; forgetting them
[nebula] 0 entity object(s) were destroyed without a despawn; forgetting them
[nebula] 0 entity object(s) were destroyed without a despawn; forgetting them
[nebula] 0 entity object(s) were destroyed without a despawn; forgetting them
[nebula] 0 entity object(s) were destroyed without a despawn; forgetting them
[nebula] 0 entity object(s) were destroyed without a despawn; forgetting them
[nebula] 0 entity object(s) were destroyed without a despawn; forgetting them
[nebula] 0 entity object(s) were destroyed without a despawn; forgetting them
[nebula] 0 entity object(s) were destroyed without a despawn; forgetting them
[nebula] 0 entity object(s) were destroyed without a despawn; forgetting them
[nebula] 0 entity object(s) were destroyed without a despawn; forgetting them
[nebula] 0 entity object(s) were destroyed without a despawn; forgetting them
[nebula] 0 entity object(s) were destroyed without a despawn; forgetting them
[nebula] 0 entity object(s) were destroyed without a despawn; forgetting them
[nebula] 0 entity object(s) were destroyed without a despawn; forgetting them
[nebula] 0 entity object(s) were destroyed without a despawn; forgetting them
[nebula] 0 entity object(s) were destroyed without a despawn; forgetting them
[nebula] 0 entity object(s) were destroyed without a despawn; forgetting them
[nebula] 0 entity object(s) were destroyed without a despawn; forgetting them
[nebula] 0 entity object(s) were destroyed without a despawn; forgetting them
[nebula] 0 entity object(s) were destroyed without a despawn; forgetting them
[nebula] 0 entity object(s) were destroyed without a despawn; forgetting them
[nebula] 0 entity object(s) were destroyed without a despawn; forgetting them
[nebula] 0 entity object(s) were destroyed without a despawn; forgetting them
[nebula] 0 entity object(s) were destroyed without a despawn; forgetting them
[nebula] 0 entity object(s) were destroyed without a despawn; forgetting them
[nebula] 0 entity object(s) were destroyed without a despawn; forgetting them
[nebula] 0 entity object(s) were destroyed without a despawn; forgetting them
[nebula] 0 entity object(s) were destroyed without a despawn; forgetting them
[nebula] 0 entity object(s) were destroyed without a despawn; forgetting them
[nebula] 0 entity object(s) were destroyed without a despawn; forgetting them
[nebula] 0 entity object(s) were destroyed without a despawn; forgetting them
[nebula] 0 entity object(s) were destroyed without a despawn; forgetting them
[nebula] 0 entity object(s) were destroyed without a despawn; forgetting them
[nebula] 0 entity object(s) were destroyed without a despawn; forgetting them
[nebula] 0 entity object(s) were destroyed without a despawn; forgetting them
[nebula] 0 entity object(s) were destroyed without a despawn; forgetting them
[nebula] 0 entity object(s) were destroyed without a despawn; forgetting them
[nebula] 0 entity object(s) were destroyed without a despawn; forgetting them
[nebula] 0 entity object(s) were destroyed without a despawn; forgetting them
[nebula] 0 entity object(s) were destroyed without a despawn; forgetting them
[nebula] 0 entity object(s) were destroyed without a despawn; forgetting them
[nebula] 0 entity object(s) were destroyed without a despawn; forgetting them
[nebula] 0 entity object(s) were destroyed without a despawn; forgetting them
[nebula] 0 entity object(s) were destroyed without a despawn; forgetting them
[nebula] 0 entity object(s) were destroyed without a despawn; forgetting them
[nebula] 0 entity object(s) were destroyed without a despawn; forgetting them
[nebula] 0 entity object(s) were destroyed without a despawn; forgetting them
[nebula] 0 entity object(s) were destroyed without a despawn; forgetting them
[nebula] 0 entity object(s) were destroyed without a despawn; forgetting them
[nebula] 0 entity object(s) were destroyed without a despawn; forgetting them
[nebula] 0 entity object(s) were destroyed without a despawn; forgetting them
[nebula] 0 entity object(s) were destroyed without a despawn; forgetting them
[nebula] 0 entity object(s) were destroyed without a despawn; forgetting them
[nebula] 0 entity object(s) were destroyed without a despawn; forgetting them
[nebula] 0 entity object(s) were destroyed without a despawn; forgetting them
[nebula] 0 entity object(s) were destroyed without a despawn; forgetting them
[nebula] 0 entity object(s) were destroyed without a despawn; forgetting them
[nebula] 0 entity object(s) were destroyed without a despawn; forgetting them
[nebula] 0 entity object(s) were destroyed without a despawn; forgetting them
[nebula] 0 entity object(s) were destroyed without a despawn; forgetting them
[nebula] 0 entity object(s) were destroyed without a despawn; forgetting them
[nebula] 0 entity object(s) were destroyed without a despawn; forgetting them
[nebula] 0 entity object(s) were destroyed without a despawn; forgetting them
[nebula] 0 entity object(s) were destroyed without a despawn; forgetting them
[nebula] 0 entity object(s) were destroyed without a despawn; forgetting them
[nebula] 0 entity object(s) were destroyed without a despawn; forgetting them
[nebula] 0 entity object(s) were destroyed without a despawn; forgetting them
[nebula] 0 entity object(s) were destroyed without a despawn; forgetting them
[nebula] 0 entity object(s) were destroyed without a despawn; forgetting them
[nebula] 0 entity object(s) were destroyed without a despawn; forgetting them
[nebula] 0 entity object(s) were destroyed without a despawn; forgetting them
[nebula] 0 entity object(s) were destroyed without a despawn; forgetting them
[nebula] 0 entity object(s) were destroyed without a despawn; forgetting them
[nebula] 0 entity object(s) were destroyed without a despawn; forgetting them
[nebula] 0 entity object(s) were destroyed without a despawn; forgetting them
[nebula] 0 entity object(s) were destroyed without a despawn; forgetting them
[nebula] 0 entity object(s) were destroyed without a despawn; forgetting them
[nebula] 0 entity object(s) were destroyed without a despawn; forgetting them
[nebula] 0 entity object(s) were destroyed without a despawn; forgetting them
[nebula] 0 entity object(s) were destroyed without a despawn; forgetting them
[nebula] 0 entity object(s) were destroyed without a despawn; forgetting them
[nebula] 0 entity object(s) were destroyed without a despawn; forgetting them
[nebula] 0 entity object(s) were destroyed without a despawn; forgetting them
[nebula] 0 entity object(s) were destroyed without a despawn; forgetting them
[nebula] 0 entity object(s) were destroyed without a despawn; forgetting them
[nebula] 0 entity object(s) were destroyed without a despawn; forgetting them
[nebula] 0 entity object(s) were destroyed without a despawn; forgetting them
[nebula] 0 entity object(s) were destroyed without a despawn; forgetting them
[nebula] 0 entity object(s) were destroyed without a despawn; forgetting them
[nebula] 0 entity object(s) were destroyed without a despawn; forgetting them
[nebula] 0 entity object(s) were destroyed without a despawn; forgetting them
[nebula] 0 entity object(s) were destroyed without a despawn; forgetting them
[nebula] 0 entity object(s) were destroyed without a despawn; forgetting them
[nebula] 0 entity object(s) were destroyed without a despawn; forgetting them
[nebula] 0 entity object(s) were destroyed without a despawn; forgetting them
[nebula] 0 entity object(s) were destroyed without a despawn; forgetting them
[nebula] 0 entity object(s) were destroyed without a despawn; forgetting them
[nebula] 0 entity object(s) were destroyed without a despawn; forgetting them
[nebula] 0 entity object(s) were destroyed without a despawn; forgetting them
[nebula] 0 entity object(s) were destroyed without a despawn; forgetting them
[nebula] 0 entity object(s) were destroyed without a despawn; forgetting them
[nebula] 0 entity object(s) were destroyed without a despawn; forgetting them
[nebula] 0 entity object(s) were destroyed without a despawn; forgetting them
[nebula] 0 entity object(s) were destroyed without a despawn; forgetting them
[nebula] 0 entity object(s) were destroyed without a despawn; forgetting them
[nebula] 0 entity object(s) were destroyed without a despawn; forgetting them
[nebula] 0 entity object(s) were destroyed without a despawn; forgetting them
[nebula] 0 entity object(s) were destroyed without a despawn; forgetting them
[nebula] 0 entity object(s) were destroyed without a despawn; forgetting them
[nebula] 0 entity object(s) were destroyed without a despawn; forgetting them
[nebula] 0 entity object(s) were destroyed without a despawn; forgetting them
[nebula] 0 entity object(s) were destroyed without a despawn; forgetting them
[nebula] 0 entity object(s) were destroyed without a despawn; forgetting them
[nebula] 0 entity object(s) were destroyed without a despawn; forgetting them
[nebula] 0 entity object(s) were destroyed without a despawn; forgetting them
[nebula] 0 entity object(s) were destroyed without a despawn; forgetting them
[nebula] 0 entity object(s) were destroyed without a despawn; forgetting them
[nebula] 0 entity object(s) were destroyed without a despawn; forgetting them
[nebula] 0 entity object(s) were destroyed without a despawn; forgetting them
[nebula] 0 entity object(s) were destroyed without a despawn; forgetting them
[nebula] 0 entity object(s) were destroyed without a despawn; forgetting them
[nebula] 0 entity object(s) were destroyed without a despawn; forgetting them
[nebula] 0 entity object(s) were destroyed without a despawn; forgetting them
[nebula] local handover Player(Clone)#844424930131970(e2,rt_57174606741503,auth) rt_52776560230399 -> rt_57174606741503
[nebula] 0 entity object(s) were destroyed without a despawn; forgetting them
[nebula] 0 entity object(s) were destroyed without a despawn; forgetting them
[nebula] 0 entity object(s) were destroyed without a despawn; forgetting them
[nebula] 0 entity object(s) were destroyed without a despawn; forgetting them
[nebula] 0 entity object(s) were destroyed without a despawn; forgetting them
[nebula] 0 entity object(s) were destroyed without a despawn; forgetting them
[nebula] 0 entity object(s) were destroyed without a despawn; forgetting them
[nebula] 0 entity object(s) were destroyed without a despawn; forgetting them
[nebula] 0 entity object(s) were destroyed without a despawn; forgetting them
[nebula] 0 entity object(s) were destroyed without a despawn; forgetting them
[nebula] 0 entity object(s) were destroyed without a despawn; forgetting them
[nebula] 0 entity object(s) were destroyed without a despawn; forgetting them
[nebula] origin shifted to cell (10, 0, -1) (delta (-320.00, 0.00, 0.00))
[nebula] 0 entity object(s) were destroyed without a despawn; forgetting them
[nebula] 0 entity object(s) were destroyed without a despawn; forgetting them
[nebula] 0 entity object(s) were destroyed without a despawn; forgetting them
[nebula] 0 entity object(s) were destroyed without a despawn; forgetting them
[nebula] 0 entity object(s) were destroyed without a despawn; forgetting them
[nebula] 0 entity object(s) were destroyed without a despawn; forgetting them
[nebula] 0 entity object(s) were destroyed without a despawn; forgetting them
[nebula] 0 entity object(s) were destroyed without a despawn; forgetting them
[nebula] 0 entity object(s) were destroyed without a despawn; forgetting them
[nebula] 0 entity object(s) were destroyed without a despawn; forgetting them
[nebula] 0 entity object(s) were destroyed without a despawn; forgetting them
[nebula] 0 entity object(s) were destroyed without a despawn; forgetting them
[nebula] 0 entity object(s) were destroyed without a despawn; forgetting them
[nebula] 0 entity object(s) were destroyed without a despawn; forgetting them
[nebula] spawned Prop(Clone)#281474976710703(e1,rt_57174606741503,auth)
[nebula] 0 entity object(s) were destroyed without a despawn; forgetting them
[nebula] 0 entity object(s) were destroyed without a despawn; forgetting them
[nebula] 0 entity object(s) were destroyed without a despawn; forgetting them
[nebula] 0 entity object(s) were destroyed without a despawn; forgetting them
[nebula] 0 entity object(s) were destroyed without a despawn; forgetting them
[nebula] 0 entity object(s) were destroyed without a despawn; forgetting them
[nebula] 0 entity object(s) were destroyed without a despawn; forgetting them
[nebula] 0 entity object(s) were destroyed without a despawn; forgetting them
[nebula] 0 entity object(s) were destroyed without a despawn; forgetting them
[nebula] 0 entity object(s) were destroyed without a despawn; forgetting them
[nebula] 0 entity object(s) were destroyed without a despawn; forgetting them
[nebula] 0 entity object(s) were destroyed without a despawn; forgetting them
[nebula] 0 entity object(s) were destroyed without a despawn; forgetting them
[nebula] 0 entity object(s) were destroyed without a despawn; forgetting them
[nebula] 0 entity object(s) were destroyed without a despawn; forgetting them
[nebula] 0 entity object(s) were destroyed without a despawn; forgetting them
[nebula] 0 entity object(s) were destroyed without a despawn; forgetting them
[nebula] 0 entity object(s) were destroyed without a despawn; forgetting them
[nebula] 0 entity object(s) were destroyed without a despawn; forgetting them
[nebula] 0 entity object(s) were destroyed without a despawn; forgetting them
[nebula] 0 entity object(s) were destroyed without a despawn; forgetting them
[nebula] 0 entity object(s) were destroyed without a despawn; forgetting them
[nebula] 0 entity object(s) were destroyed without a despawn; forgetting them
[nebula] 0 entity object(s) were destroyed without a despawn; forgetting them
[nebula] 0 entity object(s) were destroyed without a despawn; forgetting them
[nebula] 0 entity object(s) were destroyed without a despawn; forgetting them
[nebula] 0 entity object(s) were destroyed without a despawn; forgetting them
[nebula] 0 entity object(s) were destroyed without a despawn; forgetting them
[nebula] 0 entity object(s) were destroyed without a despawn; forgetting them
[nebula] 0 entity object(s) were destroyed without a despawn; forgetting them
[nebula] 0 entity object(s) were destroyed without a despawn; forgetting them
[nebula] 0 entity object(s) were destroyed without a despawn; forgetting them
[nebula] 0 entity object(s) were destroyed without a despawn; forgetting them
[nebula] 0 entity object(s) were destroyed without a despawn; forgetting them
[nebula] 0 entity object(s) were destroyed without a despawn; forgetting them
[nebula] 0 entity object(s) were destroyed without a despawn; forgetting them
[nebula] 0 entity object(s) were destroyed without a despawn; forgetting them
[nebula] 0 entity object(s) were destroyed without a despawn; forgetting them
[nebula] 0 entity object(s) were destroyed without a despawn; forgetting them
[nebula] 0 entity object(s) were destroyed without a despawn; forgetting them
[nebula] 0 entity object(s) were destroyed without a despawn; forgetting them
[nebula] 0 entity object(s) were destroyed without a despawn; forgetting them
[nebula] 0 entity object(s) were destroyed without a despawn; forgetting them
[nebula] 0 entity object(s) were destroyed without a despawn; forgetting them
[nebula] 0 entity object(s) were destroyed without a despawn; forgetting them
[nebula] 0 entity object(s) were destroyed without a despawn; forgetting them
[nebula] 0 entity object(s) were destroyed without a despawn; forgetting them
[nebula] 0 entity object(s) were destroyed without a despawn; forgetting them
[nebula] 0 entity object(s) were destroyed without a despawn; forgetting them
[nebula] 0 entity object(s) were destroyed without a despawn; forgetting them
[nebula] 0 entity object(s) were destroyed without a despawn; forgetting them
[nebula] 0 entity object(s) were destroyed without a despawn; forgetting them
[nebula] 0 entity object(s) were destroyed without a despawn; forgetting them
[nebula] 0 entity object(s) were destroyed without a despawn; forgetting them
[nebula] 0 entity object(s) were destroyed without a despawn; forgetting them
[nebula] 0 entity object(s) were destroyed without a despawn; forgetting them
[nebula] 0 entity object(s) were destroyed without a despawn; forgetting them
[nebula] 0 entity object(s) were destroyed without a despawn; forgetting them
[nebula] 0 entity object(s) were destroyed without a despawn; forgetting them
[nebula] 0 entity object(s) were destroyed without a despawn; forgetting them
[nebula] 0 entity object(s) were destroyed without a despawn; forgetting them
[nebula] 0 entity object(s) were destroyed without a despawn; forgetting them
[nebula] 0 entity object(s) were destroyed without a despawn; forgetting them
[nebula] 0 entity object(s) were destroyed without a despawn; forgetting them
[nebula] 0 entity object(s) were destroyed without a despawn; forgetting them
[nebula] 0 entity object(s) were destroyed without a despawn; forgetting them
[nebula] 0 entity object(s) were destroyed without a despawn; forgetting them
[nebula] 0 entity object(s) were destroyed without a despawn; forgetting them
[nebula] 0 entity object(s) were destroyed without a despawn; forgetting them
[nebula] 0 entity object(s) were destroyed without a despawn; forgetting them
[nebula] 0 entity object(s) were destroyed without a despawn; forgetting them
[nebula] 0 entity object(s) were destroyed without a despawn; forgetting them
[nebula] 0 entity object(s) were destroyed without a despawn; forgetting them
[nebula] 0 entity object(s) were destroyed without a despawn; forgetting them
[nebula] 0 entity object(s) were destroyed without a despawn; forgetting them
[nebula] 0 entity object(s) were destroyed without a despawn; forgetting them
[nebula] 0 entity object(s) were destroyed without a despawn; forgetting them
[nebula] 0 entity object(s) were destroyed without a despawn; forgetting them
[nebula] 0 entity object(s) were destroyed without a despawn; forgetting them
[nebula] 0 entity object(s) were destroyed without a despawn; forgetting them
[nebula] 0 entity object(s) were destroyed without a despawn; forgetting them
[nebula] 0 entity object(s) were destroyed without a despawn; forgetting them
[nebula] 0 entity object(s) were destroyed without a despawn; forgetting them
[nebula] 0 entity object(s) were destroyed without a despawn; forgetting them
[nebula] 0 entity object(s) were destroyed without a despawn; forgetting them
[nebula] 0 entity object(s) were destroyed without a despawn; forgetting them
[nebula] 0 entity object(s) were destroyed without a despawn; forgetting them
[nebula] 0 entity object(s) were destroyed without a despawn; forgetting them
[nebula] 0 entity object(s) were destroyed without a despawn; forgetting them
[nebula] 0 entity object(s) were destroyed without a despawn; forgetting them
[nebula] 0 entity object(s) were destroyed without a despawn; forgetting them
[nebula] profile 300 ticks/5s 300 frames avg 0.8ms max 1.3ms dup 0 skip 0 gc 37 auth 28 ghosts 0 | poll=0.01 ghosts=0.00 physics.sync=0.00 simulate=0.01 poses=0.04 containers=0.53 band=0.03 publish=0.01 gap=15.90 interest=0.01
[nebula] 0 entity object(s) were destroyed without a despawn; forgetting them
[nebula] 0 entity object(s) were destroyed without a despawn; forgetting them
[nebula] 0 entity object(s) were destroyed without a despawn; forgetting them
[nebula] 0 entity object(s) were destroyed without a despawn; forgetting them
[nebula] 0 entity object(s) were destroyed without a despawn; forgetting them
[nebula] 0 entity object(s) were destroyed without a despawn; forgetting them
[nebula] 0 entity object(s) were destroyed without a despawn; forgetting them
[nebula] 0 entity object(s) were destroyed without a despawn; forgetting them
[nebula] 0 entity object(s) were destroyed without a despawn; forgetting them
[nebula] 0 entity object(s) were destroyed without a despawn; forgetting them
[nebula] 0 entity object(s) were destroyed without a despawn; forgetting them
[nebula] 0 entity object(s) were destroyed without a despawn; forgetting them
[nebula] 0 entity object(s) were destroyed without a despawn; forgetting them
[nebula] 0 entity object(s) were destroyed without a despawn; forgetting them
[nebula] 0 entity object(s) were destroyed without a despawn; forgetting them
[nebula] 0 entity object(s) were destroyed without a despawn; forgetting them
[nebula] 0 entity object(s) were destroyed without a despawn; forgetting them
[nebula] 0 entity object(s) were destroyed without a despawn; forgetting them
[nebula] 0 entity object(s) were destroyed without a despawn; forgetting them
[nebula] 0 entity object(s) were destroyed without a despawn; forgetting them
[nebula] 0 entity object(s) were destroyed without a despawn; forgetting them
[nebula] 0 entity object(s) were destroyed without a despawn; forgetting them
[nebula] 0 entity object(s) were destroyed without a despawn; forgetting them
[nebula] 0 entity object(s) were destroyed without a despawn; forgetting them
[nebula] 0 entity object(s) were destroyed without a despawn; forgetting them
[nebula] 0 entity object(s) were destroyed without a despawn; forgetting them
[nebula] 0 entity object(s) were destroyed without a despawn; forgetting them
[nebula] 0 entity object(s) were destroyed without a despawn; forgetting them
[nebula] 0 entity object(s) were destroyed without a despawn; forgetting them
[nebula] 0 entity object(s) were destroyed without a despawn; forgetting them
[nebula] 0 entity object(s) were destroyed without a despawn; forgetting them
[nebula] 0 entity object(s) were destroyed without a despawn; forgetting them
[nebula] 0 entity object(s) were destroyed without a despawn; forgetting them
[nebula] 0 entity object(s) were destroyed without a despawn; forgetting them
[nebula] 0 entity object(s) were destroyed without a despawn; forgetting them
[nebula] 0 entity object(s) were destroyed without a despawn; forgetting them
[nebula] 0 entity object(s) were destroyed without a despawn; forgetting them
[nebula] 0 entity object(s) were destroyed without a despawn; forgetting them
[nebula] 0 entity object(s) were destroyed without a despawn; forgetting them
[nebula] 0 entity object(s) were destroyed without a despawn; forgetting them
[nebula] 0 entity object(s) were destroyed without a despawn; forgetting them
[nebula] 0 entity object(s) were destroyed without a despawn; forgetting them
[nebula] 0 entity object(s) were destroyed without a despawn; forgetting them
[nebula] 0 entity object(s) were destroyed without a despawn; forgetting them
[nebula] 0 entity object(s) were destroyed without a despawn; forgetting them
[nebula] 0 entity object(s) were destroyed without a despawn; forgetting them
[nebula] 0 entity object(s) were destroyed without a despawn; forgetting them
[nebula] 0 entity object(s) were destroyed without a despawn; forgetting them
[nebula] 0 entity object(s) were destroyed without a despawn; forgetting them
[nebula] 0 entity object(s) were destroyed without a despawn; forgetting them
[nebula] 0 entity object(s) were destroyed without a despawn; forgetting them
[nebula] 0 entity object(s) were destroyed without a despawn; forgetting them
[nebula] 0 entity object(s) were destroyed without a despawn; forgetting them
[nebula] 0 entity object(s) were destroyed without a despawn; forgetting them
[nebula] 0 entity object(s) were destroyed without a despawn; forgetting them
[nebula] 0 entity object(s) were destroyed without a despawn; forgetting them
[nebula] 0 entity object(s) were destroyed without a despawn; forgetting them
[nebula] 0 entity object(s) were destroyed without a despawn; forgetting them
[nebula] 0 entity object(s) were destroyed without a despawn; forgetting them
[nebula] 0 entity object(s) were destroyed without a despawn; forgetting them
[nebula] 0 entity object(s) were destroyed without a despawn; forgetting them
[nebula] 0 entity object(s) were destroyed without a despawn; forgetting them
[nebula] 0 entity object(s) were destroyed without a despawn; forgetting them
[nebula] 0 entity object(s) were destroyed without a despawn; forgetting them
[nebula] 0 entity object(s) were destroyed without a despawn; forgetting them
[nebula] 0 entity object(s) were destroyed without a despawn; forgetting them
[nebula] 0 entity object(s) were destroyed without a despawn; forgetting them
[nebula] 0 entity object(s) were destroyed without a despawn; forgetting them
[nebula] 0 entity object(s) were destroyed without a despawn; forgetting them
[nebula] 0 entity object(s) were destroyed without a despawn; forgetting them
[nebula] 0 entity object(s) were destroyed without a despawn; forgetting them
[nebula] 0 entity object(s) were destroyed without a despawn; forgetting them
[nebula] 0 entity object(s) were destroyed without a despawn; forgetting them
[nebula] 0 entity object(s) were destroyed without a despawn; forgetting them
[nebula] 0 entity object(s) were destroyed without a despawn; forgetting them
[nebula] 0 entity object(s) were destroyed without a despawn; forgetting them
[nebula] 0 entity object(s) were destroyed without a despawn; forgetting them
[nebula] 0 entity object(s) were destroyed without a despawn; forgetting them
[nebula] 0 entity object(s) were destroyed without a despawn; forgetting them
[nebula] 0 entity object(s) were destroyed without a despawn; forgetting them
[nebula] 0 entity object(s) were destroyed without a despawn; forgetting them
[nebula] 0 entity object(s) were destroyed without a despawn; forgetting them
[nebula] 0 entity object(s) were destroyed without a despawn; forgetting them
[nebula] 0 entity object(s) were destroyed without a despawn; forgetting them
[nebula] 0 entity object(s) were destroyed without a despawn; forgetting them
[nebula] 0 entity object(s) were destroyed without a despawn; forgetting them
[nebula] 0 entity object(s) were destroyed without a despawn; forgetting them
[nebula] 0 entity object(s) were destroyed without a despawn; forgetting them
[nebula] 0 entity object(s) were destroyed without a despawn; forgetting them
[nebula] spawned Prop(Clone)#281474976710704(e1,rt_57174606741503,auth)
[nebula] 0 entity object(s) were destroyed without a despawn; forgetting them
[nebula] 0 entity object(s) were destroyed without a despawn; forgetting them
[nebula] 0 entity object(s) were destroyed without a despawn; forgetting them
[nebula] 0 entity object(s) were destroyed without a despawn; forgetting them
[nebula] 0 entity object(s) were destroyed without a despawn; forgetting them
[nebula] 0 entity object(s) were destroyed without a despawn; forgetting them
[nebula] 0 entity object(s) were destroyed without a despawn; forgetting them
[nebula] 0 entity object(s) were destroyed without a despawn; forgetting them
[nebula] 0 entity object(s) were destroyed without a despawn; forgetting them
[nebula] 0 entity object(s) were destroyed without a despawn; forgetting them
[nebula] 0 entity object(s) were destroyed without a despawn; forgetting them
[nebula] 0 entity object(s) were destroyed without a despawn; forgetting them
[nebula] 0 entity object(s) were destroyed without a despawn; forgetting them
[nebula] 0 entity object(s) were destroyed without a despawn; forgetting them
[nebula] 0 entity object(s) were destroyed without a despawn; forgetting them
[nebula] 0 entity object(s) were destroyed without a despawn; forgetting them
[nebula] 0 entity object(s) were destroyed without a despawn; forgetting them
[nebula] 0 entity object(s) were destroyed without a despawn; forgetting them
[nebula] 0 entity object(s) were destroyed without a despawn; forgetting them
[nebula] 0 entity object(s) were destroyed without a despawn; forgetting them
[nebula] 0 entity object(s) were destroyed without a despawn; forgetting them
[nebula] 0 entity object(s) were destroyed without a despawn; forgetting them
[nebula] 0 entity object(s) were destroyed without a despawn; forgetting them
[nebula] 0 entity object(s) were destroyed without a despawn; forgetting them
[nebula] 0 entity object(s) were destroyed without a despawn; forgetting them
[nebula] 0 entity object(s) were destroyed without a despawn; forgetting them
[nebula] 0 entity object(s) were destroyed without a despawn; forgetting them
[nebula] 0 entity object(s) were destroyed without a despawn; forgetting them
[nebula] 0 entity object(s) were destroyed without a despawn; forgetting them
[nebula] 0 entity object(s) were destroyed without a despawn; forgetting them
[nebula] 0 entity object(s) were destroyed without a despawn; forgetting them
[nebula] 0 entity object(s) were destroyed without a despawn; forgetting them
[nebula] 0 entity object(s) were destroyed without a despawn; forgetting them
[nebula] 0 entity object(s) were destroyed without a despawn; forgetting them
[nebula] 0 entity object(s) were destroyed without a despawn; forgetting them
[nebula] 0 entity object(s) were destroyed without a despawn; forgetting them
[nebula] 0 entity object(s) were destroyed without a despawn; forgetting them
[nebula] 0 entity object(s) were destroyed without a despawn; forgetting them
[nebula] 0 entity object(s) were destroyed without a despawn; forgetting them
[nebula] 0 entity object(s) were destroyed without a despawn; forgetting them
[nebula] 0 entity object(s) were destroyed without a despawn; forgetting them
[nebula] 0 entity object(s) were destroyed without a despawn; forgetting them
[nebula] 0 entity object(s) were destroyed without a despawn; forgetting them
[nebula] 0 entity object(s) were destroyed without a despawn; forgetting them
[nebula] 0 entity object(s) were destroyed without a despawn; forgetting them
[nebula] 0 entity object(s) were destroyed without a despawn; forgetting them
[nebula] 0 entity object(s) were destroyed without a despawn; forgetting them
[nebula] 0 entity object(s) were destroyed without a despawn; forgetting them
[nebula] 0 entity object(s) were destroyed without a despawn; forgetting them
[nebula] 0 entity object(s) were destroyed without a despawn; forgetting them
[nebula] 0 entity object(s) were destroyed without a despawn; forgetting them
[nebula] 0 entity object(s) were destroyed without a despawn; forgetting them
[nebula] 0 entity object(s) were destroyed without a despawn; forgetting them
[nebula] 0 entity object(s) were destroyed without a despawn; forgetting them
[nebula] 0 entity object(s) were destroyed without a despawn; forgetting them
[nebula] 0 entity object(s) were destroyed without a despawn; forgetting them
[nebula] 0 entity object(s) were destroyed without a despawn; forgetting them
[nebula] 0 entity object(s) were destroyed without a despawn; forgetting them
[nebula] 0 entity object(s) were destroyed without a despawn; forgetting them
[nebula] 0 entity object(s) were destroyed without a despawn; forgetting them
[nebula] 0 entity object(s) were destroyed without a despawn; forgetting them
[nebula] 0 entity object(s) were destroyed without a despawn; forgetting them
[nebula] 0 entity object(s) were destroyed without a despawn; forgetting them
[nebula] 0 entity object(s) were destroyed without a despawn; forgetting them
[nebula] 0 entity object(s) were destroyed without a despawn; forgetting them
[nebula] 0 entity object(s) were destroyed without a despawn; forgetting them
[nebula] 0 entity object(s) were destroyed without a despawn; forgetting them
[nebula] 0 entity object(s) were destroyed without a despawn; forgetting them
[nebula] 0 entity object(s) were destroyed without a despawn; forgetting them
[nebula] 0 entity object(s) were destroyed without a despawn; forgetting them
[nebula] 0 entity object(s) were destroyed without a despawn; forgetting them
[nebula] 0 entity object(s) were destroyed without a despawn; forgetting them
[nebula] 0 entity object(s) were destroyed without a despawn; forgetting them
[nebula] 0 entity object(s) were destroyed without a despawn; forgetting them
[nebula] 0 entity object(s) were destroyed without a despawn; forgetting them
[nebula] 0 entity object(s) were destroyed without a despawn; forgetting them
[nebula] 0 entity object(s) were destroyed without a despawn; forgetting them
[nebula] 0 entity object(s) were destroyed without a despawn; forgetting them
[nebula] 0 entity object(s) were destroyed without a despawn; forgetting them
[nebula] 0 entity object(s) were destroyed without a despawn; forgetting them
[nebula] 0 entity object(s) were destroyed without a despawn; forgetting them
[nebula] 0 entity object(s) were destroyed without a despawn; forgetting them
[nebula] 0 entity object(s) were destroyed without a despawn; forgetting them
[nebula] 0 entity object(s) were destroyed without a despawn; forgetting them
[nebula] 0 entity object(s) were destroyed without a despawn; forgetting them
[nebula] 0 entity object(s) were destroyed without a despawn; forgetting them
[nebula] 0 entity object(s) were destroyed without a despawn; forgetting them
[nebula] 0 entity object(s) were destroyed without a despawn; forgetting them
[nebula] 0 entity object(s) were destroyed without a despawn; forgetting them
[nebula] 0 entity object(s) were destroyed without a despawn; forgetting them
[nebula] 0 entity object(s) were destroyed without a despawn; forgetting them
[nebula] 0 entity object(s) were destroyed without a despawn; forgetting them
[nebula] 0 entity object(s) were destroyed without a despawn; forgetting them
[nebula] 0 entity object(s) were destroyed without a despawn; forgetting them
[nebula] 0 entity object(s) were destroyed without a despawn; forgetting them
[nebula] 0 entity object(s) were destroyed without a despawn; forgetting them
[nebula] 0 entity object(s) were destroyed without a despawn; forgetting them
[nebula] 0 entity object(s) were destroyed without a despawn; forgetting them
[nebula] 0 entity object(s) were destroyed without a despawn; forgetting them
[nebula] 0 entity object(s) were destroyed without a despawn; forgetting them
[nebula] 0 entity object(s) were destroyed without a despawn; forgetting them
[nebula] 0 entity object(s) were destroyed without a despawn; forgetting them
[nebula] 0 entity object(s) were destroyed without a despawn; forgetting them
[nebula] 0 entity object(s) were destroyed without a despawn; forgetting them
[nebula] 0 entity object(s) were destroyed without a despawn; forgetting them
[nebula] 0 entity object(s) were destroyed without a despawn; forgetting them
[nebula] 0 entity object(s) were destroyed without a despawn; forgetting them
[nebula] 0 entity object(s) were destroyed without a despawn; forgetting them
[nebula] 0 entity object(s) were destroyed without a despawn; forgetting them
[nebula] 0 entity object(s) were destroyed without a despawn; forgetting them
[nebula] 0 entity object(s) were destroyed without a despawn; forgetting them
[nebula] 0 entity object(s) were destroyed without a despawn; forgetting them
[nebula] 0 entity object(s) were destroyed without a despawn; forgetting them
[nebula] 0 entity object(s) were destroyed without a despawn; forgetting them
[nebula] 0 entity object(s) were destroyed without a despawn; forgetting them
[nebula] 0 entity object(s) were destroyed without a despawn; forgetting them
[nebula] 0 entity object(s) were destroyed without a despawn; forgetting them
[nebula] 0 entity object(s) were destroyed without a despawn; forgetting them
[nebula] 0 entity object(s) were destroyed without a despawn; forgetting them
[nebula] 0 entity object(s) were destroyed without a despawn; forgetting them
[nebula] 0 entity object(s) were destroyed without a despawn; forgetting them
[nebula] 0 entity object(s) were destroyed without a despawn; forgetting them
[nebula] 0 entity object(s) were destroyed without a despawn; forgetting them
[nebula] 0 entity object(s) were destroyed without a despawn; forgetting them
[nebula] 0 entity object(s) were destroyed without a despawn; forgetting them
[nebula] 0 entity object(s) were destroyed without a despawn; forgetting them
[nebula] 0 entity object(s) were destroyed without a despawn; forgetting them
[nebula] 0 entity object(s) were destroyed without a despawn; forgetting them
[nebula] 0 entity object(s) were destroyed without a despawn; forgetting them
[nebula] 0 entity object(s) were destroyed without a despawn; forgetting them
[nebula] 0 entity object(s) were destroyed without a despawn; forgetting them
[nebula] 0 entity object(s) were destroyed without a despawn; forgetting them
[nebula] 0 entity object(s) were destroyed without a despawn; forgetting them
[nebula] 0 entity object(s) were destroyed without a despawn; forgetting them
[nebula] 0 entity object(s) were destroyed without a despawn; forgetting them
[nebula] 0 entity object(s) were destroyed without a despawn; forgetting them
[nebula] 0 entity object(s) were destroyed without a despawn; forgetting them
[nebula] 0 entity object(s) were destroyed without a despawn; forgetting them
[nebula] 0 entity object(s) were destroyed without a despawn; forgetting them
[nebula] 0 entity object(s) were destroyed without a despawn; forgetting them
[nebula] 0 entity object(s) were destroyed without a despawn; forgetting them
[nebula] 0 entity object(s) were destroyed without a despawn; forgetting them
[nebula] 0 entity object(s) were destroyed without a despawn; forgetting them
[nebula] 0 entity object(s) were destroyed without a despawn; forgetting them
[nebula] 0 entity object(s) were destroyed without a despawn; forgetting them
[nebula] 0 entity object(s) were destroyed without a despawn; forgetting them
[nebula] 0 entity object(s) were destroyed without a despawn; forgetting them
[nebula] 0 entity object(s) were destroyed without a despawn; forgetting them
[nebula] 0 entity object(s) were destroyed without a despawn; forgetting them
[nebula] 0 entity object(s) were destroyed without a despawn; forgetting them
[nebula] 0 entity object(s) were destroyed without a despawn; forgetting them
[nebula] 0 entity object(s) were destroyed without a despawn; forgetting them
[nebula] 0 entity object(s) were destroyed without a despawn; forgetting them
[nebula] 0 entity object(s) were destroyed without a despawn; forgetting them
[nebula] 0 entity object(s) were destroyed without a despawn; forgetting them
[nebula] 0 entity object(s) were destroyed without a despawn; forgetting them
[nebula] 0 entity object(s) were destroyed without a despawn; forgetting them
[nebula] 0 entity object(s) were destroyed without a despawn; forgetting them
[nebula] 0 entity object(s) were destroyed without a despawn; forgetting them
[nebula] 0 entity object(s) were destroyed without a despawn; forgetting them
[nebula] 0 entity object(s) were destroyed without a despawn; forgetting them
[nebula] 0 entity object(s) were destroyed without a despawn; forgetting them
[nebula] 0 entity object(s) were destroyed without a despawn; forgetting them
[nebula] 0 entity object(s) were destroyed without a despawn; forgetting them
[nebula] 0 entity object(s) were destroyed without a despawn; forgetting them
[nebula] 0 entity object(s) were destroyed without a despawn; forgetting them
[nebula] 0 entity object(s) were destroyed without a despawn; forgetting them
[nebula] 0 entity object(s) were destroyed without a despawn; forgetting them
[nebula] 0 entity object(s) were destroyed without a despawn; forgetting them
[nebula] 0 entity object(s) were destroyed without a despawn; forgetting them
[nebula] 0 entity object(s) were destroyed without a despawn; forgetting them
[nebula] 0 entity object(s) were destroyed without a despawn; forgetting them
[nebula] 0 entity object(s) were destroyed without a despawn; forgetting them
[nebula] 0 entity object(s) were destroyed without a despawn; forgetting them
[nebula] 0 entity object(s) were destroyed without a despawn; forgetting them
[nebula] 0 entity object(s) were destroyed without a despawn; forgetting them
[nebula] 0 entity object(s) were destroyed without a despawn; forgetting them
[nebula] 0 entity object(s) were destroyed without a despawn; forgetting them
[nebula] 0 entity object(s) were destroyed without a despawn; forgetting them
[nebula] 0 entity object(s) were destroyed without a despawn; forgetting them
[nebula] spawned Prop(Clone)#281474976710705(e1,rt_57174606741503,auth)
[nebula] 0 entity object(s) were destroyed without a despawn; forgetting them
[nebula] 0 entity object(s) were destroyed without a despawn; forgetting them
[nebula] 0 entity object(s) were destroyed without a despawn; forgetting them
[nebula] 0 entity object(s) were destroyed without a despawn; forgetting them
[nebula] 0 entity object(s) were destroyed without a despawn; forgetting them
[nebula] 0 entity object(s) were destroyed without a despawn; forgetting them
[nebula] 0 entity object(s) were destroyed without a despawn; forgetting them
[nebula] 0 entity object(s) were destroyed without a despawn; forgetting them
[nebula] 0 entity object(s) were destroyed without a despawn; forgetting them
[nebula] 0 entity object(s) were destroyed without a despawn; forgetting them
[nebula] 0 entity object(s) were destroyed without a despawn; forgetting them
[nebula] 0 entity object(s) were destroyed without a despawn; forgetting them
[nebula] 0 entity object(s) were destroyed without a despawn; forgetting them
[nebula] 0 entity object(s) were destroyed without a despawn; forgetting them
[nebula] 0 entity object(s) were destroyed without a despawn; forgetting them
[nebula] 0 entity object(s) were destroyed without a despawn; forgetting them
[nebula] 0 entity object(s) were destroyed without a despawn; forgetting them
[nebula] 0 entity object(s) were destroyed without a despawn; forgetting them
[nebula] 0 entity object(s) were destroyed without a despawn; forgetting them
[nebula] 0 entity object(s) were destroyed without a despawn; forgetting them
[nebula] 0 entity object(s) were destroyed without a despawn; forgetting them
[nebula] 0 entity object(s) were destroyed without a despawn; forgetting them
[nebula] 0 entity object(s) were destroyed without a despawn; forgetting them
[nebula] 0 entity object(s) were destroyed without a despawn; forgetting them
[nebula] 0 entity object(s) were destroyed without a despawn; forgetting them
[nebula] 0 entity object(s) were destroyed without a despawn; forgetting them
[nebula] 0 entity object(s) were destroyed without a despawn; forgetting them
[nebula] 0 entity object(s) were destroyed without a despawn; forgetting them
[nebula] 0 entity object(s) were destroyed without a despawn; forgetting them
[nebula] 0 entity object(s) were destroyed without a despawn; forgetting them
[nebula] 0 entity object(s) were destroyed without a despawn; forgetting them
[nebula] profile 300 ticks/5s 300 frames avg 0.8ms max 1.5ms dup 0 skip 0 gc 37 auth 30 ghosts 0 | poll=0.01 ghosts=0.00 physics.sync=0.00 simulate=0.01 poses=0.04 containers=0.56 band=0.03 publish=0.02 gap=15.87 interest=0.01
[nebula] 0 entity object(s) were destroyed without a despawn; forgetting them
[nebula] 0 entity object(s) were destroyed without a despawn; forgetting them
[nebula] 0 entity object(s) were destroyed without a despawn; forgetting them
[nebula] 0 entity object(s) were destroyed without a despawn; forgetting them
[nebula] 0 entity object(s) were destroyed without a despawn; forgetting them
[nebula] 0 entity object(s) were destroyed without a despawn; forgetting them
[nebula] 0 entity object(s) were destroyed without a despawn; forgetting them
[nebula] 0 entity object(s) were destroyed without a despawn; forgetting them
[nebula] 0 entity object(s) were destroyed without a despawn; forgetting them
[nebula] 0 entity object(s) were destroyed without a despawn; forgetting them
[nebula] 0 entity object(s) were destroyed without a despawn; forgetting them
[nebula] 0 entity object(s) were destroyed without a despawn; forgetting them
[nebula] 0 entity object(s) were destroyed without a despawn; forgetting them
[nebula] 0 entity object(s) were destroyed without a despawn; forgetting them
[nebula] 0 entity object(s) were destroyed without a despawn; forgetting them
[nebula] 0 entity object(s) were destroyed without a despawn; forgetting them
[nebula] 0 entity object(s) were destroyed without a despawn; forgetting them
[nebula] 0 entity object(s) were destroyed without a despawn; forgetting them
[nebula] 0 entity object(s) were destroyed without a despawn; forgetting them
[nebula] 0 entity object(s) were destroyed without a despawn; forgetting them
[nebula] 0 entity object(s) were destroyed without a despawn; forgetting them
[nebula] 0 entity object(s) were destroyed without a despawn; forgetting them
[nebula] 0 entity object(s) were destroyed without a despawn; forgetting them
[nebula] 0 entity object(s) were destroyed without a despawn; forgetting them
[nebula] 0 entity object(s) were destroyed without a despawn; forgetting them
[nebula] 0 entity object(s) were destroyed without a despawn; forgetting them
[nebula] 0 entity object(s) were destroyed without a despawn; forgetting them
[nebula] 0 entity object(s) were destroyed without a despawn; forgetting them
[nebula] 0 entity object(s) were destroyed without a despawn; forgetting them
[nebula] 0 entity object(s) were destroyed without a despawn; forgetting them
[nebula] 0 entity object(s) were destroyed without a despawn; forgetting them
[nebula] 0 entity object(s) were destroyed without a despawn; forgetting them
[nebula] 0 entity object(s) were destroyed without a despawn; forgetting them
[nebula] 0 entity object(s) were destroyed without a despawn; forgetting them
[nebula] 0 entity object(s) were destroyed without a despawn; forgetting them
[nebula] 0 entity object(s) were destroyed without a despawn; forgetting them
[nebula] 0 entity object(s) were destroyed without a despawn; forgetting them
[nebula] 0 entity object(s) were destroyed without a despawn; forgetting them
[nebula] 0 entity object(s) were destroyed without a despawn; forgetting them
[nebula] 0 entity object(s) were destroyed without a despawn; forgetting them
[nebula] 0 entity object(s) were destroyed without a despawn; forgetting them
[nebula] 0 entity object(s) were destroyed without a despawn; forgetting them
[nebula] 0 entity object(s) were destroyed without a despawn; forgetting them
[nebula] 0 entity object(s) were destroyed without a despawn; forgetting them
[nebula] 0 entity object(s) were destroyed without a despawn; forgetting them
[nebula] 0 entity object(s) were destroyed without a despawn; forgetting them
[nebula] 0 entity object(s) were destroyed without a despawn; forgetting them
[nebula] 0 entity object(s) were destroyed without a despawn; forgetting them
[nebula] 0 entity object(s) were destroyed without a despawn; forgetting them
[nebula] 0 entity object(s) were destroyed without a despawn; forgetting them
[nebula] 0 entity object(s) were destroyed without a despawn; forgetting them
[nebula] 0 entity object(s) were destroyed without a despawn; forgetting them
[nebula] 0 entity object(s) were destroyed without a despawn; forgetting them
[nebula] 0 entity object(s) were destroyed without a despawn; forgetting them
[nebula] 0 entity object(s) were destroyed without a despawn; forgetting them
[nebula] 0 entity object(s) were destroyed without a despawn; forgetting them
[nebula] 0 entity object(s) were destroyed without a despawn; forgetting them
[nebula] 0 entity object(s) were destroyed without a despawn; forgetting them
[nebula] 0 entity object(s) were destroyed without a despawn; forgetting them
[nebula] 0 entity object(s) were destroyed without a despawn; forgetting them
[nebula] 0 entity object(s) were destroyed without a despawn; forgetting them
[nebula] 0 entity object(s) were destroyed without a despawn; forgetting them
[nebula] 0 entity object(s) were destroyed without a despawn; forgetting them
[nebula] 0 entity object(s) were destroyed without a despawn; forgetting them
[nebula] 0 entity object(s) were destroyed without a despawn; forgetting them
[nebula] 0 entity object(s) were destroyed without a despawn; forgetting them
[nebula] 0 entity object(s) were destroyed without a despawn; forgetting them
[nebula] 0 entity object(s) were destroyed without a despawn; forgetting them
[nebula] 0 entity object(s) were destroyed without a despawn; forgetting them
[nebula] 0 entity object(s) were destroyed without a despawn; forgetting them
[nebula] 0 entity object(s) were destroyed without a despawn; forgetting them
[nebula] 0 entity object(s) were destroyed without a despawn; forgetting them
[nebula] 0 entity object(s) were destroyed without a despawn; forgetting them
[nebula] 0 entity object(s) were destroyed without a despawn; forgetting them
[nebula] 0 entity object(s) were destroyed without a despawn; forgetting them
[nebula] 0 entity object(s) were destroyed without a despawn; forgetting them
[nebula] 0 entity object(s) were destroyed without a despawn; forgetting them
[nebula] 0 entity object(s) were destroyed without a despawn; forgetting them
[nebula] 0 entity object(s) were destroyed without a despawn; forgetting them
[nebula] 0 entity object(s) were destroyed without a despawn; forgetting them
[nebula] 0 entity object(s) were destroyed without a despawn; forgetting them
[nebula] 0 entity object(s) were destroyed without a despawn; forgetting them
[nebula] 0 entity object(s) were destroyed without a despawn; forgetting them
[nebula] 0 entity object(s) were destroyed without a despawn; forgetting them
[nebula] 0 entity object(s) were destroyed without a despawn; forgetting them
[nebula] 0 entity object(s) were destroyed without a despawn; forgetting them
[nebula] 0 entity object(s) were destroyed without a despawn; forgetting them
[nebula] 0 entity object(s) were destroyed without a despawn; forgetting them
[nebula] 0 entity object(s) were destroyed without a despawn; forgetting them
[nebula] 0 entity object(s) were destroyed without a despawn; forgetting them
[nebula] 0 entity object(s) were destroyed without a despawn; forgetting them
[nebula] 0 entity object(s) were destroyed without a despawn; forgetting them
[nebula] 0 entity object(s) were destroyed without a despawn; forgetting them
[nebula] 0 entity object(s) were destroyed without a despawn; forgetting them
[nebula] 0 entity object(s) were destroyed without a despawn; forgetting them
[nebula] 0 entity object(s) were destroyed without a despawn; forgetting them
[nebula] 0 entity object(s) were destroyed without a despawn; forgetting them
[nebula] 0 entity object(s) were destroyed without a despawn; forgetting them
[nebula] 0 entity object(s) were destroyed without a despawn; forgetting them
[nebula] 0 entity object(s) were destroyed without a despawn; forgetting them
[nebula] 0 entity object(s) were destroyed without a despawn; forgetting them
[nebula] 0 entity object(s) were destroyed without a despawn; forgetting them
[nebula] 0 entity object(s) were destroyed without a despawn; forgetting them
[nebula] 0 entity object(s) were destroyed without a despawn; forgetting them
[nebula] 0 entity object(s) were destroyed without a despawn; forgetting them
[nebula] 0 entity object(s) were destroyed without a despawn; forgetting them
[nebula] 0 entity object(s) were destroyed without a despawn; forgetting them
[nebula] 0 entity object(s) were destroyed without a despawn; forgetting them
[nebula] 0 entity object(s) were destroyed without a despawn; forgetting them
[nebula] 0 entity object(s) were destroyed without a despawn; forgetting them
[nebula] 0 entity object(s) were destroyed without a despawn; forgetting them
[nebula] 0 entity object(s) were destroyed without a despawn; forgetting them
[nebula] 0 entity object(s) were destroyed without a despawn; forgetting them
[nebula] 0 entity object(s) were destroyed without a despawn; forgetting them
[nebula] 0 entity object(s) were destroyed without a despawn; forgetting them
[nebula] 0 entity object(s) were destroyed without a despawn; forgetting them
[nebula] 0 entity object(s) were destroyed without a despawn; forgetting them
[nebula] 0 entity object(s) were destroyed without a despawn; forgetting them
[nebula] 0 entity object(s) were destroyed without a despawn; forgetting them
[nebula] 0 entity object(s) were destroyed without a despawn; forgetting them
[nebula] 0 entity object(s) were destroyed without a despawn; forgetting them
[nebula] 0 entity object(s) were destroyed without a despawn; forgetting them
[nebula] 0 entity object(s) were destroyed without a despawn; forgetting them
[nebula] 0 entity object(s) were destroyed without a despawn; forgetting them
[nebula] 0 entity object(s) were destroyed without a despawn; forgetting them
[nebula] 0 entity object(s) were destroyed without a despawn; forgetting them
[nebula] 0 entity object(s) were destroyed without a despawn; forgetting them
[nebula] 0 entity object(s) were destroyed without a despawn; forgetting them
[nebula] 0 entity object(s) were destroyed without a despawn; forgetting them
[nebula] 0 entity object(s) were destroyed without a despawn; forgetting them
[nebula] 0 entity object(s) were destroyed without a despawn; forgetting them
[nebula] 0 entity object(s) were destroyed without a despawn; forgetting them
[nebula] 0 entity object(s) were destroyed without a despawn; forgetting them
[nebula] 0 entity object(s) were destroyed without a despawn; forgetting them
[nebula] 0 entity object(s) were destroyed without a despawn; forgetting them
[nebula] 0 entity object(s) were destroyed without a despawn; forgetting them
[nebula] 0 entity object(s) were destroyed without a despawn; forgetting them
[nebula] 0 entity object(s) were destroyed without a despawn; forgetting them
[nebula] 0 entity object(s) were destroyed without a despawn; forgetting them
[nebula] 0 entity object(s) were destroyed without a despawn; forgetting them
[nebula] 0 entity object(s) were destroyed without a despawn; forgetting them
[nebula] 0 entity object(s) were destroyed without a despawn; forgetting them
[nebula] 0 entity object(s) were destroyed without a despawn; forgetting them
[nebula] 0 entity object(s) were destroyed without a despawn; forgetting them
[nebula] 0 entity object(s) were destroyed without a despawn; forgetting them
[nebula] 0 entity object(s) were destroyed without a despawn; forgetting them
[nebula] 0 entity object(s) were destroyed without a despawn; forgetting them
[nebula] 0 entity object(s) were destroyed without a despawn; forgetting them
[nebula] 0 entity object(s) were destroyed without a despawn; forgetting them
[nebula] spawned Prop(Clone)#281474976710706(e1,rt_57174606741503,auth)
[nebula] 0 entity object(s) were destroyed without a despawn; forgetting them
[nebula] 0 entity object(s) were destroyed without a despawn; forgetting them
[nebula] 0 entity object(s) were destroyed without a despawn; forgetting them
[nebula] 0 entity object(s) were destroyed without a despawn; forgetting them
[nebula] 0 entity object(s) were destroyed without a despawn; forgetting them
[nebula] 0 entity object(s) were destroyed without a despawn; forgetting them
[nebula] 0 entity object(s) were destroyed without a despawn; forgetting them
[nebula] 0 entity object(s) were destroyed without a despawn; forgetting them
[nebula] 0 entity object(s) were destroyed without a despawn; forgetting them
[nebula] 0 entity object(s) were destroyed without a despawn; forgetting them
[nebula] 0 entity object(s) were destroyed without a despawn; forgetting them
[nebula] 0 entity object(s) were destroyed without a despawn; forgetting them
[nebula] 0 entity object(s) were destroyed without a despawn; forgetting them
[nebula] 0 entity object(s) were destroyed without a despawn; forgetting them
[nebula] 0 entity object(s) were destroyed without a despawn; forgetting them
[nebula] 0 entity object(s) were destroyed without a despawn; forgetting them
[nebula] 0 entity object(s) were destroyed without a despawn; forgetting them
[nebula] 0 entity object(s) were destroyed without a despawn; forgetting them
[nebula] 0 entity object(s) were destroyed without a despawn; forgetting them
[nebula] 0 entity object(s) were destroyed without a despawn; forgetting them
[nebula] 0 entity object(s) were destroyed without a despawn; forgetting them
[nebula] 0 entity object(s) were destroyed without a despawn; forgetting them
[nebula] 0 entity object(s) were destroyed without a despawn; forgetting them
[nebula] 0 entity object(s) were destroyed without a despawn; forgetting them
[nebula] 0 entity object(s) were destroyed without a despawn; forgetting them
[nebula] 0 entity object(s) were destroyed without a despawn; forgetting them
[nebula] 0 entity object(s) were destroyed without a despawn; forgetting them
[nebula] 0 entity object(s) were destroyed without a despawn; forgetting them
[nebula] 0 entity object(s) were destroyed without a despawn; forgetting them
[nebula] 0 entity object(s) were destroyed without a despawn; forgetting them
[nebula] 0 entity object(s) were destroyed without a despawn; forgetting them
[nebula] 0 entity object(s) were destroyed without a despawn; forgetting them
[nebula] 0 entity object(s) were destroyed without a despawn; forgetting them
[nebula] 0 entity object(s) were destroyed without a despawn; forgetting them
[nebula] 0 entity object(s) were destroyed without a despawn; forgetting them
[nebula] 0 entity object(s) were destroyed without a despawn; forgetting them
[nebula] 0 entity object(s) were destroyed without a despawn; forgetting them
[nebula] 0 entity object(s) were destroyed without a despawn; forgetting them
[nebula] 0 entity object(s) were destroyed without a despawn; forgetting them
[nebula] 0 entity object(s) were destroyed without a despawn; forgetting them
[nebula] 0 entity object(s) were destroyed without a despawn; forgetting them
[nebula] 0 entity object(s) were destroyed without a despawn; forgetting them
[nebula] 0 entity object(s) were destroyed without a despawn; forgetting them
[nebula] 0 entity object(s) were destroyed without a despawn; forgetting them
[nebula] 0 entity object(s) were destroyed without a despawn; forgetting them
[nebula] 0 entity object(s) were destroyed without a despawn; forgetting them
[nebula] 0 entity object(s) were destroyed without a despawn; forgetting them
[nebula] 0 entity object(s) were destroyed without a despawn; forgetting them
[nebula] 0 entity object(s) were destroyed without a despawn; forgetting them
[nebula] 0 entity object(s) were destroyed without a despawn; forgetting them
[nebula] 0 entity object(s) were destroyed without a despawn; forgetting them
[nebula] 0 entity object(s) were destroyed without a despawn; forgetting them
[nebula] 0 entity object(s) were destroyed without a despawn; forgetting them
[nebula] 0 entity object(s) were destroyed without a despawn; forgetting them
[nebula] 0 entity object(s) were destroyed without a despawn; forgetting them
[nebula] 0 entity object(s) were destroyed without a despawn; forgetting them
[nebula] 0 entity object(s) were destroyed without a despawn; forgetting them
[nebula] 0 entity object(s) were destroyed without a despawn; forgetting them
[nebula] 0 entity object(s) were destroyed without a despawn; forgetting them
[nebula] 0 entity object(s) were destroyed without a despawn; forgetting them
[nebula] 0 entity object(s) were destroyed without a despawn; forgetting them
[nebula] 0 entity object(s) were destroyed without a despawn; forgetting them
[nebula] 0 entity object(s) were destroyed without a despawn; forgetting them
[nebula] 0 entity object(s) were destroyed without a despawn; forgetting them
[nebula] 0 entity object(s) were destroyed without a despawn; forgetting them
[nebula] 0 entity object(s) were destroyed without a despawn; forgetting them
[nebula] 0 entity object(s) were destroyed without a despawn; forgetting them
[nebula] 0 entity object(s) were destroyed without a despawn; forgetting them
[nebula] 0 entity object(s) were destroyed without a despawn; forgetting them
[nebula] 0 entity object(s) were destroyed without a despawn; forgetting them
[nebula] 0 entity object(s) were destroyed without a despawn; forgetting them
[nebula] 0 entity object(s) were destroyed without a despawn; forgetting them
[nebula] 0 entity object(s) were destroyed without a despawn; forgetting them
[nebula] 0 entity object(s) were destroyed without a despawn; forgetting them
[nebula] local handover Player(Clone)#844424930131970(e2,rt_61572653252607,auth) rt_57174606741503 -> rt_61572653252607
[nebula] 0 entity object(s) were destroyed without a despawn; forgetting them
[nebula] 0 entity object(s) were destroyed without a despawn; forgetting them
[nebula] 0 entity object(s) were destroyed without a despawn; forgetting them
[nebula] 0 entity object(s) were destroyed without a despawn; forgetting them
[nebula] 0 entity object(s) were destroyed without a despawn; forgetting them
[nebula] 0 entity object(s) were destroyed without a despawn; forgetting them
[nebula] 0 entity object(s) were destroyed without a despawn; forgetting them
[nebula] 0 entity object(s) were destroyed without a despawn; forgetting them
[nebula] 0 entity object(s) were destroyed without a despawn; forgetting them
[nebula] 0 entity object(s) were destroyed without a despawn; forgetting them
[nebula] 0 entity object(s) were destroyed without a despawn; forgetting them
[nebula] 0 entity object(s) were destroyed without a despawn; forgetting them
[nebula] 0 entity object(s) were destroyed without a despawn; forgetting them
[nebula] 0 entity object(s) were destroyed without a despawn; forgetting them
[nebula] 0 entity object(s) were destroyed without a despawn; forgetting them
[nebula] 0 entity object(s) were destroyed without a despawn; forgetting them
[nebula] 0 entity object(s) were destroyed without a despawn; forgetting them
[nebula] 0 entity object(s) were destroyed without a despawn; forgetting them
[nebula] 0 entity object(s) were destroyed without a despawn; forgetting them
[nebula] 0 entity object(s) were destroyed without a despawn; forgetting them
[nebula] 0 entity object(s) were destroyed without a despawn; forgetting them
[nebula] 0 entity object(s) were destroyed without a despawn; forgetting them
[nebula] 0 entity object(s) were destroyed without a despawn; forgetting them
[nebula] 0 entity object(s) were destroyed without a despawn; forgetting them
[nebula] 0 entity object(s) were destroyed without a despawn; forgetting them
[nebula] 0 entity object(s) were destroyed without a despawn; forgetting them
[nebula] 0 entity object(s) were destroyed without a despawn; forgetting them
[nebula] 0 entity object(s) were destroyed without a despawn; forgetting them
[nebula] 0 entity object(s) were destroyed without a despawn; forgetting them
[nebula] 0 entity object(s) were destroyed without a despawn; forgetting them
[nebula] 0 entity object(s) were destroyed without a despawn; forgetting them
[nebula] 0 entity object(s) were destroyed without a despawn; forgetting them
[nebula] 0 entity object(s) were destroyed without a despawn; forgetting them
[nebula] 0 entity object(s) were destroyed without a despawn; forgetting them
[nebula] 0 entity object(s) were destroyed without a despawn; forgetting them
[nebula] 0 entity object(s) were destroyed without a despawn; forgetting them
[nebula] 0 entity object(s) were destroyed without a despawn; forgetting them
[nebula] 0 entity object(s) were destroyed without a despawn; forgetting them
[nebula] 0 entity object(s) were destroyed without a despawn; forgetting them
[nebula] 0 entity object(s) were destroyed without a despawn; forgetting them
[nebula] 0 entity object(s) were destroyed without a despawn; forgetting them
[nebula] 0 entity object(s) were destroyed without a despawn; forgetting them
[nebula] 0 entity object(s) were destroyed without a despawn; forgetting them
[nebula] 0 entity object(s) were destroyed without a despawn; forgetting them
[nebula] 0 entity object(s) were destroyed without a despawn; forgetting them
[nebula] 0 entity object(s) were destroyed without a despawn; forgetting them
[nebula] 0 entity object(s) were destroyed without a despawn; forgetting them
[nebula] 0 entity object(s) were destroyed without a despawn; forgetting them
[nebula] 0 entity object(s) were destroyed without a despawn; forgetting them
[nebula] 0 entity object(s) were destroyed without a despawn; forgetting them
[nebula] 0 entity object(s) were destroyed without a despawn; forgetting them
[nebula] 0 entity object(s) were destroyed without a despawn; forgetting them
[nebula] 0 entity object(s) were destroyed without a despawn; forgetting them
[nebula] 0 entity object(s) were destroyed without a despawn; forgetting them
[nebula] 0 entity object(s) were destroyed without a despawn; forgetting them
[nebula] 0 entity object(s) were destroyed without a despawn; forgetting them
[nebula] 0 entity object(s) were destroyed without a despawn; forgetting them
[nebula] 0 entity object(s) were destroyed without a despawn; forgetting them
[nebula] 0 entity object(s) were destroyed without a despawn; forgetting them
[nebula] 0 entity object(s) were destroyed without a despawn; forgetting them
[nebula] 0 entity object(s) were destroyed without a despawn; forgetting them
[nebula] 0 entity object(s) were destroyed without a despawn; forgetting them
[nebula] 0 entity object(s) were destroyed without a despawn; forgetting them
[nebula] 0 entity object(s) were destroyed without a despawn; forgetting them
[nebula] 0 entity object(s) were destroyed without a despawn; forgetting them
[nebula] 0 entity object(s) were destroyed without a despawn; forgetting them
[nebula] 0 entity object(s) were destroyed without a despawn; forgetting them
[nebula] 0 entity object(s) were destroyed without a despawn; forgetting them
[nebula] 0 entity object(s) were destroyed without a despawn; forgetting them
[nebula] 0 entity object(s) were destroyed without a despawn; forgetting them
[nebula] 0 entity object(s) were destroyed without a despawn; forgetting them
[nebula] 0 entity object(s) were destroyed without a despawn; forgetting them
[nebula] 0 entity object(s) were destroyed without a despawn; forgetting them
[nebula] 0 entity object(s) were destroyed without a despawn; forgetting them
[nebula] 0 entity object(s) were destroyed without a despawn; forgetting them
[nebula] 0 entity object(s) were destroyed without a despawn; forgetting them
[nebula] 0 entity object(s) were destroyed without a despawn; forgetting them
[nebula] profile 300 ticks/5s 300 frames avg 0.8ms max 1.3ms dup 0 skip 0 gc 46 auth 31 ghosts 0 | poll=0.01 ghosts=0.00 physics.sync=0.00 simulate=0.01 poses=0.04 containers=0.59 band=0.03 publish=0.02 gap=15.83 interest=0.01
[nebula] 0 entity object(s) were destroyed without a despawn; forgetting them
[nebula] 0 entity object(s) were destroyed without a despawn; forgetting them
[nebula] 0 entity object(s) were destroyed without a despawn; forgetting them
[nebula] 0 entity object(s) were destroyed without a despawn; forgetting them
[nebula] 0 entity object(s) were destroyed without a despawn; forgetting them
[nebula] 0 entity object(s) were destroyed without a despawn; forgetting them
[nebula] 0 entity object(s) were destroyed without a despawn; forgetting them
[nebula] 0 entity object(s) were destroyed without a despawn; forgetting them
[nebula] 0 entity object(s) were destroyed without a despawn; forgetting them
[nebula] 0 entity object(s) were destroyed without a despawn; forgetting them
[nebula] 0 entity object(s) were destroyed without a despawn; forgetting them
[nebula] 0 entity object(s) were destroyed without a despawn; forgetting them
[nebula] 0 entity object(s) were destroyed without a despawn; forgetting them
[nebula] 0 entity object(s) were destroyed without a despawn; forgetting them
[nebula] 0 entity object(s) were destroyed without a despawn; forgetting them
[nebula] 0 entity object(s) were destroyed without a despawn; forgetting them
[nebula] 0 entity object(s) were destroyed without a despawn; forgetting them
[nebula] 0 entity object(s) were destroyed without a despawn; forgetting them
[nebula] 0 entity object(s) were destroyed without a despawn; forgetting them
[nebula] 0 entity object(s) were destroyed without a despawn; forgetting them
[nebula] 0 entity object(s) were destroyed without a despawn; forgetting them
[nebula] 0 entity object(s) were destroyed without a despawn; forgetting them
[nebula] 0 entity object(s) were destroyed without a despawn; forgetting them
[nebula] 0 entity object(s) were destroyed without a despawn; forgetting them
[nebula] 0 entity object(s) were destroyed without a despawn; forgetting them
[nebula] 0 entity object(s) were destroyed without a despawn; forgetting them
[nebula] 0 entity object(s) were destroyed without a despawn; forgetting them
[nebula] 0 entity object(s) were destroyed without a despawn; forgetting them
[nebula] 0 entity object(s) were destroyed without a despawn; forgetting them
[nebula] spawned Prop(Clone)#281474976710707(e1,rt_61572653252607,auth)
[nebula] 0 entity object(s) were destroyed without a despawn; forgetting them
[nebula] 0 entity object(s) were destroyed without a despawn; forgetting them
[nebula] 0 entity object(s) were destroyed without a despawn; forgetting them
[nebula] 0 entity object(s) were destroyed without a despawn; forgetting them
[nebula] 0 entity object(s) were destroyed without a despawn; forgetting them
[nebula] 0 entity object(s) were destroyed without a despawn; forgetting them
[nebula] 0 entity object(s) were destroyed without a despawn; forgetting them
[nebula] 0 entity object(s) were destroyed without a despawn; forgetting them
[nebula] 0 entity object(s) were destroyed without a despawn; forgetting them
[nebula] 0 entity object(s) were destroyed without a despawn; forgetting them
[nebula] 0 entity object(s) were destroyed without a despawn; forgetting them
[nebula] 0 entity object(s) were destroyed without a despawn; forgetting them
[nebula] 0 entity object(s) were destroyed without a despawn; forgetting them
[nebula] 0 entity object(s) were destroyed without a despawn; forgetting them
[nebula] 0 entity object(s) were destroyed without a despawn; forgetting them
[nebula] 0 entity object(s) were destroyed without a despawn; forgetting them
[nebula] 0 entity object(s) were destroyed without a despawn; forgetting them
[nebula] 0 entity object(s) were destroyed without a despawn; forgetting them
[nebula] 0 entity object(s) were destroyed without a despawn; forgetting them
[nebula] 0 entity object(s) were destroyed without a despawn; forgetting them
[nebula] 0 entity object(s) were destroyed without a despawn; forgetting them
[nebula] 0 entity object(s) were destroyed without a despawn; forgetting them
[nebula] 0 entity object(s) were destroyed without a despawn; forgetting them
[nebula] 0 entity object(s) were destroyed without a despawn; forgetting them
[nebula] 0 entity object(s) were destroyed without a despawn; forgetting them
[nebula] 0 entity object(s) were destroyed without a despawn; forgetting them
[nebula] 0 entity object(s) were destroyed without a despawn; forgetting them
[nebula] 0 entity object(s) were destroyed without a despawn; forgetting them
[nebula] 0 entity object(s) were destroyed without a despawn; forgetting them
[nebula] 0 entity object(s) were destroyed without a despawn; forgetting them
[nebula] 0 entity object(s) were destroyed without a despawn; forgetting them
[nebula] 0 entity object(s) were destroyed without a despawn; forgetting them
[nebula] 0 entity object(s) were destroyed without a despawn; forgetting them
[nebula] 0 entity object(s) were destroyed without a despawn; forgetting them
[nebula] 0 entity object(s) were destroyed without a despawn; forgetting them
[nebula] 0 entity object(s) were destroyed without a despawn; forgetting them
[nebula] 0 entity object(s) were destroyed without a despawn; forgetting them
[nebula] 0 entity object(s) were destroyed without a despawn; forgetting them
[nebula] 0 entity object(s) were destroyed without a despawn; forgetting them
[nebula] 0 entity object(s) were destroyed without a despawn; forgetting them
[nebula] 0 entity object(s) were destroyed without a despawn; forgetting them
[nebula] 0 entity object(s) were destroyed without a despawn; forgetting them
[nebula] 0 entity object(s) were destroyed without a despawn; forgetting them
[nebula] 0 entity object(s) were destroyed without a despawn; forgetting them
[nebula] 0 entity object(s) were destroyed without a despawn; forgetting them
[nebula] 0 entity object(s) were destroyed without a despawn; forgetting them
[nebula] 0 entity object(s) were destroyed without a despawn; forgetting them
[nebula] 0 entity object(s) were destroyed without a despawn; forgetting them
[nebula] 0 entity object(s) were destroyed without a despawn; forgetting them
[nebula] 0 entity object(s) were destroyed without a despawn; forgetting them
[nebula] 0 entity object(s) were destroyed without a despawn; forgetting them
[nebula] 0 entity object(s) were destroyed without a despawn; forgetting them
[nebula] 0 entity object(s) were destroyed without a despawn; forgetting them
[nebula] 0 entity object(s) were destroyed without a despawn; forgetting them
[nebula] 0 entity object(s) were destroyed without a despawn; forgetting them
[nebula] 0 entity object(s) were destroyed without a despawn; forgetting them
[nebula] 0 entity object(s) were destroyed without a despawn; forgetting them
[nebula] 0 entity object(s) were destroyed without a despawn; forgetting them
[nebula] 0 entity object(s) were destroyed without a despawn; forgetting them
[nebula] 0 entity object(s) were destroyed without a despawn; forgetting them
[nebula] 0 entity object(s) were destroyed without a despawn; forgetting them
[nebula] 0 entity object(s) were destroyed without a despawn; forgetting them
[nebula] 0 entity object(s) were destroyed without a despawn; forgetting them
[nebula] 0 entity object(s) were destroyed without a despawn; forgetting them
[nebula] 0 entity object(s) were destroyed without a despawn; forgetting them
[nebula] 0 entity object(s) were destroyed without a despawn; forgetting them
[nebula] 0 entity object(s) were destroyed without a despawn; forgetting them
[nebula] 0 entity object(s) were destroyed without a despawn; forgetting them
[nebula] 0 entity object(s) were destroyed without a despawn; forgetting them
[nebula] 0 entity object(s) were destroyed without a despawn; forgetting them
[nebula] 0 entity object(s) were destroyed without a despawn; forgetting them
[nebula] 0 entity object(s) were destroyed without a despawn; forgetting them
[nebula] 0 entity object(s) were destroyed without a despawn; forgetting them
[nebula] 0 entity object(s) were destroyed without a despawn; forgetting them
[nebula] 0 entity object(s) were destroyed without a despawn; forgetting them
[nebula] 0 entity object(s) were destroyed without a despawn; forgetting them
[nebula] 0 entity object(s) were destroyed without a despawn; forgetting them
[nebula] 0 entity object(s) were destroyed without a despawn; forgetting them
[nebula] 0 entity object(s) were destroyed without a despawn; forgetting them
[nebula] 0 entity object(s) were destroyed without a despawn; forgetting them
[nebula] 0 entity object(s) were destroyed without a despawn; forgetting them
[nebula] 0 entity object(s) were destroyed without a despawn; forgetting them
[nebula] 0 entity object(s) were destroyed without a despawn; forgetting them
[nebula] 0 entity object(s) were destroyed without a despawn; forgetting them
[nebula] 0 entity object(s) were destroyed without a despawn; forgetting them
[nebula] 0 entity object(s) were destroyed without a despawn; forgetting them
[nebula] 0 entity object(s) were destroyed without a despawn; forgetting them
[nebula] 0 entity object(s) were destroyed without a despawn; forgetting them
[nebula] 0 entity object(s) were destroyed without a despawn; forgetting them
[nebula] 0 entity object(s) were destroyed without a despawn; forgetting them
[nebula] 0 entity object(s) were destroyed without a despawn; forgetting them
[nebula] 0 entity object(s) were destroyed without a despawn; forgetting them
[nebula] 0 entity object(s) were destroyed without a despawn; forgetting them
[nebula] 0 entity object(s) were destroyed without a despawn; forgetting them
[nebula] 0 entity object(s) were destroyed without a despawn; forgetting them
[nebula] 0 entity object(s) were destroyed without a despawn; forgetting them
[nebula] 0 entity object(s) were destroyed without a despawn; forgetting them
[nebula] 0 entity object(s) were destroyed without a despawn; forgetting them
[nebula] 0 entity object(s) were destroyed without a despawn; forgetting them
[nebula] 0 entity object(s) were destroyed without a despawn; forgetting them
[nebula] 0 entity object(s) were destroyed without a despawn; forgetting them
[nebula] 0 entity object(s) were destroyed without a despawn; forgetting them
[nebula] 0 entity object(s) were destroyed without a despawn; forgetting them
[nebula] 0 entity object(s) were destroyed without a despawn; forgetting them
[nebula] 0 entity object(s) were destroyed without a despawn; forgetting them
[nebula] 0 entity object(s) were destroyed without a despawn; forgetting them
[nebula] 0 entity object(s) were destroyed without a despawn; forgetting them
[nebula] 0 entity object(s) were destroyed without a despawn; forgetting them
[nebula] 0 entity object(s) were destroyed without a despawn; forgetting them
[nebula] 0 entity object(s) were destroyed without a despawn; forgetting them
[nebula] 0 entity object(s) were destroyed without a despawn; forgetting them
[nebula] 0 entity object(s) were destroyed without a despawn; forgetting them
[nebula] 0 entity object(s) were destroyed without a despawn; forgetting them
[nebula] 0 entity object(s) were destroyed without a despawn; forgetting them
[nebula] 0 entity object(s) were destroyed without a despawn; forgetting them
[nebula] 0 entity object(s) were destroyed without a despawn; forgetting them
[nebula] 0 entity object(s) were destroyed without a despawn; forgetting them
[nebula] 0 entity object(s) were destroyed without a despawn; forgetting them
[nebula] 0 entity object(s) were destroyed without a despawn; forgetting them
[nebula] 0 entity object(s) were destroyed without a despawn; forgetting them
[nebula] 0 entity object(s) were destroyed without a despawn; forgetting them
[nebula] 0 entity object(s) were destroyed without a despawn; forgetting them
[nebula] 0 entity object(s) were destroyed without a despawn; forgetting them
[nebula] 0 entity object(s) were destroyed without a despawn; forgetting them
[nebula] 0 entity object(s) were destroyed without a despawn; forgetting them
[nebula] 0 entity object(s) were destroyed without a despawn; forgetting them
[nebula] 0 entity object(s) were destroyed without a despawn; forgetting them
[nebula] 0 entity object(s) were destroyed without a despawn; forgetting them
[nebula] 0 entity object(s) were destroyed without a despawn; forgetting them
[nebula] 0 entity object(s) were destroyed without a despawn; forgetting them
[nebula] 0 entity object(s) were destroyed without a despawn; forgetting them
[nebula] 0 entity object(s) were destroyed without a despawn; forgetting them
[nebula] 0 entity object(s) were destroyed without a despawn; forgetting them
[nebula] 0 entity object(s) were destroyed without a despawn; forgetting them
[nebula] 0 entity object(s) were destroyed without a despawn; forgetting them
[nebula] 0 entity object(s) were destroyed without a despawn; forgetting them
[nebula] 0 entity object(s) were destroyed without a despawn; forgetting them
[nebula] 0 entity object(s) were destroyed without a despawn; forgetting them
[nebula] 0 entity object(s) were destroyed without a despawn; forgetting them
[nebula] 0 entity object(s) were destroyed without a despawn; forgetting them
[nebula] 0 entity object(s) were destroyed without a despawn; forgetting them
[nebula] 0 entity object(s) were destroyed without a despawn; forgetting them
[nebula] 0 entity object(s) were destroyed without a despawn; forgetting them
[nebula] 0 entity object(s) were destroyed without a despawn; forgetting them
[nebula] 0 entity object(s) were destroyed without a despawn; forgetting them
[nebula] 0 entity object(s) were destroyed without a despawn; forgetting them
[nebula] 0 entity object(s) were destroyed without a despawn; forgetting them
[nebula] 0 entity object(s) were destroyed without a despawn; forgetting them
[nebula] 0 entity object(s) were destroyed without a despawn; forgetting them
[nebula] 0 entity object(s) were destroyed without a despawn; forgetting them
[nebula] 0 entity object(s) were destroyed without a despawn; forgetting them
[nebula] 0 entity object(s) were destroyed without a despawn; forgetting them
[nebula] 0 entity object(s) were destroyed without a despawn; forgetting them
[nebula] 0 entity object(s) were destroyed without a despawn; forgetting them
[nebula] 0 entity object(s) were destroyed without a despawn; forgetting them
[nebula] 0 entity object(s) were destroyed without a despawn; forgetting them
[nebula] 0 entity object(s) were destroyed without a despawn; forgetting them
[nebula] 0 entity object(s) were destroyed without a despawn; forgetting them
[nebula] 0 entity object(s) were destroyed without a despawn; forgetting them
[nebula] 0 entity object(s) were destroyed without a despawn; forgetting them
[nebula] 0 entity object(s) were destroyed without a despawn; forgetting them
[nebula] 0 entity object(s) were destroyed without a despawn; forgetting them
[nebula] 0 entity object(s) were destroyed without a despawn; forgetting them
[nebula] 0 entity object(s) were destroyed without a despawn; forgetting them
[nebula] 0 entity object(s) were destroyed without a despawn; forgetting them
[nebula] 0 entity object(s) were destroyed without a despawn; forgetting them
[nebula] 0 entity object(s) were destroyed without a despawn; forgetting them
[nebula] 0 entity object(s) were destroyed without a despawn; forgetting them
[nebula] 0 entity object(s) were destroyed without a despawn; forgetting them
[nebula] 0 entity object(s) were destroyed without a despawn; forgetting them
[nebula] 0 entity object(s) were destroyed without a despawn; forgetting them
[nebula] 0 entity object(s) were destroyed without a despawn; forgetting them
[nebula] 0 entity object(s) were destroyed without a despawn; forgetting them
[nebula] 0 entity object(s) were destroyed without a despawn; forgetting them
[nebula] 0 entity object(s) were destroyed without a despawn; forgetting them
[nebula] 0 entity object(s) were destroyed without a despawn; forgetting them
[nebula] 0 entity object(s) were destroyed without a despawn; forgetting them
[nebula] 0 entity object(s) were destroyed without a despawn; forgetting them
[nebula] 0 entity object(s) were destroyed without a despawn; forgetting them
[nebula] 0 entity object(s) were destroyed without a despawn; forgetting them
[nebula] spawned Prop(Clone)#281474976710708(e1,rt_61572653252607,auth)
[nebula] 0 entity object(s) were destroyed without a despawn; forgetting them
[nebula] 0 entity object(s) were destroyed without a despawn; forgetting them
[nebula] 0 entity object(s) were destroyed without a despawn; forgetting them
[nebula] 0 entity object(s) were destroyed without a despawn; forgetting them
[nebula] 0 entity object(s) were destroyed without a despawn; forgetting them
[nebula] 0 entity object(s) were destroyed without a despawn; forgetting them
[nebula] 0 entity object(s) were destroyed without a despawn; forgetting them
[nebula] 0 entity object(s) were destroyed without a despawn; forgetting them
[nebula] 0 entity object(s) were destroyed without a despawn; forgetting them
[nebula] 0 entity object(s) were destroyed without a despawn; forgetting them
[nebula] 0 entity object(s) were destroyed without a despawn; forgetting them
[nebula] 0 entity object(s) were destroyed without a despawn; forgetting them
[nebula] 0 entity object(s) were destroyed without a despawn; forgetting them
[nebula] 0 entity object(s) were destroyed without a despawn; forgetting them
[nebula] 0 entity object(s) were destroyed without a despawn; forgetting them
[nebula] 0 entity object(s) were destroyed without a despawn; forgetting them
[nebula] 0 entity object(s) were destroyed without a despawn; forgetting them
[nebula] 0 entity object(s) were destroyed without a despawn; forgetting them
[nebula] 0 entity object(s) were destroyed without a despawn; forgetting them
[nebula] 0 entity object(s) were destroyed without a despawn; forgetting them
[nebula] 0 entity object(s) were destroyed without a despawn; forgetting them
[nebula] 0 entity object(s) were destroyed without a despawn; forgetting them
[nebula] 0 entity object(s) were destroyed without a despawn; forgetting them
[nebula] 0 entity object(s) were destroyed without a despawn; forgetting them
[nebula] 0 entity object(s) were destroyed without a despawn; forgetting them
[nebula] 0 entity object(s) were destroyed without a despawn; forgetting them
[nebula] 0 entity object(s) were destroyed without a despawn; forgetting them
[nebula] 0 entity object(s) were destroyed without a despawn; forgetting them
[nebula] 0 entity object(s) were destroyed without a despawn; forgetting them
[nebula] 0 entity object(s) were destroyed without a despawn; forgetting them
[nebula] 0 entity object(s) were destroyed without a despawn; forgetting them
[nebula] 0 entity object(s) were destroyed without a despawn; forgetting them
[nebula] 0 entity object(s) were destroyed without a despawn; forgetting them
[nebula] 0 entity object(s) were destroyed without a despawn; forgetting them
[nebula] 0 entity object(s) were destroyed without a despawn; forgetting them
[nebula] 0 entity object(s) were destroyed without a despawn; forgetting them
[nebula] 0 entity object(s) were destroyed without a despawn; forgetting them
[nebula] 0 entity object(s) were destroyed without a despawn; forgetting them
[nebula] 0 entity object(s) were destroyed without a despawn; forgetting them
[nebula] 0 entity object(s) were destroyed without a despawn; forgetting them
[nebula] 0 entity object(s) were destroyed without a despawn; forgetting them
[nebula] 0 entity object(s) were destroyed without a despawn; forgetting them
[nebula] 0 entity object(s) were destroyed without a despawn; forgetting them
[nebula] 0 entity object(s) were destroyed without a despawn; forgetting them
[nebula] 0 entity object(s) were destroyed without a despawn; forgetting them
[nebula] 0 entity object(s) were destroyed without a despawn; forgetting them
[nebula] 0 entity object(s) were destroyed without a despawn; forgetting them
[nebula] 0 entity object(s) were destroyed without a despawn; forgetting them
[nebula] 0 entity object(s) were destroyed without a despawn; forgetting them
[nebula] 0 entity object(s) were destroyed without a despawn; forgetting them
[nebula] 0 entity object(s) were destroyed without a despawn; forgetting them
[nebula] 0 entity object(s) were destroyed without a despawn; forgetting them
[nebula] 0 entity object(s) were destroyed without a despawn; forgetting them
[nebula] 0 entity object(s) were destroyed without a despawn; forgetting them
[nebula] 0 entity object(s) were destroyed without a despawn; forgetting them
[nebula] 0 entity object(s) were destroyed without a despawn; forgetting them
[nebula] 0 entity object(s) were destroyed without a despawn; forgetting them
[nebula] 0 entity object(s) were destroyed without a despawn; forgetting them
[nebula] 0 entity object(s) were destroyed without a despawn; forgetting them
[nebula] 0 entity object(s) were destroyed without a despawn; forgetting them
[nebula] 0 entity object(s) were destroyed without a despawn; forgetting them
[nebula] 0 entity object(s) were destroyed without a despawn; forgetting them
[nebula] 0 entity object(s) were destroyed without a despawn; forgetting them
[nebula] 0 entity object(s) were destroyed without a despawn; forgetting them
[nebula] 0 entity object(s) were destroyed without a despawn; forgetting them
[nebula] 0 entity object(s) were destroyed without a despawn; forgetting them
[nebula] 0 entity object(s) were destroyed without a despawn; forgetting them
[nebula] 0 entity object(s) were destroyed without a despawn; forgetting them
[nebula] 0 entity object(s) were destroyed without a despawn; forgetting them
[nebula] 0 entity object(s) were destroyed without a despawn; forgetting them
[nebula] 0 entity object(s) were destroyed without a despawn; forgetting them
[nebula] 0 entity object(s) were destroyed without a despawn; forgetting them
[nebula] 0 entity object(s) were destroyed without a despawn; forgetting them
[nebula] 0 entity object(s) were destroyed without a despawn; forgetting them
[nebula] 0 entity object(s) were destroyed without a despawn; forgetting them
[nebula] 0 entity object(s) were destroyed without a despawn; forgetting them
[nebula] 0 entity object(s) were destroyed without a despawn; forgetting them
[nebula] 0 entity object(s) were destroyed without a despawn; forgetting them
[nebula] 0 entity object(s) were destroyed without a despawn; forgetting them
[nebula] 0 entity object(s) were destroyed without a despawn; forgetting them
[nebula] 0 entity object(s) were destroyed without a despawn; forgetting them
[nebula] 0 entity object(s) were destroyed without a despawn; forgetting them
[nebula] 0 entity object(s) were destroyed without a despawn; forgetting them
[nebula] 0 entity object(s) were destroyed without a despawn; forgetting them
[nebula] 0 entity object(s) were destroyed without a despawn; forgetting them
[nebula] 0 entity object(s) were destroyed without a despawn; forgetting them
[nebula] 0 entity object(s) were destroyed without a despawn; forgetting them
[nebula] 0 entity object(s) were destroyed without a despawn; forgetting them
[nebula] 0 entity object(s) were destroyed without a despawn; forgetting them
[nebula] 0 entity object(s) were destroyed without a despawn; forgetting them
[nebula] 0 entity object(s) were destroyed without a despawn; forgetting them
[nebula] profile 300 ticks/5s 300 frames avg 0.9ms max 1.7ms dup 4 skip 0 gc 39 auth 33 ghosts 0 | poll=0.01 ghosts=0.00 physics.sync=0.00 simulate=0.01 poses=0.04 containers=0.65 band=0.03 publish=0.02 gap=15.77 interest=0.01
[nebula] 0 entity object(s) were destroyed without a despawn; forgetting them
[nebula] 0 entity object(s) were destroyed without a despawn; forgetting them
[nebula] 0 entity object(s) were destroyed without a despawn; forgetting them
[nebula] 0 entity object(s) were destroyed without a despawn; forgetting them
[nebula] 0 entity object(s) were destroyed without a despawn; forgetting them
[nebula] 0 entity object(s) were destroyed without a despawn; forgetting them
[nebula] 0 entity object(s) were destroyed without a despawn; forgetting them
[nebula] 0 entity object(s) were destroyed without a despawn; forgetting them
[nebula] 0 entity object(s) were destroyed without a despawn; forgetting them
[nebula] 0 entity object(s) were destroyed without a despawn; forgetting them
[nebula] 0 entity object(s) were destroyed without a despawn; forgetting them
[nebula] 0 entity object(s) were destroyed without a despawn; forgetting them
[nebula] 0 entity object(s) were destroyed without a despawn; forgetting them
[nebula] 0 entity object(s) were destroyed without a despawn; forgetting them
[nebula] 0 entity object(s) were destroyed without a despawn; forgetting them
[nebula] 0 entity object(s) were destroyed without a despawn; forgetting them
[nebula] 0 entity object(s) were destroyed without a despawn; forgetting them
[nebula] 0 entity object(s) were destroyed without a despawn; forgetting them
[nebula] 0 entity object(s) were destroyed without a despawn; forgetting them
[nebula] 0 entity object(s) were destroyed without a despawn; forgetting them
[nebula] 0 entity object(s) were destroyed without a despawn; forgetting them
[nebula] 0 entity object(s) were destroyed without a despawn; forgetting them
[nebula] 0 entity object(s) were destroyed without a despawn; forgetting them
[nebula] 0 entity object(s) were destroyed without a despawn; forgetting them
[nebula] 0 entity object(s) were destroyed without a despawn; forgetting them
[nebula] 0 entity object(s) were destroyed without a despawn; forgetting them
[nebula] 0 entity object(s) were destroyed without a despawn; forgetting them
[nebula] 0 entity object(s) were destroyed without a despawn; forgetting them
[nebula] 0 entity object(s) were destroyed without a despawn; forgetting them
[nebula] 0 entity object(s) were destroyed without a despawn; forgetting them
[nebula] 0 entity object(s) were destroyed without a despawn; forgetting them
[nebula] 0 entity object(s) were destroyed without a despawn; forgetting them
[nebula] 0 entity object(s) were destroyed without a despawn; forgetting them
[nebula] 0 entity object(s) were destroyed without a despawn; forgetting them
[nebula] 0 entity object(s) were destroyed without a despawn; forgetting them
[nebula] 0 entity object(s) were destroyed without a despawn; forgetting them
[nebula] 0 entity object(s) were destroyed without a despawn; forgetting them
[nebula] 0 entity object(s) were destroyed without a despawn; forgetting them
[nebula] 0 entity object(s) were destroyed without a despawn; forgetting them
[nebula] 0 entity object(s) were destroyed without a despawn; forgetting them
[nebula] 0 entity object(s) were destroyed without a despawn; forgetting them
[nebula] 0 entity object(s) were destroyed without a despawn; forgetting them
[nebula] 0 entity object(s) were destroyed without a despawn; forgetting them
[nebula] 0 entity object(s) were destroyed without a despawn; forgetting them
[nebula] 0 entity object(s) were destroyed without a despawn; forgetting them
[nebula] 0 entity object(s) were destroyed without a despawn; forgetting them
[nebula] 0 entity object(s) were destroyed without a despawn; forgetting them
[nebula] 0 entity object(s) were destroyed without a despawn; forgetting them
[nebula] 0 entity object(s) were destroyed without a despawn; forgetting them
[nebula] 0 entity object(s) were destroyed without a despawn; forgetting them
[nebula] 0 entity object(s) were destroyed without a despawn; forgetting them
[nebula] 0 entity object(s) were destroyed without a despawn; forgetting them
[nebula] 0 entity object(s) were destroyed without a despawn; forgetting them
[nebula] 0 entity object(s) were destroyed without a despawn; forgetting them
[nebula] 0 entity object(s) were destroyed without a despawn; forgetting them
[nebula] 0 entity object(s) were destroyed without a despawn; forgetting them
[nebula] 0 entity object(s) were destroyed without a despawn; forgetting them
[nebula] 0 entity object(s) were destroyed without a despawn; forgetting them
[nebula] 0 entity object(s) were destroyed without a despawn; forgetting them
[nebula] 0 entity object(s) were destroyed without a despawn; forgetting them
[nebula] 0 entity object(s) were destroyed without a despawn; forgetting them
[nebula] 0 entity object(s) were destroyed without a despawn; forgetting them
[nebula] 0 entity object(s) were destroyed without a despawn; forgetting them
[nebula] 0 entity object(s) were destroyed without a despawn; forgetting them
[nebula] 0 entity object(s) were destroyed without a despawn; forgetting them
[nebula] 0 entity object(s) were destroyed without a despawn; forgetting them
[nebula] 0 entity object(s) were destroyed without a despawn; forgetting them
[nebula] 0 entity object(s) were destroyed without a despawn; forgetting them
[nebula] 0 entity object(s) were destroyed without a despawn; forgetting them
[nebula] 0 entity object(s) were destroyed without a despawn; forgetting them
[nebula] 0 entity object(s) were destroyed without a despawn; forgetting them
[nebula] 0 entity object(s) were destroyed without a despawn; forgetting them
[nebula] 0 entity object(s) were destroyed without a despawn; forgetting them
[nebula] 0 entity object(s) were destroyed without a despawn; forgetting them
[nebula] 0 entity object(s) were destroyed without a despawn; forgetting them
[nebula] 0 entity object(s) were destroyed without a despawn; forgetting them
[nebula] 0 entity object(s) were destroyed without a despawn; forgetting them
[nebula] 0 entity object(s) were destroyed without a despawn; forgetting them
[nebula] 0 entity object(s) were destroyed without a despawn; forgetting them
[nebula] 0 entity object(s) were destroyed without a despawn; forgetting them
[nebula] 0 entity object(s) were destroyed without a despawn; forgetting them
[nebula] 0 entity object(s) were destroyed without a despawn; forgetting them
[nebula] 0 entity object(s) were destroyed without a despawn; forgetting them
[nebula] 0 entity object(s) were destroyed without a despawn; forgetting them
[nebula] 0 entity object(s) were destroyed without a despawn; forgetting them
[nebula] 0 entity object(s) were destroyed without a despawn; forgetting them
[nebula] 0 entity object(s) were destroyed without a despawn; forgetting them
[nebula] 0 entity object(s) were destroyed without a despawn; forgetting them
[nebula] 0 entity object(s) were destroyed without a despawn; forgetting them
[nebula] spawned Prop(Clone)#281474976710709(e1,rt_61572653252607,auth)
[nebula] 0 entity object(s) were destroyed without a despawn; forgetting them
[nebula] 0 entity object(s) were destroyed without a despawn; forgetting them
[nebula] 0 entity object(s) were destroyed without a despawn; forgetting them
[nebula] 0 entity object(s) were destroyed without a despawn; forgetting them
[nebula] 0 entity object(s) were destroyed without a despawn; forgetting them
[nebula] 0 entity object(s) were destroyed without a despawn; forgetting them
[nebula] 0 entity object(s) were destroyed without a despawn; forgetting them
[nebula] 0 entity object(s) were destroyed without a despawn; forgetting them
[nebula] 0 entity object(s) were destroyed without a despawn; forgetting them
[nebula] 0 entity object(s) were destroyed without a despawn; forgetting them
[nebula] 0 entity object(s) were destroyed without a despawn; forgetting them
[nebula] 0 entity object(s) were destroyed without a despawn; forgetting them
[nebula] 0 entity object(s) were destroyed without a despawn; forgetting them
[nebula] 0 entity object(s) were destroyed without a despawn; forgetting them
[nebula] 0 entity object(s) were destroyed without a despawn; forgetting them
[nebula] 0 entity object(s) were destroyed without a despawn; forgetting them
[nebula] 0 entity object(s) were destroyed without a despawn; forgetting them
[nebula] 0 entity object(s) were destroyed without a despawn; forgetting them
[nebula] 0 entity object(s) were destroyed without a despawn; forgetting them
[nebula] 0 entity object(s) were destroyed without a despawn; forgetting them
[nebula] 0 entity object(s) were destroyed without a despawn; forgetting them
[nebula] 0 entity object(s) were destroyed without a despawn; forgetting them
[nebula] 0 entity object(s) were destroyed without a despawn; forgetting them
[nebula] 0 entity object(s) were destroyed without a despawn; forgetting them
[nebula] 0 entity object(s) were destroyed without a despawn; forgetting them
[nebula] 0 entity object(s) were destroyed without a despawn; forgetting them
[nebula] 0 entity object(s) were destroyed without a despawn; forgetting them
[nebula] 0 entity object(s) were destroyed without a despawn; forgetting them
[nebula] 0 entity object(s) were destroyed without a despawn; forgetting them
[nebula] 0 entity object(s) were destroyed without a despawn; forgetting them
[nebula] 0 entity object(s) were destroyed without a despawn; forgetting them
[nebula] 0 entity object(s) were destroyed without a despawn; forgetting them
[nebula] 0 entity object(s) were destroyed without a despawn; forgetting them
[nebula] 0 entity object(s) were destroyed without a despawn; forgetting them
[nebula] 0 entity object(s) were destroyed without a despawn; forgetting them
[nebula] 0 entity object(s) were destroyed without a despawn; forgetting them
[nebula] 0 entity object(s) were destroyed without a despawn; forgetting them
[nebula] 0 entity object(s) were destroyed without a despawn; forgetting them
[nebula] 0 entity object(s) were destroyed without a despawn; forgetting them
[nebula] 0 entity object(s) were destroyed without a despawn; forgetting them
[nebula] 0 entity object(s) were destroyed without a despawn; forgetting them
[nebula] 0 entity object(s) were destroyed without a despawn; forgetting them
[nebula] 0 entity object(s) were destroyed without a despawn; forgetting them
[nebula] 0 entity object(s) were destroyed without a despawn; forgetting them
[nebula] 0 entity object(s) were destroyed without a despawn; forgetting them
[nebula] 0 entity object(s) were destroyed without a despawn; forgetting them
[nebula] 0 entity object(s) were destroyed without a despawn; forgetting them
[nebula] 0 entity object(s) were destroyed without a despawn; forgetting them
[nebula] 0 entity object(s) were destroyed without a despawn; forgetting them
[nebula] 0 entity object(s) were destroyed without a despawn; forgetting them
[nebula] 0 entity object(s) were destroyed without a despawn; forgetting them
[nebula] 0 entity object(s) were destroyed without a despawn; forgetting them
[nebula] 0 entity object(s) were destroyed without a despawn; forgetting them
[nebula] 0 entity object(s) were destroyed without a despawn; forgetting them
[nebula] 0 entity object(s) were destroyed without a despawn; forgetting them
[nebula] 0 entity object(s) were destroyed without a despawn; forgetting them
[nebula] 0 entity object(s) were destroyed without a despawn; forgetting them
[nebula] 0 entity object(s) were destroyed without a despawn; forgetting them
[nebula] 0 entity object(s) were destroyed without a despawn; forgetting them
[nebula] 0 entity object(s) were destroyed without a despawn; forgetting them
[nebula] 0 entity object(s) were destroyed without a despawn; forgetting them
[nebula] 0 entity object(s) were destroyed without a despawn; forgetting them
[nebula] 0 entity object(s) were destroyed without a despawn; forgetting them
[nebula] 0 entity object(s) were destroyed without a despawn; forgetting them
[nebula] 0 entity object(s) were destroyed without a despawn; forgetting them
[nebula] 0 entity object(s) were destroyed without a despawn; forgetting them
[nebula] 0 entity object(s) were destroyed without a despawn; forgetting them
[nebula] 0 entity object(s) were destroyed without a despawn; forgetting them
[nebula] 0 entity object(s) were destroyed without a despawn; forgetting them
[nebula] 0 entity object(s) were destroyed without a despawn; forgetting them
[nebula] 0 entity object(s) were destroyed without a despawn; forgetting them
[nebula] 0 entity object(s) were destroyed without a despawn; forgetting them
[nebula] 0 entity object(s) were destroyed without a despawn; forgetting them
[nebula] 0 entity object(s) were destroyed without a despawn; forgetting them
[nebula] 0 entity object(s) were destroyed without a despawn; forgetting them
[nebula] 0 entity object(s) were destroyed without a despawn; forgetting them
[nebula] 0 entity object(s) were destroyed without a despawn; forgetting them
[nebula] 0 entity object(s) were destroyed without a despawn; forgetting them
[nebula] 0 entity object(s) were destroyed without a despawn; forgetting them
[nebula] 0 entity object(s) were destroyed without a despawn; forgetting them
[nebula] 0 entity object(s) were destroyed without a despawn; forgetting them
[nebula] 0 entity object(s) were destroyed without a despawn; forgetting them
[nebula] 0 entity object(s) were destroyed without a despawn; forgetting them
[nebula] 0 entity object(s) were destroyed without a despawn; forgetting them
[nebula] 0 entity object(s) were destroyed without a despawn; forgetting them
[nebula] 0 entity object(s) were destroyed without a despawn; forgetting them
[nebula] 0 entity object(s) were destroyed without a despawn; forgetting them
[nebula] 0 entity object(s) were destroyed without a despawn; forgetting them
[nebula] 0 entity object(s) were destroyed without a despawn; forgetting them
[nebula] 0 entity object(s) were destroyed without a despawn; forgetting them
[nebula] 0 entity object(s) were destroyed without a despawn; forgetting them
[nebula] 0 entity object(s) were destroyed without a despawn; forgetting them
[nebula] 0 entity object(s) were destroyed without a despawn; forgetting them
[nebula] 0 entity object(s) were destroyed without a despawn; forgetting them
[nebula] 0 entity object(s) were destroyed without a despawn; forgetting them
[nebula] 0 entity object(s) were destroyed without a despawn; forgetting them
[nebula] 0 entity object(s) were destroyed without a despawn; forgetting them
[nebula] 0 entity object(s) were destroyed without a despawn; forgetting them
[nebula] 0 entity object(s) were destroyed without a despawn; forgetting them
[nebula] 0 entity object(s) were destroyed without a despawn; forgetting them
[nebula] 0 entity object(s) were destroyed without a despawn; forgetting them
[nebula] 0 entity object(s) were destroyed without a despawn; forgetting them
[nebula] 0 entity object(s) were destroyed without a despawn; forgetting them
[nebula] 0 entity object(s) were destroyed without a despawn; forgetting them
[nebula] 0 entity object(s) were destroyed without a despawn; forgetting them
[nebula] 0 entity object(s) were destroyed without a despawn; forgetting them
[nebula] 0 entity object(s) were destroyed without a despawn; forgetting them
[nebula] 0 entity object(s) were destroyed without a despawn; forgetting them
[nebula] 0 entity object(s) were destroyed without a despawn; forgetting them
[nebula] 0 entity object(s) were destroyed without a despawn; forgetting them
[nebula] 0 entity object(s) were destroyed without a despawn; forgetting them
[nebula] 0 entity object(s) were destroyed without a despawn; forgetting them
[nebula] 0 entity object(s) were destroyed without a despawn; forgetting them
[nebula] 0 entity object(s) were destroyed without a despawn; forgetting them
[nebula] 0 entity object(s) were destroyed without a despawn; forgetting them
[nebula] 0 entity object(s) were destroyed without a despawn; forgetting them
[nebula] 0 entity object(s) were destroyed without a despawn; forgetting them
[nebula] 0 entity object(s) were destroyed without a despawn; forgetting them
[nebula] 0 entity object(s) were destroyed without a despawn; forgetting them
[nebula] 0 entity object(s) were destroyed without a despawn; forgetting them
[nebula] 0 entity object(s) were destroyed without a despawn; forgetting them
[nebula] 0 entity object(s) were destroyed without a despawn; forgetting them
[nebula] 0 entity object(s) were destroyed without a despawn; forgetting them
[nebula] 0 entity object(s) were destroyed without a despawn; forgetting them
[nebula] 0 entity object(s) were destroyed without a despawn; forgetting them
[nebula] 0 entity object(s) were destroyed without a despawn; forgetting them
[nebula] 0 entity object(s) were destroyed without a despawn; forgetting them
[nebula] 0 entity object(s) were destroyed without a despawn; forgetting them
[nebula] 0 entity object(s) were destroyed without a despawn; forgetting them
[nebula] 0 entity object(s) were destroyed without a despawn; forgetting them
[nebula] 0 entity object(s) were destroyed without a despawn; forgetting them
[nebula] 0 entity object(s) were destroyed without a despawn; forgetting them
[nebula] 0 entity object(s) were destroyed without a despawn; forgetting them
[nebula] 0 entity object(s) were destroyed without a despawn; forgetting them
[nebula] 0 entity object(s) were destroyed without a despawn; forgetting them
[nebula] 0 entity object(s) were destroyed without a despawn; forgetting them
[nebula] 0 entity object(s) were destroyed without a despawn; forgetting them
[nebula] 0 entity object(s) were destroyed without a despawn; forgetting them
[nebula] 0 entity object(s) were destroyed without a despawn; forgetting them
[nebula] 0 entity object(s) were destroyed without a despawn; forgetting them
[nebula] 0 entity object(s) were destroyed without a despawn; forgetting them
[nebula] 0 entity object(s) were destroyed without a despawn; forgetting them
[nebula] 0 entity object(s) were destroyed without a despawn; forgetting them
[nebula] 0 entity object(s) were destroyed without a despawn; forgetting them
[nebula] 0 entity object(s) were destroyed without a despawn; forgetting them
[nebula] 0 entity object(s) were destroyed without a despawn; forgetting them
[nebula] 0 entity object(s) were destroyed without a despawn; forgetting them
[nebula] 0 entity object(s) were destroyed without a despawn; forgetting them
[nebula] 0 entity object(s) were destroyed without a despawn; forgetting them
[nebula] 0 entity object(s) were destroyed without a despawn; forgetting them
[nebula] 0 entity object(s) were destroyed without a despawn; forgetting them
[nebula] 0 entity object(s) were destroyed without a despawn; forgetting them
[nebula] 0 entity object(s) were destroyed without a despawn; forgetting them
[nebula] 0 entity object(s) were destroyed without a despawn; forgetting them
[nebula] 0 entity object(s) were destroyed without a despawn; forgetting them
[nebula] 0 entity object(s) were destroyed without a despawn; forgetting them
[nebula] 0 entity object(s) were destroyed without a despawn; forgetting them
[nebula] 0 entity object(s) were destroyed without a despawn; forgetting them
[nebula] 0 entity object(s) were destroyed without a despawn; forgetting them
[nebula] 0 entity object(s) were destroyed without a despawn; forgetting them
[nebula] 0 entity object(s) were destroyed without a despawn; forgetting them
[nebula] 0 entity object(s) were destroyed without a despawn; forgetting them
[nebula] 0 entity object(s) were destroyed without a despawn; forgetting them
[nebula] 0 entity object(s) were destroyed without a despawn; forgetting them
[nebula] 0 entity object(s) were destroyed without a despawn; forgetting them
[nebula] 0 entity object(s) were destroyed without a despawn; forgetting them
[nebula] 0 entity object(s) were destroyed without a despawn; forgetting them
[nebula] 0 entity object(s) were destroyed without a despawn; forgetting them
[nebula] 0 entity object(s) were destroyed without a despawn; forgetting them
[nebula] 0 entity object(s) were destroyed without a despawn; forgetting them
[nebula] 0 entity object(s) were destroyed without a despawn; forgetting them
[nebula] 0 entity object(s) were destroyed without a despawn; forgetting them
[nebula] 0 entity object(s) were destroyed without a despawn; forgetting them
[nebula] 0 entity object(s) were destroyed without a despawn; forgetting them
[nebula] local handover Player(Clone)#844424930131970(e2,rt_65970699763711,auth) rt_61572653252607 -> rt_65970699763711
[nebula] 0 entity object(s) were destroyed without a despawn; forgetting them
[nebula] 0 entity object(s) were destroyed without a despawn; forgetting them
[nebula] 0 entity object(s) were destroyed without a despawn; forgetting them
[nebula] 0 entity object(s) were destroyed without a despawn; forgetting them
[nebula] 0 entity object(s) were destroyed without a despawn; forgetting them
[nebula] 0 entity object(s) were destroyed without a despawn; forgetting them
[nebula] spawned Prop(Clone)#281474976710710(e1,rt_65970699763711,auth)
[nebula] 0 entity object(s) were destroyed without a despawn; forgetting them
[nebula] 0 entity object(s) were destroyed without a despawn; forgetting them
[nebula] 0 entity object(s) were destroyed without a despawn; forgetting them
[nebula] 0 entity object(s) were destroyed without a despawn; forgetting them
[nebula] 0 entity object(s) were destroyed without a despawn; forgetting them
[nebula] 0 entity object(s) were destroyed without a despawn; forgetting them
[nebula] 0 entity object(s) were destroyed without a despawn; forgetting them
[nebula] 0 entity object(s) were destroyed without a despawn; forgetting them
[nebula] 0 entity object(s) were destroyed without a despawn; forgetting them
[nebula] 0 entity object(s) were destroyed without a despawn; forgetting them
[nebula] 0 entity object(s) were destroyed without a despawn; forgetting them
[nebula] 0 entity object(s) were destroyed without a despawn; forgetting them
[nebula] 0 entity object(s) were destroyed without a despawn; forgetting them
[nebula] 0 entity object(s) were destroyed without a despawn; forgetting them
[nebula] 0 entity object(s) were destroyed without a despawn; forgetting them
[nebula] 0 entity object(s) were destroyed without a despawn; forgetting them
[nebula] handover OUT Prop(Clone)#281474976710685(e2,rt_35184374185983,ghost) -> w3 (epoch 2, tick 1365045998)
[nebula] handover OUT Prop(Clone)#281474976710686(e2,rt_35184374185983,ghost) -> w3 (epoch 2, tick 1365045998)
[nebula] handover OUT Prop(Clone)#281474976710687(e2,rt_35184374185983,ghost) -> w3 (epoch 2, tick 1365045998)
[nebula] handover OUT Prop(Clone)#281474976710688(e2,rt_35184374185983,ghost) -> w3 (epoch 2, tick 1365045998)
[nebula] handover OUT Prop(Clone)#281474976710689(e2,rt_39582420697087,ghost) -> w3 (epoch 2, tick 1365045998)
[nebula] handover OUT Prop(Clone)#281474976710690(e2,rt_39582420697087,ghost) -> w3 (epoch 2, tick 1365045998)
[nebula] handover OUT Prop(Clone)#281474976710691(e2,rt_39582420697087,ghost) -> w3 (epoch 2, tick 1365045998)
[nebula] handover OUT Prop(Clone)#281474976710692(e2,rt_39582420697087,ghost) -> w3 (epoch 2, tick 1365045998)
[nebula] 0 entity object(s) were destroyed without a despawn; forgetting them
[nebula] ghost Prop(Clone)#281474976710660(e3,rt_9223363240761753603,auth) -> w2
[nebula] handover IN  Prop(Clone)#281474976710660(e3,rt_9223363240761753603,auth) <- w2 (epoch 3, tick 1365045999)
[nebula] ghost Prop(Clone)#281474976710661(e3,rt_9223363240761753603,auth) -> w2
[nebula] handover IN  Prop(Clone)#281474976710661(e3,rt_9223363240761753603,auth) <- w2 (epoch 3, tick 1365045999)
[nebula] ghost Prop(Clone)#281474976710663(e3,rt_9223363240761753603,auth) -> w2
[nebula] handover IN  Prop(Clone)#281474976710663(e3,rt_9223363240761753603,auth) <- w2 (epoch 3, tick 1365045999)
[nebula] ghost Prop(Clone)#281474976710666(e3,rt_9223367638808264707,auth) -> w2
[nebula] handover IN  Prop(Clone)#281474976710666(e3,rt_9223367638808264707,auth) <- w2 (epoch 3, tick 1365045999)
[nebula] 0 entity object(s) were destroyed without a despawn; forgetting them
[nebula] 0 entity object(s) were destroyed without a despawn; forgetting them
[nebula] 0 entity object(s) were destroyed without a despawn; forgetting them
[nebula] 0 entity object(s) were destroyed without a despawn; forgetting them
[nebula] 0 entity object(s) were destroyed without a despawn; forgetting them
[nebula] 0 entity object(s) were destroyed without a despawn; forgetting them
[nebula] 0 entity object(s) were destroyed without a despawn; forgetting them
[nebula] 0 entity object(s) were destroyed without a despawn; forgetting them
[nebula] 0 entity object(s) were destroyed without a despawn; forgetting them
[nebula] 0 entity object(s) were destroyed without a despawn; forgetting them
[nebula] 0 entity object(s) were destroyed without a despawn; forgetting them
[nebula] 0 entity object(s) were destroyed without a despawn; forgetting them
[nebula] 0 entity object(s) were destroyed without a despawn; forgetting them
[nebula] 0 entity object(s) were destroyed without a despawn; forgetting them
[nebula] profile 300 ticks/5s 300 frames avg 0.9ms max 1.4ms dup 0 skip 0 gc 43 auth 31 ghosts 8 | poll=0.01 ghosts=0.00 physics.sync=0.00 simulate=0.01 poses=0.04 containers=0.65 band=0.03 publish=0.02 gap=15.77 interest=0.01
[nebula] 0 entity object(s) were destroyed without a despawn; forgetting them
[nebula] 0 entity object(s) were destroyed without a despawn; forgetting them
[nebula] 0 entity object(s) were destroyed without a despawn; forgetting them
[nebula] 0 entity object(s) were destroyed without a despawn; forgetting them
[nebula] 0 entity object(s) were destroyed without a despawn; forgetting them
[nebula] 0 entity object(s) were destroyed without a despawn; forgetting them
[nebula] 0 entity object(s) were destroyed without a despawn; forgetting them
[nebula] 0 entity object(s) were destroyed without a despawn; forgetting them
[nebula] 0 entity object(s) were destroyed without a despawn; forgetting them
[nebula] 0 entity object(s) were destroyed without a despawn; forgetting them
[nebula] 0 entity object(s) were destroyed without a despawn; forgetting them
[nebula] 0 entity object(s) were destroyed without a despawn; forgetting them
[nebula] 0 entity object(s) were destroyed without a despawn; forgetting them
[nebula] 0 entity object(s) were destroyed without a despawn; forgetting them
[nebula] 0 entity object(s) were destroyed without a despawn; forgetting them
[nebula] 0 entity object(s) were destroyed without a despawn; forgetting them
[nebula] 0 entity object(s) were destroyed without a despawn; forgetting them
[nebula] 0 entity object(s) were destroyed without a despawn; forgetting them
[nebula] 0 entity object(s) were destroyed without a despawn; forgetting them
[nebula] 0 entity object(s) were destroyed without a despawn; forgetting them
[nebula] 0 entity object(s) were destroyed without a despawn; forgetting them
[nebula] 0 entity object(s) were destroyed without a despawn; forgetting them
[nebula] 0 entity object(s) were destroyed without a despawn; forgetting them
[nebula] 0 entity object(s) were destroyed without a despawn; forgetting them
[nebula] 0 entity object(s) were destroyed without a despawn; forgetting them
[nebula] 0 entity object(s) were destroyed without a despawn; forgetting them
[nebula] 0 entity object(s) were destroyed without a despawn; forgetting them
[nebula] 0 entity object(s) were destroyed without a despawn; forgetting them
[nebula] 0 entity object(s) were destroyed without a despawn; forgetting them
[nebula] 0 entity object(s) were destroyed without a despawn; forgetting them
[nebula] 0 entity object(s) were destroyed without a despawn; forgetting them
[nebula] 0 entity object(s) were destroyed without a despawn; forgetting them
[nebula] 0 entity object(s) were destroyed without a despawn; forgetting them
[nebula] 0 entity object(s) were destroyed without a despawn; forgetting them
[nebula] 0 entity object(s) were destroyed without a despawn; forgetting them
[nebula] 0 entity object(s) were destroyed without a despawn; forgetting them
[nebula] 0 entity object(s) were destroyed without a despawn; forgetting them
[nebula] 0 entity object(s) were destroyed without a despawn; forgetting them
[nebula] 0 entity object(s) were destroyed without a despawn; forgetting them
[nebula] 0 entity object(s) were destroyed without a despawn; forgetting them
[nebula] 0 entity object(s) were destroyed without a despawn; forgetting them
[nebula] 0 entity object(s) were destroyed without a despawn; forgetting them
[nebula] 0 entity object(s) were destroyed without a despawn; forgetting them
[nebula] 0 entity object(s) were destroyed without a despawn; forgetting them
[nebula] 0 entity object(s) were destroyed without a despawn; forgetting them
[nebula] 0 entity object(s) were destroyed without a despawn; forgetting them
[nebula] 0 entity object(s) were destroyed without a despawn; forgetting them
[nebula] 0 entity object(s) were destroyed without a despawn; forgetting them
[nebula] 0 entity object(s) were destroyed without a despawn; forgetting them
[nebula] 0 entity object(s) were destroyed without a despawn; forgetting them
[nebula] 0 entity object(s) were destroyed without a despawn; forgetting them
[nebula] 0 entity object(s) were destroyed without a despawn; forgetting them
[nebula] 0 entity object(s) were destroyed without a despawn; forgetting them
[nebula] 0 entity object(s) were destroyed without a despawn; forgetting them
[nebula] 0 entity object(s) were destroyed without a despawn; forgetting them
[nebula] 0 entity object(s) were destroyed without a despawn; forgetting them
[nebula] 0 entity object(s) were destroyed without a despawn; forgetting them
[nebula] 0 entity object(s) were destroyed without a despawn; forgetting them
[nebula] 0 entity object(s) were destroyed without a despawn; forgetting them
[nebula] 0 entity object(s) were destroyed without a despawn; forgetting them
[nebula] 0 entity object(s) were destroyed without a despawn; forgetting them
[nebula] 0 entity object(s) were destroyed without a despawn; forgetting them
[nebula] 0 entity object(s) were destroyed without a despawn; forgetting them
[nebula] 0 entity object(s) were destroyed without a despawn; forgetting them
[nebula] 0 entity object(s) were destroyed without a despawn; forgetting them
[nebula] 0 entity object(s) were destroyed without a despawn; forgetting them
[nebula] 0 entity object(s) were destroyed without a despawn; forgetting them
[nebula] 0 entity object(s) were destroyed without a despawn; forgetting them
[nebula] 0 entity object(s) were destroyed without a despawn; forgetting them
[nebula] 0 entity object(s) were destroyed without a despawn; forgetting them
[nebula] 0 entity object(s) were destroyed without a despawn; forgetting them
[nebula] 0 entity object(s) were destroyed without a despawn; forgetting them
[nebula] 0 entity object(s) were destroyed without a despawn; forgetting them
[nebula] 0 entity object(s) were destroyed without a despawn; forgetting them
[nebula] 0 entity object(s) were destroyed without a despawn; forgetting them
[nebula] 0 entity object(s) were destroyed without a despawn; forgetting them
[nebula] 0 entity object(s) were destroyed without a despawn; forgetting them
[nebula] 0 entity object(s) were destroyed without a despawn; forgetting them
[nebula] 0 entity object(s) were destroyed without a despawn; forgetting them
[nebula] 0 entity object(s) were destroyed without a despawn; forgetting them
[nebula] 0 entity object(s) were destroyed without a despawn; forgetting them
[nebula] 0 entity object(s) were destroyed without a despawn; forgetting them
[nebula] 0 entity object(s) were destroyed without a despawn; forgetting them
[nebula] 0 entity object(s) were destroyed without a despawn; forgetting them
[nebula] 0 entity object(s) were destroyed without a despawn; forgetting them
[nebula] 0 entity object(s) were destroyed without a despawn; forgetting them
[nebula] 0 entity object(s) were destroyed without a despawn; forgetting them
[nebula] 0 entity object(s) were destroyed without a despawn; forgetting them
[nebula] 0 entity object(s) were destroyed without a despawn; forgetting them
[nebula] 0 entity object(s) were destroyed without a despawn; forgetting them
[nebula] 0 entity object(s) were destroyed without a despawn; forgetting them
[nebula] 0 entity object(s) were destroyed without a despawn; forgetting them
[nebula] 0 entity object(s) were destroyed without a despawn; forgetting them
[nebula] 0 entity object(s) were destroyed without a despawn; forgetting them
[nebula] 0 entity object(s) were destroyed without a despawn; forgetting them
[nebula] 0 entity object(s) were destroyed without a despawn; forgetting them
[nebula] 0 entity object(s) were destroyed without a despawn; forgetting them
[nebula] 0 entity object(s) were destroyed without a despawn; forgetting them
[nebula] 0 entity object(s) were destroyed without a despawn; forgetting them
[nebula] 0 entity object(s) were destroyed without a despawn; forgetting them
[nebula] 0 entity object(s) were destroyed without a despawn; forgetting them
[nebula] 0 entity object(s) were destroyed without a despawn; forgetting them
[nebula] 0 entity object(s) were destroyed without a despawn; forgetting them
[nebula] 0 entity object(s) were destroyed without a despawn; forgetting them
[nebula] 0 entity object(s) were destroyed without a despawn; forgetting them
[nebula] 0 entity object(s) were destroyed without a despawn; forgetting them
[nebula] 0 entity object(s) were destroyed without a despawn; forgetting them
[nebula] 0 entity object(s) were destroyed without a despawn; forgetting them
[nebula] 0 entity object(s) were destroyed without a despawn; forgetting them
[nebula] 0 entity object(s) were destroyed without a despawn; forgetting them
[nebula] 0 entity object(s) were destroyed without a despawn; forgetting them
[nebula] 0 entity object(s) were destroyed without a despawn; forgetting them
[nebula] 0 entity object(s) were destroyed without a despawn; forgetting them
[nebula] 0 entity object(s) were destroyed without a despawn; forgetting them
[nebula] 0 entity object(s) were destroyed without a despawn; forgetting them
[nebula] 0 entity object(s) were destroyed without a despawn; forgetting them
[nebula] 0 entity object(s) were destroyed without a despawn; forgetting them
[nebula] 0 entity object(s) were destroyed without a despawn; forgetting them
[nebula] 0 entity object(s) were destroyed without a despawn; forgetting them
[nebula] 0 entity object(s) were destroyed without a despawn; forgetting them
[nebula] 0 entity object(s) were destroyed without a despawn; forgetting them
[nebula] 0 entity object(s) were destroyed without a despawn; forgetting them
[nebula] 0 entity object(s) were destroyed without a despawn; forgetting them
[nebula] 0 entity object(s) were destroyed without a despawn; forgetting them
[nebula] 0 entity object(s) were destroyed without a despawn; forgetting them
[nebula] 0 entity object(s) were destroyed without a despawn; forgetting them
[nebula] 0 entity object(s) were destroyed without a despawn; forgetting them
[nebula] 0 entity object(s) were destroyed without a despawn; forgetting them
[nebula] 0 entity object(s) were destroyed without a despawn; forgetting them
[nebula] 0 entity object(s) were destroyed without a despawn; forgetting them
[nebula] 0 entity object(s) were destroyed without a despawn; forgetting them
[nebula] 0 entity object(s) were destroyed without a despawn; forgetting them
[nebula] 0 entity object(s) were destroyed without a despawn; forgetting them
[nebula] 0 entity object(s) were destroyed without a despawn; forgetting them
[nebula] 0 entity object(s) were destroyed without a despawn; forgetting them
[nebula] 0 entity object(s) were destroyed without a despawn; forgetting them
[nebula] 0 entity object(s) were destroyed without a despawn; forgetting them
[nebula] 0 entity object(s) were destroyed without a despawn; forgetting them
[nebula] 0 entity object(s) were destroyed without a despawn; forgetting them
[nebula] 0 entity object(s) were destroyed without a despawn; forgetting them
[nebula] 0 entity object(s) were destroyed without a despawn; forgetting them
[nebula] 0 entity object(s) were destroyed without a despawn; forgetting them
[nebula] 0 entity object(s) were destroyed without a despawn; forgetting them
[nebula] 0 entity object(s) were destroyed without a despawn; forgetting them
[nebula] 0 entity object(s) were destroyed without a despawn; forgetting them
[nebula] 0 entity object(s) were destroyed without a despawn; forgetting them
[nebula] 0 entity object(s) were destroyed without a despawn; forgetting them
[nebula] 0 entity object(s) were destroyed without a despawn; forgetting them
[nebula] 0 entity object(s) were destroyed without a despawn; forgetting them
[nebula] spawned Prop(Clone)#281474976710711(e1,rt_65970699763711,auth)
[nebula] 0 entity object(s) were destroyed without a despawn; forgetting them
[nebula] 0 entity object(s) were destroyed without a despawn; forgetting them
[nebula] 0 entity object(s) were destroyed without a despawn; forgetting them
[nebula] 0 entity object(s) were destroyed without a despawn; forgetting them
[nebula] 0 entity object(s) were destroyed without a despawn; forgetting them
[nebula] 0 entity object(s) were destroyed without a despawn; forgetting them
[nebula] 0 entity object(s) were destroyed without a despawn; forgetting them
[nebula] 0 entity object(s) were destroyed without a despawn; forgetting them
[nebula] 0 entity object(s) were destroyed without a despawn; forgetting them
[nebula] 0 entity object(s) were destroyed without a despawn; forgetting them
[nebula] 0 entity object(s) were destroyed without a despawn; forgetting them
[nebula] 0 entity object(s) were destroyed without a despawn; forgetting them
[nebula] 0 entity object(s) were destroyed without a despawn; forgetting them
[nebula] 0 entity object(s) were destroyed without a despawn; forgetting them
[nebula] 0 entity object(s) were destroyed without a despawn; forgetting them
[nebula] 0 entity object(s) were destroyed without a despawn; forgetting them
[nebula] 0 entity object(s) were destroyed without a despawn; forgetting them
[nebula] 0 entity object(s) were destroyed without a despawn; forgetting them
[nebula] 0 entity object(s) were destroyed without a despawn; forgetting them
[nebula] 0 entity object(s) were destroyed without a despawn; forgetting them
[nebula] 0 entity object(s) were destroyed without a despawn; forgetting them
[nebula] 0 entity object(s) were destroyed without a despawn; forgetting them
[nebula] 0 entity object(s) were destroyed without a despawn; forgetting them
[nebula] 0 entity object(s) were destroyed without a despawn; forgetting them
[nebula] 0 entity object(s) were destroyed without a despawn; forgetting them
[nebula] 0 entity object(s) were destroyed without a despawn; forgetting them
[nebula] 0 entity object(s) were destroyed without a despawn; forgetting them
[nebula] 0 entity object(s) were destroyed without a despawn; forgetting them
[nebula] 0 entity object(s) were destroyed without a despawn; forgetting them
[nebula] 0 entity object(s) were destroyed without a despawn; forgetting them
[nebula] 0 entity object(s) were destroyed without a despawn; forgetting them
[nebula] 0 entity object(s) were destroyed without a despawn; forgetting them
[nebula] 0 entity object(s) were destroyed without a despawn; forgetting them
[nebula] 0 entity object(s) were destroyed without a despawn; forgetting them
[nebula] 0 entity object(s) were destroyed without a despawn; forgetting them
[nebula] 0 entity object(s) were destroyed without a despawn; forgetting them
[nebula] 0 entity object(s) were destroyed without a despawn; forgetting them
[nebula] 0 entity object(s) were destroyed without a despawn; forgetting them
[nebula] 0 entity object(s) were destroyed without a despawn; forgetting them
[nebula] 0 entity object(s) were destroyed without a despawn; forgetting them
[nebula] 0 entity object(s) were destroyed without a despawn; forgetting them
[nebula] 0 entity object(s) were destroyed without a despawn; forgetting them
[nebula] 0 entity object(s) were destroyed without a despawn; forgetting them
[nebula] 0 entity object(s) were destroyed without a despawn; forgetting them
[nebula] 0 entity object(s) were destroyed without a despawn; forgetting them
[nebula] 0 entity object(s) were destroyed without a despawn; forgetting them
[nebula] 0 entity object(s) were destroyed without a despawn; forgetting them
[nebula] 0 entity object(s) were destroyed without a despawn; forgetting them
[nebula] 0 entity object(s) were destroyed without a despawn; forgetting them
[nebula] 0 entity object(s) were destroyed without a despawn; forgetting them
[nebula] 0 entity object(s) were destroyed without a despawn; forgetting them
[nebula] 0 entity object(s) were destroyed without a despawn; forgetting them
[nebula] 0 entity object(s) were destroyed without a despawn; forgetting them
[nebula] 0 entity object(s) were destroyed without a despawn; forgetting them
[nebula] 0 entity object(s) were destroyed without a despawn; forgetting them
[nebula] 0 entity object(s) were destroyed without a despawn; forgetting them
[nebula] 0 entity object(s) were destroyed without a despawn; forgetting them
[nebula] 0 entity object(s) were destroyed without a despawn; forgetting them
[nebula] 0 entity object(s) were destroyed without a despawn; forgetting them
[nebula] 0 entity object(s) were destroyed without a despawn; forgetting them
[nebula] 0 entity object(s) were destroyed without a despawn; forgetting them
[nebula] 0 entity object(s) were destroyed without a despawn; forgetting them
[nebula] 0 entity object(s) were destroyed without a despawn; forgetting them
[nebula] 0 entity object(s) were destroyed without a despawn; forgetting them
[nebula] 0 entity object(s) were destroyed without a despawn; forgetting them
[nebula] 0 entity object(s) were destroyed without a despawn; forgetting them
[nebula] 0 entity object(s) were destroyed without a despawn; forgetting them
[nebula] 0 entity object(s) were destroyed without a despawn; forgetting them
[nebula] 0 entity object(s) were destroyed without a despawn; forgetting them
[nebula] 0 entity object(s) were destroyed without a despawn; forgetting them
[nebula] 0 entity object(s) were destroyed without a despawn; forgetting them
[nebula] 0 entity object(s) were destroyed without a despawn; forgetting them
[nebula] 0 entity object(s) were destroyed without a despawn; forgetting them
[nebula] 0 entity object(s) were destroyed without a despawn; forgetting them
[nebula] 0 entity object(s) were destroyed without a despawn; forgetting them
[nebula] 0 entity object(s) were destroyed without a despawn; forgetting them
[nebula] 0 entity object(s) were destroyed without a despawn; forgetting them
[nebula] 0 entity object(s) were destroyed without a despawn; forgetting them
[nebula] 0 entity object(s) were destroyed without a despawn; forgetting them
[nebula] 0 entity object(s) were destroyed without a despawn; forgetting them
[nebula] 0 entity object(s) were destroyed without a despawn; forgetting them
[nebula] 0 entity object(s) were destroyed without a despawn; forgetting them
[nebula] 0 entity object(s) were destroyed without a despawn; forgetting them
[nebula] 0 entity object(s) were destroyed without a despawn; forgetting them
[nebula] 0 entity object(s) were destroyed without a despawn; forgetting them
[nebula] 0 entity object(s) were destroyed without a despawn; forgetting them
[nebula] 0 entity object(s) were destroyed without a despawn; forgetting them
[nebula] 0 entity object(s) were destroyed without a despawn; forgetting them
[nebula] 0 entity object(s) were destroyed without a despawn; forgetting them
[nebula] 0 entity object(s) were destroyed without a despawn; forgetting them
[nebula] 0 entity object(s) were destroyed without a despawn; forgetting them
[nebula] 0 entity object(s) were destroyed without a despawn; forgetting them
[nebula] 0 entity object(s) were destroyed without a despawn; forgetting them
[nebula] 0 entity object(s) were destroyed without a despawn; forgetting them
[nebula] 0 entity object(s) were destroyed without a despawn; forgetting them
[nebula] 0 entity object(s) were destroyed without a despawn; forgetting them
[nebula] 0 entity object(s) were destroyed without a despawn; forgetting them
[nebula] 0 entity object(s) were destroyed without a despawn; forgetting them
[nebula] 0 entity object(s) were destroyed without a despawn; forgetting them
[nebula] 0 entity object(s) were destroyed without a despawn; forgetting them
[nebula] 0 entity object(s) were destroyed without a despawn; forgetting them
[nebula] 0 entity object(s) were destroyed without a despawn; forgetting them
[nebula] 0 entity object(s) were destroyed without a despawn; forgetting them
[nebula] 0 entity object(s) were destroyed without a despawn; forgetting them
[nebula] 0 entity object(s) were destroyed without a despawn; forgetting them
[nebula] 0 entity object(s) were destroyed without a despawn; forgetting them
[nebula] 0 entity object(s) were destroyed without a despawn; forgetting them
[nebula] 0 entity object(s) were destroyed without a despawn; forgetting them
[nebula] 0 entity object(s) were destroyed without a despawn; forgetting them
[nebula] 0 entity object(s) were destroyed without a despawn; forgetting them
[nebula] 0 entity object(s) were destroyed without a despawn; forgetting them
[nebula] 0 entity object(s) were destroyed without a despawn; forgetting them
[nebula] 0 entity object(s) were destroyed without a despawn; forgetting them
[nebula] 0 entity object(s) were destroyed without a despawn; forgetting them
[nebula] 0 entity object(s) were destroyed without a despawn; forgetting them
[nebula] 0 entity object(s) were destroyed without a despawn; forgetting them
[nebula] 0 entity object(s) were destroyed without a despawn; forgetting them
[nebula] 0 entity object(s) were destroyed without a despawn; forgetting them
[nebula] 0 entity object(s) were destroyed without a despawn; forgetting them
[nebula] 0 entity object(s) were destroyed without a despawn; forgetting them
[nebula] 0 entity object(s) were destroyed without a despawn; forgetting them
[nebula] 0 entity object(s) were destroyed without a despawn; forgetting them
[nebula] 0 entity object(s) were destroyed without a despawn; forgetting them
[nebula] 0 entity object(s) were destroyed without a despawn; forgetting them
[nebula] 0 entity object(s) were destroyed without a despawn; forgetting them
[nebula] 0 entity object(s) were destroyed without a despawn; forgetting them
[nebula] 0 entity object(s) were destroyed without a despawn; forgetting them
[nebula] 0 entity object(s) were destroyed without a despawn; forgetting them
[nebula] 0 entity object(s) were destroyed without a despawn; forgetting them
[nebula] 0 entity object(s) were destroyed without a despawn; forgetting them
[nebula] 0 entity object(s) were destroyed without a despawn; forgetting them
[nebula] 0 entity object(s) were destroyed without a despawn; forgetting them
[nebula] 0 entity object(s) were destroyed without a despawn; forgetting them
[nebula] 0 entity object(s) were destroyed without a despawn; forgetting them
[nebula] 0 entity object(s) were destroyed without a despawn; forgetting them
[nebula] 0 entity object(s) were destroyed without a despawn; forgetting them
[nebula] 0 entity object(s) were destroyed without a despawn; forgetting them
[nebula] 0 entity object(s) were destroyed without a despawn; forgetting them
[nebula] 0 entity object(s) were destroyed without a despawn; forgetting them
[nebula] 0 entity object(s) were destroyed without a despawn; forgetting them
[nebula] 0 entity object(s) were destroyed without a despawn; forgetting them
[nebula] 0 entity object(s) were destroyed without a despawn; forgetting them
[nebula] 0 entity object(s) were destroyed without a despawn; forgetting them
[nebula] 0 entity object(s) were destroyed without a despawn; forgetting them
[nebula] 0 entity object(s) were destroyed without a despawn; forgetting them
[nebula] 0 entity object(s) were destroyed without a despawn; forgetting them
[nebula] 0 entity object(s) were destroyed without a despawn; forgetting them
[nebula] 0 entity object(s) were destroyed without a despawn; forgetting them
[nebula] 0 entity object(s) were destroyed without a despawn; forgetting them
[nebula] 0 entity object(s) were destroyed without a despawn; forgetting them
[nebula] 0 entity object(s) were destroyed without a despawn; forgetting them
[nebula] profile 300 ticks/5s 300 frames avg 0.8ms max 1.3ms dup 0 skip 0 gc 50 auth 32 ghosts 1 | poll=0.01 ghosts=0.00 physics.sync=0.00 simulate=0.01 poses=0.04 containers=0.57 band=0.03 publish=0.02 gap=15.84 interest=0.01
[nebula] 0 entity object(s) were destroyed without a despawn; forgetting them
[nebula] 0 entity object(s) were destroyed without a despawn; forgetting them
[nebula] 0 entity object(s) were destroyed without a despawn; forgetting them
[nebula] 0 entity object(s) were destroyed without a despawn; forgetting them
[nebula] 0 entity object(s) were destroyed without a despawn; forgetting them
[nebula] 0 entity object(s) were destroyed without a despawn; forgetting them
[nebula] 0 entity object(s) were destroyed without a despawn; forgetting them
[nebula] 0 entity object(s) were destroyed without a despawn; forgetting them
[nebula] 0 entity object(s) were destroyed without a despawn; forgetting them
[nebula] 0 entity object(s) were destroyed without a despawn; forgetting them
[nebula] 0 entity object(s) were destroyed without a despawn; forgetting them
[nebula] 0 entity object(s) were destroyed without a despawn; forgetting them
[nebula] 0 entity object(s) were destroyed without a despawn; forgetting them
[nebula] 0 entity object(s) were destroyed without a despawn; forgetting them
[nebula] 0 entity object(s) were destroyed without a despawn; forgetting them
[nebula] 0 entity object(s) were destroyed without a despawn; forgetting them
[nebula] 0 entity object(s) were destroyed without a despawn; forgetting them
[nebula] 0 entity object(s) were destroyed without a despawn; forgetting them
[nebula] 0 entity object(s) were destroyed without a despawn; forgetting them
[nebula] 0 entity object(s) were destroyed without a despawn; forgetting them
[nebula] 0 entity object(s) were destroyed without a despawn; forgetting them
[nebula] 0 entity object(s) were destroyed without a despawn; forgetting them
[nebula] 0 entity object(s) were destroyed without a despawn; forgetting them
[nebula] 0 entity object(s) were destroyed without a despawn; forgetting them
[nebula] 0 entity object(s) were destroyed without a despawn; forgetting them
[nebula] 0 entity object(s) were destroyed without a despawn; forgetting them
[nebula] 0 entity object(s) were destroyed without a despawn; forgetting them
[nebula] 0 entity object(s) were destroyed without a despawn; forgetting them
[nebula] 0 entity object(s) were destroyed without a despawn; forgetting them
[nebula] spawned Prop(Clone)#281474976710712(e1,rt_65970699763711,auth)
[nebula] 0 entity object(s) were destroyed without a despawn; forgetting them
[nebula] 0 entity object(s) were destroyed without a despawn; forgetting them
[nebula] 0 entity object(s) were destroyed without a despawn; forgetting them
[nebula] 0 entity object(s) were destroyed without a despawn; forgetting them
[nebula] 0 entity object(s) were destroyed without a despawn; forgetting them
[nebula] 0 entity object(s) were destroyed without a despawn; forgetting them
[nebula] 0 entity object(s) were destroyed without a despawn; forgetting them
[nebula] 0 entity object(s) were destroyed without a despawn; forgetting them
[nebula] 0 entity object(s) were destroyed without a despawn; forgetting them
[nebula] 0 entity object(s) were destroyed without a despawn; forgetting them
[nebula] 0 entity object(s) were destroyed without a despawn; forgetting them
[nebula] 0 entity object(s) were destroyed without a despawn; forgetting them
[nebula] 0 entity object(s) were destroyed without a despawn; forgetting them
[nebula] 0 entity object(s) were destroyed without a despawn; forgetting them
[nebula] 0 entity object(s) were destroyed without a despawn; forgetting them
[nebula] 0 entity object(s) were destroyed without a despawn; forgetting them
[nebula] 0 entity object(s) were destroyed without a despawn; forgetting them
[nebula] 0 entity object(s) were destroyed without a despawn; forgetting them
[nebula] 0 entity object(s) were destroyed without a despawn; forgetting them
[nebula] 0 entity object(s) were destroyed without a despawn; forgetting them
[nebula] 0 entity object(s) were destroyed without a despawn; forgetting them
[nebula] 0 entity object(s) were destroyed without a despawn; forgetting them
[nebula] 0 entity object(s) were destroyed without a despawn; forgetting them
[nebula] 0 entity object(s) were destroyed without a despawn; forgetting them
[nebula] 0 entity object(s) were destroyed without a despawn; forgetting them
[nebula] 0 entity object(s) were destroyed without a despawn; forgetting them
[nebula] 0 entity object(s) were destroyed without a despawn; forgetting them
[nebula] 0 entity object(s) were destroyed without a despawn; forgetting them
[nebula] 0 entity object(s) were destroyed without a despawn; forgetting them
[nebula] 0 entity object(s) were destroyed without a despawn; forgetting them
[nebula] 0 entity object(s) were destroyed without a despawn; forgetting them
[nebula] 0 entity object(s) were destroyed without a despawn; forgetting them
[nebula] 0 entity object(s) were destroyed without a despawn; forgetting them
[nebula] 0 entity object(s) were destroyed without a despawn; forgetting them
[nebula] 0 entity object(s) were destroyed without a despawn; forgetting them
[nebula] 0 entity object(s) were destroyed without a despawn; forgetting them
[nebula] 0 entity object(s) were destroyed without a despawn; forgetting them
[nebula] 0 entity object(s) were destroyed without a despawn; forgetting them
[nebula] 0 entity object(s) were destroyed without a despawn; forgetting them
[nebula] 0 entity object(s) were destroyed without a despawn; forgetting them
[nebula] 0 entity object(s) were destroyed without a despawn; forgetting them
[nebula] 0 entity object(s) were destroyed without a despawn; forgetting them
[nebula] 0 entity object(s) were destroyed without a despawn; forgetting them
[nebula] 0 entity object(s) were destroyed without a despawn; forgetting them
[nebula] 0 entity object(s) were destroyed without a despawn; forgetting them
[nebula] 0 entity object(s) were destroyed without a despawn; forgetting them
[nebula] 0 entity object(s) were destroyed without a despawn; forgetting them
[nebula] 0 entity object(s) were destroyed without a despawn; forgetting them
[nebula] 0 entity object(s) were destroyed without a despawn; forgetting them
[nebula] 0 entity object(s) were destroyed without a despawn; forgetting them
[nebula] 0 entity object(s) were destroyed without a despawn; forgetting them
[nebula] 0 entity object(s) were destroyed without a despawn; forgetting them
[nebula] 0 entity object(s) were destroyed without a despawn; forgetting them
[nebula] 0 entity object(s) were destroyed without a despawn; forgetting them
[nebula] 0 entity object(s) were destroyed without a despawn; forgetting them
[nebula] 0 entity object(s) were destroyed without a despawn; forgetting them
[nebula] 0 entity object(s) were destroyed without a despawn; forgetting them
[nebula] 0 entity object(s) were destroyed without a despawn; forgetting them
[nebula] 0 entity object(s) were destroyed without a despawn; forgetting them
[nebula] 0 entity object(s) were destroyed without a despawn; forgetting them
[nebula] 0 entity object(s) were destroyed without a despawn; forgetting them
[nebula] 0 entity object(s) were destroyed without a despawn; forgetting them
[nebula] 0 entity object(s) were destroyed without a despawn; forgetting them
[nebula] 0 entity object(s) were destroyed without a despawn; forgetting them
[nebula] 0 entity object(s) were destroyed without a despawn; forgetting them
[nebula] 0 entity object(s) were destroyed without a despawn; forgetting them
[nebula] 0 entity object(s) were destroyed without a despawn; forgetting them
[nebula] 0 entity object(s) were destroyed without a despawn; forgetting them
[nebula] 0 entity object(s) were destroyed without a despawn; forgetting them
[nebula] 0 entity object(s) were destroyed without a despawn; forgetting them
[nebula] 0 entity object(s) were destroyed without a despawn; forgetting them
[nebula] 0 entity object(s) were destroyed without a despawn; forgetting them
[nebula] 0 entity object(s) were destroyed without a despawn; forgetting them
[nebula] 0 entity object(s) were destroyed without a despawn; forgetting them
[nebula] 0 entity object(s) were destroyed without a despawn; forgetting them
[nebula] 0 entity object(s) were destroyed without a despawn; forgetting them
[nebula] 0 entity object(s) were destroyed without a despawn; forgetting them
[nebula] 0 entity object(s) were destroyed without a despawn; forgetting them
[nebula] 0 entity object(s) were destroyed without a despawn; forgetting them
[nebula] 0 entity object(s) were destroyed without a despawn; forgetting them
[nebula] 0 entity object(s) were destroyed without a despawn; forgetting them
[nebula] 0 entity object(s) were destroyed without a despawn; forgetting them
[nebula] 0 entity object(s) were destroyed without a despawn; forgetting them
[nebula] 0 entity object(s) were destroyed without a despawn; forgetting them
[nebula] 0 entity object(s) were destroyed without a despawn; forgetting them
[nebula] 0 entity object(s) were destroyed without a despawn; forgetting them
[nebula] 0 entity object(s) were destroyed without a despawn; forgetting them
[nebula] 0 entity object(s) were destroyed without a despawn; forgetting them
[nebula] 0 entity object(s) were destroyed without a despawn; forgetting them
[nebula] 0 entity object(s) were destroyed without a despawn; forgetting them
[nebula] 0 entity object(s) were destroyed without a despawn; forgetting them
[nebula] 0 entity object(s) were destroyed without a despawn; forgetting them
[nebula] 0 entity object(s) were destroyed without a despawn; forgetting them
[nebula] 0 entity object(s) were destroyed without a despawn; forgetting them
[nebula] 0 entity object(s) were destroyed without a despawn; forgetting them
[nebula] 0 entity object(s) were destroyed without a despawn; forgetting them
[nebula] 0 entity object(s) were destroyed without a despawn; forgetting them
[nebula] 0 entity object(s) were destroyed without a despawn; forgetting them
[nebula] 0 entity object(s) were destroyed without a despawn; forgetting them
[nebula] 0 entity object(s) were destroyed without a despawn; forgetting them
[nebula] 0 entity object(s) were destroyed without a despawn; forgetting them
[nebula] 0 entity object(s) were destroyed without a despawn; forgetting them
[nebula] 0 entity object(s) were destroyed without a despawn; forgetting them
[nebula] 0 entity object(s) were destroyed without a despawn; forgetting them
[nebula] 0 entity object(s) were destroyed without a despawn; forgetting them
[nebula] 0 entity object(s) were destroyed without a despawn; forgetting them
[nebula] 0 entity object(s) were destroyed without a despawn; forgetting them
[nebula] 0 entity object(s) were destroyed without a despawn; forgetting them
[nebula] 0 entity object(s) were destroyed without a despawn; forgetting them
[nebula] 0 entity object(s) were destroyed without a despawn; forgetting them
[nebula] 0 entity object(s) were destroyed without a despawn; forgetting them
[nebula] 0 entity object(s) were destroyed without a despawn; forgetting them
[nebula] 0 entity object(s) were destroyed without a despawn; forgetting them
[nebula] 0 entity object(s) were destroyed without a despawn; forgetting them
[nebula] 0 entity object(s) were destroyed without a despawn; forgetting them
[nebula] 0 entity object(s) were destroyed without a despawn; forgetting them
[nebula] 0 entity object(s) were destroyed without a despawn; forgetting them
[nebula] 0 entity object(s) were destroyed without a despawn; forgetting them
[nebula] 0 entity object(s) were destroyed without a despawn; forgetting them
[nebula] 0 entity object(s) were destroyed without a despawn; forgetting them
[nebula] 0 entity object(s) were destroyed without a despawn; forgetting them
[nebula] 0 entity object(s) were destroyed without a despawn; forgetting them
[nebula] 0 entity object(s) were destroyed without a despawn; forgetting them
[nebula] 0 entity object(s) were destroyed without a despawn; forgetting them
[nebula] 0 entity object(s) were destroyed without a despawn; forgetting them
[nebula] 0 entity object(s) were destroyed without a despawn; forgetting them
[nebula] 0 entity object(s) were destroyed without a despawn; forgetting them
[nebula] 0 entity object(s) were destroyed without a despawn; forgetting them
[nebula] 0 entity object(s) were destroyed without a despawn; forgetting them
[nebula] 0 entity object(s) were destroyed without a despawn; forgetting them
[nebula] 0 entity object(s) were destroyed without a despawn; forgetting them
[nebula] 0 entity object(s) were destroyed without a despawn; forgetting them
[nebula] 0 entity object(s) were destroyed without a despawn; forgetting them
[nebula] 0 entity object(s) were destroyed without a despawn; forgetting them
[nebula] 0 entity object(s) were destroyed without a despawn; forgetting them
[nebula] 0 entity object(s) were destroyed without a despawn; forgetting them
[nebula] 0 entity object(s) were destroyed without a despawn; forgetting them
[nebula] 0 entity object(s) were destroyed without a despawn; forgetting them
[nebula] 0 entity object(s) were destroyed without a despawn; forgetting them
[nebula] 0 entity object(s) were destroyed without a despawn; forgetting them
[nebula] 0 entity object(s) were destroyed without a despawn; forgetting them
[nebula] 0 entity object(s) were destroyed without a despawn; forgetting them
[nebula] 0 entity object(s) were destroyed without a despawn; forgetting them
[nebula] 0 entity object(s) were destroyed without a despawn; forgetting them
[nebula] 0 entity object(s) were destroyed without a despawn; forgetting them
[nebula] 0 entity object(s) were destroyed without a despawn; forgetting them
[nebula] 0 entity object(s) were destroyed without a despawn; forgetting them
[nebula] 0 entity object(s) were destroyed without a despawn; forgetting them
[nebula] 0 entity object(s) were destroyed without a despawn; forgetting them
[nebula] 0 entity object(s) were destroyed without a despawn; forgetting them
[nebula] 0 entity object(s) were destroyed without a despawn; forgetting them
[nebula] 0 entity object(s) were destroyed without a despawn; forgetting them
[nebula] 0 entity object(s) were destroyed without a despawn; forgetting them
[nebula] 0 entity object(s) were destroyed without a despawn; forgetting them
[nebula] 0 entity object(s) were destroyed without a despawn; forgetting them
[nebula] 0 entity object(s) were destroyed without a despawn; forgetting them
[nebula] 0 entity object(s) were destroyed without a despawn; forgetting them
[nebula] 0 entity object(s) were destroyed without a despawn; forgetting them
[nebula] 0 entity object(s) were destroyed without a despawn; forgetting them
[nebula] 0 entity object(s) were destroyed without a despawn; forgetting them
[nebula] 0 entity object(s) were destroyed without a despawn; forgetting them
[nebula] 0 entity object(s) were destroyed without a despawn; forgetting them
[nebula] 0 entity object(s) were destroyed without a despawn; forgetting them
[nebula] 0 entity object(s) were destroyed without a despawn; forgetting them
[nebula] 0 entity object(s) were destroyed without a despawn; forgetting them
[nebula] 0 entity object(s) were destroyed without a despawn; forgetting them
[nebula] 0 entity object(s) were destroyed without a despawn; forgetting them
[nebula] 0 entity object(s) were destroyed without a despawn; forgetting them
[nebula] 0 entity object(s) were destroyed without a despawn; forgetting them
[nebula] 0 entity object(s) were destroyed without a despawn; forgetting them
[nebula] 0 entity object(s) were destroyed without a despawn; forgetting them
[nebula] 0 entity object(s) were destroyed without a despawn; forgetting them
[nebula] 0 entity object(s) were destroyed without a despawn; forgetting them
[nebula] 0 entity object(s) were destroyed without a despawn; forgetting them
[nebula] 0 entity object(s) were destroyed without a despawn; forgetting them
[nebula] 0 entity object(s) were destroyed without a despawn; forgetting them
[nebula] 0 entity object(s) were destroyed without a despawn; forgetting them
[nebula] 0 entity object(s) were destroyed without a despawn; forgetting them
[nebula] 0 entity object(s) were destroyed without a despawn; forgetting them
[nebula] 0 entity object(s) were destroyed without a despawn; forgetting them
[nebula] spawned Prop(Clone)#281474976710713(e1,rt_65970699763711,auth)
[nebula] 0 entity object(s) were destroyed without a despawn; forgetting them
[nebula] 0 entity object(s) were destroyed without a despawn; forgetting them
[nebula] 0 entity object(s) were destroyed without a despawn; forgetting them
[nebula] 0 entity object(s) were destroyed without a despawn; forgetting them
[nebula] 0 entity object(s) were destroyed without a despawn; forgetting them
[nebula] 0 entity object(s) were destroyed without a despawn; forgetting them
[nebula] 0 entity object(s) were destroyed without a despawn; forgetting them
[nebula] 0 entity object(s) were destroyed without a despawn; forgetting them
[nebula] 0 entity object(s) were destroyed without a despawn; forgetting them
[nebula] 0 entity object(s) were destroyed without a despawn; forgetting them
[nebula] 0 entity object(s) were destroyed without a despawn; forgetting them
[nebula] 0 entity object(s) were destroyed without a despawn; forgetting them
[nebula] 0 entity object(s) were destroyed without a despawn; forgetting them
[nebula] 0 entity object(s) were destroyed without a despawn; forgetting them
[nebula] 0 entity object(s) were destroyed without a despawn; forgetting them
[nebula] 0 entity object(s) were destroyed without a despawn; forgetting them
[nebula] 0 entity object(s) were destroyed without a despawn; forgetting them
[nebula] 0 entity object(s) were destroyed without a despawn; forgetting them
[nebula] 0 entity object(s) were destroyed without a despawn; forgetting them
[nebula] 0 entity object(s) were destroyed without a despawn; forgetting them
[nebula] 0 entity object(s) were destroyed without a despawn; forgetting them
[nebula] 0 entity object(s) were destroyed without a despawn; forgetting them
[nebula] 0 entity object(s) were destroyed without a despawn; forgetting them
[nebula] 0 entity object(s) were destroyed without a despawn; forgetting them
[nebula] 0 entity object(s) were destroyed without a despawn; forgetting them
[nebula] 0 entity object(s) were destroyed without a despawn; forgetting them
[nebula] 0 entity object(s) were destroyed without a despawn; forgetting them
[nebula] 0 entity object(s) were destroyed without a despawn; forgetting them
[nebula] 0 entity object(s) were destroyed without a despawn; forgetting them
[nebula] 0 entity object(s) were destroyed without a despawn; forgetting them
[nebula] 0 entity object(s) were destroyed without a despawn; forgetting them
[nebula] 0 entity object(s) were destroyed without a despawn; forgetting them
[nebula] 0 entity object(s) were destroyed without a despawn; forgetting them
[nebula] 0 entity object(s) were destroyed without a despawn; forgetting them
[nebula] 0 entity object(s) were destroyed without a despawn; forgetting them
[nebula] 0 entity object(s) were destroyed without a despawn; forgetting them
[nebula] 0 entity object(s) were destroyed without a despawn; forgetting them
[nebula] 0 entity object(s) were destroyed without a despawn; forgetting them
[nebula] 0 entity object(s) were destroyed without a despawn; forgetting them
[nebula] 0 entity object(s) were destroyed without a despawn; forgetting them
[nebula] 0 entity object(s) were destroyed without a despawn; forgetting them
[nebula] 0 entity object(s) were destroyed without a despawn; forgetting them
[nebula] 0 entity object(s) were destroyed without a despawn; forgetting them
[nebula] 0 entity object(s) were destroyed without a despawn; forgetting them
[nebula] 0 entity object(s) were destroyed without a despawn; forgetting them
[nebula] 0 entity object(s) were destroyed without a despawn; forgetting them
[nebula] 0 entity object(s) were destroyed without a despawn; forgetting them
[nebula] 0 entity object(s) were destroyed without a despawn; forgetting them
[nebula] 0 entity object(s) were destroyed without a despawn; forgetting them
[nebula] 0 entity object(s) were destroyed without a despawn; forgetting them
[nebula] 0 entity object(s) were destroyed without a despawn; forgetting them
[nebula] 0 entity object(s) were destroyed without a despawn; forgetting them
[nebula] 0 entity object(s) were destroyed without a despawn; forgetting them
[nebula] 0 entity object(s) were destroyed without a despawn; forgetting them
[nebula] 0 entity object(s) were destroyed without a despawn; forgetting them
[nebula] 0 entity object(s) were destroyed without a despawn; forgetting them
[nebula] 0 entity object(s) were destroyed without a despawn; forgetting them
[nebula] 0 entity object(s) were destroyed without a despawn; forgetting them
[nebula] 0 entity object(s) were destroyed without a despawn; forgetting them
[nebula] 0 entity object(s) were destroyed without a despawn; forgetting them
[nebula] 0 entity object(s) were destroyed without a despawn; forgetting them
[nebula] 0 entity object(s) were destroyed without a despawn; forgetting them
[nebula] 0 entity object(s) were destroyed without a despawn; forgetting them
[nebula] 0 entity object(s) were destroyed without a despawn; forgetting them
[nebula] 0 entity object(s) were destroyed without a despawn; forgetting them
[nebula] 0 entity object(s) were destroyed without a despawn; forgetting them
[nebula] 0 entity object(s) were destroyed without a despawn; forgetting them
[nebula] 0 entity object(s) were destroyed without a despawn; forgetting them
[nebula] 0 entity object(s) were destroyed without a despawn; forgetting them
[nebula] 0 entity object(s) were destroyed without a despawn; forgetting them
[nebula] 0 entity object(s) were destroyed without a despawn; forgetting them
[nebula] 0 entity object(s) were destroyed without a despawn; forgetting them
[nebula] 0 entity object(s) were destroyed without a despawn; forgetting them
[nebula] 0 entity object(s) were destroyed without a despawn; forgetting them
[nebula] 0 entity object(s) were destroyed without a despawn; forgetting them
[nebula] 0 entity object(s) were destroyed without a despawn; forgetting them
[nebula] 0 entity object(s) were destroyed without a despawn; forgetting them
[nebula] 0 entity object(s) were destroyed without a despawn; forgetting them
[nebula] 0 entity object(s) were destroyed without a despawn; forgetting them
[nebula] 0 entity object(s) were destroyed without a despawn; forgetting them
[nebula] 0 entity object(s) were destroyed without a despawn; forgetting them
[nebula] 0 entity object(s) were destroyed without a despawn; forgetting them
[nebula] 0 entity object(s) were destroyed without a despawn; forgetting them
[nebula] 0 entity object(s) were destroyed without a despawn; forgetting them
[nebula] 0 entity object(s) were destroyed without a despawn; forgetting them
[nebula] 0 entity object(s) were destroyed without a despawn; forgetting them
[nebula] 0 entity object(s) were destroyed without a despawn; forgetting them
[nebula] 0 entity object(s) were destroyed without a despawn; forgetting them
[nebula] 0 entity object(s) were destroyed without a despawn; forgetting them
[nebula] 0 entity object(s) were destroyed without a despawn; forgetting them
[nebula] 0 entity object(s) were destroyed without a despawn; forgetting them
[nebula] profile 300 ticks/5s 300 frames avg 0.8ms max 1.4ms dup 0 skip 0 gc 34 auth 34 ghosts 1 | poll=0.01 ghosts=0.00 physics.sync=0.00 simulate=0.01 poses=0.04 containers=0.60 band=0.02 publish=0.02 gap=15.82 interest=0.01
[nebula] 0 entity object(s) were destroyed without a despawn; forgetting them
[nebula] 0 entity object(s) were destroyed without a despawn; forgetting them
[nebula] 0 entity object(s) were destroyed without a despawn; forgetting them
[nebula] local handover Player(Clone)#844424930131970(e2,rt_70368746274815,auth) rt_65970699763711 -> rt_70368746274815
[nebula] 0 entity object(s) were destroyed without a despawn; forgetting them
[nebula] 0 entity object(s) were destroyed without a despawn; forgetting them
[nebula] 0 entity object(s) were destroyed without a despawn; forgetting them
[nebula] 0 entity object(s) were destroyed without a despawn; forgetting them
[nebula] 0 entity object(s) were destroyed without a despawn; forgetting them
[nebula] 0 entity object(s) were destroyed without a despawn; forgetting them
[nebula] 0 entity object(s) were destroyed without a despawn; forgetting them
[nebula] 0 entity object(s) were destroyed without a despawn; forgetting them
[nebula] 0 entity object(s) were destroyed without a despawn; forgetting them
[nebula] 0 entity object(s) were destroyed without a despawn; forgetting them
[nebula] 0 entity object(s) were destroyed without a despawn; forgetting them
[nebula] 0 entity object(s) were destroyed without a despawn; forgetting them
[nebula] 0 entity object(s) were destroyed without a despawn; forgetting them
[nebula] 0 entity object(s) were destroyed without a despawn; forgetting them
[nebula] 0 entity object(s) were destroyed without a despawn; forgetting them
[nebula] 0 entity object(s) were destroyed without a despawn; forgetting them
[nebula] 0 entity object(s) were destroyed without a despawn; forgetting them
[nebula] 0 entity object(s) were destroyed without a despawn; forgetting them
[nebula] 0 entity object(s) were destroyed without a despawn; forgetting them
[nebula] 0 entity object(s) were destroyed without a despawn; forgetting them
[nebula] 0 entity object(s) were destroyed without a despawn; forgetting them
[nebula] 0 entity object(s) were destroyed without a despawn; forgetting them
[nebula] 0 entity object(s) were destroyed without a despawn; forgetting them
[nebula] 0 entity object(s) were destroyed without a despawn; forgetting them
[nebula] 0 entity object(s) were destroyed without a despawn; forgetting them
[nebula] 0 entity object(s) were destroyed without a despawn; forgetting them
[nebula] 0 entity object(s) were destroyed without a despawn; forgetting them
[nebula] 0 entity object(s) were destroyed without a despawn; forgetting them
[nebula] 0 entity object(s) were destroyed without a despawn; forgetting them
[nebula] 0 entity object(s) were destroyed without a despawn; forgetting them
[nebula] 0 entity object(s) were destroyed without a despawn; forgetting them
[nebula] 0 entity object(s) were destroyed without a despawn; forgetting them
[nebula] 0 entity object(s) were destroyed without a despawn; forgetting them
[nebula] 0 entity object(s) were destroyed without a despawn; forgetting them
[nebula] 0 entity object(s) were destroyed without a despawn; forgetting them
[nebula] 0 entity object(s) were destroyed without a despawn; forgetting them
[nebula] 0 entity object(s) were destroyed without a despawn; forgetting them
[nebula] 0 entity object(s) were destroyed without a despawn; forgetting them
[nebula] 0 entity object(s) were destroyed without a despawn; forgetting them
[nebula] 0 entity object(s) were destroyed without a despawn; forgetting them
[nebula] 0 entity object(s) were destroyed without a despawn; forgetting them
[nebula] 0 entity object(s) were destroyed without a despawn; forgetting them
[nebula] 0 entity object(s) were destroyed without a despawn; forgetting them
[nebula] 0 entity object(s) were destroyed without a despawn; forgetting them
[nebula] 0 entity object(s) were destroyed without a despawn; forgetting them
[nebula] 0 entity object(s) were destroyed without a despawn; forgetting them
[nebula] 0 entity object(s) were destroyed without a despawn; forgetting them
[nebula] 0 entity object(s) were destroyed without a despawn; forgetting them
[nebula] 0 entity object(s) were destroyed without a despawn; forgetting them
[nebula] 0 entity object(s) were destroyed without a despawn; forgetting them
[nebula] 0 entity object(s) were destroyed without a despawn; forgetting them
[nebula] 0 entity object(s) were destroyed without a despawn; forgetting them
[nebula] 0 entity object(s) were destroyed without a despawn; forgetting them
[nebula] 0 entity object(s) were destroyed without a despawn; forgetting them
[nebula] 0 entity object(s) were destroyed without a despawn; forgetting them
[nebula] 0 entity object(s) were destroyed without a despawn; forgetting them
[nebula] 0 entity object(s) were destroyed without a despawn; forgetting them
[nebula] 0 entity object(s) were destroyed without a despawn; forgetting them
[nebula] 0 entity object(s) were destroyed without a despawn; forgetting them
[nebula] 0 entity object(s) were destroyed without a despawn; forgetting them
[nebula] 0 entity object(s) were destroyed without a despawn; forgetting them
[nebula] 0 entity object(s) were destroyed without a despawn; forgetting them
[nebula] 0 entity object(s) were destroyed without a despawn; forgetting them
[nebula] 0 entity object(s) were destroyed without a despawn; forgetting them
[nebula] 0 entity object(s) were destroyed without a despawn; forgetting them
[nebula] 0 entity object(s) were destroyed without a despawn; forgetting them
[nebula] 0 entity object(s) were destroyed without a despawn; forgetting them
[nebula] 0 entity object(s) were destroyed without a despawn; forgetting them
[nebula] 0 entity object(s) were destroyed without a despawn; forgetting them
[nebula] 0 entity object(s) were destroyed without a despawn; forgetting them
[nebula] 0 entity object(s) were destroyed without a despawn; forgetting them
[nebula] 0 entity object(s) were destroyed without a despawn; forgetting them
[nebula] 0 entity object(s) were destroyed without a despawn; forgetting them
[nebula] 0 entity object(s) were destroyed without a despawn; forgetting them
[nebula] 0 entity object(s) were destroyed without a despawn; forgetting them
[nebula] 0 entity object(s) were destroyed without a despawn; forgetting them
[nebula] 0 entity object(s) were destroyed without a despawn; forgetting them
[nebula] 0 entity object(s) were destroyed without a despawn; forgetting them
[nebula] 0 entity object(s) were destroyed without a despawn; forgetting them
[nebula] 0 entity object(s) were destroyed without a despawn; forgetting them
[nebula] 0 entity object(s) were destroyed without a despawn; forgetting them
[nebula] 0 entity object(s) were destroyed without a despawn; forgetting them
[nebula] 0 entity object(s) were destroyed without a despawn; forgetting them
[nebula] 0 entity object(s) were destroyed without a despawn; forgetting them
[nebula] 0 entity object(s) were destroyed without a despawn; forgetting them
[nebula] 0 entity object(s) were destroyed without a despawn; forgetting them
[nebula] spawned Prop(Clone)#281474976710714(e1,rt_70368746274815,auth)
[nebula] 0 entity object(s) were destroyed without a despawn; forgetting them
[nebula] 0 entity object(s) were destroyed without a despawn; forgetting them
[nebula] 0 entity object(s) were destroyed without a despawn; forgetting them
[nebula] 0 entity object(s) were destroyed without a despawn; forgetting them
[nebula] 0 entity object(s) were destroyed without a despawn; forgetting them
[nebula] 0 entity object(s) were destroyed without a despawn; forgetting them
[nebula] 0 entity object(s) were destroyed without a despawn; forgetting them
[nebula] 0 entity object(s) were destroyed without a despawn; forgetting them
[nebula] 0 entity object(s) were destroyed without a despawn; forgetting them
[nebula] 0 entity object(s) were destroyed without a despawn; forgetting them
[nebula] 0 entity object(s) were destroyed without a despawn; forgetting them
[nebula] 0 entity object(s) were destroyed without a despawn; forgetting them
[nebula] 0 entity object(s) were destroyed without a despawn; forgetting them
[nebula] 0 entity object(s) were destroyed without a despawn; forgetting them
[nebula] 0 entity object(s) were destroyed without a despawn; forgetting them
[nebula] 0 entity object(s) were destroyed without a despawn; forgetting them
[nebula] 0 entity object(s) were destroyed without a despawn; forgetting them
[nebula] 0 entity object(s) were destroyed without a despawn; forgetting them
[nebula] 0 entity object(s) were destroyed without a despawn; forgetting them
[nebula] 0 entity object(s) were destroyed without a despawn; forgetting them
[nebula] 0 entity object(s) were destroyed without a despawn; forgetting them
[nebula] 0 entity object(s) were destroyed without a despawn; forgetting them
[nebula] 0 entity object(s) were destroyed without a despawn; forgetting them
[nebula] 0 entity object(s) were destroyed without a despawn; forgetting them
[nebula] 0 entity object(s) were destroyed without a despawn; forgetting them
[nebula] 0 entity object(s) were destroyed without a despawn; forgetting them
[nebula] 0 entity object(s) were destroyed without a despawn; forgetting them
[nebula] 0 entity object(s) were destroyed without a despawn; forgetting them
[nebula] 0 entity object(s) were destroyed without a despawn; forgetting them
[nebula] 0 entity object(s) were destroyed without a despawn; forgetting them
[nebula] 0 entity object(s) were destroyed without a despawn; forgetting them
[nebula] 0 entity object(s) were destroyed without a despawn; forgetting them
[nebula] 0 entity object(s) were destroyed without a despawn; forgetting them
[nebula] 0 entity object(s) were destroyed without a despawn; forgetting them
[nebula] 0 entity object(s) were destroyed without a despawn; forgetting them
[nebula] 0 entity object(s) were destroyed without a despawn; forgetting them
[nebula] 0 entity object(s) were destroyed without a despawn; forgetting them
[nebula] 0 entity object(s) were destroyed without a despawn; forgetting them
[nebula] 0 entity object(s) were destroyed without a despawn; forgetting them
[nebula] 0 entity object(s) were destroyed without a despawn; forgetting them
[nebula] 0 entity object(s) were destroyed without a despawn; forgetting them
[nebula] 0 entity object(s) were destroyed without a despawn; forgetting them
[nebula] 0 entity object(s) were destroyed without a despawn; forgetting them
[nebula] 0 entity object(s) were destroyed without a despawn; forgetting them
[nebula] 0 entity object(s) were destroyed without a despawn; forgetting them
[nebula] 0 entity object(s) were destroyed without a despawn; forgetting them
[nebula] 0 entity object(s) were destroyed without a despawn; forgetting them
[nebula] 0 entity object(s) were destroyed without a despawn; forgetting them
[nebula] 0 entity object(s) were destroyed without a despawn; forgetting them
[nebula] 0 entity object(s) were destroyed without a despawn; forgetting them
[nebula] 0 entity object(s) were destroyed without a despawn; forgetting them
[nebula] 0 entity object(s) were destroyed without a despawn; forgetting them
[nebula] 0 entity object(s) were destroyed without a despawn; forgetting them
[nebula] 0 entity object(s) were destroyed without a despawn; forgetting them
[nebula] 0 entity object(s) were destroyed without a despawn; forgetting them
[nebula] 0 entity object(s) were destroyed without a despawn; forgetting them
[nebula] 0 entity object(s) were destroyed without a despawn; forgetting them
[nebula] 0 entity object(s) were destroyed without a despawn; forgetting them
[nebula] 0 entity object(s) were destroyed without a despawn; forgetting them
[nebula] 0 entity object(s) were destroyed without a despawn; forgetting them
[nebula] 0 entity object(s) were destroyed without a despawn; forgetting them
[nebula] 0 entity object(s) were destroyed without a despawn; forgetting them
[nebula] 0 entity object(s) were destroyed without a despawn; forgetting them
[nebula] 0 entity object(s) were destroyed without a despawn; forgetting them
[nebula] 0 entity object(s) were destroyed without a despawn; forgetting them
[nebula] 0 entity object(s) were destroyed without a despawn; forgetting them
[nebula] 0 entity object(s) were destroyed without a despawn; forgetting them
[nebula] 0 entity object(s) were destroyed without a despawn; forgetting them
[nebula] 0 entity object(s) were destroyed without a despawn; forgetting them
[nebula] 0 entity object(s) were destroyed without a despawn; forgetting them
[nebula] 0 entity object(s) were destroyed without a despawn; forgetting them
[nebula] 0 entity object(s) were destroyed without a despawn; forgetting them
[nebula] 0 entity object(s) were destroyed without a despawn; forgetting them
[nebula] 0 entity object(s) were destroyed without a despawn; forgetting them
[nebula] 0 entity object(s) were destroyed without a despawn; forgetting them
[nebula] 0 entity object(s) were destroyed without a despawn; forgetting them
[nebula] 0 entity object(s) were destroyed without a despawn; forgetting them
[nebula] 0 entity object(s) were destroyed without a despawn; forgetting them
[nebula] 0 entity object(s) were destroyed without a despawn; forgetting them
[nebula] 0 entity object(s) were destroyed without a despawn; forgetting them
[nebula] 0 entity object(s) were destroyed without a despawn; forgetting them
[nebula] 0 entity object(s) were destroyed without a despawn; forgetting them
[nebula] 0 entity object(s) were destroyed without a despawn; forgetting them
[nebula] 0 entity object(s) were destroyed without a despawn; forgetting them
[nebula] 0 entity object(s) were destroyed without a despawn; forgetting them
[nebula] 0 entity object(s) were destroyed without a despawn; forgetting them
[nebula] 0 entity object(s) were destroyed without a despawn; forgetting them
[nebula] 0 entity object(s) were destroyed without a despawn; forgetting them
[nebula] 0 entity object(s) were destroyed without a despawn; forgetting them
[nebula] 0 entity object(s) were destroyed without a despawn; forgetting them
[nebula] 0 entity object(s) were destroyed without a despawn; forgetting them
[nebula] 0 entity object(s) were destroyed without a despawn; forgetting them
[nebula] 0 entity object(s) were destroyed without a despawn; forgetting them
[nebula] 0 entity object(s) were destroyed without a despawn; forgetting them
[nebula] 0 entity object(s) were destroyed without a despawn; forgetting them
[nebula] 0 entity object(s) were destroyed without a despawn; forgetting them
[nebula] 0 entity object(s) were destroyed without a despawn; forgetting them
[nebula] 0 entity object(s) were destroyed without a despawn; forgetting them
[nebula] 0 entity object(s) were destroyed without a despawn; forgetting them
[nebula] 0 entity object(s) were destroyed without a despawn; forgetting them
[nebula] 0 entity object(s) were destroyed without a despawn; forgetting them
[nebula] 0 entity object(s) were destroyed without a despawn; forgetting them
[nebula] 0 entity object(s) were destroyed without a despawn; forgetting them
[nebula] 0 entity object(s) were destroyed without a despawn; forgetting them
[nebula] 0 entity object(s) were destroyed without a despawn; forgetting them
[nebula] 0 entity object(s) were destroyed without a despawn; forgetting them
[nebula] 0 entity object(s) were destroyed without a despawn; forgetting them
[nebula] 0 entity object(s) were destroyed without a despawn; forgetting them
[nebula] 0 entity object(s) were destroyed without a despawn; forgetting them
[nebula] 0 entity object(s) were destroyed without a despawn; forgetting them
[nebula] 0 entity object(s) were destroyed without a despawn; forgetting them
[nebula] 0 entity object(s) were destroyed without a despawn; forgetting them
[nebula] 0 entity object(s) were destroyed without a despawn; forgetting them
[nebula] 0 entity object(s) were destroyed without a despawn; forgetting them
[nebula] 0 entity object(s) were destroyed without a despawn; forgetting them
[nebula] 0 entity object(s) were destroyed without a despawn; forgetting them
[nebula] 0 entity object(s) were destroyed without a despawn; forgetting them
[nebula] 0 entity object(s) were destroyed without a despawn; forgetting them
[nebula] 0 entity object(s) were destroyed without a despawn; forgetting them
[nebula] 0 entity object(s) were destroyed without a despawn; forgetting them
[nebula] 0 entity object(s) were destroyed without a despawn; forgetting them
[nebula] 0 entity object(s) were destroyed without a despawn; forgetting them
[nebula] 0 entity object(s) were destroyed without a despawn; forgetting them
[nebula] 0 entity object(s) were destroyed without a despawn; forgetting them
[nebula] 0 entity object(s) were destroyed without a despawn; forgetting them
[nebula] 0 entity object(s) were destroyed without a despawn; forgetting them
[nebula] 0 entity object(s) were destroyed without a despawn; forgetting them
[nebula] 0 entity object(s) were destroyed without a despawn; forgetting them
[nebula] 0 entity object(s) were destroyed without a despawn; forgetting them
[nebula] 0 entity object(s) were destroyed without a despawn; forgetting them
[nebula] 0 entity object(s) were destroyed without a despawn; forgetting them
[nebula] 0 entity object(s) were destroyed without a despawn; forgetting them
[nebula] 0 entity object(s) were destroyed without a despawn; forgetting them
[nebula] 0 entity object(s) were destroyed without a despawn; forgetting them
[nebula] 0 entity object(s) were destroyed without a despawn; forgetting them
[nebula] 0 entity object(s) were destroyed without a despawn; forgetting them
[nebula] 0 entity object(s) were destroyed without a despawn; forgetting them
[nebula] 0 entity object(s) were destroyed without a despawn; forgetting them
[nebula] 0 entity object(s) were destroyed without a despawn; forgetting them
[nebula] 0 entity object(s) were destroyed without a despawn; forgetting them
[nebula] 0 entity object(s) were destroyed without a despawn; forgetting them
[nebula] 0 entity object(s) were destroyed without a despawn; forgetting them
[nebula] 0 entity object(s) were destroyed without a despawn; forgetting them
[nebula] 0 entity object(s) were destroyed without a despawn; forgetting them
[nebula] 0 entity object(s) were destroyed without a despawn; forgetting them
[nebula] 0 entity object(s) were destroyed without a despawn; forgetting them
[nebula] 0 entity object(s) were destroyed without a despawn; forgetting them
[nebula] 0 entity object(s) were destroyed without a despawn; forgetting them
[nebula] 0 entity object(s) were destroyed without a despawn; forgetting them
[nebula] 0 entity object(s) were destroyed without a despawn; forgetting them
[nebula] 0 entity object(s) were destroyed without a despawn; forgetting them
[nebula] 0 entity object(s) were destroyed without a despawn; forgetting them
[nebula] 0 entity object(s) were destroyed without a despawn; forgetting them
[nebula] 0 entity object(s) were destroyed without a despawn; forgetting them
[nebula] 0 entity object(s) were destroyed without a despawn; forgetting them
[nebula] 0 entity object(s) were destroyed without a despawn; forgetting them
[nebula] 0 entity object(s) were destroyed without a despawn; forgetting them
[nebula] 0 entity object(s) were destroyed without a despawn; forgetting them
[nebula] 0 entity object(s) were destroyed without a despawn; forgetting them
[nebula] 0 entity object(s) were destroyed without a despawn; forgetting them
[nebula] 0 entity object(s) were destroyed without a despawn; forgetting them
[nebula] 0 entity object(s) were destroyed without a despawn; forgetting them
[nebula] 0 entity object(s) were destroyed without a despawn; forgetting them
[nebula] 0 entity object(s) were destroyed without a despawn; forgetting them
[nebula] 0 entity object(s) were destroyed without a despawn; forgetting them
[nebula] 0 entity object(s) were destroyed without a despawn; forgetting them
[nebula] 0 entity object(s) were destroyed without a despawn; forgetting them
[nebula] 0 entity object(s) were destroyed without a despawn; forgetting them
[nebula] 0 entity object(s) were destroyed without a despawn; forgetting them
[nebula] 0 entity object(s) were destroyed without a despawn; forgetting them
[nebula] 0 entity object(s) were destroyed without a despawn; forgetting them
[nebula] 0 entity object(s) were destroyed without a despawn; forgetting them
[nebula] 0 entity object(s) were destroyed without a despawn; forgetting them
[nebula] 0 entity object(s) were destroyed without a despawn; forgetting them
[nebula] 0 entity object(s) were destroyed without a despawn; forgetting them
[nebula] 0 entity object(s) were destroyed without a despawn; forgetting them
[nebula] 0 entity object(s) were destroyed without a despawn; forgetting them
[nebula] 0 entity object(s) were destroyed without a despawn; forgetting them
[nebula] 0 entity object(s) were destroyed without a despawn; forgetting them
[nebula] 0 entity object(s) were destroyed without a despawn; forgetting them
[nebula] spawned Prop(Clone)#281474976710715(e1,rt_70368746274815,auth)
[nebula] 0 entity object(s) were destroyed without a despawn; forgetting them
[nebula] 0 entity object(s) were destroyed without a despawn; forgetting them
[nebula] 0 entity object(s) were destroyed without a despawn; forgetting them
[nebula] 0 entity object(s) were destroyed without a despawn; forgetting them
[nebula] 0 entity object(s) were destroyed without a despawn; forgetting them
[nebula] 0 entity object(s) were destroyed without a despawn; forgetting them
[nebula] 0 entity object(s) were destroyed without a despawn; forgetting them
[nebula] 0 entity object(s) were destroyed without a despawn; forgetting them
[nebula] 0 entity object(s) were destroyed without a despawn; forgetting them
[nebula] 0 entity object(s) were destroyed without a despawn; forgetting them
[nebula] 0 entity object(s) were destroyed without a despawn; forgetting them
[nebula] 0 entity object(s) were destroyed without a despawn; forgetting them
[nebula] 0 entity object(s) were destroyed without a despawn; forgetting them
[nebula] 0 entity object(s) were destroyed without a despawn; forgetting them
[nebula] 0 entity object(s) were destroyed without a despawn; forgetting them
[nebula] 0 entity object(s) were destroyed without a despawn; forgetting them
[nebula] 0 entity object(s) were destroyed without a despawn; forgetting them
[nebula] 0 entity object(s) were destroyed without a despawn; forgetting them
[nebula] 0 entity object(s) were destroyed without a despawn; forgetting them
[nebula] 0 entity object(s) were destroyed without a despawn; forgetting them
[nebula] 0 entity object(s) were destroyed without a despawn; forgetting them
[nebula] 0 entity object(s) were destroyed without a despawn; forgetting them
[nebula] 0 entity object(s) were destroyed without a despawn; forgetting them
[nebula] 0 entity object(s) were destroyed without a despawn; forgetting them
[nebula] 0 entity object(s) were destroyed without a despawn; forgetting them
[nebula] 0 entity object(s) were destroyed without a despawn; forgetting them
[nebula] 0 entity object(s) were destroyed without a despawn; forgetting them
[nebula] 0 entity object(s) were destroyed without a despawn; forgetting them
[nebula] 0 entity object(s) were destroyed without a despawn; forgetting them
[nebula] 0 entity object(s) were destroyed without a despawn; forgetting them
[nebula] 0 entity object(s) were destroyed without a despawn; forgetting them
[nebula] profile 300 ticks/5s 300 frames avg 0.9ms max 1.5ms dup 0 skip 0 gc 43 auth 36 ghosts 1 | poll=0.01 ghosts=0.00 physics.sync=0.00 simulate=0.01 poses=0.04 containers=0.64 band=0.03 publish=0.02 gap=15.76 interest=0.01
[nebula] 0 entity object(s) were destroyed without a despawn; forgetting them
[nebula] 0 entity object(s) were destroyed without a despawn; forgetting them
[nebula] 0 entity object(s) were destroyed without a despawn; forgetting them
[nebula] 0 entity object(s) were destroyed without a despawn; forgetting them
[nebula] 0 entity object(s) were destroyed without a despawn; forgetting them
[nebula] 0 entity object(s) were destroyed without a despawn; forgetting them
[nebula] 0 entity object(s) were destroyed without a despawn; forgetting them
[nebula] 0 entity object(s) were destroyed without a despawn; forgetting them
[nebula] 0 entity object(s) were destroyed without a despawn; forgetting them
[nebula] 0 entity object(s) were destroyed without a despawn; forgetting them
[nebula] 0 entity object(s) were destroyed without a despawn; forgetting them
[nebula] 0 entity object(s) were destroyed without a despawn; forgetting them
[nebula] 0 entity object(s) were destroyed without a despawn; forgetting them
[nebula] 0 entity object(s) were destroyed without a despawn; forgetting them
[nebula] 0 entity object(s) were destroyed without a despawn; forgetting them
[nebula] 0 entity object(s) were destroyed without a despawn; forgetting them
[nebula] 0 entity object(s) were destroyed without a despawn; forgetting them
[nebula] 0 entity object(s) were destroyed without a despawn; forgetting them
[nebula] 0 entity object(s) were destroyed without a despawn; forgetting them
[nebula] 0 entity object(s) were destroyed without a despawn; forgetting them
[nebula] 0 entity object(s) were destroyed without a despawn; forgetting them
[nebula] 0 entity object(s) were destroyed without a despawn; forgetting them
[nebula] 0 entity object(s) were destroyed without a despawn; forgetting them
[nebula] 0 entity object(s) were destroyed without a despawn; forgetting them
[nebula] 0 entity object(s) were destroyed without a despawn; forgetting them
[nebula] 0 entity object(s) were destroyed without a despawn; forgetting them
[nebula] 0 entity object(s) were destroyed without a despawn; forgetting them
[nebula] 0 entity object(s) were destroyed without a despawn; forgetting them
[nebula] 0 entity object(s) were destroyed without a despawn; forgetting them
[nebula] 0 entity object(s) were destroyed without a despawn; forgetting them
[nebula] 0 entity object(s) were destroyed without a despawn; forgetting them
[nebula] 0 entity object(s) were destroyed without a despawn; forgetting them
[nebula] 0 entity object(s) were destroyed without a despawn; forgetting them
[nebula] 0 entity object(s) were destroyed without a despawn; forgetting them
[nebula] 0 entity object(s) were destroyed without a despawn; forgetting them
[nebula] 0 entity object(s) were destroyed without a despawn; forgetting them
[nebula] 0 entity object(s) were destroyed without a despawn; forgetting them
[nebula] 0 entity object(s) were destroyed without a despawn; forgetting them
[nebula] 0 entity object(s) were destroyed without a despawn; forgetting them
[nebula] 0 entity object(s) were destroyed without a despawn; forgetting them
[nebula] 0 entity object(s) were destroyed without a despawn; forgetting them
[nebula] 0 entity object(s) were destroyed without a despawn; forgetting them
[nebula] 0 entity object(s) were destroyed without a despawn; forgetting them
[nebula] 0 entity object(s) were destroyed without a despawn; forgetting them
[nebula] 0 entity object(s) were destroyed without a despawn; forgetting them
[nebula] 0 entity object(s) were destroyed without a despawn; forgetting them
[nebula] 0 entity object(s) were destroyed without a despawn; forgetting them
[nebula] 0 entity object(s) were destroyed without a despawn; forgetting them
[nebula] 0 entity object(s) were destroyed without a despawn; forgetting them
[nebula] 0 entity object(s) were destroyed without a despawn; forgetting them
[nebula] 0 entity object(s) were destroyed without a despawn; forgetting them
[nebula] 0 entity object(s) were destroyed without a despawn; forgetting them
[nebula] 0 entity object(s) were destroyed without a despawn; forgetting them
[nebula] 0 entity object(s) were destroyed without a despawn; forgetting them
[nebula] 0 entity object(s) were destroyed without a despawn; forgetting them
[nebula] 0 entity object(s) were destroyed without a despawn; forgetting them
[nebula] 0 entity object(s) were destroyed without a despawn; forgetting them
[nebula] 0 entity object(s) were destroyed without a despawn; forgetting them
[nebula] 0 entity object(s) were destroyed without a despawn; forgetting them
[nebula] 0 entity object(s) were destroyed without a despawn; forgetting them
[nebula] 0 entity object(s) were destroyed without a despawn; forgetting them
[nebula] 0 entity object(s) were destroyed without a despawn; forgetting them
[nebula] 0 entity object(s) were destroyed without a despawn; forgetting them
[nebula] 0 entity object(s) were destroyed without a despawn; forgetting them
[nebula] 0 entity object(s) were destroyed without a despawn; forgetting them
[nebula] 0 entity object(s) were destroyed without a despawn; forgetting them
[nebula] 0 entity object(s) were destroyed without a despawn; forgetting them
[nebula] 0 entity object(s) were destroyed without a despawn; forgetting them
[nebula] 0 entity object(s) were destroyed without a despawn; forgetting them
[nebula] 0 entity object(s) were destroyed without a despawn; forgetting them
[nebula] 0 entity object(s) were destroyed without a despawn; forgetting them
[nebula] 0 entity object(s) were destroyed without a despawn; forgetting them
[nebula] 0 entity object(s) were destroyed without a despawn; forgetting them
[nebula] 0 entity object(s) were destroyed without a despawn; forgetting them
[nebula] 0 entity object(s) were destroyed without a despawn; forgetting them
[nebula] 0 entity object(s) were destroyed without a despawn; forgetting them
[nebula] 0 entity object(s) were destroyed without a despawn; forgetting them
[nebula] 0 entity object(s) were destroyed without a despawn; forgetting them
[nebula] 0 entity object(s) were destroyed without a despawn; forgetting them
[nebula] 0 entity object(s) were destroyed without a despawn; forgetting them
[nebula] 0 entity object(s) were destroyed without a despawn; forgetting them
[nebula] 0 entity object(s) were destroyed without a despawn; forgetting them
[nebula] 0 entity object(s) were destroyed without a despawn; forgetting them
[nebula] 0 entity object(s) were destroyed without a despawn; forgetting them
[nebula] 0 entity object(s) were destroyed without a despawn; forgetting them
[nebula] 0 entity object(s) were destroyed without a despawn; forgetting them
[nebula] 0 entity object(s) were destroyed without a despawn; forgetting them
[nebula] 0 entity object(s) were destroyed without a despawn; forgetting them
[nebula] 0 entity object(s) were destroyed without a despawn; forgetting them
[nebula] 0 entity object(s) were destroyed without a despawn; forgetting them
[nebula] 0 entity object(s) were destroyed without a despawn; forgetting them
[nebula] 0 entity object(s) were destroyed without a despawn; forgetting them
[nebula] 0 entity object(s) were destroyed without a despawn; forgetting them
[nebula] 0 entity object(s) were destroyed without a despawn; forgetting them
[nebula] 0 entity object(s) were destroyed without a despawn; forgetting them
[nebula] 0 entity object(s) were destroyed without a despawn; forgetting them
[nebula] 0 entity object(s) were destroyed without a despawn; forgetting them
[nebula] 0 entity object(s) were destroyed without a despawn; forgetting them
[nebula] 0 entity object(s) were destroyed without a despawn; forgetting them
[nebula] 0 entity object(s) were destroyed without a despawn; forgetting them
[nebula] 0 entity object(s) were destroyed without a despawn; forgetting them
[nebula] 0 entity object(s) were destroyed without a despawn; forgetting them
[nebula] 0 entity object(s) were destroyed without a despawn; forgetting them
[nebula] 0 entity object(s) were destroyed without a despawn; forgetting them
[nebula] 0 entity object(s) were destroyed without a despawn; forgetting them
[nebula] 0 entity object(s) were destroyed without a despawn; forgetting them
[nebula] 0 entity object(s) were destroyed without a despawn; forgetting them
[nebula] 0 entity object(s) were destroyed without a despawn; forgetting them
[nebula] 0 entity object(s) were destroyed without a despawn; forgetting them
[nebula] 0 entity object(s) were destroyed without a despawn; forgetting them
[nebula] 0 entity object(s) were destroyed without a despawn; forgetting them
[nebula] 0 entity object(s) were destroyed without a despawn; forgetting them
[nebula] 0 entity object(s) were destroyed without a despawn; forgetting them
[nebula] 0 entity object(s) were destroyed without a despawn; forgetting them
[nebula] 0 entity object(s) were destroyed without a despawn; forgetting them
[nebula] 0 entity object(s) were destroyed without a despawn; forgetting them
[nebula] 0 entity object(s) were destroyed without a despawn; forgetting them
[nebula] 0 entity object(s) were destroyed without a despawn; forgetting them
[nebula] 0 entity object(s) were destroyed without a despawn; forgetting them
[nebula] 0 entity object(s) were destroyed without a despawn; forgetting them
[nebula] 0 entity object(s) were destroyed without a despawn; forgetting them
[nebula] 0 entity object(s) were destroyed without a despawn; forgetting them
[nebula] 0 entity object(s) were destroyed without a despawn; forgetting them
[nebula] 0 entity object(s) were destroyed without a despawn; forgetting them
[nebula] 0 entity object(s) were destroyed without a despawn; forgetting them
[nebula] 0 entity object(s) were destroyed without a despawn; forgetting them
[nebula] 0 entity object(s) were destroyed without a despawn; forgetting them
[nebula] 0 entity object(s) were destroyed without a despawn; forgetting them
[nebula] 0 entity object(s) were destroyed without a despawn; forgetting them
[nebula] 0 entity object(s) were destroyed without a despawn; forgetting them
[nebula] 0 entity object(s) were destroyed without a despawn; forgetting them
[nebula] 0 entity object(s) were destroyed without a despawn; forgetting them
[nebula] 0 entity object(s) were destroyed without a despawn; forgetting them
[nebula] 0 entity object(s) were destroyed without a despawn; forgetting them
[nebula] 0 entity object(s) were destroyed without a despawn; forgetting them
[nebula] 0 entity object(s) were destroyed without a despawn; forgetting them
[nebula] 0 entity object(s) were destroyed without a despawn; forgetting them
[nebula] 0 entity object(s) were destroyed without a despawn; forgetting them
[nebula] 0 entity object(s) were destroyed without a despawn; forgetting them
[nebula] 0 entity object(s) were destroyed without a despawn; forgetting them
[nebula] 0 entity object(s) were destroyed without a despawn; forgetting them
[nebula] 0 entity object(s) were destroyed without a despawn; forgetting them
[nebula] 0 entity object(s) were destroyed without a despawn; forgetting them
[nebula] 0 entity object(s) were destroyed without a despawn; forgetting them
[nebula] 0 entity object(s) were destroyed without a despawn; forgetting them
[nebula] 0 entity object(s) were destroyed without a despawn; forgetting them
[nebula] 0 entity object(s) were destroyed without a despawn; forgetting them
[nebula] 0 entity object(s) were destroyed without a despawn; forgetting them
[nebula] 0 entity object(s) were destroyed without a despawn; forgetting them
[nebula] spawned Prop(Clone)#281474976710716(e1,rt_70368746274815,auth)
[nebula] 0 entity object(s) were destroyed without a despawn; forgetting them
[nebula] 0 entity object(s) were destroyed without a despawn; forgetting them
[nebula] 0 entity object(s) were destroyed without a despawn; forgetting them
[nebula] 0 entity object(s) were destroyed without a despawn; forgetting them
[nebula] 0 entity object(s) were destroyed without a despawn; forgetting them
[nebula] 0 entity object(s) were destroyed without a despawn; forgetting them
[nebula] 0 entity object(s) were destroyed without a despawn; forgetting them
[nebula] 0 entity object(s) were destroyed without a despawn; forgetting them
[nebula] 0 entity object(s) were destroyed without a despawn; forgetting them
[nebula] 0 entity object(s) were destroyed without a despawn; forgetting them
[nebula] 0 entity object(s) were destroyed without a despawn; forgetting them
[nebula] 0 entity object(s) were destroyed without a despawn; forgetting them
[nebula] 0 entity object(s) were destroyed without a despawn; forgetting them
[nebula] 0 entity object(s) were destroyed without a despawn; forgetting them
[nebula] 0 entity object(s) were destroyed without a despawn; forgetting them
[nebula] 0 entity object(s) were destroyed without a despawn; forgetting them
[nebula] 0 entity object(s) were destroyed without a despawn; forgetting them
[nebula] 0 entity object(s) were destroyed without a despawn; forgetting them
[nebula] 0 entity object(s) were destroyed without a despawn; forgetting them
[nebula] 0 entity object(s) were destroyed without a despawn; forgetting them
[nebula] 0 entity object(s) were destroyed without a despawn; forgetting them
[nebula] 0 entity object(s) were destroyed without a despawn; forgetting them
[nebula] 0 entity object(s) were destroyed without a despawn; forgetting them
[nebula] 0 entity object(s) were destroyed without a despawn; forgetting them
[nebula] 0 entity object(s) were destroyed without a despawn; forgetting them
[nebula] 0 entity object(s) were destroyed without a despawn; forgetting them
[nebula] 0 entity object(s) were destroyed without a despawn; forgetting them
[nebula] 0 entity object(s) were destroyed without a despawn; forgetting them
[nebula] 0 entity object(s) were destroyed without a despawn; forgetting them
[nebula] 0 entity object(s) were destroyed without a despawn; forgetting them
[nebula] 0 entity object(s) were destroyed without a despawn; forgetting them
[nebula] 0 entity object(s) were destroyed without a despawn; forgetting them
[nebula] 0 entity object(s) were destroyed without a despawn; forgetting them
[nebula] 0 entity object(s) were destroyed without a despawn; forgetting them
[nebula] 0 entity object(s) were destroyed without a despawn; forgetting them
[nebula] 0 entity object(s) were destroyed without a despawn; forgetting them
[nebula] 0 entity object(s) were destroyed without a despawn; forgetting them
[nebula] 0 entity object(s) were destroyed without a despawn; forgetting them
[nebula] 0 entity object(s) were destroyed without a despawn; forgetting them
[nebula] 0 entity object(s) were destroyed without a despawn; forgetting them
[nebula] 0 entity object(s) were destroyed without a despawn; forgetting them
[nebula] 0 entity object(s) were destroyed without a despawn; forgetting them
[nebula] 0 entity object(s) were destroyed without a despawn; forgetting them
[nebula] 0 entity object(s) were destroyed without a despawn; forgetting them
[nebula] 0 entity object(s) were destroyed without a despawn; forgetting them
[nebula] 0 entity object(s) were destroyed without a despawn; forgetting them
[nebula] 0 entity object(s) were destroyed without a despawn; forgetting them
[nebula] 0 entity object(s) were destroyed without a despawn; forgetting them
[nebula] 0 entity object(s) were destroyed without a despawn; forgetting them
[nebula] 0 entity object(s) were destroyed without a despawn; forgetting them
[nebula] 0 entity object(s) were destroyed without a despawn; forgetting them
[nebula] 0 entity object(s) were destroyed without a despawn; forgetting them
[nebula] 0 entity object(s) were destroyed without a despawn; forgetting them
[nebula] 0 entity object(s) were destroyed without a despawn; forgetting them
[nebula] 0 entity object(s) were destroyed without a despawn; forgetting them
[nebula] 0 entity object(s) were destroyed without a despawn; forgetting them
[nebula] 0 entity object(s) were destroyed without a despawn; forgetting them
[nebula] 0 entity object(s) were destroyed without a despawn; forgetting them
[nebula] 0 entity object(s) were destroyed without a despawn; forgetting them
[nebula] 0 entity object(s) were destroyed without a despawn; forgetting them
[nebula] 0 entity object(s) were destroyed without a despawn; forgetting them
[nebula] 0 entity object(s) were destroyed without a despawn; forgetting them
[nebula] 0 entity object(s) were destroyed without a despawn; forgetting them
[nebula] 0 entity object(s) were destroyed without a despawn; forgetting them
[nebula] 0 entity object(s) were destroyed without a despawn; forgetting them
[nebula] 0 entity object(s) were destroyed without a despawn; forgetting them
[nebula] 0 entity object(s) were destroyed without a despawn; forgetting them
[nebula] 0 entity object(s) were destroyed without a despawn; forgetting them
[nebula] 0 entity object(s) were destroyed without a despawn; forgetting them
[nebula] 0 entity object(s) were destroyed without a despawn; forgetting them
[nebula] 0 entity object(s) were destroyed without a despawn; forgetting them
[nebula] 0 entity object(s) were destroyed without a despawn; forgetting them
[nebula] 0 entity object(s) were destroyed without a despawn; forgetting them
[nebula] 0 entity object(s) were destroyed without a despawn; forgetting them
[nebula] 0 entity object(s) were destroyed without a despawn; forgetting them
[nebula] 0 entity object(s) were destroyed without a despawn; forgetting them
[nebula] 0 entity object(s) were destroyed without a despawn; forgetting them
[nebula] 0 entity object(s) were destroyed without a despawn; forgetting them
[nebula] 0 entity object(s) were destroyed without a despawn; forgetting them
[nebula] 0 entity object(s) were destroyed without a despawn; forgetting them
[nebula] 0 entity object(s) were destroyed without a despawn; forgetting them
[nebula] 0 entity object(s) were destroyed without a despawn; forgetting them
[nebula] 0 entity object(s) were destroyed without a despawn; forgetting them
[nebula] 0 entity object(s) were destroyed without a despawn; forgetting them
[nebula] 0 entity object(s) were destroyed without a despawn; forgetting them
[nebula] 0 entity object(s) were destroyed without a despawn; forgetting them
[nebula] 0 entity object(s) were destroyed without a despawn; forgetting them
[nebula] 0 entity object(s) were destroyed without a despawn; forgetting them
[nebula] 0 entity object(s) were destroyed without a despawn; forgetting them
[nebula] 0 entity object(s) were destroyed without a despawn; forgetting them
[nebula] 0 entity object(s) were destroyed without a despawn; forgetting them
[nebula] 0 entity object(s) were destroyed without a despawn; forgetting them
[nebula] 0 entity object(s) were destroyed without a despawn; forgetting them
[nebula] 0 entity object(s) were destroyed without a despawn; forgetting them
[nebula] 0 entity object(s) were destroyed without a despawn; forgetting them
[nebula] 0 entity object(s) were destroyed without a despawn; forgetting them
[nebula] 0 entity object(s) were destroyed without a despawn; forgetting them
[nebula] 0 entity object(s) were destroyed without a despawn; forgetting them
[nebula] 0 entity object(s) were destroyed without a despawn; forgetting them
[nebula] 0 entity object(s) were destroyed without a despawn; forgetting them
[nebula] 0 entity object(s) were destroyed without a despawn; forgetting them
[nebula] 0 entity object(s) were destroyed without a despawn; forgetting them
[nebula] 0 entity object(s) were destroyed without a despawn; forgetting them
[nebula] 0 entity object(s) were destroyed without a despawn; forgetting them
[nebula] 0 entity object(s) were destroyed without a despawn; forgetting them
[nebula] 0 entity object(s) were destroyed without a despawn; forgetting them
[nebula] 0 entity object(s) were destroyed without a despawn; forgetting them
[nebula] 0 entity object(s) were destroyed without a despawn; forgetting them
[nebula] 0 entity object(s) were destroyed without a despawn; forgetting them
[nebula] 0 entity object(s) were destroyed without a despawn; forgetting them
[nebula] 0 entity object(s) were destroyed without a despawn; forgetting them
[nebula] 0 entity object(s) were destroyed without a despawn; forgetting them
[nebula] 0 entity object(s) were destroyed without a despawn; forgetting them
[nebula] 0 entity object(s) were destroyed without a despawn; forgetting them
[nebula] 0 entity object(s) were destroyed without a despawn; forgetting them
[nebula] 0 entity object(s) were destroyed without a despawn; forgetting them
[nebula] 0 entity object(s) were destroyed without a despawn; forgetting them
[nebula] 0 entity object(s) were destroyed without a despawn; forgetting them
[nebula] 0 entity object(s) were destroyed without a despawn; forgetting them
[nebula] 0 entity object(s) were destroyed without a despawn; forgetting them
[nebula] 0 entity object(s) were destroyed without a despawn; forgetting them
[nebula] 0 entity object(s) were destroyed without a despawn; forgetting them
[nebula] 0 entity object(s) were destroyed without a despawn; forgetting them
[nebula] 0 entity object(s) were destroyed without a despawn; forgetting them
[nebula] 0 entity object(s) were destroyed without a despawn; forgetting them
[nebula] 0 entity object(s) were destroyed without a despawn; forgetting them
[nebula] 0 entity object(s) were destroyed without a despawn; forgetting them
[nebula] 0 entity object(s) were destroyed without a despawn; forgetting them
[nebula] 0 entity object(s) were destroyed without a despawn; forgetting them
[nebula] 0 entity object(s) were destroyed without a despawn; forgetting them
[nebula] 0 entity object(s) were destroyed without a despawn; forgetting them
[nebula] 0 entity object(s) were destroyed without a despawn; forgetting them
[nebula] 0 entity object(s) were destroyed without a despawn; forgetting them
[nebula] 0 entity object(s) were destroyed without a despawn; forgetting them
[nebula] 0 entity object(s) were destroyed without a despawn; forgetting them
[nebula] 0 entity object(s) were destroyed without a despawn; forgetting them
[nebula] 0 entity object(s) were destroyed without a despawn; forgetting them
[nebula] 0 entity object(s) were destroyed without a despawn; forgetting them
[nebula] 0 entity object(s) were destroyed without a despawn; forgetting them
[nebula] 0 entity object(s) were destroyed without a despawn; forgetting them
[nebula] 0 entity object(s) were destroyed without a despawn; forgetting them
[nebula] 0 entity object(s) were destroyed without a despawn; forgetting them
[nebula] 0 entity object(s) were destroyed without a despawn; forgetting them
[nebula] 0 entity object(s) were destroyed without a despawn; forgetting them
[nebula] 0 entity object(s) were destroyed without a despawn; forgetting them
[nebula] 0 entity object(s) were destroyed without a despawn; forgetting them
[nebula] 0 entity object(s) were destroyed without a despawn; forgetting them
[nebula] 0 entity object(s) were destroyed without a despawn; forgetting them
[nebula] 0 entity object(s) were destroyed without a despawn; forgetting them
[nebula] 0 entity object(s) were destroyed without a despawn; forgetting them
[nebula] 0 entity object(s) were destroyed without a despawn; forgetting them
[nebula] profile 300 ticks/5s 300 frames avg 0.9ms max 2.4ms dup 0 skip 0 gc 51 auth 37 ghosts 1 | poll=0.01 ghosts=0.00 physics.sync=0.00 simulate=0.01 poses=0.04 containers=0.67 band=0.03 publish=0.03 gap=15.72 interest=0.02
[nebula] 0 entity object(s) were destroyed without a despawn; forgetting them
[nebula] 0 entity object(s) were destroyed without a despawn; forgetting them
[nebula] 0 entity object(s) were destroyed without a despawn; forgetting them
[nebula] 0 entity object(s) were destroyed without a despawn; forgetting them
[nebula] 0 entity object(s) were destroyed without a despawn; forgetting them
[nebula] 0 entity object(s) were destroyed without a despawn; forgetting them
[nebula] 0 entity object(s) were destroyed without a despawn; forgetting them
[nebula] 0 entity object(s) were destroyed without a despawn; forgetting them
[nebula] 0 entity object(s) were destroyed without a despawn; forgetting them
[nebula] 0 entity object(s) were destroyed without a despawn; forgetting them
[nebula] 0 entity object(s) were destroyed without a despawn; forgetting them
[nebula] 0 entity object(s) were destroyed without a despawn; forgetting them
[nebula] 0 entity object(s) were destroyed without a despawn; forgetting them
[nebula] 0 entity object(s) were destroyed without a despawn; forgetting them
[nebula] 0 entity object(s) were destroyed without a despawn; forgetting them
[nebula] 0 entity object(s) were destroyed without a despawn; forgetting them
[nebula] 0 entity object(s) were destroyed without a despawn; forgetting them
[nebula] 0 entity object(s) were destroyed without a despawn; forgetting them
[nebula] 0 entity object(s) were destroyed without a despawn; forgetting them
[nebula] 0 entity object(s) were destroyed without a despawn; forgetting them
[nebula] 0 entity object(s) were destroyed without a despawn; forgetting them
[nebula] 0 entity object(s) were destroyed without a despawn; forgetting them
[nebula] 0 entity object(s) were destroyed without a despawn; forgetting them
[nebula] 0 entity object(s) were destroyed without a despawn; forgetting them
[nebula] 0 entity object(s) were destroyed without a despawn; forgetting them
[nebula] 0 entity object(s) were destroyed without a despawn; forgetting them
[nebula] 0 entity object(s) were destroyed without a despawn; forgetting them
[nebula] 0 entity object(s) were destroyed without a despawn; forgetting them
[nebula] 0 entity object(s) were destroyed without a despawn; forgetting them
[nebula] spawned Prop(Clone)#281474976710717(e1,rt_74766792785919,auth)
[nebula] 0 entity object(s) were destroyed without a despawn; forgetting them
[nebula] 0 entity object(s) were destroyed without a despawn; forgetting them
[nebula] 0 entity object(s) were destroyed without a despawn; forgetting them
[nebula] 0 entity object(s) were destroyed without a despawn; forgetting them
[nebula] 0 entity object(s) were destroyed without a despawn; forgetting them
[nebula] 0 entity object(s) were destroyed without a despawn; forgetting them
[nebula] 0 entity object(s) were destroyed without a despawn; forgetting them
[nebula] 0 entity object(s) were destroyed without a despawn; forgetting them
[nebula] 0 entity object(s) were destroyed without a despawn; forgetting them
[nebula] 0 entity object(s) were destroyed without a despawn; forgetting them
[nebula] 0 entity object(s) were destroyed without a despawn; forgetting them
[nebula] 0 entity object(s) were destroyed without a despawn; forgetting them
[nebula] 0 entity object(s) were destroyed without a despawn; forgetting them
[nebula] 0 entity object(s) were destroyed without a despawn; forgetting them
[nebula] local handover Player(Clone)#844424930131970(e2,rt_74766792785919,auth) rt_70368746274815 -> rt_74766792785919
[nebula] 0 entity object(s) were destroyed without a despawn; forgetting them
[nebula] 0 entity object(s) were destroyed without a despawn; forgetting them
[nebula] 0 entity object(s) were destroyed without a despawn; forgetting them
[nebula] 0 entity object(s) were destroyed without a despawn; forgetting them
[nebula] 0 entity object(s) were destroyed without a despawn; forgetting them
[nebula] 0 entity object(s) were destroyed without a despawn; forgetting them
[nebula] 0 entity object(s) were destroyed without a despawn; forgetting them
[nebula] 0 entity object(s) were destroyed without a despawn; forgetting them
[nebula] 0 entity object(s) were destroyed without a despawn; forgetting them
[nebula] 0 entity object(s) were destroyed without a despawn; forgetting them
[nebula] 0 entity object(s) were destroyed without a despawn; forgetting them
[nebula] 0 entity object(s) were destroyed without a despawn; forgetting them
[nebula] 0 entity object(s) were destroyed without a despawn; forgetting them
[nebula] 0 entity object(s) were destroyed without a despawn; forgetting them
[nebula] 0 entity object(s) were destroyed without a despawn; forgetting them
[nebula] 0 entity object(s) were destroyed without a despawn; forgetting them
[nebula] 0 entity object(s) were destroyed without a despawn; forgetting them
[nebula] 0 entity object(s) were destroyed without a despawn; forgetting them
[nebula] 0 entity object(s) were destroyed without a despawn; forgetting them
[nebula] 0 entity object(s) were destroyed without a despawn; forgetting them
[nebula] 0 entity object(s) were destroyed without a despawn; forgetting them
[nebula] 0 entity object(s) were destroyed without a despawn; forgetting them
[nebula] 0 entity object(s) were destroyed without a despawn; forgetting them
[nebula] 0 entity object(s) were destroyed without a despawn; forgetting them
[nebula] 0 entity object(s) were destroyed without a despawn; forgetting them
[nebula] 0 entity object(s) were destroyed without a despawn; forgetting them
[nebula] 0 entity object(s) were destroyed without a despawn; forgetting them
[nebula] 0 entity object(s) were destroyed without a despawn; forgetting them
[nebula] 0 entity object(s) were destroyed without a despawn; forgetting them
[nebula] 0 entity object(s) were destroyed without a despawn; forgetting them
[nebula] 0 entity object(s) were destroyed without a despawn; forgetting them
[nebula] 0 entity object(s) were destroyed without a despawn; forgetting them
[nebula] 0 entity object(s) were destroyed without a despawn; forgetting them
[nebula] 0 entity object(s) were destroyed without a despawn; forgetting them
[nebula] 0 entity object(s) were destroyed without a despawn; forgetting them
[nebula] 0 entity object(s) were destroyed without a despawn; forgetting them
[nebula] 0 entity object(s) were destroyed without a despawn; forgetting them
[nebula] 0 entity object(s) were destroyed without a despawn; forgetting them
[nebula] 0 entity object(s) were destroyed without a despawn; forgetting them
[nebula] 0 entity object(s) were destroyed without a despawn; forgetting them
[nebula] 0 entity object(s) were destroyed without a despawn; forgetting them
[nebula] 0 entity object(s) were destroyed without a despawn; forgetting them
[nebula] 0 entity object(s) were destroyed without a despawn; forgetting them
[nebula] 0 entity object(s) were destroyed without a despawn; forgetting them
[nebula] 0 entity object(s) were destroyed without a despawn; forgetting them
[nebula] 0 entity object(s) were destroyed without a despawn; forgetting them
[nebula] 0 entity object(s) were destroyed without a despawn; forgetting them
[nebula] 0 entity object(s) were destroyed without a despawn; forgetting them
[nebula] 0 entity object(s) were destroyed without a despawn; forgetting them
[nebula] 0 entity object(s) were destroyed without a despawn; forgetting them
[nebula] 0 entity object(s) were destroyed without a despawn; forgetting them
[nebula] 0 entity object(s) were destroyed without a despawn; forgetting them
[nebula] 0 entity object(s) were destroyed without a despawn; forgetting them
[nebula] 0 entity object(s) were destroyed without a despawn; forgetting them
[nebula] 0 entity object(s) were destroyed without a despawn; forgetting them
[nebula] 0 entity object(s) were destroyed without a despawn; forgetting them
[nebula] 0 entity object(s) were destroyed without a despawn; forgetting them
[nebula] 0 entity object(s) were destroyed without a despawn; forgetting them
[nebula] 0 entity object(s) were destroyed without a despawn; forgetting them
[nebula] 0 entity object(s) were destroyed without a despawn; forgetting them
[nebula] 0 entity object(s) were destroyed without a despawn; forgetting them
[nebula] 0 entity object(s) were destroyed without a despawn; forgetting them
[nebula] 0 entity object(s) were destroyed without a despawn; forgetting them
[nebula] 0 entity object(s) were destroyed without a despawn; forgetting them
[nebula] 0 entity object(s) were destroyed without a despawn; forgetting them
[nebula] 0 entity object(s) were destroyed without a despawn; forgetting them
[nebula] 0 entity object(s) were destroyed without a despawn; forgetting them
[nebula] 0 entity object(s) were destroyed without a despawn; forgetting them
[nebula] 0 entity object(s) were destroyed without a despawn; forgetting them
[nebula] 0 entity object(s) were destroyed without a despawn; forgetting them
[nebula] 0 entity object(s) were destroyed without a despawn; forgetting them
[nebula] 0 entity object(s) were destroyed without a despawn; forgetting them
[nebula] 0 entity object(s) were destroyed without a despawn; forgetting them
[nebula] 0 entity object(s) were destroyed without a despawn; forgetting them
[nebula] 0 entity object(s) were destroyed without a despawn; forgetting them
[nebula] 0 entity object(s) were destroyed without a despawn; forgetting them
[nebula] 0 entity object(s) were destroyed without a despawn; forgetting them
[nebula] 0 entity object(s) were destroyed without a despawn; forgetting them
[nebula] 0 entity object(s) were destroyed without a despawn; forgetting them
[nebula] 0 entity object(s) were destroyed without a despawn; forgetting them
[nebula] 0 entity object(s) were destroyed without a despawn; forgetting them
[nebula] 0 entity object(s) were destroyed without a despawn; forgetting them
[nebula] 0 entity object(s) were destroyed without a despawn; forgetting them
[nebula] 0 entity object(s) were destroyed without a despawn; forgetting them
[nebula] 0 entity object(s) were destroyed without a despawn; forgetting them
[nebula] 0 entity object(s) were destroyed without a despawn; forgetting them
[nebula] 0 entity object(s) were destroyed without a despawn; forgetting them
[nebula] 0 entity object(s) were destroyed without a despawn; forgetting them
[nebula] 0 entity object(s) were destroyed without a despawn; forgetting them
[nebula] 0 entity object(s) were destroyed without a despawn; forgetting them
[nebula] 0 entity object(s) were destroyed without a despawn; forgetting them
[nebula] 0 entity object(s) were destroyed without a despawn; forgetting them
[nebula] 0 entity object(s) were destroyed without a despawn; forgetting them
[nebula] 0 entity object(s) were destroyed without a despawn; forgetting them
[nebula] 0 entity object(s) were destroyed without a despawn; forgetting them
[nebula] 0 entity object(s) were destroyed without a despawn; forgetting them
[nebula] 0 entity object(s) were destroyed without a despawn; forgetting them
[nebula] 0 entity object(s) were destroyed without a despawn; forgetting them
[nebula] 0 entity object(s) were destroyed without a despawn; forgetting them
[nebula] 0 entity object(s) were destroyed without a despawn; forgetting them
[nebula] 0 entity object(s) were destroyed without a despawn; forgetting them
[nebula] 0 entity object(s) were destroyed without a despawn; forgetting them
[nebula] 0 entity object(s) were destroyed without a despawn; forgetting them
[nebula] 0 entity object(s) were destroyed without a despawn; forgetting them
[nebula] 0 entity object(s) were destroyed without a despawn; forgetting them
[nebula] 0 entity object(s) were destroyed without a despawn; forgetting them
[nebula] 0 entity object(s) were destroyed without a despawn; forgetting them
[nebula] 0 entity object(s) were destroyed without a despawn; forgetting them
[nebula] 0 entity object(s) were destroyed without a despawn; forgetting them
[nebula] 0 entity object(s) were destroyed without a despawn; forgetting them
[nebula] 0 entity object(s) were destroyed without a despawn; forgetting them
[nebula] 0 entity object(s) were destroyed without a despawn; forgetting them
[nebula] 0 entity object(s) were destroyed without a despawn; forgetting them
[nebula] 0 entity object(s) were destroyed without a despawn; forgetting them
[nebula] 0 entity object(s) were destroyed without a despawn; forgetting them
[nebula] 0 entity object(s) were destroyed without a despawn; forgetting them
[nebula] 0 entity object(s) were destroyed without a despawn; forgetting them
[nebula] 0 entity object(s) were destroyed without a despawn; forgetting them
[nebula] 0 entity object(s) were destroyed without a despawn; forgetting them
[nebula] 0 entity object(s) were destroyed without a despawn; forgetting them
[nebula] 0 entity object(s) were destroyed without a despawn; forgetting them
[nebula] 0 entity object(s) were destroyed without a despawn; forgetting them
[nebula] 0 entity object(s) were destroyed without a despawn; forgetting them
[nebula] 0 entity object(s) were destroyed without a despawn; forgetting them
[nebula] 0 entity object(s) were destroyed without a despawn; forgetting them
[nebula] 0 entity object(s) were destroyed without a despawn; forgetting them
[nebula] 0 entity object(s) were destroyed without a despawn; forgetting them
[nebula] 0 entity object(s) were destroyed without a despawn; forgetting them
[nebula] 0 entity object(s) were destroyed without a despawn; forgetting them
[nebula] 0 entity object(s) were destroyed without a despawn; forgetting them
[nebula] 0 entity object(s) were destroyed without a despawn; forgetting them
[nebula] 0 entity object(s) were destroyed without a despawn; forgetting them
[nebula] 0 entity object(s) were destroyed without a despawn; forgetting them
[nebula] 0 entity object(s) were destroyed without a despawn; forgetting them
[nebula] 0 entity object(s) were destroyed without a despawn; forgetting them
[nebula] 0 entity object(s) were destroyed without a despawn; forgetting them
[nebula] 0 entity object(s) were destroyed without a despawn; forgetting them
[nebula] 0 entity object(s) were destroyed without a despawn; forgetting them
[nebula] 0 entity object(s) were destroyed without a despawn; forgetting them
[nebula] 0 entity object(s) were destroyed without a despawn; forgetting them
[nebula] 0 entity object(s) were destroyed without a despawn; forgetting them
[nebula] 0 entity object(s) were destroyed without a despawn; forgetting them
[nebula] 0 entity object(s) were destroyed without a despawn; forgetting them
[nebula] 0 entity object(s) were destroyed without a despawn; forgetting them
[nebula] 0 entity object(s) were destroyed without a despawn; forgetting them
[nebula] 0 entity object(s) were destroyed without a despawn; forgetting them
[nebula] 0 entity object(s) were destroyed without a despawn; forgetting them
[nebula] 0 entity object(s) were destroyed without a despawn; forgetting them
[nebula] 0 entity object(s) were destroyed without a despawn; forgetting them
[nebula] 0 entity object(s) were destroyed without a despawn; forgetting them
[nebula] 0 entity object(s) were destroyed without a despawn; forgetting them
[nebula] 0 entity object(s) were destroyed without a despawn; forgetting them
[nebula] 0 entity object(s) were destroyed without a despawn; forgetting them
[nebula] 0 entity object(s) were destroyed without a despawn; forgetting them
[nebula] 0 entity object(s) were destroyed without a despawn; forgetting them
[nebula] 0 entity object(s) were destroyed without a despawn; forgetting them
[nebula] 0 entity object(s) were destroyed without a despawn; forgetting them
[nebula] 0 entity object(s) were destroyed without a despawn; forgetting them
[nebula] 0 entity object(s) were destroyed without a despawn; forgetting them
[nebula] 0 entity object(s) were destroyed without a despawn; forgetting them
[nebula] 0 entity object(s) were destroyed without a despawn; forgetting them
[nebula] 0 entity object(s) were destroyed without a despawn; forgetting them
[nebula] 0 entity object(s) were destroyed without a despawn; forgetting them
[nebula] 0 entity object(s) were destroyed without a despawn; forgetting them
[nebula] 0 entity object(s) were destroyed without a despawn; forgetting them
[nebula] 0 entity object(s) were destroyed without a despawn; forgetting them
[nebula] spawned Prop(Clone)#281474976710718(e1,rt_74766792785919,auth)
[nebula] 0 entity object(s) were destroyed without a despawn; forgetting them
[nebula] 0 entity object(s) were destroyed without a despawn; forgetting them
[nebula] 0 entity object(s) were destroyed without a despawn; forgetting them
[nebula] 0 entity object(s) were destroyed without a despawn; forgetting them
[nebula] 0 entity object(s) were destroyed without a despawn; forgetting them
[nebula] 0 entity object(s) were destroyed without a despawn; forgetting them
[nebula] 0 entity object(s) were destroyed without a despawn; forgetting them
[nebula] 0 entity object(s) were destroyed without a despawn; forgetting them
[nebula] 0 entity object(s) were destroyed without a despawn; forgetting them
[nebula] 0 entity object(s) were destroyed without a despawn; forgetting them
[nebula] 0 entity object(s) were destroyed without a despawn; forgetting them
[nebula] 0 entity object(s) were destroyed without a despawn; forgetting them
[nebula] 0 entity object(s) were destroyed without a despawn; forgetting them
[nebula] 0 entity object(s) were destroyed without a despawn; forgetting them
[nebula] 0 entity object(s) were destroyed without a despawn; forgetting them
[nebula] 0 entity object(s) were destroyed without a despawn; forgetting them
[nebula] 0 entity object(s) were destroyed without a despawn; forgetting them
[nebula] 0 entity object(s) were destroyed without a despawn; forgetting them
[nebula] 0 entity object(s) were destroyed without a despawn; forgetting them
[nebula] 0 entity object(s) were destroyed without a despawn; forgetting them
[nebula] 0 entity object(s) were destroyed without a despawn; forgetting them
[nebula] 0 entity object(s) were destroyed without a despawn; forgetting them
[nebula] 0 entity object(s) were destroyed without a despawn; forgetting them
[nebula] 0 entity object(s) were destroyed without a despawn; forgetting them
[nebula] 0 entity object(s) were destroyed without a despawn; forgetting them
[nebula] 0 entity object(s) were destroyed without a despawn; forgetting them
[nebula] 0 entity object(s) were destroyed without a despawn; forgetting them
[nebula] 0 entity object(s) were destroyed without a despawn; forgetting them
[nebula] 0 entity object(s) were destroyed without a despawn; forgetting them
[nebula] 0 entity object(s) were destroyed without a despawn; forgetting them
[nebula] 0 entity object(s) were destroyed without a despawn; forgetting them
[nebula] 0 entity object(s) were destroyed without a despawn; forgetting them
[nebula] 0 entity object(s) were destroyed without a despawn; forgetting them
[nebula] 0 entity object(s) were destroyed without a despawn; forgetting them
[nebula] 0 entity object(s) were destroyed without a despawn; forgetting them
[nebula] 0 entity object(s) were destroyed without a despawn; forgetting them
[nebula] 0 entity object(s) were destroyed without a despawn; forgetting them
[nebula] 0 entity object(s) were destroyed without a despawn; forgetting them
[nebula] 0 entity object(s) were destroyed without a despawn; forgetting them
[nebula] 0 entity object(s) were destroyed without a despawn; forgetting them
[nebula] 0 entity object(s) were destroyed without a despawn; forgetting them
[nebula] 0 entity object(s) were destroyed without a despawn; forgetting them
[nebula] 0 entity object(s) were destroyed without a despawn; forgetting them
[nebula] 0 entity object(s) were destroyed without a despawn; forgetting them
[nebula] 0 entity object(s) were destroyed without a despawn; forgetting them
[nebula] 0 entity object(s) were destroyed without a despawn; forgetting them
[nebula] 0 entity object(s) were destroyed without a despawn; forgetting them
[nebula] 0 entity object(s) were destroyed without a despawn; forgetting them
[nebula] 0 entity object(s) were destroyed without a despawn; forgetting them
[nebula] 0 entity object(s) were destroyed without a despawn; forgetting them
[nebula] 0 entity object(s) were destroyed without a despawn; forgetting them
[nebula] 0 entity object(s) were destroyed without a despawn; forgetting them
[nebula] 0 entity object(s) were destroyed without a despawn; forgetting them
[nebula] 0 entity object(s) were destroyed without a despawn; forgetting them
[nebula] 0 entity object(s) were destroyed without a despawn; forgetting them
[nebula] 0 entity object(s) were destroyed without a despawn; forgetting them
[nebula] 0 entity object(s) were destroyed without a despawn; forgetting them
[nebula] 0 entity object(s) were destroyed without a despawn; forgetting them
[nebula] 0 entity object(s) were destroyed without a despawn; forgetting them
[nebula] 0 entity object(s) were destroyed without a despawn; forgetting them
[nebula] 0 entity object(s) were destroyed without a despawn; forgetting them
[nebula] 0 entity object(s) were destroyed without a despawn; forgetting them
[nebula] 0 entity object(s) were destroyed without a despawn; forgetting them
[nebula] 0 entity object(s) were destroyed without a despawn; forgetting them
[nebula] 0 entity object(s) were destroyed without a despawn; forgetting them
[nebula] 0 entity object(s) were destroyed without a despawn; forgetting them
[nebula] 0 entity object(s) were destroyed without a despawn; forgetting them
[nebula] 0 entity object(s) were destroyed without a despawn; forgetting them
[nebula] 0 entity object(s) were destroyed without a despawn; forgetting them
[nebula] 0 entity object(s) were destroyed without a despawn; forgetting them
[nebula] 0 entity object(s) were destroyed without a despawn; forgetting them
[nebula] 0 entity object(s) were destroyed without a despawn; forgetting them
[nebula] 0 entity object(s) were destroyed without a despawn; forgetting them
[nebula] 0 entity object(s) were destroyed without a despawn; forgetting them
[nebula] 0 entity object(s) were destroyed without a despawn; forgetting them
[nebula] 0 entity object(s) were destroyed without a despawn; forgetting them
[nebula] 0 entity object(s) were destroyed without a despawn; forgetting them
[nebula] 0 entity object(s) were destroyed without a despawn; forgetting them
[nebula] 0 entity object(s) were destroyed without a despawn; forgetting them
[nebula] 0 entity object(s) were destroyed without a despawn; forgetting them
[nebula] 0 entity object(s) were destroyed without a despawn; forgetting them
[nebula] 0 entity object(s) were destroyed without a despawn; forgetting them
[nebula] 0 entity object(s) were destroyed without a despawn; forgetting them
[nebula] 0 entity object(s) were destroyed without a despawn; forgetting them
[nebula] 0 entity object(s) were destroyed without a despawn; forgetting them
[nebula] 0 entity object(s) were destroyed without a despawn; forgetting them
[nebula] 0 entity object(s) were destroyed without a despawn; forgetting them
[nebula] 0 entity object(s) were destroyed without a despawn; forgetting them
[nebula] 0 entity object(s) were destroyed without a despawn; forgetting them
[nebula] 0 entity object(s) were destroyed without a despawn; forgetting them
[nebula] 0 entity object(s) were destroyed without a despawn; forgetting them
[nebula] profile 300 ticks/5s 300 frames avg 1.0ms max 1.7ms dup 0 skip 0 gc 37 auth 39 ghosts 1 | poll=0.01 ghosts=0.00 physics.sync=0.00 simulate=0.01 poses=0.04 containers=0.72 band=0.03 publish=0.02 gap=15.69 interest=0.01
[nebula] 0 entity object(s) were destroyed without a despawn; forgetting them
[nebula] 0 entity object(s) were destroyed without a despawn; forgetting them
[nebula] 0 entity object(s) were destroyed without a despawn; forgetting them
[nebula] 0 entity object(s) were destroyed without a despawn; forgetting them
[nebula] 0 entity object(s) were destroyed without a despawn; forgetting them
[nebula] 0 entity object(s) were destroyed without a despawn; forgetting them
[nebula] 0 entity object(s) were destroyed without a despawn; forgetting them
[nebula] 0 entity object(s) were destroyed without a despawn; forgetting them
[nebula] 0 entity object(s) were destroyed without a despawn; forgetting them
[nebula] 0 entity object(s) were destroyed without a despawn; forgetting them
[nebula] 0 entity object(s) were destroyed without a despawn; forgetting them
[nebula] 0 entity object(s) were destroyed without a despawn; forgetting them
[nebula] 0 entity object(s) were destroyed without a despawn; forgetting them
[nebula] 0 entity object(s) were destroyed without a despawn; forgetting them
[nebula] 0 entity object(s) were destroyed without a despawn; forgetting them
[nebula] 0 entity object(s) were destroyed without a despawn; forgetting them
[nebula] 0 entity object(s) were destroyed without a despawn; forgetting them
[nebula] 0 entity object(s) were destroyed without a despawn; forgetting them
[nebula] 0 entity object(s) were destroyed without a despawn; forgetting them
[nebula] 0 entity object(s) were destroyed without a despawn; forgetting them
[nebula] 0 entity object(s) were destroyed without a despawn; forgetting them
[nebula] 0 entity object(s) were destroyed without a despawn; forgetting them
[nebula] 0 entity object(s) were destroyed without a despawn; forgetting them
[nebula] 0 entity object(s) were destroyed without a despawn; forgetting them
[nebula] 0 entity object(s) were destroyed without a despawn; forgetting them
[nebula] 0 entity object(s) were destroyed without a despawn; forgetting them
[nebula] 0 entity object(s) were destroyed without a despawn; forgetting them
[nebula] 0 entity object(s) were destroyed without a despawn; forgetting them
[nebula] 0 entity object(s) were destroyed without a despawn; forgetting them
[nebula] 0 entity object(s) were destroyed without a despawn; forgetting them
[nebula] 0 entity object(s) were destroyed without a despawn; forgetting them
[nebula] 0 entity object(s) were destroyed without a despawn; forgetting them
[nebula] 0 entity object(s) were destroyed without a despawn; forgetting them
[nebula] 0 entity object(s) were destroyed without a despawn; forgetting them
[nebula] 0 entity object(s) were destroyed without a despawn; forgetting them
[nebula] 0 entity object(s) were destroyed without a despawn; forgetting them
[nebula] 0 entity object(s) were destroyed without a despawn; forgetting them
[nebula] 0 entity object(s) were destroyed without a despawn; forgetting them
[nebula] 0 entity object(s) were destroyed without a despawn; forgetting them
[nebula] 0 entity object(s) were destroyed without a despawn; forgetting them
[nebula] 0 entity object(s) were destroyed without a despawn; forgetting them
[nebula] 0 entity object(s) were destroyed without a despawn; forgetting them
[nebula] 0 entity object(s) were destroyed without a despawn; forgetting them
[nebula] 0 entity object(s) were destroyed without a despawn; forgetting them
[nebula] 0 entity object(s) were destroyed without a despawn; forgetting them
[nebula] 0 entity object(s) were destroyed without a despawn; forgetting them
[nebula] 0 entity object(s) were destroyed without a despawn; forgetting them
[nebula] 0 entity object(s) were destroyed without a despawn; forgetting them
[nebula] 0 entity object(s) were destroyed without a despawn; forgetting them
[nebula] 0 entity object(s) were destroyed without a despawn; forgetting them
[nebula] 0 entity object(s) were destroyed without a despawn; forgetting them
[nebula] 0 entity object(s) were destroyed without a despawn; forgetting them
[nebula] 0 entity object(s) were destroyed without a despawn; forgetting them
[nebula] 0 entity object(s) were destroyed without a despawn; forgetting them
[nebula] 0 entity object(s) were destroyed without a despawn; forgetting them
[nebula] 0 entity object(s) were destroyed without a despawn; forgetting them
[nebula] 0 entity object(s) were destroyed without a despawn; forgetting them
[nebula] 0 entity object(s) were destroyed without a despawn; forgetting them
[nebula] 0 entity object(s) were destroyed without a despawn; forgetting them
[nebula] 0 entity object(s) were destroyed without a despawn; forgetting them
[nebula] 0 entity object(s) were destroyed without a despawn; forgetting them
[nebula] 0 entity object(s) were destroyed without a despawn; forgetting them
[nebula] 0 entity object(s) were destroyed without a despawn; forgetting them
[nebula] 0 entity object(s) were destroyed without a despawn; forgetting them
[nebula] 0 entity object(s) were destroyed without a despawn; forgetting them
[nebula] 0 entity object(s) were destroyed without a despawn; forgetting them
[nebula] 0 entity object(s) were destroyed without a despawn; forgetting them
[nebula] 0 entity object(s) were destroyed without a despawn; forgetting them
[nebula] 0 entity object(s) were destroyed without a despawn; forgetting them
[nebula] 0 entity object(s) were destroyed without a despawn; forgetting them
[nebula] 0 entity object(s) were destroyed without a despawn; forgetting them
[nebula] 0 entity object(s) were destroyed without a despawn; forgetting them
[nebula] 0 entity object(s) were destroyed without a despawn; forgetting them
[nebula] 0 entity object(s) were destroyed without a despawn; forgetting them
[nebula] 0 entity object(s) were destroyed without a despawn; forgetting them
[nebula] 0 entity object(s) were destroyed without a despawn; forgetting them
[nebula] 0 entity object(s) were destroyed without a despawn; forgetting them
[nebula] 0 entity object(s) were destroyed without a despawn; forgetting them
[nebula] 0 entity object(s) were destroyed without a despawn; forgetting them
[nebula] 0 entity object(s) were destroyed without a despawn; forgetting them
[nebula] 0 entity object(s) were destroyed without a despawn; forgetting them
[nebula] 0 entity object(s) were destroyed without a despawn; forgetting them
[nebula] 0 entity object(s) were destroyed without a despawn; forgetting them
[nebula] 0 entity object(s) were destroyed without a despawn; forgetting them
[nebula] 0 entity object(s) were destroyed without a despawn; forgetting them
[nebula] 0 entity object(s) were destroyed without a despawn; forgetting them
[nebula] 0 entity object(s) were destroyed without a despawn; forgetting them
[nebula] 0 entity object(s) were destroyed without a despawn; forgetting them
[nebula] 0 entity object(s) were destroyed without a despawn; forgetting them
[nebula] spawned Prop(Clone)#281474976710719(e1,rt_74766792785919,auth)
[nebula] 0 entity object(s) were destroyed without a despawn; forgetting them
[nebula] 0 entity object(s) were destroyed without a despawn; forgetting them
[nebula] 0 entity object(s) were destroyed without a despawn; forgetting them
[nebula] 0 entity object(s) were destroyed without a despawn; forgetting them
[nebula] 0 entity object(s) were destroyed without a despawn; forgetting them
[nebula] 0 entity object(s) were destroyed without a despawn; forgetting them
[nebula] 0 entity object(s) were destroyed without a despawn; forgetting them
[nebula] 0 entity object(s) were destroyed without a despawn; forgetting them
[nebula] 0 entity object(s) were destroyed without a despawn; forgetting them
[nebula] 0 entity object(s) were destroyed without a despawn; forgetting them
[nebula] 0 entity object(s) were destroyed without a despawn; forgetting them
[nebula] 0 entity object(s) were destroyed without a despawn; forgetting them
[nebula] 0 entity object(s) were destroyed without a despawn; forgetting them
[nebula] 0 entity object(s) were destroyed without a despawn; forgetting them
[nebula] 0 entity object(s) were destroyed without a despawn; forgetting them
[nebula] 0 entity object(s) were destroyed without a despawn; forgetting them
[nebula] 0 entity object(s) were destroyed without a despawn; forgetting them
[nebula] 0 entity object(s) were destroyed without a despawn; forgetting them
[nebula] 0 entity object(s) were destroyed without a despawn; forgetting them
[nebula] 0 entity object(s) were destroyed without a despawn; forgetting them
[nebula] 0 entity object(s) were destroyed without a despawn; forgetting them
[nebula] 0 entity object(s) were destroyed without a despawn; forgetting them
[nebula] 0 entity object(s) were destroyed without a despawn; forgetting them
[nebula] 0 entity object(s) were destroyed without a despawn; forgetting them
[nebula] 0 entity object(s) were destroyed without a despawn; forgetting them
[nebula] 0 entity object(s) were destroyed without a despawn; forgetting them
[nebula] 0 entity object(s) were destroyed without a despawn; forgetting them
[nebula] 0 entity object(s) were destroyed without a despawn; forgetting them
[nebula] 0 entity object(s) were destroyed without a despawn; forgetting them
[nebula] 0 entity object(s) were destroyed without a despawn; forgetting them
[nebula] 0 entity object(s) were destroyed without a despawn; forgetting them
[nebula] 0 entity object(s) were destroyed without a despawn; forgetting them
[nebula] 0 entity object(s) were destroyed without a despawn; forgetting them
[nebula] 0 entity object(s) were destroyed without a despawn; forgetting them
[nebula] 0 entity object(s) were destroyed without a despawn; forgetting them
[nebula] 0 entity object(s) were destroyed without a despawn; forgetting them
[nebula] 0 entity object(s) were destroyed without a despawn; forgetting them
[nebula] 0 entity object(s) were destroyed without a despawn; forgetting them
[nebula] 0 entity object(s) were destroyed without a despawn; forgetting them
[nebula] 0 entity object(s) were destroyed without a despawn; forgetting them
[nebula] 0 entity object(s) were destroyed without a despawn; forgetting them
[nebula] 0 entity object(s) were destroyed without a despawn; forgetting them
[nebula] 0 entity object(s) were destroyed without a despawn; forgetting them
[nebula] 0 entity object(s) were destroyed without a despawn; forgetting them
[nebula] 0 entity object(s) were destroyed without a despawn; forgetting them
[nebula] 0 entity object(s) were destroyed without a despawn; forgetting them
[nebula] 0 entity object(s) were destroyed without a despawn; forgetting them
[nebula] 0 entity object(s) were destroyed without a despawn; forgetting them
[nebula] 0 entity object(s) were destroyed without a despawn; forgetting them
[nebula] 0 entity object(s) were destroyed without a despawn; forgetting them
[nebula] 0 entity object(s) were destroyed without a despawn; forgetting them
[nebula] 0 entity object(s) were destroyed without a despawn; forgetting them
[nebula] 0 entity object(s) were destroyed without a despawn; forgetting them
[nebula] 0 entity object(s) were destroyed without a despawn; forgetting them
[nebula] 0 entity object(s) were destroyed without a despawn; forgetting them
[nebula] 0 entity object(s) were destroyed without a despawn; forgetting them
[nebula] 0 entity object(s) were destroyed without a despawn; forgetting them
[nebula] 0 entity object(s) were destroyed without a despawn; forgetting them
[nebula] 0 entity object(s) were destroyed without a despawn; forgetting them
[nebula] 0 entity object(s) were destroyed without a despawn; forgetting them
[nebula] 0 entity object(s) were destroyed without a despawn; forgetting them
[nebula] 0 entity object(s) were destroyed without a despawn; forgetting them
[nebula] 0 entity object(s) were destroyed without a despawn; forgetting them
[nebula] 0 entity object(s) were destroyed without a despawn; forgetting them
[nebula] 0 entity object(s) were destroyed without a despawn; forgetting them
[nebula] 0 entity object(s) were destroyed without a despawn; forgetting them
[nebula] 0 entity object(s) were destroyed without a despawn; forgetting them
[nebula] 0 entity object(s) were destroyed without a despawn; forgetting them
[nebula] 0 entity object(s) were destroyed without a despawn; forgetting them
[nebula] 0 entity object(s) were destroyed without a despawn; forgetting them
[nebula] 0 entity object(s) were destroyed without a despawn; forgetting them
[nebula] 0 entity object(s) were destroyed without a despawn; forgetting them
[nebula] 0 entity object(s) were destroyed without a despawn; forgetting them
[nebula] 0 entity object(s) were destroyed without a despawn; forgetting them
[nebula] 0 entity object(s) were destroyed without a despawn; forgetting them
[nebula] 0 entity object(s) were destroyed without a despawn; forgetting them
[nebula] 0 entity object(s) were destroyed without a despawn; forgetting them
[nebula] 0 entity object(s) were destroyed without a despawn; forgetting them
[nebula] 0 entity object(s) were destroyed without a despawn; forgetting them
[nebula] 0 entity object(s) were destroyed without a despawn; forgetting them
[nebula] 0 entity object(s) were destroyed without a despawn; forgetting them
[nebula] 0 entity object(s) were destroyed without a despawn; forgetting them
[nebula] 0 entity object(s) were destroyed without a despawn; forgetting them
[nebula] 0 entity object(s) were destroyed without a despawn; forgetting them
[nebula] 0 entity object(s) were destroyed without a despawn; forgetting them
[nebula] 0 entity object(s) were destroyed without a despawn; forgetting them
[nebula] 0 entity object(s) were destroyed without a despawn; forgetting them
[nebula] 0 entity object(s) were destroyed without a despawn; forgetting them
[nebula] 0 entity object(s) were destroyed without a despawn; forgetting them
[nebula] 0 entity object(s) were destroyed without a despawn; forgetting them
[nebula] 0 entity object(s) were destroyed without a despawn; forgetting them
[nebula] 0 entity object(s) were destroyed without a despawn; forgetting them
[nebula] 0 entity object(s) were destroyed without a despawn; forgetting them
[nebula] 0 entity object(s) were destroyed without a despawn; forgetting them
[nebula] 0 entity object(s) were destroyed without a despawn; forgetting them
[nebula] 0 entity object(s) were destroyed without a despawn; forgetting them
[nebula] 0 entity object(s) were destroyed without a despawn; forgetting them
[nebula] 0 entity object(s) were destroyed without a despawn; forgetting them
[nebula] 0 entity object(s) were destroyed without a despawn; forgetting them
[nebula] 0 entity object(s) were destroyed without a despawn; forgetting them
[nebula] 0 entity object(s) were destroyed without a despawn; forgetting them
[nebula] 0 entity object(s) were destroyed without a despawn; forgetting them
[nebula] 0 entity object(s) were destroyed without a despawn; forgetting them
[nebula] 0 entity object(s) were destroyed without a despawn; forgetting them
[nebula] 0 entity object(s) were destroyed without a despawn; forgetting them
[nebula] 0 entity object(s) were destroyed without a despawn; forgetting them
[nebula] 0 entity object(s) were destroyed without a despawn; forgetting them
[nebula] 0 entity object(s) were destroyed without a despawn; forgetting them
[nebula] 0 entity object(s) were destroyed without a despawn; forgetting them
[nebula] 0 entity object(s) were destroyed without a despawn; forgetting them
[nebula] 0 entity object(s) were destroyed without a despawn; forgetting them
[nebula] 0 entity object(s) were destroyed without a despawn; forgetting them
[nebula] 0 entity object(s) were destroyed without a despawn; forgetting them
[nebula] 0 entity object(s) were destroyed without a despawn; forgetting them
[nebula] 0 entity object(s) were destroyed without a despawn; forgetting them
[nebula] 0 entity object(s) were destroyed without a despawn; forgetting them
[nebula] 0 entity object(s) were destroyed without a despawn; forgetting them
[nebula] 0 entity object(s) were destroyed without a despawn; forgetting them
[nebula] 0 entity object(s) were destroyed without a despawn; forgetting them
[nebula] 0 entity object(s) were destroyed without a despawn; forgetting them
[nebula] 0 entity object(s) were destroyed without a despawn; forgetting them
[nebula] 0 entity object(s) were destroyed without a despawn; forgetting them
[nebula] 0 entity object(s) were destroyed without a despawn; forgetting them
[nebula] 0 entity object(s) were destroyed without a despawn; forgetting them
[nebula] 0 entity object(s) were destroyed without a despawn; forgetting them
[nebula] 0 entity object(s) were destroyed without a despawn; forgetting them
[nebula] 0 entity object(s) were destroyed without a despawn; forgetting them
[nebula] 0 entity object(s) were destroyed without a despawn; forgetting them
[nebula] 0 entity object(s) were destroyed without a despawn; forgetting them
[nebula] 0 entity object(s) were destroyed without a despawn; forgetting them
[nebula] 0 entity object(s) were destroyed without a despawn; forgetting them
[nebula] 0 entity object(s) were destroyed without a despawn; forgetting them
[nebula] 0 entity object(s) were destroyed without a despawn; forgetting them
[nebula] 0 entity object(s) were destroyed without a despawn; forgetting them
[nebula] 0 entity object(s) were destroyed without a despawn; forgetting them
[nebula] 0 entity object(s) were destroyed without a despawn; forgetting them
[nebula] 0 entity object(s) were destroyed without a despawn; forgetting them
[nebula] 0 entity object(s) were destroyed without a despawn; forgetting them
[nebula] 0 entity object(s) were destroyed without a despawn; forgetting them
[nebula] 0 entity object(s) were destroyed without a despawn; forgetting them
[nebula] 0 entity object(s) were destroyed without a despawn; forgetting them
[nebula] 0 entity object(s) were destroyed without a despawn; forgetting them
[nebula] 0 entity object(s) were destroyed without a despawn; forgetting them
[nebula] 0 entity object(s) were destroyed without a despawn; forgetting them
[nebula] 0 entity object(s) were destroyed without a despawn; forgetting them
[nebula] 0 entity object(s) were destroyed without a despawn; forgetting them
[nebula] 0 entity object(s) were destroyed without a despawn; forgetting them
[nebula] 0 entity object(s) were destroyed without a despawn; forgetting them
[nebula] 0 entity object(s) were destroyed without a despawn; forgetting them
[nebula] 0 entity object(s) were destroyed without a despawn; forgetting them
[nebula] 0 entity object(s) were destroyed without a despawn; forgetting them
[nebula] 0 entity object(s) were destroyed without a despawn; forgetting them
[nebula] 0 entity object(s) were destroyed without a despawn; forgetting them
[nebula] 0 entity object(s) were destroyed without a despawn; forgetting them
[nebula] 0 entity object(s) were destroyed without a despawn; forgetting them
[nebula] 0 entity object(s) were destroyed without a despawn; forgetting them
[nebula] 0 entity object(s) were destroyed without a despawn; forgetting them
[nebula] 0 entity object(s) were destroyed without a despawn; forgetting them
[nebula] 0 entity object(s) were destroyed without a despawn; forgetting them
[nebula] 0 entity object(s) were destroyed without a despawn; forgetting them
[nebula] 0 entity object(s) were destroyed without a despawn; forgetting them
[nebula] 0 entity object(s) were destroyed without a despawn; forgetting them
[nebula] 0 entity object(s) were destroyed without a despawn; forgetting them
[nebula] 0 entity object(s) were destroyed without a despawn; forgetting them
[nebula] 0 entity object(s) were destroyed without a despawn; forgetting them
[nebula] 0 entity object(s) were destroyed without a despawn; forgetting them
[nebula] 0 entity object(s) were destroyed without a despawn; forgetting them
[nebula] 0 entity object(s) were destroyed without a despawn; forgetting them
[nebula] 0 entity object(s) were destroyed without a despawn; forgetting them
[nebula] 0 entity object(s) were destroyed without a despawn; forgetting them
[nebula] 0 entity object(s) were destroyed without a despawn; forgetting them
[nebula] 0 entity object(s) were destroyed without a despawn; forgetting them
[nebula] 0 entity object(s) were destroyed without a despawn; forgetting them
[nebula] 0 entity object(s) were destroyed without a despawn; forgetting them
[nebula] 0 entity object(s) were destroyed without a despawn; forgetting them
[nebula] 0 entity object(s) were destroyed without a despawn; forgetting them
[nebula] 0 entity object(s) were destroyed without a despawn; forgetting them
[nebula] 0 entity object(s) were destroyed without a despawn; forgetting them
[nebula] 0 entity object(s) were destroyed without a despawn; forgetting them
[nebula] 0 entity object(s) were destroyed without a despawn; forgetting them
[nebula] spawned Prop(Clone)#281474976710720(e1,rt_74766792785919,auth)
[nebula] 0 entity object(s) were destroyed without a despawn; forgetting them
[nebula] 0 entity object(s) were destroyed without a despawn; forgetting them
[nebula] 0 entity object(s) were destroyed without a despawn; forgetting them
[nebula] 0 entity object(s) were destroyed without a despawn; forgetting them
[nebula] 0 entity object(s) were destroyed without a despawn; forgetting them
[nebula] 0 entity object(s) were destroyed without a despawn; forgetting them
[nebula] 0 entity object(s) were destroyed without a despawn; forgetting them
[nebula] 0 entity object(s) were destroyed without a despawn; forgetting them
[nebula] 0 entity object(s) were destroyed without a despawn; forgetting them
[nebula] 0 entity object(s) were destroyed without a despawn; forgetting them
[nebula] 0 entity object(s) were destroyed without a despawn; forgetting them
[nebula] 0 entity object(s) were destroyed without a despawn; forgetting them
[nebula] 0 entity object(s) were destroyed without a despawn; forgetting them
[nebula] 0 entity object(s) were destroyed without a despawn; forgetting them
[nebula] 0 entity object(s) were destroyed without a despawn; forgetting them
[nebula] 0 entity object(s) were destroyed without a despawn; forgetting them
[nebula] 0 entity object(s) were destroyed without a despawn; forgetting them
[nebula] 0 entity object(s) were destroyed without a despawn; forgetting them
[nebula] 0 entity object(s) were destroyed without a despawn; forgetting them
[nebula] 0 entity object(s) were destroyed without a despawn; forgetting them
[nebula] 0 entity object(s) were destroyed without a despawn; forgetting them
[nebula] 0 entity object(s) were destroyed without a despawn; forgetting them
[nebula] 0 entity object(s) were destroyed without a despawn; forgetting them
[nebula] 0 entity object(s) were destroyed without a despawn; forgetting them
[nebula] 0 entity object(s) were destroyed without a despawn; forgetting them
[nebula] 0 entity object(s) were destroyed without a despawn; forgetting them
[nebula] 0 entity object(s) were destroyed without a despawn; forgetting them
[nebula] 0 entity object(s) were destroyed without a despawn; forgetting them
[nebula] 0 entity object(s) were destroyed without a despawn; forgetting them
[nebula] 0 entity object(s) were destroyed without a despawn; forgetting them
[nebula] 0 entity object(s) were destroyed without a despawn; forgetting them
[nebula] profile 300 ticks/5s 300 frames avg 1.0ms max 2.1ms dup 0 skip 0 gc 45 auth 41 ghosts 1 | poll=0.01 ghosts=0.00 physics.sync=0.00 simulate=0.01 poses=0.04 containers=0.76 band=0.03 publish=0.02 gap=15.64 interest=0.01
[nebula] 0 entity object(s) were destroyed without a despawn; forgetting them
[nebula] 0 entity object(s) were destroyed without a despawn; forgetting them
[nebula] 0 entity object(s) were destroyed without a despawn; forgetting them
[nebula] 0 entity object(s) were destroyed without a despawn; forgetting them
[nebula] 0 entity object(s) were destroyed without a despawn; forgetting them
[nebula] 0 entity object(s) were destroyed without a despawn; forgetting them
[nebula] 0 entity object(s) were destroyed without a despawn; forgetting them
[nebula] 0 entity object(s) were destroyed without a despawn; forgetting them
[nebula] 0 entity object(s) were destroyed without a despawn; forgetting them
[nebula] 0 entity object(s) were destroyed without a despawn; forgetting them
[nebula] 0 entity object(s) were destroyed without a despawn; forgetting them
[nebula] 0 entity object(s) were destroyed without a despawn; forgetting them
[nebula] 0 entity object(s) were destroyed without a despawn; forgetting them
[nebula] 0 entity object(s) were destroyed without a despawn; forgetting them
[nebula] 0 entity object(s) were destroyed without a despawn; forgetting them
[nebula] 0 entity object(s) were destroyed without a despawn; forgetting them
[nebula] 0 entity object(s) were destroyed without a despawn; forgetting them
[nebula] 0 entity object(s) were destroyed without a despawn; forgetting them
[nebula] 0 entity object(s) were destroyed without a despawn; forgetting them
[nebula] 0 entity object(s) were destroyed without a despawn; forgetting them
[nebula] 0 entity object(s) were destroyed without a despawn; forgetting them
[nebula] 0 entity object(s) were destroyed without a despawn; forgetting them
[nebula] handover OUT Prop(Clone)#281474976710693(e2,rt_43980467208191,ghost) -> w3 (epoch 2, tick 1365047835)
[nebula] handover OUT Prop(Clone)#281474976710694(e2,rt_43980467208191,ghost) -> w3 (epoch 2, tick 1365047835)
[nebula] handover OUT Prop(Clone)#281474976710695(e2,rt_43980467208191,ghost) -> w3 (epoch 2, tick 1365047835)
[nebula] handover OUT Prop(Clone)#281474976710696(e2,rt_48378513719295,ghost) -> w3 (epoch 2, tick 1365047835)
[nebula] handover OUT Prop(Clone)#281474976710697(e2,rt_48378513719295,ghost) -> w3 (epoch 2, tick 1365047835)
[nebula] handover OUT Prop(Clone)#281474976710698(e2,rt_48378513719295,ghost) -> w3 (epoch 2, tick 1365047835)
[nebula] handover OUT Prop(Clone)#281474976710699(e2,rt_48378513719295,ghost) -> w3 (epoch 2, tick 1365047835)
[nebula] handover OUT Prop(Clone)#281474976710700(e2,rt_52776560230399,ghost) -> w3 (epoch 2, tick 1365047835)
[nebula] handover OUT Prop(Clone)#281474976710701(e2,rt_52776560230399,ghost) -> w3 (epoch 2, tick 1365047835)
[nebula] handover OUT Prop(Clone)#281474976710702(e2,rt_52776560230399,ghost) -> w3 (epoch 2, tick 1365047835)
[nebula] 0 entity object(s) were destroyed without a despawn; forgetting them
[nebula] 0 entity object(s) were destroyed without a despawn; forgetting them
[nebula] 0 entity object(s) were destroyed without a despawn; forgetting them
[nebula] 0 entity object(s) were destroyed without a despawn; forgetting them
[nebula] 0 entity object(s) were destroyed without a despawn; forgetting them
[nebula] 0 entity object(s) were destroyed without a despawn; forgetting them
[nebula] 0 entity object(s) were destroyed without a despawn; forgetting them
[nebula] 0 entity object(s) were destroyed without a despawn; forgetting them
[nebula] 0 entity object(s) were destroyed without a despawn; forgetting them
[nebula] 0 entity object(s) were destroyed without a despawn; forgetting them
[nebula] 0 entity object(s) were destroyed without a despawn; forgetting them
[nebula] 0 entity object(s) were destroyed without a despawn; forgetting them
[nebula] 0 entity object(s) were destroyed without a despawn; forgetting them
[nebula] 0 entity object(s) were destroyed without a despawn; forgetting them
[nebula] 0 entity object(s) were destroyed without a despawn; forgetting them
[nebula] 0 entity object(s) were destroyed without a despawn; forgetting them
[nebula] 0 entity object(s) were destroyed without a despawn; forgetting them
[nebula] 0 entity object(s) were destroyed without a despawn; forgetting them
[nebula] 0 entity object(s) were destroyed without a despawn; forgetting them
[nebula] 0 entity object(s) were destroyed without a despawn; forgetting them
[nebula] 0 entity object(s) were destroyed without a despawn; forgetting them
[nebula] 0 entity object(s) were destroyed without a despawn; forgetting them
[nebula] 0 entity object(s) were destroyed without a despawn; forgetting them
[nebula] 0 entity object(s) were destroyed without a despawn; forgetting them
[nebula] 0 entity object(s) were destroyed without a despawn; forgetting them
[nebula] 0 entity object(s) were destroyed without a despawn; forgetting them
[nebula] 0 entity object(s) were destroyed without a despawn; forgetting them
[nebula] 0 entity object(s) were destroyed without a despawn; forgetting them
[nebula] 0 entity object(s) were destroyed without a despawn; forgetting them
[nebula] 0 entity object(s) were destroyed without a despawn; forgetting them
[nebula] 0 entity object(s) were destroyed without a despawn; forgetting them
[nebula] 0 entity object(s) were destroyed without a despawn; forgetting them
[nebula] 0 entity object(s) were destroyed without a despawn; forgetting them
[nebula] 0 entity object(s) were destroyed without a despawn; forgetting them
[nebula] 0 entity object(s) were destroyed without a despawn; forgetting them
[nebula] 0 entity object(s) were destroyed without a despawn; forgetting them
[nebula] 0 entity object(s) were destroyed without a despawn; forgetting them
[nebula] 0 entity object(s) were destroyed without a despawn; forgetting them
[nebula] 0 entity object(s) were destroyed without a despawn; forgetting them
[nebula] 0 entity object(s) were destroyed without a despawn; forgetting them
[nebula] 0 entity object(s) were destroyed without a despawn; forgetting them
[nebula] 0 entity object(s) were destroyed without a despawn; forgetting them
[nebula] 0 entity object(s) were destroyed without a despawn; forgetting them
[nebula] 0 entity object(s) were destroyed without a despawn; forgetting them
[nebula] 0 entity object(s) were destroyed without a despawn; forgetting them
[nebula] 0 entity object(s) were destroyed without a despawn; forgetting them
[nebula] 0 entity object(s) were destroyed without a despawn; forgetting them
[nebula] 0 entity object(s) were destroyed without a despawn; forgetting them
[nebula] 0 entity object(s) were destroyed without a despawn; forgetting them
[nebula] 0 entity object(s) were destroyed without a despawn; forgetting them
[nebula] 0 entity object(s) were destroyed without a despawn; forgetting them
[nebula] 0 entity object(s) were destroyed without a despawn; forgetting them
[nebula] 0 entity object(s) were destroyed without a despawn; forgetting them
[nebula] 0 entity object(s) were destroyed without a despawn; forgetting them
[nebula] 0 entity object(s) were destroyed without a despawn; forgetting them
[nebula] 0 entity object(s) were destroyed without a despawn; forgetting them
[nebula] 0 entity object(s) were destroyed without a despawn; forgetting them
[nebula] 0 entity object(s) were destroyed without a despawn; forgetting them
[nebula] 0 entity object(s) were destroyed without a despawn; forgetting them
[nebula] 0 entity object(s) were destroyed without a despawn; forgetting them
[nebula] 0 entity object(s) were destroyed without a despawn; forgetting them
[nebula] local handover Player(Clone)#844424930131970(e2,rt_79164839297023,auth) rt_74766792785919 -> rt_79164839297023
[nebula] 0 entity object(s) were destroyed without a despawn; forgetting them
[nebula] 0 entity object(s) were destroyed without a despawn; forgetting them
[nebula] 0 entity object(s) were destroyed without a despawn; forgetting them
[nebula] 0 entity object(s) were destroyed without a despawn; forgetting them
[nebula] 0 entity object(s) were destroyed without a despawn; forgetting them
[nebula] 0 entity object(s) were destroyed without a despawn; forgetting them
[nebula] 0 entity object(s) were destroyed without a despawn; forgetting them
[nebula] 0 entity object(s) were destroyed without a despawn; forgetting them
[nebula] 0 entity object(s) were destroyed without a despawn; forgetting them
[nebula] 0 entity object(s) were destroyed without a despawn; forgetting them
[nebula] 0 entity object(s) were destroyed without a despawn; forgetting them
[nebula] 0 entity object(s) were destroyed without a despawn; forgetting them
[nebula] 0 entity object(s) were destroyed without a despawn; forgetting them
[nebula] 0 entity object(s) were destroyed without a despawn; forgetting them
[nebula] 0 entity object(s) were destroyed without a despawn; forgetting them
[nebula] 0 entity object(s) were destroyed without a despawn; forgetting them
[nebula] 0 entity object(s) were destroyed without a despawn; forgetting them
[nebula] 0 entity object(s) were destroyed without a despawn; forgetting them
[nebula] 0 entity object(s) were destroyed without a despawn; forgetting them
[nebula] 0 entity object(s) were destroyed without a despawn; forgetting them
[nebula] 0 entity object(s) were destroyed without a despawn; forgetting them
[nebula] 0 entity object(s) were destroyed without a despawn; forgetting them
[nebula] 0 entity object(s) were destroyed without a despawn; forgetting them
[nebula] 0 entity object(s) were destroyed without a despawn; forgetting them
[nebula] 0 entity object(s) were destroyed without a despawn; forgetting them
[nebula] 0 entity object(s) were destroyed without a despawn; forgetting them
[nebula] 0 entity object(s) were destroyed without a despawn; forgetting them
[nebula] 0 entity object(s) were destroyed without a despawn; forgetting them
[nebula] 0 entity object(s) were destroyed without a despawn; forgetting them
[nebula] 0 entity object(s) were destroyed without a despawn; forgetting them
[nebula] 0 entity object(s) were destroyed without a despawn; forgetting them
[nebula] 0 entity object(s) were destroyed without a despawn; forgetting them
[nebula] 0 entity object(s) were destroyed without a despawn; forgetting them
[nebula] 0 entity object(s) were destroyed without a despawn; forgetting them
[nebula] 0 entity object(s) were destroyed without a despawn; forgetting them
[nebula] 0 entity object(s) were destroyed without a despawn; forgetting them
[nebula] 0 entity object(s) were destroyed without a despawn; forgetting them
[nebula] 0 entity object(s) were destroyed without a despawn; forgetting them
[nebula] 0 entity object(s) were destroyed without a despawn; forgetting them
[nebula] 0 entity object(s) were destroyed without a despawn; forgetting them
[nebula] 0 entity object(s) were destroyed without a despawn; forgetting them
[nebula] 0 entity object(s) were destroyed without a despawn; forgetting them
[nebula] 0 entity object(s) were destroyed without a despawn; forgetting them
[nebula] 0 entity object(s) were destroyed without a despawn; forgetting them
[nebula] 0 entity object(s) were destroyed without a despawn; forgetting them
[nebula] 0 entity object(s) were destroyed without a despawn; forgetting them
[nebula] 0 entity object(s) were destroyed without a despawn; forgetting them
[nebula] 0 entity object(s) were destroyed without a despawn; forgetting them
[nebula] 0 entity object(s) were destroyed without a despawn; forgetting them
[nebula] 0 entity object(s) were destroyed without a despawn; forgetting them
[nebula] 0 entity object(s) were destroyed without a despawn; forgetting them
[nebula] 0 entity object(s) were destroyed without a despawn; forgetting them
[nebula] 0 entity object(s) were destroyed without a despawn; forgetting them
[nebula] 0 entity object(s) were destroyed without a despawn; forgetting them
[nebula] 0 entity object(s) were destroyed without a despawn; forgetting them
[nebula] 0 entity object(s) were destroyed without a despawn; forgetting them
[nebula] 0 entity object(s) were destroyed without a despawn; forgetting them
[nebula] 0 entity object(s) were destroyed without a despawn; forgetting them
[nebula] 0 entity object(s) were destroyed without a despawn; forgetting them
[nebula] 0 entity object(s) were destroyed without a despawn; forgetting them
[nebula] 0 entity object(s) were destroyed without a despawn; forgetting them
[nebula] 0 entity object(s) were destroyed without a despawn; forgetting them
[nebula] 0 entity object(s) were destroyed without a despawn; forgetting them
[nebula] 0 entity object(s) were destroyed without a despawn; forgetting them
[nebula] 0 entity object(s) were destroyed without a despawn; forgetting them
[nebula] 0 entity object(s) were destroyed without a despawn; forgetting them
[nebula] spawned Prop(Clone)#281474976710721(e1,rt_79164839297023,auth)
[nebula] 0 entity object(s) were destroyed without a despawn; forgetting them
[nebula] 0 entity object(s) were destroyed without a despawn; forgetting them
[nebula] 0 entity object(s) were destroyed without a despawn; forgetting them
[nebula] 0 entity object(s) were destroyed without a despawn; forgetting them
[nebula] 0 entity object(s) were destroyed without a despawn; forgetting them
[nebula] 0 entity object(s) were destroyed without a despawn; forgetting them
[nebula] 0 entity object(s) were destroyed without a despawn; forgetting them
[nebula] 0 entity object(s) were destroyed without a despawn; forgetting them
[nebula] 0 entity object(s) were destroyed without a despawn; forgetting them
[nebula] 0 entity object(s) were destroyed without a despawn; forgetting them
[nebula] 0 entity object(s) were destroyed without a despawn; forgetting them
[nebula] 0 entity object(s) were destroyed without a despawn; forgetting them
[nebula] 0 entity object(s) were destroyed without a despawn; forgetting them
[nebula] 0 entity object(s) were destroyed without a despawn; forgetting them
[nebula] 0 entity object(s) were destroyed without a despawn; forgetting them
[nebula] 0 entity object(s) were destroyed without a despawn; forgetting them
[nebula] 0 entity object(s) were destroyed without a despawn; forgetting them
[nebula] 0 entity object(s) were destroyed without a despawn; forgetting them
[nebula] 0 entity object(s) were destroyed without a despawn; forgetting them
[nebula] 0 entity object(s) were destroyed without a despawn; forgetting them
[nebula] 0 entity object(s) were destroyed without a despawn; forgetting them
[nebula] 0 entity object(s) were destroyed without a despawn; forgetting them
[nebula] 0 entity object(s) were destroyed without a despawn; forgetting them
[nebula] 0 entity object(s) were destroyed without a despawn; forgetting them
[nebula] 0 entity object(s) were destroyed without a despawn; forgetting them
[nebula] 0 entity object(s) were destroyed without a despawn; forgetting them
[nebula] 0 entity object(s) were destroyed without a despawn; forgetting them
[nebula] 0 entity object(s) were destroyed without a despawn; forgetting them
[nebula] 0 entity object(s) were destroyed without a despawn; forgetting them
[nebula] 0 entity object(s) were destroyed without a despawn; forgetting them
[nebula] 0 entity object(s) were destroyed without a despawn; forgetting them
[nebula] 0 entity object(s) were destroyed without a despawn; forgetting them
[nebula] 0 entity object(s) were destroyed without a despawn; forgetting them
[nebula] 0 entity object(s) were destroyed without a despawn; forgetting them
[nebula] 0 entity object(s) were destroyed without a despawn; forgetting them
[nebula] 0 entity object(s) were destroyed without a despawn; forgetting them
[nebula] 0 entity object(s) were destroyed without a despawn; forgetting them
[nebula] 0 entity object(s) were destroyed without a despawn; forgetting them
[nebula] 0 entity object(s) were destroyed without a despawn; forgetting them
[nebula] 0 entity object(s) were destroyed without a despawn; forgetting them
[nebula] 0 entity object(s) were destroyed without a despawn; forgetting them
[nebula] 0 entity object(s) were destroyed without a despawn; forgetting them
[nebula] 0 entity object(s) were destroyed without a despawn; forgetting them
[nebula] 0 entity object(s) were destroyed without a despawn; forgetting them
[nebula] 0 entity object(s) were destroyed without a despawn; forgetting them
[nebula] 0 entity object(s) were destroyed without a despawn; forgetting them
[nebula] 0 entity object(s) were destroyed without a despawn; forgetting them
[nebula] 0 entity object(s) were destroyed without a despawn; forgetting them
[nebula] 0 entity object(s) were destroyed without a despawn; forgetting them
[nebula] 0 entity object(s) were destroyed without a despawn; forgetting them
[nebula] 0 entity object(s) were destroyed without a despawn; forgetting them
[nebula] 0 entity object(s) were destroyed without a despawn; forgetting them
[nebula] 0 entity object(s) were destroyed without a despawn; forgetting them
[nebula] 0 entity object(s) were destroyed without a despawn; forgetting them
[nebula] 0 entity object(s) were destroyed without a despawn; forgetting them
[nebula] 0 entity object(s) were destroyed without a despawn; forgetting them
[nebula] 0 entity object(s) were destroyed without a despawn; forgetting them
[nebula] 0 entity object(s) were destroyed without a despawn; forgetting them
[nebula] 0 entity object(s) were destroyed without a despawn; forgetting them
[nebula] 0 entity object(s) were destroyed without a despawn; forgetting them
[nebula] 0 entity object(s) were destroyed without a despawn; forgetting them
[nebula] 0 entity object(s) were destroyed without a despawn; forgetting them
[nebula] 0 entity object(s) were destroyed without a despawn; forgetting them
[nebula] 0 entity object(s) were destroyed without a despawn; forgetting them
[nebula] 0 entity object(s) were destroyed without a despawn; forgetting them
[nebula] 0 entity object(s) were destroyed without a despawn; forgetting them
[nebula] 0 entity object(s) were destroyed without a despawn; forgetting them
[nebula] 0 entity object(s) were destroyed without a despawn; forgetting them
[nebula] 0 entity object(s) were destroyed without a despawn; forgetting them
[nebula] 0 entity object(s) were destroyed without a despawn; forgetting them
[nebula] 0 entity object(s) were destroyed without a despawn; forgetting them
[nebula] 0 entity object(s) were destroyed without a despawn; forgetting them
[nebula] 0 entity object(s) were destroyed without a despawn; forgetting them
[nebula] 0 entity object(s) were destroyed without a despawn; forgetting them
[nebula] 0 entity object(s) were destroyed without a despawn; forgetting them
[nebula] 0 entity object(s) were destroyed without a despawn; forgetting them
[nebula] 0 entity object(s) were destroyed without a despawn; forgetting them
[nebula] 0 entity object(s) were destroyed without a despawn; forgetting them
[nebula] 0 entity object(s) were destroyed without a despawn; forgetting them
[nebula] 0 entity object(s) were destroyed without a despawn; forgetting them
[nebula] 0 entity object(s) were destroyed without a despawn; forgetting them
[nebula] 0 entity object(s) were destroyed without a despawn; forgetting them
[nebula] 0 entity object(s) were destroyed without a despawn; forgetting them
[nebula] 0 entity object(s) were destroyed without a despawn; forgetting them
[nebula] 0 entity object(s) were destroyed without a despawn; forgetting them
[nebula] 0 entity object(s) were destroyed without a despawn; forgetting them
[nebula] 0 entity object(s) were destroyed without a despawn; forgetting them
[nebula] 0 entity object(s) were destroyed without a despawn; forgetting them
[nebula] 0 entity object(s) were destroyed without a despawn; forgetting them
[nebula] 0 entity object(s) were destroyed without a despawn; forgetting them
[nebula] 0 entity object(s) were destroyed without a despawn; forgetting them
[nebula] 0 entity object(s) were destroyed without a despawn; forgetting them
[nebula] 0 entity object(s) were destroyed without a despawn; forgetting them
[nebula] 0 entity object(s) were destroyed without a despawn; forgetting them
[nebula] 0 entity object(s) were destroyed without a despawn; forgetting them
[nebula] 0 entity object(s) were destroyed without a despawn; forgetting them
[nebula] 0 entity object(s) were destroyed without a despawn; forgetting them
[nebula] 0 entity object(s) were destroyed without a despawn; forgetting them
[nebula] 0 entity object(s) were destroyed without a despawn; forgetting them
[nebula] 0 entity object(s) were destroyed without a despawn; forgetting them
[nebula] 0 entity object(s) were destroyed without a despawn; forgetting them
[nebula] 0 entity object(s) were destroyed without a despawn; forgetting them
[nebula] 0 entity object(s) were destroyed without a despawn; forgetting them
[nebula] 0 entity object(s) were destroyed without a despawn; forgetting them
[nebula] 0 entity object(s) were destroyed without a despawn; forgetting them
[nebula] 0 entity object(s) were destroyed without a despawn; forgetting them
[nebula] 0 entity object(s) were destroyed without a despawn; forgetting them
[nebula] 0 entity object(s) were destroyed without a despawn; forgetting them
[nebula] 0 entity object(s) were destroyed without a despawn; forgetting them
[nebula] 0 entity object(s) were destroyed without a despawn; forgetting them
[nebula] 0 entity object(s) were destroyed without a despawn; forgetting them
[nebula] 0 entity object(s) were destroyed without a despawn; forgetting them
[nebula] 0 entity object(s) were destroyed without a despawn; forgetting them
[nebula] 0 entity object(s) were destroyed without a despawn; forgetting them
[nebula] 0 entity object(s) were destroyed without a despawn; forgetting them
[nebula] 0 entity object(s) were destroyed without a despawn; forgetting them
[nebula] 0 entity object(s) were destroyed without a despawn; forgetting them
[nebula] 0 entity object(s) were destroyed without a despawn; forgetting them
[nebula] 0 entity object(s) were destroyed without a despawn; forgetting them
[nebula] 0 entity object(s) were destroyed without a despawn; forgetting them
[nebula] 0 entity object(s) were destroyed without a despawn; forgetting them
[nebula] 0 entity object(s) were destroyed without a despawn; forgetting them
[nebula] 0 entity object(s) were destroyed without a despawn; forgetting them
[nebula] 0 entity object(s) were destroyed without a despawn; forgetting them
[nebula] 0 entity object(s) were destroyed without a despawn; forgetting them
[nebula] 0 entity object(s) were destroyed without a despawn; forgetting them
[nebula] 0 entity object(s) were destroyed without a despawn; forgetting them
[nebula] 0 entity object(s) were destroyed without a despawn; forgetting them
[nebula] 0 entity object(s) were destroyed without a despawn; forgetting them
[nebula] 0 entity object(s) were destroyed without a despawn; forgetting them
[nebula] 0 entity object(s) were destroyed without a despawn; forgetting them
[nebula] 0 entity object(s) were destroyed without a despawn; forgetting them
[nebula] 0 entity object(s) were destroyed without a despawn; forgetting them
[nebula] 0 entity object(s) were destroyed without a despawn; forgetting them
[nebula] 0 entity object(s) were destroyed without a despawn; forgetting them
[nebula] 0 entity object(s) were destroyed without a despawn; forgetting them
[nebula] 0 entity object(s) were destroyed without a despawn; forgetting them
[nebula] 0 entity object(s) were destroyed without a despawn; forgetting them
[nebula] 0 entity object(s) were destroyed without a despawn; forgetting them
[nebula] 0 entity object(s) were destroyed without a despawn; forgetting them
[nebula] 0 entity object(s) were destroyed without a despawn; forgetting them
[nebula] 0 entity object(s) were destroyed without a despawn; forgetting them
[nebula] 0 entity object(s) were destroyed without a despawn; forgetting them
[nebula] 0 entity object(s) were destroyed without a despawn; forgetting them
[nebula] 0 entity object(s) were destroyed without a despawn; forgetting them
[nebula] 0 entity object(s) were destroyed without a despawn; forgetting them
[nebula] 0 entity object(s) were destroyed without a despawn; forgetting them
[nebula] 0 entity object(s) were destroyed without a despawn; forgetting them
[nebula] 0 entity object(s) were destroyed without a despawn; forgetting them
[nebula] 0 entity object(s) were destroyed without a despawn; forgetting them
[nebula] 0 entity object(s) were destroyed without a despawn; forgetting them
[nebula] profile 300 ticks/5s 300 frames avg 0.8ms max 1.3ms dup 0 skip 0 gc 65 auth 32 ghosts 0 | poll=0.01 ghosts=0.00 physics.sync=0.00 simulate=0.01 poses=0.04 containers=0.57 band=0.02 publish=0.02 gap=15.85 interest=0.01
[nebula] 0 entity object(s) were destroyed without a despawn; forgetting them
[nebula] 0 entity object(s) were destroyed without a despawn; forgetting them
[nebula] 0 entity object(s) were destroyed without a despawn; forgetting them
[nebula] 0 entity object(s) were destroyed without a despawn; forgetting them
[nebula] 0 entity object(s) were destroyed without a despawn; forgetting them
[nebula] 0 entity object(s) were destroyed without a despawn; forgetting them
[nebula] 0 entity object(s) were destroyed without a despawn; forgetting them
[nebula] 0 entity object(s) were destroyed without a despawn; forgetting them
[nebula] 0 entity object(s) were destroyed without a despawn; forgetting them
[nebula] 0 entity object(s) were destroyed without a despawn; forgetting them
[nebula] 0 entity object(s) were destroyed without a despawn; forgetting them
[nebula] 0 entity object(s) were destroyed without a despawn; forgetting them
[nebula] 0 entity object(s) were destroyed without a despawn; forgetting them
[nebula] 0 entity object(s) were destroyed without a despawn; forgetting them
[nebula] 0 entity object(s) were destroyed without a despawn; forgetting them
[nebula] 0 entity object(s) were destroyed without a despawn; forgetting them
[nebula] 0 entity object(s) were destroyed without a despawn; forgetting them
[nebula] 0 entity object(s) were destroyed without a despawn; forgetting them
[nebula] 0 entity object(s) were destroyed without a despawn; forgetting them
[nebula] 0 entity object(s) were destroyed without a despawn; forgetting them
[nebula] 0 entity object(s) were destroyed without a despawn; forgetting them
[nebula] 0 entity object(s) were destroyed without a despawn; forgetting them
[nebula] 0 entity object(s) were destroyed without a despawn; forgetting them
[nebula] 0 entity object(s) were destroyed without a despawn; forgetting them
[nebula] 0 entity object(s) were destroyed without a despawn; forgetting them
[nebula] 0 entity object(s) were destroyed without a despawn; forgetting them
[nebula] 0 entity object(s) were destroyed without a despawn; forgetting them
[nebula] 0 entity object(s) were destroyed without a despawn; forgetting them
[nebula] 0 entity object(s) were destroyed without a despawn; forgetting them
[nebula] spawned Prop(Clone)#281474976710722(e1,rt_79164839297023,auth)
[nebula] 0 entity object(s) were destroyed without a despawn; forgetting them
[nebula] 0 entity object(s) were destroyed without a despawn; forgetting them
[nebula] 0 entity object(s) were destroyed without a despawn; forgetting them
[nebula] 0 entity object(s) were destroyed without a despawn; forgetting them
[nebula] 0 entity object(s) were destroyed without a despawn; forgetting them
[nebula] 0 entity object(s) were destroyed without a despawn; forgetting them
[nebula] 0 entity object(s) were destroyed without a despawn; forgetting them
[nebula] 0 entity object(s) were destroyed without a despawn; forgetting them
[nebula] 0 entity object(s) were destroyed without a despawn; forgetting them
[nebula] 0 entity object(s) were destroyed without a despawn; forgetting them
[nebula] 0 entity object(s) were destroyed without a despawn; forgetting them
[nebula] 0 entity object(s) were destroyed without a despawn; forgetting them
[nebula] 0 entity object(s) were destroyed without a despawn; forgetting them
[nebula] 0 entity object(s) were destroyed without a despawn; forgetting them
[nebula] 0 entity object(s) were destroyed without a despawn; forgetting them
[nebula] 0 entity object(s) were destroyed without a despawn; forgetting them
[nebula] 0 entity object(s) were destroyed without a despawn; forgetting them
[nebula] 0 entity object(s) were destroyed without a despawn; forgetting them
[nebula] 0 entity object(s) were destroyed without a despawn; forgetting them
[nebula] 0 entity object(s) were destroyed without a despawn; forgetting them
[nebula] 0 entity object(s) were destroyed without a despawn; forgetting them
[nebula] 0 entity object(s) were destroyed without a despawn; forgetting them
[nebula] 0 entity object(s) were destroyed without a despawn; forgetting them
[nebula] 0 entity object(s) were destroyed without a despawn; forgetting them
[nebula] 0 entity object(s) were destroyed without a despawn; forgetting them
[nebula] 0 entity object(s) were destroyed without a despawn; forgetting them
[nebula] 0 entity object(s) were destroyed without a despawn; forgetting them
[nebula] 0 entity object(s) were destroyed without a despawn; forgetting them
[nebula] 0 entity object(s) were destroyed without a despawn; forgetting them
[nebula] 0 entity object(s) were destroyed without a despawn; forgetting them
[nebula] 0 entity object(s) were destroyed without a despawn; forgetting them
[nebula] 0 entity object(s) were destroyed without a despawn; forgetting them
[nebula] 0 entity object(s) were destroyed without a despawn; forgetting them
[nebula] 0 entity object(s) were destroyed without a despawn; forgetting them
[nebula] 0 entity object(s) were destroyed without a despawn; forgetting them
[nebula] 0 entity object(s) were destroyed without a despawn; forgetting them
[nebula] 0 entity object(s) were destroyed without a despawn; forgetting them
[nebula] 0 entity object(s) were destroyed without a despawn; forgetting them
[nebula] 0 entity object(s) were destroyed without a despawn; forgetting them
[nebula] 0 entity object(s) were destroyed without a despawn; forgetting them
[nebula] 0 entity object(s) were destroyed without a despawn; forgetting them
[nebula] 0 entity object(s) were destroyed without a despawn; forgetting them
[nebula] 0 entity object(s) were destroyed without a despawn; forgetting them
[nebula] 0 entity object(s) were destroyed without a despawn; forgetting them
[nebula] 0 entity object(s) were destroyed without a despawn; forgetting them
[nebula] 0 entity object(s) were destroyed without a despawn; forgetting them
[nebula] 0 entity object(s) were destroyed without a despawn; forgetting them
[nebula] 0 entity object(s) were destroyed without a despawn; forgetting them
[nebula] 0 entity object(s) were destroyed without a despawn; forgetting them
[nebula] 0 entity object(s) were destroyed without a despawn; forgetting them
[nebula] 0 entity object(s) were destroyed without a despawn; forgetting them
[nebula] 0 entity object(s) were destroyed without a despawn; forgetting them
[nebula] 0 entity object(s) were destroyed without a despawn; forgetting them
[nebula] 0 entity object(s) were destroyed without a despawn; forgetting them
[nebula] 0 entity object(s) were destroyed without a despawn; forgetting them
[nebula] 0 entity object(s) were destroyed without a despawn; forgetting them
[nebula] 0 entity object(s) were destroyed without a despawn; forgetting them
[nebula] 0 entity object(s) were destroyed without a despawn; forgetting them
[nebula] 0 entity object(s) were destroyed without a despawn; forgetting them
[nebula] 0 entity object(s) were destroyed without a despawn; forgetting them
[nebula] 0 entity object(s) were destroyed without a despawn; forgetting them
[nebula] 0 entity object(s) were destroyed without a despawn; forgetting them
[nebula] 0 entity object(s) were destroyed without a despawn; forgetting them
[nebula] 0 entity object(s) were destroyed without a despawn; forgetting them
[nebula] 0 entity object(s) were destroyed without a despawn; forgetting them
[nebula] 0 entity object(s) were destroyed without a despawn; forgetting them
[nebula] 0 entity object(s) were destroyed without a despawn; forgetting them
[nebula] 0 entity object(s) were destroyed without a despawn; forgetting them
[nebula] 0 entity object(s) were destroyed without a despawn; forgetting them
[nebula] 0 entity object(s) were destroyed without a despawn; forgetting them
[nebula] 0 entity object(s) were destroyed without a despawn; forgetting them
[nebula] 0 entity object(s) were destroyed without a despawn; forgetting them
[nebula] 0 entity object(s) were destroyed without a despawn; forgetting them
[nebula] 0 entity object(s) were destroyed without a despawn; forgetting them
[nebula] 0 entity object(s) were destroyed without a despawn; forgetting them
[nebula] 0 entity object(s) were destroyed without a despawn; forgetting them
[nebula] 0 entity object(s) were destroyed without a despawn; forgetting them
[nebula] 0 entity object(s) were destroyed without a despawn; forgetting them
[nebula] 0 entity object(s) were destroyed without a despawn; forgetting them
[nebula] 0 entity object(s) were destroyed without a despawn; forgetting them
[nebula] 0 entity object(s) were destroyed without a despawn; forgetting them
[nebula] 0 entity object(s) were destroyed without a despawn; forgetting them
[nebula] 0 entity object(s) were destroyed without a despawn; forgetting them
[nebula] 0 entity object(s) were destroyed without a despawn; forgetting them
[nebula] 0 entity object(s) were destroyed without a despawn; forgetting them
[nebula] 0 entity object(s) were destroyed without a despawn; forgetting them
[nebula] 0 entity object(s) were destroyed without a despawn; forgetting them
[nebula] 0 entity object(s) were destroyed without a despawn; forgetting them
[nebula] 0 entity object(s) were destroyed without a despawn; forgetting them
[nebula] 0 entity object(s) were destroyed without a despawn; forgetting them
[nebula] 0 entity object(s) were destroyed without a despawn; forgetting them
[nebula] 0 entity object(s) were destroyed without a despawn; forgetting them
[nebula] 0 entity object(s) were destroyed without a despawn; forgetting them
[nebula] 0 entity object(s) were destroyed without a despawn; forgetting them
[nebula] 0 entity object(s) were destroyed without a despawn; forgetting them
[nebula] 0 entity object(s) were destroyed without a despawn; forgetting them
[nebula] 0 entity object(s) were destroyed without a despawn; forgetting them
[nebula] 0 entity object(s) were destroyed without a despawn; forgetting them
[nebula] 0 entity object(s) were destroyed without a despawn; forgetting them
[nebula] 0 entity object(s) were destroyed without a despawn; forgetting them
[nebula] 0 entity object(s) were destroyed without a despawn; forgetting them
[nebula] 0 entity object(s) were destroyed without a despawn; forgetting them
[nebula] 0 entity object(s) were destroyed without a despawn; forgetting them
[nebula] 0 entity object(s) were destroyed without a despawn; forgetting them
[nebula] 0 entity object(s) were destroyed without a despawn; forgetting them
[nebula] 0 entity object(s) were destroyed without a despawn; forgetting them
[nebula] 0 entity object(s) were destroyed without a despawn; forgetting them
[nebula] 0 entity object(s) were destroyed without a despawn; forgetting them
[nebula] 0 entity object(s) were destroyed without a despawn; forgetting them
[nebula] 0 entity object(s) were destroyed without a despawn; forgetting them
[nebula] 0 entity object(s) were destroyed without a despawn; forgetting them
[nebula] 0 entity object(s) were destroyed without a despawn; forgetting them
[nebula] 0 entity object(s) were destroyed without a despawn; forgetting them
[nebula] 0 entity object(s) were destroyed without a despawn; forgetting them
[nebula] 0 entity object(s) were destroyed without a despawn; forgetting them
[nebula] 0 entity object(s) were destroyed without a despawn; forgetting them
[nebula] 0 entity object(s) were destroyed without a despawn; forgetting them
[nebula] 0 entity object(s) were destroyed without a despawn; forgetting them
[nebula] 0 entity object(s) were destroyed without a despawn; forgetting them
[nebula] 0 entity object(s) were destroyed without a despawn; forgetting them
[nebula] 0 entity object(s) were destroyed without a despawn; forgetting them
[nebula] 0 entity object(s) were destroyed without a despawn; forgetting them
[nebula] 0 entity object(s) were destroyed without a despawn; forgetting them
[nebula] 0 entity object(s) were destroyed without a despawn; forgetting them
[nebula] 0 entity object(s) were destroyed without a despawn; forgetting them
[nebula] 0 entity object(s) were destroyed without a despawn; forgetting them
[nebula] 0 entity object(s) were destroyed without a despawn; forgetting them
[nebula] 0 entity object(s) were destroyed without a despawn; forgetting them
[nebula] 0 entity object(s) were destroyed without a despawn; forgetting them
[nebula] 0 entity object(s) were destroyed without a despawn; forgetting them
[nebula] 0 entity object(s) were destroyed without a despawn; forgetting them
[nebula] 0 entity object(s) were destroyed without a despawn; forgetting them
[nebula] 0 entity object(s) were destroyed without a despawn; forgetting them
[nebula] 0 entity object(s) were destroyed without a despawn; forgetting them
[nebula] 0 entity object(s) were destroyed without a despawn; forgetting them
[nebula] 0 entity object(s) were destroyed without a despawn; forgetting them
[nebula] 0 entity object(s) were destroyed without a despawn; forgetting them
[nebula] 0 entity object(s) were destroyed without a despawn; forgetting them
[nebula] 0 entity object(s) were destroyed without a despawn; forgetting them
[nebula] 0 entity object(s) were destroyed without a despawn; forgetting them
[nebula] 0 entity object(s) were destroyed without a despawn; forgetting them
[nebula] 0 entity object(s) were destroyed without a despawn; forgetting them
[nebula] 0 entity object(s) were destroyed without a despawn; forgetting them
[nebula] 0 entity object(s) were destroyed without a despawn; forgetting them
[nebula] 0 entity object(s) were destroyed without a despawn; forgetting them
[nebula] 0 entity object(s) were destroyed without a despawn; forgetting them
[nebula] 0 entity object(s) were destroyed without a despawn; forgetting them
[nebula] 0 entity object(s) were destroyed without a despawn; forgetting them
[nebula] 0 entity object(s) were destroyed without a despawn; forgetting them
[nebula] 0 entity object(s) were destroyed without a despawn; forgetting them
[nebula] 0 entity object(s) were destroyed without a despawn; forgetting them
[nebula] 0 entity object(s) were destroyed without a despawn; forgetting them
[nebula] 0 entity object(s) were destroyed without a despawn; forgetting them
[nebula] 0 entity object(s) were destroyed without a despawn; forgetting them
[nebula] 0 entity object(s) were destroyed without a despawn; forgetting them
[nebula] 0 entity object(s) were destroyed without a despawn; forgetting them
[nebula] 0 entity object(s) were destroyed without a despawn; forgetting them
[nebula] 0 entity object(s) were destroyed without a despawn; forgetting them
[nebula] 0 entity object(s) were destroyed without a despawn; forgetting them
[nebula] 0 entity object(s) were destroyed without a despawn; forgetting them
[nebula] 0 entity object(s) were destroyed without a despawn; forgetting them
[nebula] 0 entity object(s) were destroyed without a despawn; forgetting them
[nebula] 0 entity object(s) were destroyed without a despawn; forgetting them
[nebula] 0 entity object(s) were destroyed without a despawn; forgetting them
[nebula] 0 entity object(s) were destroyed without a despawn; forgetting them
[nebula] 0 entity object(s) were destroyed without a despawn; forgetting them
[nebula] 0 entity object(s) were destroyed without a despawn; forgetting them
[nebula] 0 entity object(s) were destroyed without a despawn; forgetting them
[nebula] 0 entity object(s) were destroyed without a despawn; forgetting them
[nebula] 0 entity object(s) were destroyed without a despawn; forgetting them
[nebula] 0 entity object(s) were destroyed without a despawn; forgetting them
[nebula] 0 entity object(s) were destroyed without a despawn; forgetting them
[nebula] 0 entity object(s) were destroyed without a despawn; forgetting them
[nebula] 0 entity object(s) were destroyed without a despawn; forgetting them
[nebula] 0 entity object(s) were destroyed without a despawn; forgetting them
[nebula] 0 entity object(s) were destroyed without a despawn; forgetting them
[nebula] 0 entity object(s) were destroyed without a despawn; forgetting them
[nebula] 0 entity object(s) were destroyed without a despawn; forgetting them
[nebula] 0 entity object(s) were destroyed without a despawn; forgetting them
[nebula] 0 entity object(s) were destroyed without a despawn; forgetting them
[nebula] spawned Prop(Clone)#281474976710723(e1,rt_79164839297023,auth)
[nebula] 0 entity object(s) were destroyed without a despawn; forgetting them
[nebula] 0 entity object(s) were destroyed without a despawn; forgetting them
[nebula] 0 entity object(s) were destroyed without a despawn; forgetting them
[nebula] 0 entity object(s) were destroyed without a despawn; forgetting them
[nebula] 0 entity object(s) were destroyed without a despawn; forgetting them
[nebula] 0 entity object(s) were destroyed without a despawn; forgetting them
[nebula] 0 entity object(s) were destroyed without a despawn; forgetting them
[nebula] 0 entity object(s) were destroyed without a despawn; forgetting them
[nebula] 0 entity object(s) were destroyed without a despawn; forgetting them
[nebula] 0 entity object(s) were destroyed without a despawn; forgetting them
[nebula] 0 entity object(s) were destroyed without a despawn; forgetting them
[nebula] 0 entity object(s) were destroyed without a despawn; forgetting them
[nebula] 0 entity object(s) were destroyed without a despawn; forgetting them
[nebula] 0 entity object(s) were destroyed without a despawn; forgetting them
[nebula] 0 entity object(s) were destroyed without a despawn; forgetting them
[nebula] 0 entity object(s) were destroyed without a despawn; forgetting them
[nebula] 0 entity object(s) were destroyed without a despawn; forgetting them
[nebula] 0 entity object(s) were destroyed without a despawn; forgetting them
[nebula] 0 entity object(s) were destroyed without a despawn; forgetting them
[nebula] 0 entity object(s) were destroyed without a despawn; forgetting them
[nebula] 0 entity object(s) were destroyed without a despawn; forgetting them
[nebula] 0 entity object(s) were destroyed without a despawn; forgetting them
[nebula] 0 entity object(s) were destroyed without a despawn; forgetting them
[nebula] 0 entity object(s) were destroyed without a despawn; forgetting them
[nebula] 0 entity object(s) were destroyed without a despawn; forgetting them
[nebula] 0 entity object(s) were destroyed without a despawn; forgetting them
[nebula] 0 entity object(s) were destroyed without a despawn; forgetting them
[nebula] 0 entity object(s) were destroyed without a despawn; forgetting them
[nebula] 0 entity object(s) were destroyed without a despawn; forgetting them
[nebula] 0 entity object(s) were destroyed without a despawn; forgetting them
[nebula] 0 entity object(s) were destroyed without a despawn; forgetting them
[nebula] 0 entity object(s) were destroyed without a despawn; forgetting them
[nebula] 0 entity object(s) were destroyed without a despawn; forgetting them
[nebula] 0 entity object(s) were destroyed without a despawn; forgetting them
[nebula] 0 entity object(s) were destroyed without a despawn; forgetting them
[nebula] 0 entity object(s) were destroyed without a despawn; forgetting them
[nebula] 0 entity object(s) were destroyed without a despawn; forgetting them
[nebula] 0 entity object(s) were destroyed without a despawn; forgetting them
[nebula] 0 entity object(s) were destroyed without a despawn; forgetting them
[nebula] 0 entity object(s) were destroyed without a despawn; forgetting them
[nebula] 0 entity object(s) were destroyed without a despawn; forgetting them
[nebula] 0 entity object(s) were destroyed without a despawn; forgetting them
[nebula] 0 entity object(s) were destroyed without a despawn; forgetting them
[nebula] 0 entity object(s) were destroyed without a despawn; forgetting them
[nebula] 0 entity object(s) were destroyed without a despawn; forgetting them
[nebula] 0 entity object(s) were destroyed without a despawn; forgetting them
[nebula] 0 entity object(s) were destroyed without a despawn; forgetting them
[nebula] 0 entity object(s) were destroyed without a despawn; forgetting them
[nebula] 0 entity object(s) were destroyed without a despawn; forgetting them
[nebula] 0 entity object(s) were destroyed without a despawn; forgetting them
[nebula] 0 entity object(s) were destroyed without a despawn; forgetting them
[nebula] 0 entity object(s) were destroyed without a despawn; forgetting them
[nebula] 0 entity object(s) were destroyed without a despawn; forgetting them
[nebula] 0 entity object(s) were destroyed without a despawn; forgetting them
[nebula] 0 entity object(s) were destroyed without a despawn; forgetting them
[nebula] 0 entity object(s) were destroyed without a despawn; forgetting them
[nebula] 0 entity object(s) were destroyed without a despawn; forgetting them
[nebula] 0 entity object(s) were destroyed without a despawn; forgetting them
[nebula] 0 entity object(s) were destroyed without a despawn; forgetting them
[nebula] 0 entity object(s) were destroyed without a despawn; forgetting them
[nebula] 0 entity object(s) were destroyed without a despawn; forgetting them
[nebula] 0 entity object(s) were destroyed without a despawn; forgetting them
[nebula] 0 entity object(s) were destroyed without a despawn; forgetting them
[nebula] 0 entity object(s) were destroyed without a despawn; forgetting them
[nebula] 0 entity object(s) were destroyed without a despawn; forgetting them
[nebula] 0 entity object(s) were destroyed without a despawn; forgetting them
[nebula] 0 entity object(s) were destroyed without a despawn; forgetting them
[nebula] 0 entity object(s) were destroyed without a despawn; forgetting them
[nebula] 0 entity object(s) were destroyed without a despawn; forgetting them
[nebula] 0 entity object(s) were destroyed without a despawn; forgetting them
[nebula] 0 entity object(s) were destroyed without a despawn; forgetting them
[nebula] 0 entity object(s) were destroyed without a despawn; forgetting them
[nebula] 0 entity object(s) were destroyed without a despawn; forgetting them
[nebula] 0 entity object(s) were destroyed without a despawn; forgetting them
[nebula] 0 entity object(s) were destroyed without a despawn; forgetting them
[nebula] 0 entity object(s) were destroyed without a despawn; forgetting them
[nebula] 0 entity object(s) were destroyed without a despawn; forgetting them
[nebula] 0 entity object(s) were destroyed without a despawn; forgetting them
[nebula] 0 entity object(s) were destroyed without a despawn; forgetting them
[nebula] 0 entity object(s) were destroyed without a despawn; forgetting them
[nebula] 0 entity object(s) were destroyed without a despawn; forgetting them
[nebula] 0 entity object(s) were destroyed without a despawn; forgetting them
[nebula] 0 entity object(s) were destroyed without a despawn; forgetting them
[nebula] 0 entity object(s) were destroyed without a despawn; forgetting them
[nebula] 0 entity object(s) were destroyed without a despawn; forgetting them
[nebula] 0 entity object(s) were destroyed without a despawn; forgetting them
[nebula] 0 entity object(s) were destroyed without a despawn; forgetting them
[nebula] 0 entity object(s) were destroyed without a despawn; forgetting them
[nebula] 0 entity object(s) were destroyed without a despawn; forgetting them
[nebula] 0 entity object(s) were destroyed without a despawn; forgetting them
[nebula] 0 entity object(s) were destroyed without a despawn; forgetting them
[nebula] profile 300 ticks/5s 300 frames avg 0.8ms max 1.3ms dup 0 skip 0 gc 31 auth 34 ghosts 0 | poll=0.01 ghosts=0.00 physics.sync=0.00 simulate=0.01 poses=0.04 containers=0.59 band=0.03 publish=0.02 gap=15.82 interest=0.01
[nebula] 0 entity object(s) were destroyed without a despawn; forgetting them
[nebula] 0 entity object(s) were destroyed without a despawn; forgetting them
[nebula] 0 entity object(s) were destroyed without a despawn; forgetting them
[nebula] 0 entity object(s) were destroyed without a despawn; forgetting them
[nebula] 0 entity object(s) were destroyed without a despawn; forgetting them
[nebula] 0 entity object(s) were destroyed without a despawn; forgetting them
[nebula] 0 entity object(s) were destroyed without a despawn; forgetting them
[nebula] 0 entity object(s) were destroyed without a despawn; forgetting them
[nebula] 0 entity object(s) were destroyed without a despawn; forgetting them
[nebula] 0 entity object(s) were destroyed without a despawn; forgetting them
[nebula] 0 entity object(s) were destroyed without a despawn; forgetting them
[nebula] 0 entity object(s) were destroyed without a despawn; forgetting them
[nebula] 0 entity object(s) were destroyed without a despawn; forgetting them
[nebula] 0 entity object(s) were destroyed without a despawn; forgetting them
[nebula] 0 entity object(s) were destroyed without a despawn; forgetting them
[nebula] 0 entity object(s) were destroyed without a despawn; forgetting them
[nebula] 0 entity object(s) were destroyed without a despawn; forgetting them
[nebula] 0 entity object(s) were destroyed without a despawn; forgetting them
[nebula] 0 entity object(s) were destroyed without a despawn; forgetting them
[nebula] 0 entity object(s) were destroyed without a despawn; forgetting them
[nebula] 0 entity object(s) were destroyed without a despawn; forgetting them
[nebula] 0 entity object(s) were destroyed without a despawn; forgetting them
[nebula] 0 entity object(s) were destroyed without a despawn; forgetting them
[nebula] 0 entity object(s) were destroyed without a despawn; forgetting them
[nebula] 0 entity object(s) were destroyed without a despawn; forgetting them
[nebula] 0 entity object(s) were destroyed without a despawn; forgetting them
[nebula] 0 entity object(s) were destroyed without a despawn; forgetting them
[nebula] 0 entity object(s) were destroyed without a despawn; forgetting them
[nebula] 0 entity object(s) were destroyed without a despawn; forgetting them
[nebula] 0 entity object(s) were destroyed without a despawn; forgetting them
[nebula] 0 entity object(s) were destroyed without a despawn; forgetting them
[nebula] 0 entity object(s) were destroyed without a despawn; forgetting them
[nebula] 0 entity object(s) were destroyed without a despawn; forgetting them
[nebula] 0 entity object(s) were destroyed without a despawn; forgetting them
[nebula] 0 entity object(s) were destroyed without a despawn; forgetting them
[nebula] 0 entity object(s) were destroyed without a despawn; forgetting them
[nebula] 0 entity object(s) were destroyed without a despawn; forgetting them
[nebula] 0 entity object(s) were destroyed without a despawn; forgetting them
[nebula] 0 entity object(s) were destroyed without a despawn; forgetting them
[nebula] 0 entity object(s) were destroyed without a despawn; forgetting them
[nebula] 0 entity object(s) were destroyed without a despawn; forgetting them
[nebula] 0 entity object(s) were destroyed without a despawn; forgetting them
[nebula] 0 entity object(s) were destroyed without a despawn; forgetting them
[nebula] 0 entity object(s) were destroyed without a despawn; forgetting them
[nebula] 0 entity object(s) were destroyed without a despawn; forgetting them
[nebula] 0 entity object(s) were destroyed without a despawn; forgetting them
[nebula] 0 entity object(s) were destroyed without a despawn; forgetting them
[nebula] 0 entity object(s) were destroyed without a despawn; forgetting them
[nebula] 0 entity object(s) were destroyed without a despawn; forgetting them
[nebula] 0 entity object(s) were destroyed without a despawn; forgetting them
[nebula] 0 entity object(s) were destroyed without a despawn; forgetting them
[nebula] 0 entity object(s) were destroyed without a despawn; forgetting them
[nebula] 0 entity object(s) were destroyed without a despawn; forgetting them
[nebula] 0 entity object(s) were destroyed without a despawn; forgetting them
[nebula] 0 entity object(s) were destroyed without a despawn; forgetting them
[nebula] 0 entity object(s) were destroyed without a despawn; forgetting them
[nebula] 0 entity object(s) were destroyed without a despawn; forgetting them
[nebula] 0 entity object(s) were destroyed without a despawn; forgetting them
[nebula] 0 entity object(s) were destroyed without a despawn; forgetting them
[nebula] 0 entity object(s) were destroyed without a despawn; forgetting them
[nebula] 0 entity object(s) were destroyed without a despawn; forgetting them
[nebula] 0 entity object(s) were destroyed without a despawn; forgetting them
[nebula] 0 entity object(s) were destroyed without a despawn; forgetting them
[nebula] 0 entity object(s) were destroyed without a despawn; forgetting them
[nebula] 0 entity object(s) were destroyed without a despawn; forgetting them
[nebula] 0 entity object(s) were destroyed without a despawn; forgetting them
[nebula] 0 entity object(s) were destroyed without a despawn; forgetting them
[nebula] 0 entity object(s) were destroyed without a despawn; forgetting them
[nebula] 0 entity object(s) were destroyed without a despawn; forgetting them
[nebula] 0 entity object(s) were destroyed without a despawn; forgetting them
[nebula] 0 entity object(s) were destroyed without a despawn; forgetting them
[nebula] 0 entity object(s) were destroyed without a despawn; forgetting them
[nebula] 0 entity object(s) were destroyed without a despawn; forgetting them
[nebula] 0 entity object(s) were destroyed without a despawn; forgetting them
[nebula] 0 entity object(s) were destroyed without a despawn; forgetting them
[nebula] 0 entity object(s) were destroyed without a despawn; forgetting them
[nebula] 0 entity object(s) were destroyed without a despawn; forgetting them
[nebula] 0 entity object(s) were destroyed without a despawn; forgetting them
[nebula] 0 entity object(s) were destroyed without a despawn; forgetting them
[nebula] 0 entity object(s) were destroyed without a despawn; forgetting them
[nebula] 0 entity object(s) were destroyed without a despawn; forgetting them
[nebula] 0 entity object(s) were destroyed without a despawn; forgetting them
[nebula] 0 entity object(s) were destroyed without a despawn; forgetting them
[nebula] 0 entity object(s) were destroyed without a despawn; forgetting them
[nebula] 0 entity object(s) were destroyed without a despawn; forgetting them
[nebula] 0 entity object(s) were destroyed without a despawn; forgetting them
[nebula] 0 entity object(s) were destroyed without a despawn; forgetting them
[nebula] 0 entity object(s) were destroyed without a despawn; forgetting them
[nebula] 0 entity object(s) were destroyed without a despawn; forgetting them
[nebula] spawned Prop(Clone)#281474976710724(e1,rt_79164839297023,auth)
[nebula] 0 entity object(s) were destroyed without a despawn; forgetting them
[nebula] 0 entity object(s) were destroyed without a despawn; forgetting them
[nebula] 0 entity object(s) were destroyed without a despawn; forgetting them
[nebula] 0 entity object(s) were destroyed without a despawn; forgetting them
[nebula] 0 entity object(s) were destroyed without a despawn; forgetting them
[nebula] 0 entity object(s) were destroyed without a despawn; forgetting them
[nebula] 0 entity object(s) were destroyed without a despawn; forgetting them
[nebula] 0 entity object(s) were destroyed without a despawn; forgetting them
[nebula] 0 entity object(s) were destroyed without a despawn; forgetting them
[nebula] 0 entity object(s) were destroyed without a despawn; forgetting them
[nebula] 0 entity object(s) were destroyed without a despawn; forgetting them
[nebula] 0 entity object(s) were destroyed without a despawn; forgetting them
[nebula] 0 entity object(s) were destroyed without a despawn; forgetting them
[nebula] 0 entity object(s) were destroyed without a despawn; forgetting them
[nebula] 0 entity object(s) were destroyed without a despawn; forgetting them
[nebula] 0 entity object(s) were destroyed without a despawn; forgetting them
[nebula] 0 entity object(s) were destroyed without a despawn; forgetting them
[nebula] 0 entity object(s) were destroyed without a despawn; forgetting them
[nebula] 0 entity object(s) were destroyed without a despawn; forgetting them
[nebula] 0 entity object(s) were destroyed without a despawn; forgetting them
[nebula] 0 entity object(s) were destroyed without a despawn; forgetting them
[nebula] 0 entity object(s) were destroyed without a despawn; forgetting them
[nebula] 0 entity object(s) were destroyed without a despawn; forgetting them
[nebula] 0 entity object(s) were destroyed without a despawn; forgetting them
[nebula] 0 entity object(s) were destroyed without a despawn; forgetting them
[nebula] 0 entity object(s) were destroyed without a despawn; forgetting them
[nebula] 0 entity object(s) were destroyed without a despawn; forgetting them
[nebula] 0 entity object(s) were destroyed without a despawn; forgetting them
[nebula] 0 entity object(s) were destroyed without a despawn; forgetting them
[nebula] 0 entity object(s) were destroyed without a despawn; forgetting them
[nebula] 0 entity object(s) were destroyed without a despawn; forgetting them
[nebula] 0 entity object(s) were destroyed without a despawn; forgetting them
[nebula] 0 entity object(s) were destroyed without a despawn; forgetting them
[nebula] 0 entity object(s) were destroyed without a despawn; forgetting them
[nebula] local handover Player(Clone)#844424930131970(e2,rt_83562885808127,auth) rt_79164839297023 -> rt_83562885808127
[nebula] 0 entity object(s) were destroyed without a despawn; forgetting them
[nebula] 0 entity object(s) were destroyed without a despawn; forgetting them
[nebula] 0 entity object(s) were destroyed without a despawn; forgetting them
[nebula] 0 entity object(s) were destroyed without a despawn; forgetting them
[nebula] 0 entity object(s) were destroyed without a despawn; forgetting them
[nebula] 0 entity object(s) were destroyed without a despawn; forgetting them
[nebula] 0 entity object(s) were destroyed without a despawn; forgetting them
[nebula] 0 entity object(s) were destroyed without a despawn; forgetting them
[nebula] 0 entity object(s) were destroyed without a despawn; forgetting them
[nebula] 0 entity object(s) were destroyed without a despawn; forgetting them
[nebula] 0 entity object(s) were destroyed without a despawn; forgetting them
[nebula] 0 entity object(s) were destroyed without a despawn; forgetting them
[nebula] 0 entity object(s) were destroyed without a despawn; forgetting them
[nebula] 0 entity object(s) were destroyed without a despawn; forgetting them
[nebula] 0 entity object(s) were destroyed without a despawn; forgetting them
[nebula] 0 entity object(s) were destroyed without a despawn; forgetting them
[nebula] 0 entity object(s) were destroyed without a despawn; forgetting them
[nebula] 0 entity object(s) were destroyed without a despawn; forgetting them
[nebula] 0 entity object(s) were destroyed without a despawn; forgetting them
[nebula] 0 entity object(s) were destroyed without a despawn; forgetting them
[nebula] 0 entity object(s) were destroyed without a despawn; forgetting them
[nebula] 0 entity object(s) were destroyed without a despawn; forgetting them
[nebula] 0 entity object(s) were destroyed without a despawn; forgetting them
[nebula] 0 entity object(s) were destroyed without a despawn; forgetting them
[nebula] 0 entity object(s) were destroyed without a despawn; forgetting them
[nebula] 0 entity object(s) were destroyed without a despawn; forgetting them
[nebula] 0 entity object(s) were destroyed without a despawn; forgetting them
[nebula] 0 entity object(s) were destroyed without a despawn; forgetting them
[nebula] 0 entity object(s) were destroyed without a despawn; forgetting them
[nebula] 0 entity object(s) were destroyed without a despawn; forgetting them
[nebula] 0 entity object(s) were destroyed without a despawn; forgetting them
[nebula] 0 entity object(s) were destroyed without a despawn; forgetting them
[nebula] 0 entity object(s) were destroyed without a despawn; forgetting them
[nebula] 0 entity object(s) were destroyed without a despawn; forgetting them
[nebula] 0 entity object(s) were destroyed without a despawn; forgetting them
[nebula] 0 entity object(s) were destroyed without a despawn; forgetting them
[nebula] 0 entity object(s) were destroyed without a despawn; forgetting them
[nebula] 0 entity object(s) were destroyed without a despawn; forgetting them
[nebula] 0 entity object(s) were destroyed without a despawn; forgetting them
[nebula] 0 entity object(s) were destroyed without a despawn; forgetting them
[nebula] 0 entity object(s) were destroyed without a despawn; forgetting them
[nebula] 0 entity object(s) were destroyed without a despawn; forgetting them
[nebula] 0 entity object(s) were destroyed without a despawn; forgetting them
[nebula] 0 entity object(s) were destroyed without a despawn; forgetting them
[nebula] 0 entity object(s) were destroyed without a despawn; forgetting them
[nebula] 0 entity object(s) were destroyed without a despawn; forgetting them
[nebula] 0 entity object(s) were destroyed without a despawn; forgetting them
[nebula] 0 entity object(s) were destroyed without a despawn; forgetting them
[nebula] 0 entity object(s) were destroyed without a despawn; forgetting them
[nebula] 0 entity object(s) were destroyed without a despawn; forgetting them
[nebula] 0 entity object(s) were destroyed without a despawn; forgetting them
[nebula] 0 entity object(s) were destroyed without a despawn; forgetting them
[nebula] 0 entity object(s) were destroyed without a despawn; forgetting them
[nebula] 0 entity object(s) were destroyed without a despawn; forgetting them
[nebula] 0 entity object(s) were destroyed without a despawn; forgetting them
[nebula] 0 entity object(s) were destroyed without a despawn; forgetting them
[nebula] 0 entity object(s) were destroyed without a despawn; forgetting them
[nebula] 0 entity object(s) were destroyed without a despawn; forgetting them
[nebula] 0 entity object(s) were destroyed without a despawn; forgetting them
[nebula] 0 entity object(s) were destroyed without a despawn; forgetting them
[nebula] 0 entity object(s) were destroyed without a despawn; forgetting them
[nebula] 0 entity object(s) were destroyed without a despawn; forgetting them
[nebula] 0 entity object(s) were destroyed without a despawn; forgetting them
[nebula] 0 entity object(s) were destroyed without a despawn; forgetting them
[nebula] 0 entity object(s) were destroyed without a despawn; forgetting them
[nebula] 0 entity object(s) were destroyed without a despawn; forgetting them
[nebula] 0 entity object(s) were destroyed without a despawn; forgetting them
[nebula] 0 entity object(s) were destroyed without a despawn; forgetting them
[nebula] 0 entity object(s) were destroyed without a despawn; forgetting them
[nebula] 0 entity object(s) were destroyed without a despawn; forgetting them
[nebula] 0 entity object(s) were destroyed without a despawn; forgetting them
[nebula] 0 entity object(s) were destroyed without a despawn; forgetting them
[nebula] 0 entity object(s) were destroyed without a despawn; forgetting them
[nebula] 0 entity object(s) were destroyed without a despawn; forgetting them
[nebula] 0 entity object(s) were destroyed without a despawn; forgetting them
[nebula] 0 entity object(s) were destroyed without a despawn; forgetting them
[nebula] 0 entity object(s) were destroyed without a despawn; forgetting them
[nebula] 0 entity object(s) were destroyed without a despawn; forgetting them
[nebula] 0 entity object(s) were destroyed without a despawn; forgetting them
[nebula] 0 entity object(s) were destroyed without a despawn; forgetting them
[nebula] 0 entity object(s) were destroyed without a despawn; forgetting them
[nebula] 0 entity object(s) were destroyed without a despawn; forgetting them
[nebula] 0 entity object(s) were destroyed without a despawn; forgetting them
[nebula] 0 entity object(s) were destroyed without a despawn; forgetting them
[nebula] 0 entity object(s) were destroyed without a despawn; forgetting them
[nebula] 0 entity object(s) were destroyed without a despawn; forgetting them
[nebula] 0 entity object(s) were destroyed without a despawn; forgetting them
[nebula] 0 entity object(s) were destroyed without a despawn; forgetting them
[nebula] 0 entity object(s) were destroyed without a despawn; forgetting them
[nebula] 0 entity object(s) were destroyed without a despawn; forgetting them
[nebula] 0 entity object(s) were destroyed without a despawn; forgetting them
[nebula] 0 entity object(s) were destroyed without a despawn; forgetting them
[nebula] 0 entity object(s) were destroyed without a despawn; forgetting them
[nebula] 0 entity object(s) were destroyed without a despawn; forgetting them
[nebula] 0 entity object(s) were destroyed without a despawn; forgetting them
[nebula] 0 entity object(s) were destroyed without a despawn; forgetting them
[nebula] 0 entity object(s) were destroyed without a despawn; forgetting them
[nebula] 0 entity object(s) were destroyed without a despawn; forgetting them
[nebula] 0 entity object(s) were destroyed without a despawn; forgetting them
[nebula] 0 entity object(s) were destroyed without a despawn; forgetting them
[nebula] 0 entity object(s) were destroyed without a despawn; forgetting them
[nebula] 0 entity object(s) were destroyed without a despawn; forgetting them
[nebula] 0 entity object(s) were destroyed without a despawn; forgetting them
[nebula] 0 entity object(s) were destroyed without a despawn; forgetting them
[nebula] 0 entity object(s) were destroyed without a despawn; forgetting them
[nebula] 0 entity object(s) were destroyed without a despawn; forgetting them
[nebula] 0 entity object(s) were destroyed without a despawn; forgetting them
[nebula] 0 entity object(s) were destroyed without a despawn; forgetting them
[nebula] 0 entity object(s) were destroyed without a despawn; forgetting them
[nebula] 0 entity object(s) were destroyed without a despawn; forgetting them
[nebula] 0 entity object(s) were destroyed without a despawn; forgetting them
[nebula] 0 entity object(s) were destroyed without a despawn; forgetting them
[nebula] 0 entity object(s) were destroyed without a despawn; forgetting them
[nebula] 0 entity object(s) were destroyed without a despawn; forgetting them
[nebula] 0 entity object(s) were destroyed without a despawn; forgetting them
[nebula] 0 entity object(s) were destroyed without a despawn; forgetting them
[nebula] 0 entity object(s) were destroyed without a despawn; forgetting them
[nebula] 0 entity object(s) were destroyed without a despawn; forgetting them
[nebula] 0 entity object(s) were destroyed without a despawn; forgetting them
[nebula] 0 entity object(s) were destroyed without a despawn; forgetting them
[nebula] 0 entity object(s) were destroyed without a despawn; forgetting them
[nebula] 0 entity object(s) were destroyed without a despawn; forgetting them
[nebula] 0 entity object(s) were destroyed without a despawn; forgetting them
[nebula] 0 entity object(s) were destroyed without a despawn; forgetting them
[nebula] 0 entity object(s) were destroyed without a despawn; forgetting them
[nebula] 0 entity object(s) were destroyed without a despawn; forgetting them
[nebula] 0 entity object(s) were destroyed without a despawn; forgetting them
[nebula] 0 entity object(s) were destroyed without a despawn; forgetting them
[nebula] 0 entity object(s) were destroyed without a despawn; forgetting them
[nebula] 0 entity object(s) were destroyed without a despawn; forgetting them
[nebula] 0 entity object(s) were destroyed without a despawn; forgetting them
[nebula] 0 entity object(s) were destroyed without a despawn; forgetting them
[nebula] 0 entity object(s) were destroyed without a despawn; forgetting them
[nebula] 0 entity object(s) were destroyed without a despawn; forgetting them
[nebula] 0 entity object(s) were destroyed without a despawn; forgetting them
[nebula] 0 entity object(s) were destroyed without a despawn; forgetting them
[nebula] 0 entity object(s) were destroyed without a despawn; forgetting them
[nebula] 0 entity object(s) were destroyed without a despawn; forgetting them
[nebula] 0 entity object(s) were destroyed without a despawn; forgetting them
[nebula] 0 entity object(s) were destroyed without a despawn; forgetting them
[nebula] 0 entity object(s) were destroyed without a despawn; forgetting them
[nebula] 0 entity object(s) were destroyed without a despawn; forgetting them
[nebula] 0 entity object(s) were destroyed without a despawn; forgetting them
[nebula] 0 entity object(s) were destroyed without a despawn; forgetting them
[nebula] 0 entity object(s) were destroyed without a despawn; forgetting them
[nebula] 0 entity object(s) were destroyed without a despawn; forgetting them
[nebula] spawned Prop(Clone)#281474976710725(e1,rt_83562885808127,auth)
[nebula] 0 entity object(s) were destroyed without a despawn; forgetting them
[nebula] 0 entity object(s) were destroyed without a despawn; forgetting them
[nebula] 0 entity object(s) were destroyed without a despawn; forgetting them
[nebula] 0 entity object(s) were destroyed without a despawn; forgetting them
[nebula] 0 entity object(s) were destroyed without a despawn; forgetting them
[nebula] 0 entity object(s) were destroyed without a despawn; forgetting them
[nebula] 0 entity object(s) were destroyed without a despawn; forgetting them
[nebula] 0 entity object(s) were destroyed without a despawn; forgetting them
[nebula] 0 entity object(s) were destroyed without a despawn; forgetting them
[nebula] 0 entity object(s) were destroyed without a despawn; forgetting them
[nebula] 0 entity object(s) were destroyed without a despawn; forgetting them
[nebula] 0 entity object(s) were destroyed without a despawn; forgetting them
[nebula] 0 entity object(s) were destroyed without a despawn; forgetting them
[nebula] 0 entity object(s) were destroyed without a despawn; forgetting them
[nebula] 0 entity object(s) were destroyed without a despawn; forgetting them
[nebula] 0 entity object(s) were destroyed without a despawn; forgetting them
[nebula] 0 entity object(s) were destroyed without a despawn; forgetting them
[nebula] 0 entity object(s) were destroyed without a despawn; forgetting them
[nebula] 0 entity object(s) were destroyed without a despawn; forgetting them
[nebula] 0 entity object(s) were destroyed without a despawn; forgetting them
[nebula] 0 entity object(s) were destroyed without a despawn; forgetting them
[nebula] 0 entity object(s) were destroyed without a despawn; forgetting them
[nebula] 0 entity object(s) were destroyed without a despawn; forgetting them
[nebula] 0 entity object(s) were destroyed without a despawn; forgetting them
[nebula] 0 entity object(s) were destroyed without a despawn; forgetting them
[nebula] 0 entity object(s) were destroyed without a despawn; forgetting them
[nebula] 0 entity object(s) were destroyed without a despawn; forgetting them
[nebula] 0 entity object(s) were destroyed without a despawn; forgetting them
[nebula] 0 entity object(s) were destroyed without a despawn; forgetting them
[nebula] 0 entity object(s) were destroyed without a despawn; forgetting them
[nebula] 0 entity object(s) were destroyed without a despawn; forgetting them
[nebula] profile 300 ticks/5s 300 frames avg 0.9ms max 1.4ms dup 0 skip 0 gc 35 auth 36 ghosts 0 | poll=0.01 ghosts=0.00 physics.sync=0.00 simulate=0.01 poses=0.04 containers=0.62 band=0.03 publish=0.02 gap=15.79 interest=0.01
[nebula] 0 entity object(s) were destroyed without a despawn; forgetting them
[nebula] 0 entity object(s) were destroyed without a despawn; forgetting them
[nebula] 0 entity object(s) were destroyed without a despawn; forgetting them
[nebula] 0 entity object(s) were destroyed without a despawn; forgetting them
[nebula] 0 entity object(s) were destroyed without a despawn; forgetting them
[nebula] 0 entity object(s) were destroyed without a despawn; forgetting them
[nebula] 0 entity object(s) were destroyed without a despawn; forgetting them
[nebula] 0 entity object(s) were destroyed without a despawn; forgetting them
[nebula] 0 entity object(s) were destroyed without a despawn; forgetting them
[nebula] 0 entity object(s) were destroyed without a despawn; forgetting them
[nebula] 0 entity object(s) were destroyed without a despawn; forgetting them
[nebula] 0 entity object(s) were destroyed without a despawn; forgetting them
[nebula] 0 entity object(s) were destroyed without a despawn; forgetting them
[nebula] 0 entity object(s) were destroyed without a despawn; forgetting them
[nebula] 0 entity object(s) were destroyed without a despawn; forgetting them
[nebula] 0 entity object(s) were destroyed without a despawn; forgetting them
[nebula] 0 entity object(s) were destroyed without a despawn; forgetting them
[nebula] 0 entity object(s) were destroyed without a despawn; forgetting them
[nebula] 0 entity object(s) were destroyed without a despawn; forgetting them
[nebula] 0 entity object(s) were destroyed without a despawn; forgetting them
[nebula] 0 entity object(s) were destroyed without a despawn; forgetting them
[nebula] 0 entity object(s) were destroyed without a despawn; forgetting them
[nebula] 0 entity object(s) were destroyed without a despawn; forgetting them
[nebula] 0 entity object(s) were destroyed without a despawn; forgetting them
[nebula] 0 entity object(s) were destroyed without a despawn; forgetting them
[nebula] 0 entity object(s) were destroyed without a despawn; forgetting them
[nebula] 0 entity object(s) were destroyed without a despawn; forgetting them
[nebula] 0 entity object(s) were destroyed without a despawn; forgetting them
[nebula] 0 entity object(s) were destroyed without a despawn; forgetting them
[nebula] 0 entity object(s) were destroyed without a despawn; forgetting them
[nebula] 0 entity object(s) were destroyed without a despawn; forgetting them
[nebula] 0 entity object(s) were destroyed without a despawn; forgetting them
[nebula] 0 entity object(s) were destroyed without a despawn; forgetting them
[nebula] 0 entity object(s) were destroyed without a despawn; forgetting them
[nebula] 0 entity object(s) were destroyed without a despawn; forgetting them
[nebula] 0 entity object(s) were destroyed without a despawn; forgetting them
[nebula] 0 entity object(s) were destroyed without a despawn; forgetting them
[nebula] 0 entity object(s) were destroyed without a despawn; forgetting them
[nebula] 0 entity object(s) were destroyed without a despawn; forgetting them
[nebula] 0 entity object(s) were destroyed without a despawn; forgetting them
[nebula] 0 entity object(s) were destroyed without a despawn; forgetting them
[nebula] 0 entity object(s) were destroyed without a despawn; forgetting them
[nebula] 0 entity object(s) were destroyed without a despawn; forgetting them
[nebula] 0 entity object(s) were destroyed without a despawn; forgetting them
[nebula] 0 entity object(s) were destroyed without a despawn; forgetting them
[nebula] 0 entity object(s) were destroyed without a despawn; forgetting them
[nebula] 0 entity object(s) were destroyed without a despawn; forgetting them
[nebula] 0 entity object(s) were destroyed without a despawn; forgetting them
[nebula] 0 entity object(s) were destroyed without a despawn; forgetting them
[nebula] 0 entity object(s) were destroyed without a despawn; forgetting them
[nebula] 0 entity object(s) were destroyed without a despawn; forgetting them
[nebula] 0 entity object(s) were destroyed without a despawn; forgetting them
[nebula] 0 entity object(s) were destroyed without a despawn; forgetting them
[nebula] 0 entity object(s) were destroyed without a despawn; forgetting them
[nebula] 0 entity object(s) were destroyed without a despawn; forgetting them
[nebula] 0 entity object(s) were destroyed without a despawn; forgetting them
[nebula] 0 entity object(s) were destroyed without a despawn; forgetting them
[nebula] 0 entity object(s) were destroyed without a despawn; forgetting them
[nebula] 0 entity object(s) were destroyed without a despawn; forgetting them
[nebula] 0 entity object(s) were destroyed without a despawn; forgetting them
[nebula] 0 entity object(s) were destroyed without a despawn; forgetting them
[nebula] 0 entity object(s) were destroyed without a despawn; forgetting them
[nebula] 0 entity object(s) were destroyed without a despawn; forgetting them
[nebula] 0 entity object(s) were destroyed without a despawn; forgetting them
[nebula] 0 entity object(s) were destroyed without a despawn; forgetting them
[nebula] 0 entity object(s) were destroyed without a despawn; forgetting them
[nebula] 0 entity object(s) were destroyed without a despawn; forgetting them
[nebula] 0 entity object(s) were destroyed without a despawn; forgetting them
[nebula] 0 entity object(s) were destroyed without a despawn; forgetting them
[nebula] 0 entity object(s) were destroyed without a despawn; forgetting them
[nebula] 0 entity object(s) were destroyed without a despawn; forgetting them
[nebula] 0 entity object(s) were destroyed without a despawn; forgetting them
[nebula] 0 entity object(s) were destroyed without a despawn; forgetting them
[nebula] 0 entity object(s) were destroyed without a despawn; forgetting them
[nebula] 0 entity object(s) were destroyed without a despawn; forgetting them
[nebula] 0 entity object(s) were destroyed without a despawn; forgetting them
[nebula] 0 entity object(s) were destroyed without a despawn; forgetting them
[nebula] 0 entity object(s) were destroyed without a despawn; forgetting them
[nebula] 0 entity object(s) were destroyed without a despawn; forgetting them
[nebula] 0 entity object(s) were destroyed without a despawn; forgetting them
[nebula] 0 entity object(s) were destroyed without a despawn; forgetting them
[nebula] 0 entity object(s) were destroyed without a despawn; forgetting them
[nebula] 0 entity object(s) were destroyed without a despawn; forgetting them
[nebula] 0 entity object(s) were destroyed without a despawn; forgetting them
[nebula] 0 entity object(s) were destroyed without a despawn; forgetting them
[nebula] 0 entity object(s) were destroyed without a despawn; forgetting them
[nebula] 0 entity object(s) were destroyed without a despawn; forgetting them
[nebula] 0 entity object(s) were destroyed without a despawn; forgetting them
[nebula] 0 entity object(s) were destroyed without a despawn; forgetting them
[nebula] 0 entity object(s) were destroyed without a despawn; forgetting them
[nebula] 0 entity object(s) were destroyed without a despawn; forgetting them
[nebula] 0 entity object(s) were destroyed without a despawn; forgetting them
[nebula] 0 entity object(s) were destroyed without a despawn; forgetting them
[nebula] 0 entity object(s) were destroyed without a despawn; forgetting them
[nebula] 0 entity object(s) were destroyed without a despawn; forgetting them
[nebula] 0 entity object(s) were destroyed without a despawn; forgetting them
[nebula] 0 entity object(s) were destroyed without a despawn; forgetting them
[nebula] 0 entity object(s) were destroyed without a despawn; forgetting them
[nebula] 0 entity object(s) were destroyed without a despawn; forgetting them
[nebula] 0 entity object(s) were destroyed without a despawn; forgetting them
[nebula] 0 entity object(s) were destroyed without a despawn; forgetting them
[nebula] 0 entity object(s) were destroyed without a despawn; forgetting them
[nebula] 0 entity object(s) were destroyed without a despawn; forgetting them
[nebula] 0 entity object(s) were destroyed without a despawn; forgetting them
[nebula] 0 entity object(s) were destroyed without a despawn; forgetting them
[nebula] 0 entity object(s) were destroyed without a despawn; forgetting them
[nebula] 0 entity object(s) were destroyed without a despawn; forgetting them
[nebula] 0 entity object(s) were destroyed without a despawn; forgetting them
[nebula] 0 entity object(s) were destroyed without a despawn; forgetting them
[nebula] 0 entity object(s) were destroyed without a despawn; forgetting them
[nebula] 0 entity object(s) were destroyed without a despawn; forgetting them
[nebula] 0 entity object(s) were destroyed without a despawn; forgetting them
[nebula] 0 entity object(s) were destroyed without a despawn; forgetting them
[nebula] 0 entity object(s) were destroyed without a despawn; forgetting them
[nebula] 0 entity object(s) were destroyed without a despawn; forgetting them
[nebula] 0 entity object(s) were destroyed without a despawn; forgetting them
[nebula] 0 entity object(s) were destroyed without a despawn; forgetting them
[nebula] 0 entity object(s) were destroyed without a despawn; forgetting them
[nebula] 0 entity object(s) were destroyed without a despawn; forgetting them
[nebula] 0 entity object(s) were destroyed without a despawn; forgetting them
[nebula] 0 entity object(s) were destroyed without a despawn; forgetting them
[nebula] 0 entity object(s) were destroyed without a despawn; forgetting them
[nebula] 0 entity object(s) were destroyed without a despawn; forgetting them
[nebula] 0 entity object(s) were destroyed without a despawn; forgetting them
[nebula] 0 entity object(s) were destroyed without a despawn; forgetting them
[nebula] 0 entity object(s) were destroyed without a despawn; forgetting them
[nebula] 0 entity object(s) were destroyed without a despawn; forgetting them
[nebula] 0 entity object(s) were destroyed without a despawn; forgetting them
[nebula] 0 entity object(s) were destroyed without a despawn; forgetting them
[nebula] 0 entity object(s) were destroyed without a despawn; forgetting them
[nebula] 0 entity object(s) were destroyed without a despawn; forgetting them
[nebula] 0 entity object(s) were destroyed without a despawn; forgetting them
[nebula] 0 entity object(s) were destroyed without a despawn; forgetting them
[nebula] 0 entity object(s) were destroyed without a despawn; forgetting them
[nebula] 0 entity object(s) were destroyed without a despawn; forgetting them
[nebula] 0 entity object(s) were destroyed without a despawn; forgetting them
[nebula] 0 entity object(s) were destroyed without a despawn; forgetting them
[nebula] 0 entity object(s) were destroyed without a despawn; forgetting them
[nebula] 0 entity object(s) were destroyed without a despawn; forgetting them
[nebula] 0 entity object(s) were destroyed without a despawn; forgetting them
[nebula] 0 entity object(s) were destroyed without a despawn; forgetting them
[nebula] 0 entity object(s) were destroyed without a despawn; forgetting them
[nebula] 0 entity object(s) were destroyed without a despawn; forgetting them
[nebula] 0 entity object(s) were destroyed without a despawn; forgetting them
[nebula] 0 entity object(s) were destroyed without a despawn; forgetting them
[nebula] 0 entity object(s) were destroyed without a despawn; forgetting them
[nebula] 0 entity object(s) were destroyed without a despawn; forgetting them
[nebula] 0 entity object(s) were destroyed without a despawn; forgetting them
[nebula] 0 entity object(s) were destroyed without a despawn; forgetting them
[nebula] spawned Prop(Clone)#281474976710726(e1,rt_83562885808127,auth)
[nebula] 0 entity object(s) were destroyed without a despawn; forgetting them
[nebula] 0 entity object(s) were destroyed without a despawn; forgetting them
[nebula] 0 entity object(s) were destroyed without a despawn; forgetting them
[nebula] 0 entity object(s) were destroyed without a despawn; forgetting them
[nebula] 0 entity object(s) were destroyed without a despawn; forgetting them
[nebula] 0 entity object(s) were destroyed without a despawn; forgetting them
[nebula] 0 entity object(s) were destroyed without a despawn; forgetting them
[nebula] 0 entity object(s) were destroyed without a despawn; forgetting them
[nebula] 0 entity object(s) were destroyed without a despawn; forgetting them
[nebula] 0 entity object(s) were destroyed without a despawn; forgetting them
[nebula] 0 entity object(s) were destroyed without a despawn; forgetting them
[nebula] 0 entity object(s) were destroyed without a despawn; forgetting them
[nebula] 0 entity object(s) were destroyed without a despawn; forgetting them
[nebula] 0 entity object(s) were destroyed without a despawn; forgetting them
[nebula] 0 entity object(s) were destroyed without a despawn; forgetting them
[nebula] 0 entity object(s) were destroyed without a despawn; forgetting them
[nebula] 0 entity object(s) were destroyed without a despawn; forgetting them
[nebula] 0 entity object(s) were destroyed without a despawn; forgetting them
[nebula] 0 entity object(s) were destroyed without a despawn; forgetting them
[nebula] 0 entity object(s) were destroyed without a despawn; forgetting them
[nebula] 0 entity object(s) were destroyed without a despawn; forgetting them
[nebula] 0 entity object(s) were destroyed without a despawn; forgetting them
[nebula] 0 entity object(s) were destroyed without a despawn; forgetting them
[nebula] 0 entity object(s) were destroyed without a despawn; forgetting them
[nebula] 0 entity object(s) were destroyed without a despawn; forgetting them
[nebula] 0 entity object(s) were destroyed without a despawn; forgetting them
[nebula] 0 entity object(s) were destroyed without a despawn; forgetting them
[nebula] 0 entity object(s) were destroyed without a despawn; forgetting them
[nebula] 0 entity object(s) were destroyed without a despawn; forgetting them
[nebula] 0 entity object(s) were destroyed without a despawn; forgetting them
[nebula] 0 entity object(s) were destroyed without a despawn; forgetting them
[nebula] 0 entity object(s) were destroyed without a despawn; forgetting them
[nebula] 0 entity object(s) were destroyed without a despawn; forgetting them
[nebula] 0 entity object(s) were destroyed without a despawn; forgetting them
[nebula] 0 entity object(s) were destroyed without a despawn; forgetting them
[nebula] 0 entity object(s) were destroyed without a despawn; forgetting them
[nebula] 0 entity object(s) were destroyed without a despawn; forgetting them
[nebula] 0 entity object(s) were destroyed without a despawn; forgetting them
[nebula] 0 entity object(s) were destroyed without a despawn; forgetting them
[nebula] 0 entity object(s) were destroyed without a despawn; forgetting them
[nebula] 0 entity object(s) were destroyed without a despawn; forgetting them
[nebula] 0 entity object(s) were destroyed without a despawn; forgetting them
[nebula] 0 entity object(s) were destroyed without a despawn; forgetting them
[nebula] 0 entity object(s) were destroyed without a despawn; forgetting them
[nebula] 0 entity object(s) were destroyed without a despawn; forgetting them
[nebula] 0 entity object(s) were destroyed without a despawn; forgetting them
[nebula] 0 entity object(s) were destroyed without a despawn; forgetting them
[nebula] 0 entity object(s) were destroyed without a despawn; forgetting them
[nebula] 0 entity object(s) were destroyed without a despawn; forgetting them
[nebula] 0 entity object(s) were destroyed without a despawn; forgetting them
[nebula] 0 entity object(s) were destroyed without a despawn; forgetting them
[nebula] 0 entity object(s) were destroyed without a despawn; forgetting them
[nebula] 0 entity object(s) were destroyed without a despawn; forgetting them
[nebula] 0 entity object(s) were destroyed without a despawn; forgetting them
[nebula] 0 entity object(s) were destroyed without a despawn; forgetting them
[nebula] 0 entity object(s) were destroyed without a despawn; forgetting them
[nebula] 0 entity object(s) were destroyed without a despawn; forgetting them
[nebula] 0 entity object(s) were destroyed without a despawn; forgetting them
[nebula] 0 entity object(s) were destroyed without a despawn; forgetting them
[nebula] 0 entity object(s) were destroyed without a despawn; forgetting them
[nebula] 0 entity object(s) were destroyed without a despawn; forgetting them
[nebula] 0 entity object(s) were destroyed without a despawn; forgetting them
[nebula] 0 entity object(s) were destroyed without a despawn; forgetting them
[nebula] 0 entity object(s) were destroyed without a despawn; forgetting them
[nebula] 0 entity object(s) were destroyed without a despawn; forgetting them
[nebula] 0 entity object(s) were destroyed without a despawn; forgetting them
[nebula] 0 entity object(s) were destroyed without a despawn; forgetting them
[nebula] 0 entity object(s) were destroyed without a despawn; forgetting them
[nebula] 0 entity object(s) were destroyed without a despawn; forgetting them
[nebula] 0 entity object(s) were destroyed without a despawn; forgetting them
[nebula] 0 entity object(s) were destroyed without a despawn; forgetting them
[nebula] 0 entity object(s) were destroyed without a despawn; forgetting them
[nebula] 0 entity object(s) were destroyed without a despawn; forgetting them
[nebula] 0 entity object(s) were destroyed without a despawn; forgetting them
[nebula] 0 entity object(s) were destroyed without a despawn; forgetting them
[nebula] 0 entity object(s) were destroyed without a despawn; forgetting them
[nebula] 0 entity object(s) were destroyed without a despawn; forgetting them
[nebula] 0 entity object(s) were destroyed without a despawn; forgetting them
[nebula] 0 entity object(s) were destroyed without a despawn; forgetting them
[nebula] 0 entity object(s) were destroyed without a despawn; forgetting them
[nebula] 0 entity object(s) were destroyed without a despawn; forgetting them
[nebula] 0 entity object(s) were destroyed without a despawn; forgetting them
[nebula] 0 entity object(s) were destroyed without a despawn; forgetting them
[nebula] 0 entity object(s) were destroyed without a despawn; forgetting them
[nebula] 0 entity object(s) were destroyed without a despawn; forgetting them
[nebula] 0 entity object(s) were destroyed without a despawn; forgetting them
[nebula] 0 entity object(s) were destroyed without a despawn; forgetting them
[nebula] 0 entity object(s) were destroyed without a despawn; forgetting them
[nebula] 0 entity object(s) were destroyed without a despawn; forgetting them
[nebula] 0 entity object(s) were destroyed without a despawn; forgetting them
[nebula] 0 entity object(s) were destroyed without a despawn; forgetting them
[nebula] 0 entity object(s) were destroyed without a despawn; forgetting them
[nebula] 0 entity object(s) were destroyed without a despawn; forgetting them
[nebula] 0 entity object(s) were destroyed without a despawn; forgetting them
[nebula] 0 entity object(s) were destroyed without a despawn; forgetting them
[nebula] 0 entity object(s) were destroyed without a despawn; forgetting them
[nebula] 0 entity object(s) were destroyed without a despawn; forgetting them
[nebula] 0 entity object(s) were destroyed without a despawn; forgetting them
[nebula] 0 entity object(s) were destroyed without a despawn; forgetting them
[nebula] 0 entity object(s) were destroyed without a despawn; forgetting them
[nebula] 0 entity object(s) were destroyed without a despawn; forgetting them
[nebula] 0 entity object(s) were destroyed without a despawn; forgetting them
[nebula] 0 entity object(s) were destroyed without a despawn; forgetting them
[nebula] 0 entity object(s) were destroyed without a despawn; forgetting them
[nebula] 0 entity object(s) were destroyed without a despawn; forgetting them
[nebula] 0 entity object(s) were destroyed without a despawn; forgetting them
[nebula] 0 entity object(s) were destroyed without a despawn; forgetting them
[nebula] 0 entity object(s) were destroyed without a despawn; forgetting them
[nebula] 0 entity object(s) were destroyed without a despawn; forgetting them
[nebula] 0 entity object(s) were destroyed without a despawn; forgetting them
[nebula] 0 entity object(s) were destroyed without a despawn; forgetting them
[nebula] 0 entity object(s) were destroyed without a despawn; forgetting them
[nebula] 0 entity object(s) were destroyed without a despawn; forgetting them
[nebula] 0 entity object(s) were destroyed without a despawn; forgetting them
[nebula] 0 entity object(s) were destroyed without a despawn; forgetting them
[nebula] 0 entity object(s) were destroyed without a despawn; forgetting them
[nebula] 0 entity object(s) were destroyed without a despawn; forgetting them
[nebula] 0 entity object(s) were destroyed without a despawn; forgetting them
[nebula] 0 entity object(s) were destroyed without a despawn; forgetting them
[nebula] 0 entity object(s) were destroyed without a despawn; forgetting them
[nebula] 0 entity object(s) were destroyed without a despawn; forgetting them
[nebula] 0 entity object(s) were destroyed without a despawn; forgetting them
[nebula] 0 entity object(s) were destroyed without a despawn; forgetting them
[nebula] 0 entity object(s) were destroyed without a despawn; forgetting them
[nebula] 0 entity object(s) were destroyed without a despawn; forgetting them
[nebula] 0 entity object(s) were destroyed without a despawn; forgetting them
[nebula] 0 entity object(s) were destroyed without a despawn; forgetting them
[nebula] 0 entity object(s) were destroyed without a despawn; forgetting them
[nebula] 0 entity object(s) were destroyed without a despawn; forgetting them
[nebula] 0 entity object(s) were destroyed without a despawn; forgetting them
[nebula] 0 entity object(s) were destroyed without a despawn; forgetting them
[nebula] 0 entity object(s) were destroyed without a despawn; forgetting them
[nebula] 0 entity object(s) were destroyed without a despawn; forgetting them
[nebula] 0 entity object(s) were destroyed without a despawn; forgetting them
[nebula] 0 entity object(s) were destroyed without a despawn; forgetting them
[nebula] 0 entity object(s) were destroyed without a despawn; forgetting them
[nebula] 0 entity object(s) were destroyed without a despawn; forgetting them
[nebula] 0 entity object(s) were destroyed without a despawn; forgetting them
[nebula] 0 entity object(s) were destroyed without a despawn; forgetting them
[nebula] 0 entity object(s) were destroyed without a despawn; forgetting them
[nebula] 0 entity object(s) were destroyed without a despawn; forgetting them
[nebula] 0 entity object(s) were destroyed without a despawn; forgetting them
[nebula] 0 entity object(s) were destroyed without a despawn; forgetting them
[nebula] 0 entity object(s) were destroyed without a despawn; forgetting them
[nebula] 0 entity object(s) were destroyed without a despawn; forgetting them
[nebula] 0 entity object(s) were destroyed without a despawn; forgetting them
[nebula] 0 entity object(s) were destroyed without a despawn; forgetting them
[nebula] 0 entity object(s) were destroyed without a despawn; forgetting them
[nebula] 0 entity object(s) were destroyed without a despawn; forgetting them
[nebula] 0 entity object(s) were destroyed without a despawn; forgetting them
[nebula] 0 entity object(s) were destroyed without a despawn; forgetting them
[nebula] profile 300 ticks/5s 300 frames avg 0.9ms max 3.5ms dup 1 skip 0 gc 62 auth 37 ghosts 0 | poll=0.01 ghosts=0.00 physics.sync=0.00 simulate=0.01 poses=0.05 containers=0.66 band=0.03 publish=0.02 gap=15.73 interest=0.01
[nebula] 0 entity object(s) were destroyed without a despawn; forgetting them
[nebula] 0 entity object(s) were destroyed without a despawn; forgetting them
[nebula] 0 entity object(s) were destroyed without a despawn; forgetting them
[nebula] 0 entity object(s) were destroyed without a despawn; forgetting them
[nebula] 0 entity object(s) were destroyed without a despawn; forgetting them
[nebula] 0 entity object(s) were destroyed without a despawn; forgetting them
[nebula] 0 entity object(s) were destroyed without a despawn; forgetting them
[nebula] 0 entity object(s) were destroyed without a despawn; forgetting them
[nebula] 0 entity object(s) were destroyed without a despawn; forgetting them
[nebula] 0 entity object(s) were destroyed without a despawn; forgetting them
[nebula] 0 entity object(s) were destroyed without a despawn; forgetting them
[nebula] 0 entity object(s) were destroyed without a despawn; forgetting them
[nebula] 0 entity object(s) were destroyed without a despawn; forgetting them
[nebula] 0 entity object(s) were destroyed without a despawn; forgetting them
[nebula] 0 entity object(s) were destroyed without a despawn; forgetting them
[nebula] 0 entity object(s) were destroyed without a despawn; forgetting them
[nebula] 0 entity object(s) were destroyed without a despawn; forgetting them
[nebula] 0 entity object(s) were destroyed without a despawn; forgetting them
[nebula] 0 entity object(s) were destroyed without a despawn; forgetting them
[nebula] 0 entity object(s) were destroyed without a despawn; forgetting them
[nebula] 0 entity object(s) were destroyed without a despawn; forgetting them
[nebula] 0 entity object(s) were destroyed without a despawn; forgetting them
[nebula] 0 entity object(s) were destroyed without a despawn; forgetting them
[nebula] 0 entity object(s) were destroyed without a despawn; forgetting them
[nebula] 0 entity object(s) were destroyed without a despawn; forgetting them
[nebula] 0 entity object(s) were destroyed without a despawn; forgetting them
[nebula] 0 entity object(s) were destroyed without a despawn; forgetting them
[nebula] 0 entity object(s) were destroyed without a despawn; forgetting them
[nebula] 0 entity object(s) were destroyed without a despawn; forgetting them
[nebula] spawned Prop(Clone)#281474976710727(e1,rt_83562885808127,auth)
[nebula] 0 entity object(s) were destroyed without a despawn; forgetting them
[nebula] 0 entity object(s) were destroyed without a despawn; forgetting them
[nebula] 0 entity object(s) were destroyed without a despawn; forgetting them
[nebula] 0 entity object(s) were destroyed without a despawn; forgetting them
[nebula] 0 entity object(s) were destroyed without a despawn; forgetting them
[nebula] 0 entity object(s) were destroyed without a despawn; forgetting them
[nebula] 0 entity object(s) were destroyed without a despawn; forgetting them
[nebula] 0 entity object(s) were destroyed without a despawn; forgetting them
[nebula] 0 entity object(s) were destroyed without a despawn; forgetting them
[nebula] 0 entity object(s) were destroyed without a despawn; forgetting them
[nebula] 0 entity object(s) were destroyed without a despawn; forgetting them
[nebula] 0 entity object(s) were destroyed without a despawn; forgetting them
[nebula] 0 entity object(s) were destroyed without a despawn; forgetting them
[nebula] 0 entity object(s) were destroyed without a despawn; forgetting them
[nebula] 0 entity object(s) were destroyed without a despawn; forgetting them
[nebula] 0 entity object(s) were destroyed without a despawn; forgetting them
[nebula] 0 entity object(s) were destroyed without a despawn; forgetting them
[nebula] 0 entity object(s) were destroyed without a despawn; forgetting them
[nebula] 0 entity object(s) were destroyed without a despawn; forgetting them
[nebula] 0 entity object(s) were destroyed without a despawn; forgetting them
[nebula] 0 entity object(s) were destroyed without a despawn; forgetting them
[nebula] 0 entity object(s) were destroyed without a despawn; forgetting them
[nebula] 0 entity object(s) were destroyed without a despawn; forgetting them
[nebula] 0 entity object(s) were destroyed without a despawn; forgetting them
[nebula] 0 entity object(s) were destroyed without a despawn; forgetting them
[nebula] 0 entity object(s) were destroyed without a despawn; forgetting them
[nebula] 0 entity object(s) were destroyed without a despawn; forgetting them
[nebula] 0 entity object(s) were destroyed without a despawn; forgetting them
[nebula] 0 entity object(s) were destroyed without a despawn; forgetting them
[nebula] 0 entity object(s) were destroyed without a despawn; forgetting them
[nebula] 0 entity object(s) were destroyed without a despawn; forgetting them
[nebula] 0 entity object(s) were destroyed without a despawn; forgetting them
[nebula] 0 entity object(s) were destroyed without a despawn; forgetting them
[nebula] 0 entity object(s) were destroyed without a despawn; forgetting them
[nebula] 0 entity object(s) were destroyed without a despawn; forgetting them
[nebula] 0 entity object(s) were destroyed without a despawn; forgetting them
[nebula] 0 entity object(s) were destroyed without a despawn; forgetting them
[nebula] 0 entity object(s) were destroyed without a despawn; forgetting them
[nebula] 0 entity object(s) were destroyed without a despawn; forgetting them
[nebula] 0 entity object(s) were destroyed without a despawn; forgetting them
[nebula] 0 entity object(s) were destroyed without a despawn; forgetting them
[nebula] 0 entity object(s) were destroyed without a despawn; forgetting them
[nebula] 0 entity object(s) were destroyed without a despawn; forgetting them
[nebula] 0 entity object(s) were destroyed without a despawn; forgetting them
[nebula] 0 entity object(s) were destroyed without a despawn; forgetting them
[nebula] 0 entity object(s) were destroyed without a despawn; forgetting them
[nebula] 0 entity object(s) were destroyed without a despawn; forgetting them
[nebula] 0 entity object(s) were destroyed without a despawn; forgetting them
[nebula] 0 entity object(s) were destroyed without a despawn; forgetting them
[nebula] 0 entity object(s) were destroyed without a despawn; forgetting them
[nebula] 0 entity object(s) were destroyed without a despawn; forgetting them
[nebula] 0 entity object(s) were destroyed without a despawn; forgetting them
[nebula] 0 entity object(s) were destroyed without a despawn; forgetting them
[nebula] 0 entity object(s) were destroyed without a despawn; forgetting them
[nebula] 0 entity object(s) were destroyed without a despawn; forgetting them
[nebula] 0 entity object(s) were destroyed without a despawn; forgetting them
[nebula] 0 entity object(s) were destroyed without a despawn; forgetting them
[nebula] 0 entity object(s) were destroyed without a despawn; forgetting them
[nebula] 0 entity object(s) were destroyed without a despawn; forgetting them
[nebula] 0 entity object(s) were destroyed without a despawn; forgetting them
[nebula] 0 entity object(s) were destroyed without a despawn; forgetting them
[nebula] 0 entity object(s) were destroyed without a despawn; forgetting them
[nebula] 0 entity object(s) were destroyed without a despawn; forgetting them
[nebula] 0 entity object(s) were destroyed without a despawn; forgetting them
[nebula] 0 entity object(s) were destroyed without a despawn; forgetting them
[nebula] 0 entity object(s) were destroyed without a despawn; forgetting them
[nebula] 0 entity object(s) were destroyed without a despawn; forgetting them
[nebula] 0 entity object(s) were destroyed without a despawn; forgetting them
[nebula] 0 entity object(s) were destroyed without a despawn; forgetting them
[nebula] 0 entity object(s) were destroyed without a despawn; forgetting them
[nebula] 0 entity object(s) were destroyed without a despawn; forgetting them
[nebula] 0 entity object(s) were destroyed without a despawn; forgetting them
[nebula] 0 entity object(s) were destroyed without a despawn; forgetting them
[nebula] 0 entity object(s) were destroyed without a despawn; forgetting them
[nebula] 0 entity object(s) were destroyed without a despawn; forgetting them
[nebula] 0 entity object(s) were destroyed without a despawn; forgetting them
[nebula] 0 entity object(s) were destroyed without a despawn; forgetting them
[nebula] 0 entity object(s) were destroyed without a despawn; forgetting them
[nebula] 0 entity object(s) were destroyed without a despawn; forgetting them
[nebula] 0 entity object(s) were destroyed without a despawn; forgetting them
[nebula] 0 entity object(s) were destroyed without a despawn; forgetting them
[nebula] 0 entity object(s) were destroyed without a despawn; forgetting them
[nebula] 0 entity object(s) were destroyed without a despawn; forgetting them
[nebula] 0 entity object(s) were destroyed without a despawn; forgetting them
[nebula] 0 entity object(s) were destroyed without a despawn; forgetting them
[nebula] 0 entity object(s) were destroyed without a despawn; forgetting them
[nebula] 0 entity object(s) were destroyed without a despawn; forgetting them
[nebula] 0 entity object(s) were destroyed without a despawn; forgetting them
[nebula] 0 entity object(s) were destroyed without a despawn; forgetting them
[nebula] 0 entity object(s) were destroyed without a despawn; forgetting them
[nebula] 0 entity object(s) were destroyed without a despawn; forgetting them
[nebula] 0 entity object(s) were destroyed without a despawn; forgetting them
[nebula] 0 entity object(s) were destroyed without a despawn; forgetting them
[nebula] 0 entity object(s) were destroyed without a despawn; forgetting them
[nebula] 0 entity object(s) were destroyed without a despawn; forgetting them
[nebula] 0 entity object(s) were destroyed without a despawn; forgetting them
[nebula] 0 entity object(s) were destroyed without a despawn; forgetting them
[nebula] 0 entity object(s) were destroyed without a despawn; forgetting them
[nebula] 0 entity object(s) were destroyed without a despawn; forgetting them
[nebula] 0 entity object(s) were destroyed without a despawn; forgetting them
[nebula] 0 entity object(s) were destroyed without a despawn; forgetting them
[nebula] 0 entity object(s) were destroyed without a despawn; forgetting them
[nebula] 0 entity object(s) were destroyed without a despawn; forgetting them
[nebula] 0 entity object(s) were destroyed without a despawn; forgetting them
[nebula] 0 entity object(s) were destroyed without a despawn; forgetting them
[nebula] 0 entity object(s) were destroyed without a despawn; forgetting them
[nebula] 0 entity object(s) were destroyed without a despawn; forgetting them
[nebula] 0 entity object(s) were destroyed without a despawn; forgetting them
[nebula] 0 entity object(s) were destroyed without a despawn; forgetting them
[nebula] 0 entity object(s) were destroyed without a despawn; forgetting them
[nebula] 0 entity object(s) were destroyed without a despawn; forgetting them
[nebula] 0 entity object(s) were destroyed without a despawn; forgetting them
[nebula] 0 entity object(s) were destroyed without a despawn; forgetting them
[nebula] 0 entity object(s) were destroyed without a despawn; forgetting them
[nebula] 0 entity object(s) were destroyed without a despawn; forgetting them
[nebula] 0 entity object(s) were destroyed without a despawn; forgetting them
[nebula] 0 entity object(s) were destroyed without a despawn; forgetting them
[nebula] 0 entity object(s) were destroyed without a despawn; forgetting them
[nebula] 0 entity object(s) were destroyed without a despawn; forgetting them
[nebula] 0 entity object(s) were destroyed without a despawn; forgetting them
[nebula] 0 entity object(s) were destroyed without a despawn; forgetting them
[nebula] 0 entity object(s) were destroyed without a despawn; forgetting them
[nebula] 0 entity object(s) were destroyed without a despawn; forgetting them
[nebula] 0 entity object(s) were destroyed without a despawn; forgetting them
[nebula] 0 entity object(s) were destroyed without a despawn; forgetting them
[nebula] 0 entity object(s) were destroyed without a despawn; forgetting them
[nebula] 0 entity object(s) were destroyed without a despawn; forgetting them
[nebula] 0 entity object(s) were destroyed without a despawn; forgetting them
[nebula] 0 entity object(s) were destroyed without a despawn; forgetting them
[nebula] 0 entity object(s) were destroyed without a despawn; forgetting them
[nebula] 0 entity object(s) were destroyed without a despawn; forgetting them
[nebula] 0 entity object(s) were destroyed without a despawn; forgetting them
[nebula] 0 entity object(s) were destroyed without a despawn; forgetting them
[nebula] 0 entity object(s) were destroyed without a despawn; forgetting them
[nebula] 0 entity object(s) were destroyed without a despawn; forgetting them
[nebula] local handover Player(Clone)#844424930131970(e2,rt_87960932319231,auth) rt_83562885808127 -> rt_87960932319231
[nebula] 0 entity object(s) were destroyed without a despawn; forgetting them
[nebula] 0 entity object(s) were destroyed without a despawn; forgetting them
[nebula] 0 entity object(s) were destroyed without a despawn; forgetting them
[nebula] 0 entity object(s) were destroyed without a despawn; forgetting them
[nebula] 0 entity object(s) were destroyed without a despawn; forgetting them
[nebula] 0 entity object(s) were destroyed without a despawn; forgetting them
[nebula] 0 entity object(s) were destroyed without a despawn; forgetting them
[nebula] 0 entity object(s) were destroyed without a despawn; forgetting them
[nebula] 0 entity object(s) were destroyed without a despawn; forgetting them
[nebula] 0 entity object(s) were destroyed without a despawn; forgetting them
[nebula] 0 entity object(s) were destroyed without a despawn; forgetting them
[nebula] 0 entity object(s) were destroyed without a despawn; forgetting them
[nebula] 0 entity object(s) were destroyed without a despawn; forgetting them
[nebula] 0 entity object(s) were destroyed without a despawn; forgetting them
[nebula] 0 entity object(s) were destroyed without a despawn; forgetting them
[nebula] 0 entity object(s) were destroyed without a despawn; forgetting them
[nebula] 0 entity object(s) were destroyed without a despawn; forgetting them
[nebula] 0 entity object(s) were destroyed without a despawn; forgetting them
[nebula] 0 entity object(s) were destroyed without a despawn; forgetting them
[nebula] 0 entity object(s) were destroyed without a despawn; forgetting them
[nebula] 0 entity object(s) were destroyed without a despawn; forgetting them
[nebula] 0 entity object(s) were destroyed without a despawn; forgetting them
[nebula] 0 entity object(s) were destroyed without a despawn; forgetting them
[nebula] 0 entity object(s) were destroyed without a despawn; forgetting them
[nebula] 0 entity object(s) were destroyed without a despawn; forgetting them
[nebula] 0 entity object(s) were destroyed without a despawn; forgetting them
[nebula] 0 entity object(s) were destroyed without a despawn; forgetting them
[nebula] 0 entity object(s) were destroyed without a despawn; forgetting them
[nebula] 0 entity object(s) were destroyed without a despawn; forgetting them
[nebula] 0 entity object(s) were destroyed without a despawn; forgetting them
[nebula] 0 entity object(s) were destroyed without a despawn; forgetting them
[nebula] 0 entity object(s) were destroyed without a despawn; forgetting them
[nebula] 0 entity object(s) were destroyed without a despawn; forgetting them
[nebula] 0 entity object(s) were destroyed without a despawn; forgetting them
[nebula] 0 entity object(s) were destroyed without a despawn; forgetting them
[nebula] 0 entity object(s) were destroyed without a despawn; forgetting them
[nebula] 0 entity object(s) were destroyed without a despawn; forgetting them
[nebula] 0 entity object(s) were destroyed without a despawn; forgetting them
[nebula] 0 entity object(s) were destroyed without a despawn; forgetting them
[nebula] 0 entity object(s) were destroyed without a despawn; forgetting them
[nebula] 0 entity object(s) were destroyed without a despawn; forgetting them
[nebula] 0 entity object(s) were destroyed without a despawn; forgetting them
[nebula] 0 entity object(s) were destroyed without a despawn; forgetting them
[nebula] 0 entity object(s) were destroyed without a despawn; forgetting them
[nebula] 0 entity object(s) were destroyed without a despawn; forgetting them
[nebula] spawned Prop(Clone)#281474976710728(e1,rt_87960932319231,auth)
[nebula] 0 entity object(s) were destroyed without a despawn; forgetting them
[nebula] 0 entity object(s) were destroyed without a despawn; forgetting them
[nebula] 0 entity object(s) were destroyed without a despawn; forgetting them
[nebula] 0 entity object(s) were destroyed without a despawn; forgetting them
[nebula] 0 entity object(s) were destroyed without a despawn; forgetting them
[nebula] 0 entity object(s) were destroyed without a despawn; forgetting them
[nebula] 0 entity object(s) were destroyed without a despawn; forgetting them
[nebula] 0 entity object(s) were destroyed without a despawn; forgetting them
[nebula] 0 entity object(s) were destroyed without a despawn; forgetting them
[nebula] 0 entity object(s) were destroyed without a despawn; forgetting them
[nebula] 0 entity object(s) were destroyed without a despawn; forgetting them
[nebula] 0 entity object(s) were destroyed without a despawn; forgetting them
[nebula] 0 entity object(s) were destroyed without a despawn; forgetting them
[nebula] 0 entity object(s) were destroyed without a despawn; forgetting them
[nebula] 0 entity object(s) were destroyed without a despawn; forgetting them
[nebula] 0 entity object(s) were destroyed without a despawn; forgetting them
[nebula] 0 entity object(s) were destroyed without a despawn; forgetting them
[nebula] 0 entity object(s) were destroyed without a despawn; forgetting them
[nebula] 0 entity object(s) were destroyed without a despawn; forgetting them
[nebula] 0 entity object(s) were destroyed without a despawn; forgetting them
[nebula] 0 entity object(s) were destroyed without a despawn; forgetting them
[nebula] 0 entity object(s) were destroyed without a despawn; forgetting them
[nebula] 0 entity object(s) were destroyed without a despawn; forgetting them
[nebula] 0 entity object(s) were destroyed without a despawn; forgetting them
[nebula] 0 entity object(s) were destroyed without a despawn; forgetting them
[nebula] 0 entity object(s) were destroyed without a despawn; forgetting them
[nebula] 0 entity object(s) were destroyed without a despawn; forgetting them
[nebula] 0 entity object(s) were destroyed without a despawn; forgetting them
[nebula] 0 entity object(s) were destroyed without a despawn; forgetting them
[nebula] 0 entity object(s) were destroyed without a despawn; forgetting them
[nebula] 0 entity object(s) were destroyed without a despawn; forgetting them
[nebula] 0 entity object(s) were destroyed without a despawn; forgetting them
[nebula] 0 entity object(s) were destroyed without a despawn; forgetting them
[nebula] 0 entity object(s) were destroyed without a despawn; forgetting them
[nebula] 0 entity object(s) were destroyed without a despawn; forgetting them
[nebula] 0 entity object(s) were destroyed without a despawn; forgetting them
[nebula] 0 entity object(s) were destroyed without a despawn; forgetting them
[nebula] 0 entity object(s) were destroyed without a despawn; forgetting them
[nebula] 0 entity object(s) were destroyed without a despawn; forgetting them
[nebula] 0 entity object(s) were destroyed without a despawn; forgetting them
[nebula] 0 entity object(s) were destroyed without a despawn; forgetting them
[nebula] 0 entity object(s) were destroyed without a despawn; forgetting them
[nebula] 0 entity object(s) were destroyed without a despawn; forgetting them
[nebula] 0 entity object(s) were destroyed without a despawn; forgetting them
[nebula] 0 entity object(s) were destroyed without a despawn; forgetting them
[nebula] 0 entity object(s) were destroyed without a despawn; forgetting them
[nebula] 0 entity object(s) were destroyed without a despawn; forgetting them
[nebula] 0 entity object(s) were destroyed without a despawn; forgetting them
[nebula] 0 entity object(s) were destroyed without a despawn; forgetting them
[nebula] 0 entity object(s) were destroyed without a despawn; forgetting them
[nebula] 0 entity object(s) were destroyed without a despawn; forgetting them
[nebula] 0 entity object(s) were destroyed without a despawn; forgetting them
[nebula] 0 entity object(s) were destroyed without a despawn; forgetting them
[nebula] 0 entity object(s) were destroyed without a despawn; forgetting them
[nebula] 0 entity object(s) were destroyed without a despawn; forgetting them
[nebula] 0 entity object(s) were destroyed without a despawn; forgetting them
[nebula] 0 entity object(s) were destroyed without a despawn; forgetting them
[nebula] 0 entity object(s) were destroyed without a despawn; forgetting them
[nebula] 0 entity object(s) were destroyed without a despawn; forgetting them
[nebula] 0 entity object(s) were destroyed without a despawn; forgetting them
[nebula] 0 entity object(s) were destroyed without a despawn; forgetting them
[nebula] 0 entity object(s) were destroyed without a despawn; forgetting them
[nebula] 0 entity object(s) were destroyed without a despawn; forgetting them
[nebula] 0 entity object(s) were destroyed without a despawn; forgetting them
[nebula] 0 entity object(s) were destroyed without a despawn; forgetting them
[nebula] 0 entity object(s) were destroyed without a despawn; forgetting them
[nebula] 0 entity object(s) were destroyed without a despawn; forgetting them
[nebula] 0 entity object(s) were destroyed without a despawn; forgetting them
[nebula] 0 entity object(s) were destroyed without a despawn; forgetting them
[nebula] 0 entity object(s) were destroyed without a despawn; forgetting them
[nebula] 0 entity object(s) were destroyed without a despawn; forgetting them
[nebula] 0 entity object(s) were destroyed without a despawn; forgetting them
[nebula] 0 entity object(s) were destroyed without a despawn; forgetting them
[nebula] 0 entity object(s) were destroyed without a despawn; forgetting them
[nebula] 0 entity object(s) were destroyed without a despawn; forgetting them
[nebula] 0 entity object(s) were destroyed without a despawn; forgetting them
[nebula] 0 entity object(s) were destroyed without a despawn; forgetting them
[nebula] 0 entity object(s) were destroyed without a despawn; forgetting them
[nebula] 0 entity object(s) were destroyed without a despawn; forgetting them
[nebula] 0 entity object(s) were destroyed without a despawn; forgetting them
[nebula] 0 entity object(s) were destroyed without a despawn; forgetting them
[nebula] 0 entity object(s) were destroyed without a despawn; forgetting them
[nebula] 0 entity object(s) were destroyed without a despawn; forgetting them
[nebula] 0 entity object(s) were destroyed without a despawn; forgetting them
[nebula] 0 entity object(s) were destroyed without a despawn; forgetting them
[nebula] 0 entity object(s) were destroyed without a despawn; forgetting them
[nebula] 0 entity object(s) were destroyed without a despawn; forgetting them
[nebula] 0 entity object(s) were destroyed without a despawn; forgetting them
[nebula] 0 entity object(s) were destroyed without a despawn; forgetting them
[nebula] 0 entity object(s) were destroyed without a despawn; forgetting them
[nebula] 0 entity object(s) were destroyed without a despawn; forgetting them
[nebula] profile 300 ticks/5s 300 frames avg 1.0ms max 1.5ms dup 0 skip 0 gc 40 auth 39 ghosts 0 | poll=0.01 ghosts=0.00 physics.sync=0.00 simulate=0.01 poses=0.04 containers=0.69 band=0.03 publish=0.02 gap=15.71 interest=0.01
[nebula] 0 entity object(s) were destroyed without a despawn; forgetting them
[nebula] 0 entity object(s) were destroyed without a despawn; forgetting them
[nebula] 0 entity object(s) were destroyed without a despawn; forgetting them
[nebula] 0 entity object(s) were destroyed without a despawn; forgetting them
[nebula] 0 entity object(s) were destroyed without a despawn; forgetting them
[nebula] 0 entity object(s) were destroyed without a despawn; forgetting them
[nebula] 0 entity object(s) were destroyed without a despawn; forgetting them
[nebula] 0 entity object(s) were destroyed without a despawn; forgetting them
[nebula] 0 entity object(s) were destroyed without a despawn; forgetting them
[nebula] 0 entity object(s) were destroyed without a despawn; forgetting them
[nebula] 0 entity object(s) were destroyed without a despawn; forgetting them
[nebula] 0 entity object(s) were destroyed without a despawn; forgetting them
[nebula] 0 entity object(s) were destroyed without a despawn; forgetting them
[nebula] 0 entity object(s) were destroyed without a despawn; forgetting them
[nebula] 0 entity object(s) were destroyed without a despawn; forgetting them
[nebula] 0 entity object(s) were destroyed without a despawn; forgetting them
[nebula] 0 entity object(s) were destroyed without a despawn; forgetting them
[nebula] 0 entity object(s) were destroyed without a despawn; forgetting them
[nebula] 0 entity object(s) were destroyed without a despawn; forgetting them
[nebula] 0 entity object(s) were destroyed without a despawn; forgetting them
[nebula] 0 entity object(s) were destroyed without a despawn; forgetting them
[nebula] 0 entity object(s) were destroyed without a despawn; forgetting them
[nebula] 0 entity object(s) were destroyed without a despawn; forgetting them
[nebula] 0 entity object(s) were destroyed without a despawn; forgetting them
[nebula] 0 entity object(s) were destroyed without a despawn; forgetting them
[nebula] 0 entity object(s) were destroyed without a despawn; forgetting them
[nebula] 0 entity object(s) were destroyed without a despawn; forgetting them
[nebula] 0 entity object(s) were destroyed without a despawn; forgetting them
[nebula] 0 entity object(s) were destroyed without a despawn; forgetting them
[nebula] 0 entity object(s) were destroyed without a despawn; forgetting them
[nebula] 0 entity object(s) were destroyed without a despawn; forgetting them
[nebula] 0 entity object(s) were destroyed without a despawn; forgetting them
[nebula] 0 entity object(s) were destroyed without a despawn; forgetting them
[nebula] 0 entity object(s) were destroyed without a despawn; forgetting them
[nebula] 0 entity object(s) were destroyed without a despawn; forgetting them
[nebula] 0 entity object(s) were destroyed without a despawn; forgetting them
[nebula] 0 entity object(s) were destroyed without a despawn; forgetting them
[nebula] 0 entity object(s) were destroyed without a despawn; forgetting them
[nebula] 0 entity object(s) were destroyed without a despawn; forgetting them
[nebula] 0 entity object(s) were destroyed without a despawn; forgetting them
[nebula] 0 entity object(s) were destroyed without a despawn; forgetting them
[nebula] 0 entity object(s) were destroyed without a despawn; forgetting them
[nebula] 0 entity object(s) were destroyed without a despawn; forgetting them
[nebula] 0 entity object(s) were destroyed without a despawn; forgetting them
[nebula] 0 entity object(s) were destroyed without a despawn; forgetting them
[nebula] 0 entity object(s) were destroyed without a despawn; forgetting them
[nebula] 0 entity object(s) were destroyed without a despawn; forgetting them
[nebula] 0 entity object(s) were destroyed without a despawn; forgetting them
[nebula] 0 entity object(s) were destroyed without a despawn; forgetting them
[nebula] 0 entity object(s) were destroyed without a despawn; forgetting them
[nebula] 0 entity object(s) were destroyed without a despawn; forgetting them
[nebula] 0 entity object(s) were destroyed without a despawn; forgetting them
[nebula] 0 entity object(s) were destroyed without a despawn; forgetting them
[nebula] 0 entity object(s) were destroyed without a despawn; forgetting them
[nebula] 0 entity object(s) were destroyed without a despawn; forgetting them
[nebula] 0 entity object(s) were destroyed without a despawn; forgetting them
[nebula] 0 entity object(s) were destroyed without a despawn; forgetting them
[nebula] 0 entity object(s) were destroyed without a despawn; forgetting them
[nebula] 0 entity object(s) were destroyed without a despawn; forgetting them
[nebula] 0 entity object(s) were destroyed without a despawn; forgetting them
[nebula] 0 entity object(s) were destroyed without a despawn; forgetting them
[nebula] 0 entity object(s) were destroyed without a despawn; forgetting them
[nebula] 0 entity object(s) were destroyed without a despawn; forgetting them
[nebula] 0 entity object(s) were destroyed without a despawn; forgetting them
[nebula] 0 entity object(s) were destroyed without a despawn; forgetting them
[nebula] 0 entity object(s) were destroyed without a despawn; forgetting them
[nebula] 0 entity object(s) were destroyed without a despawn; forgetting them
[nebula] 0 entity object(s) were destroyed without a despawn; forgetting them
[nebula] 0 entity object(s) were destroyed without a despawn; forgetting them
[nebula] 0 entity object(s) were destroyed without a despawn; forgetting them
[nebula] 0 entity object(s) were destroyed without a despawn; forgetting them
[nebula] 0 entity object(s) were destroyed without a despawn; forgetting them
[nebula] 0 entity object(s) were destroyed without a despawn; forgetting them
[nebula] 0 entity object(s) were destroyed without a despawn; forgetting them
[nebula] 0 entity object(s) were destroyed without a despawn; forgetting them
[nebula] 0 entity object(s) were destroyed without a despawn; forgetting them
[nebula] 0 entity object(s) were destroyed without a despawn; forgetting them
[nebula] 0 entity object(s) were destroyed without a despawn; forgetting them
[nebula] 0 entity object(s) were destroyed without a despawn; forgetting them
[nebula] 0 entity object(s) were destroyed without a despawn; forgetting them
[nebula] 0 entity object(s) were destroyed without a despawn; forgetting them
[nebula] 0 entity object(s) were destroyed without a despawn; forgetting them
[nebula] 0 entity object(s) were destroyed without a despawn; forgetting them
[nebula] 0 entity object(s) were destroyed without a despawn; forgetting them
[nebula] 0 entity object(s) were destroyed without a despawn; forgetting them
[nebula] 0 entity object(s) were destroyed without a despawn; forgetting them
[nebula] 0 entity object(s) were destroyed without a despawn; forgetting them
[nebula] 0 entity object(s) were destroyed without a despawn; forgetting them
[nebula] 0 entity object(s) were destroyed without a despawn; forgetting them
[nebula] spawned Prop(Clone)#281474976710729(e1,rt_87960932319231,auth)
[nebula] 0 entity object(s) were destroyed without a despawn; forgetting them
[nebula] 0 entity object(s) were destroyed without a despawn; forgetting them
[nebula] 0 entity object(s) were destroyed without a despawn; forgetting them
[nebula] 0 entity object(s) were destroyed without a despawn; forgetting them
[nebula] 0 entity object(s) were destroyed without a despawn; forgetting them
[nebula] 0 entity object(s) were destroyed without a despawn; forgetting them
[nebula] 0 entity object(s) were destroyed without a despawn; forgetting them
[nebula] 0 entity object(s) were destroyed without a despawn; forgetting them
[nebula] 0 entity object(s) were destroyed without a despawn; forgetting them
[nebula] 0 entity object(s) were destroyed without a despawn; forgetting them
[nebula] 0 entity object(s) were destroyed without a despawn; forgetting them
[nebula] 0 entity object(s) were destroyed without a despawn; forgetting them
[nebula] 0 entity object(s) were destroyed without a despawn; forgetting them
[nebula] 0 entity object(s) were destroyed without a despawn; forgetting them
[nebula] 0 entity object(s) were destroyed without a despawn; forgetting them
[nebula] 0 entity object(s) were destroyed without a despawn; forgetting them
[nebula] 0 entity object(s) were destroyed without a despawn; forgetting them
[nebula] 0 entity object(s) were destroyed without a despawn; forgetting them
[nebula] 0 entity object(s) were destroyed without a despawn; forgetting them
[nebula] 0 entity object(s) were destroyed without a despawn; forgetting them
[nebula] 0 entity object(s) were destroyed without a despawn; forgetting them
[nebula] 0 entity object(s) were destroyed without a despawn; forgetting them
[nebula] 0 entity object(s) were destroyed without a despawn; forgetting them
[nebula] 0 entity object(s) were destroyed without a despawn; forgetting them
[nebula] 0 entity object(s) were destroyed without a despawn; forgetting them
[nebula] 0 entity object(s) were destroyed without a despawn; forgetting them
[nebula] 0 entity object(s) were destroyed without a despawn; forgetting them
[nebula] 0 entity object(s) were destroyed without a despawn; forgetting them
[nebula] 0 entity object(s) were destroyed without a despawn; forgetting them
[nebula] 0 entity object(s) were destroyed without a despawn; forgetting them
[nebula] 0 entity object(s) were destroyed without a despawn; forgetting them
[nebula] 0 entity object(s) were destroyed without a despawn; forgetting them
[nebula] 0 entity object(s) were destroyed without a despawn; forgetting them
[nebula] 0 entity object(s) were destroyed without a despawn; forgetting them
[nebula] 0 entity object(s) were destroyed without a despawn; forgetting them
[nebula] 0 entity object(s) were destroyed without a despawn; forgetting them
[nebula] 0 entity object(s) were destroyed without a despawn; forgetting them
[nebula] 0 entity object(s) were destroyed without a despawn; forgetting them
[nebula] 0 entity object(s) were destroyed without a despawn; forgetting them
[nebula] 0 entity object(s) were destroyed without a despawn; forgetting them
[nebula] 0 entity object(s) were destroyed without a despawn; forgetting them
[nebula] 0 entity object(s) were destroyed without a despawn; forgetting them
[nebula] 0 entity object(s) were destroyed without a despawn; forgetting them
[nebula] 0 entity object(s) were destroyed without a despawn; forgetting them
[nebula] 0 entity object(s) were destroyed without a despawn; forgetting them
[nebula] 0 entity object(s) were destroyed without a despawn; forgetting them
[nebula] 0 entity object(s) were destroyed without a despawn; forgetting them
[nebula] 0 entity object(s) were destroyed without a despawn; forgetting them
[nebula] 0 entity object(s) were destroyed without a despawn; forgetting them
[nebula] 0 entity object(s) were destroyed without a despawn; forgetting them
[nebula] 0 entity object(s) were destroyed without a despawn; forgetting them
[nebula] 0 entity object(s) were destroyed without a despawn; forgetting them
[nebula] 0 entity object(s) were destroyed without a despawn; forgetting them
[nebula] 0 entity object(s) were destroyed without a despawn; forgetting them
[nebula] 0 entity object(s) were destroyed without a despawn; forgetting them
[nebula] 0 entity object(s) were destroyed without a despawn; forgetting them
[nebula] 0 entity object(s) were destroyed without a despawn; forgetting them
[nebula] 0 entity object(s) were destroyed without a despawn; forgetting them
[nebula] 0 entity object(s) were destroyed without a despawn; forgetting them
[nebula] 0 entity object(s) were destroyed without a despawn; forgetting them
[nebula] 0 entity object(s) were destroyed without a despawn; forgetting them
[nebula] 0 entity object(s) were destroyed without a despawn; forgetting them
[nebula] 0 entity object(s) were destroyed without a despawn; forgetting them
[nebula] 0 entity object(s) were destroyed without a despawn; forgetting them
[nebula] 0 entity object(s) were destroyed without a despawn; forgetting them
[nebula] 0 entity object(s) were destroyed without a despawn; forgetting them
[nebula] 0 entity object(s) were destroyed without a despawn; forgetting them
[nebula] 0 entity object(s) were destroyed without a despawn; forgetting them
[nebula] 0 entity object(s) were destroyed without a despawn; forgetting them
[nebula] 0 entity object(s) were destroyed without a despawn; forgetting them
[nebula] 0 entity object(s) were destroyed without a despawn; forgetting them
[nebula] 0 entity object(s) were destroyed without a despawn; forgetting them
[nebula] 0 entity object(s) were destroyed without a despawn; forgetting them
[nebula] 0 entity object(s) were destroyed without a despawn; forgetting them
[nebula] 0 entity object(s) were destroyed without a despawn; forgetting them
[nebula] 0 entity object(s) were destroyed without a despawn; forgetting them
[nebula] 0 entity object(s) were destroyed without a despawn; forgetting them
[nebula] 0 entity object(s) were destroyed without a despawn; forgetting them
[nebula] 0 entity object(s) were destroyed without a despawn; forgetting them
[nebula] 0 entity object(s) were destroyed without a despawn; forgetting them
[nebula] 0 entity object(s) were destroyed without a despawn; forgetting them
[nebula] 0 entity object(s) were destroyed without a despawn; forgetting them
[nebula] 0 entity object(s) were destroyed without a despawn; forgetting them
[nebula] 0 entity object(s) were destroyed without a despawn; forgetting them
[nebula] 0 entity object(s) were destroyed without a despawn; forgetting them
[nebula] 0 entity object(s) were destroyed without a despawn; forgetting them
[nebula] 0 entity object(s) were destroyed without a despawn; forgetting them
[nebula] 0 entity object(s) were destroyed without a despawn; forgetting them
[nebula] 0 entity object(s) were destroyed without a despawn; forgetting them
[nebula] 0 entity object(s) were destroyed without a despawn; forgetting them
[nebula] 0 entity object(s) were destroyed without a despawn; forgetting them
[nebula] 0 entity object(s) were destroyed without a despawn; forgetting them
[nebula] 0 entity object(s) were destroyed without a despawn; forgetting them
[nebula] 0 entity object(s) were destroyed without a despawn; forgetting them
[nebula] 0 entity object(s) were destroyed without a despawn; forgetting them
[nebula] 0 entity object(s) were destroyed without a despawn; forgetting them
[nebula] 0 entity object(s) were destroyed without a despawn; forgetting them
[nebula] 0 entity object(s) were destroyed without a despawn; forgetting them
[nebula] 0 entity object(s) were destroyed without a despawn; forgetting them
[nebula] 0 entity object(s) were destroyed without a despawn; forgetting them
[nebula] 0 entity object(s) were destroyed without a despawn; forgetting them
[nebula] 0 entity object(s) were destroyed without a despawn; forgetting them
[nebula] 0 entity object(s) were destroyed without a despawn; forgetting them
[nebula] 0 entity object(s) were destroyed without a despawn; forgetting them
[nebula] 0 entity object(s) were destroyed without a despawn; forgetting them
[nebula] 0 entity object(s) were destroyed without a despawn; forgetting them
[nebula] 0 entity object(s) were destroyed without a despawn; forgetting them
[nebula] 0 entity object(s) were destroyed without a despawn; forgetting them
[nebula] 0 entity object(s) were destroyed without a despawn; forgetting them
[nebula] 0 entity object(s) were destroyed without a despawn; forgetting them
[nebula] 0 entity object(s) were destroyed without a despawn; forgetting them
[nebula] 0 entity object(s) were destroyed without a despawn; forgetting them
[nebula] 0 entity object(s) were destroyed without a despawn; forgetting them
[nebula] 0 entity object(s) were destroyed without a despawn; forgetting them
[nebula] 0 entity object(s) were destroyed without a despawn; forgetting them
[nebula] 0 entity object(s) were destroyed without a despawn; forgetting them
[nebula] 0 entity object(s) were destroyed without a despawn; forgetting them
[nebula] 0 entity object(s) were destroyed without a despawn; forgetting them
[nebula] 0 entity object(s) were destroyed without a despawn; forgetting them
[nebula] 0 entity object(s) were destroyed without a despawn; forgetting them
[nebula] 0 entity object(s) were destroyed without a despawn; forgetting them
[nebula] 0 entity object(s) were destroyed without a despawn; forgetting them
[nebula] 0 entity object(s) were destroyed without a despawn; forgetting them
[nebula] 0 entity object(s) were destroyed without a despawn; forgetting them
[nebula] 0 entity object(s) were destroyed without a despawn; forgetting them
[nebula] 0 entity object(s) were destroyed without a despawn; forgetting them
[nebula] 0 entity object(s) were destroyed without a despawn; forgetting them
[nebula] 0 entity object(s) were destroyed without a despawn; forgetting them
[nebula] 0 entity object(s) were destroyed without a despawn; forgetting them
[nebula] 0 entity object(s) were destroyed without a despawn; forgetting them
[nebula] 0 entity object(s) were destroyed without a despawn; forgetting them
[nebula] 0 entity object(s) were destroyed without a despawn; forgetting them
[nebula] 0 entity object(s) were destroyed without a despawn; forgetting them
[nebula] 0 entity object(s) were destroyed without a despawn; forgetting them
[nebula] 0 entity object(s) were destroyed without a despawn; forgetting them
[nebula] 0 entity object(s) were destroyed without a despawn; forgetting them
[nebula] 0 entity object(s) were destroyed without a despawn; forgetting them
[nebula] 0 entity object(s) were destroyed without a despawn; forgetting them
[nebula] 0 entity object(s) were destroyed without a despawn; forgetting them
[nebula] 0 entity object(s) were destroyed without a despawn; forgetting them
[nebula] 0 entity object(s) were destroyed without a despawn; forgetting them
[nebula] 0 entity object(s) were destroyed without a despawn; forgetting them
[nebula] 0 entity object(s) were destroyed without a despawn; forgetting them
[nebula] 0 entity object(s) were destroyed without a despawn; forgetting them
[nebula] 0 entity object(s) were destroyed without a despawn; forgetting them
[nebula] 0 entity object(s) were destroyed without a despawn; forgetting them
[nebula] 0 entity object(s) were destroyed without a despawn; forgetting them
[nebula] 0 entity object(s) were destroyed without a despawn; forgetting them
[nebula] 0 entity object(s) were destroyed without a despawn; forgetting them
[nebula] 0 entity object(s) were destroyed without a despawn; forgetting them
[nebula] 0 entity object(s) were destroyed without a despawn; forgetting them
[nebula] 0 entity object(s) were destroyed without a despawn; forgetting them
[nebula] 0 entity object(s) were destroyed without a despawn; forgetting them
[nebula] 0 entity object(s) were destroyed without a despawn; forgetting them
[nebula] 0 entity object(s) were destroyed without a despawn; forgetting them
[nebula] 0 entity object(s) were destroyed without a despawn; forgetting them
[nebula] 0 entity object(s) were destroyed without a despawn; forgetting them
[nebula] 0 entity object(s) were destroyed without a despawn; forgetting them
[nebula] 0 entity object(s) were destroyed without a despawn; forgetting them
[nebula] 0 entity object(s) were destroyed without a despawn; forgetting them
[nebula] 0 entity object(s) were destroyed without a despawn; forgetting them
[nebula] 0 entity object(s) were destroyed without a despawn; forgetting them
[nebula] 0 entity object(s) were destroyed without a despawn; forgetting them
[nebula] 0 entity object(s) were destroyed without a despawn; forgetting them
[nebula] 0 entity object(s) were destroyed without a despawn; forgetting them
[nebula] 0 entity object(s) were destroyed without a despawn; forgetting them
[nebula] 0 entity object(s) were destroyed without a despawn; forgetting them
[nebula] 0 entity object(s) were destroyed without a despawn; forgetting them
[nebula] 0 entity object(s) were destroyed without a despawn; forgetting them
[nebula] 0 entity object(s) were destroyed without a despawn; forgetting them
[nebula] 0 entity object(s) were destroyed without a despawn; forgetting them
[nebula] 0 entity object(s) were destroyed without a despawn; forgetting them
[nebula] 0 entity object(s) were destroyed without a despawn; forgetting them
[nebula] 0 entity object(s) were destroyed without a despawn; forgetting them
[nebula] 0 entity object(s) were destroyed without a despawn; forgetting them
[nebula] 0 entity object(s) were destroyed without a despawn; forgetting them
[nebula] 0 entity object(s) were destroyed without a despawn; forgetting them
[nebula] 0 entity object(s) were destroyed without a despawn; forgetting them
[nebula] 0 entity object(s) were destroyed without a despawn; forgetting them
[nebula] 0 entity object(s) were destroyed without a despawn; forgetting them
[nebula] spawned Prop(Clone)#281474976710730(e1,rt_87960932319231,auth)
[nebula] 0 entity object(s) were destroyed without a despawn; forgetting them
[nebula] 0 entity object(s) were destroyed without a despawn; forgetting them
[nebula] 0 entity object(s) were destroyed without a despawn; forgetting them
[nebula] 0 entity object(s) were destroyed without a despawn; forgetting them
[nebula] 0 entity object(s) were destroyed without a despawn; forgetting them
[nebula] 0 entity object(s) were destroyed without a despawn; forgetting them
[nebula] 0 entity object(s) were destroyed without a despawn; forgetting them
[nebula] 0 entity object(s) were destroyed without a despawn; forgetting them
[nebula] 0 entity object(s) were destroyed without a despawn; forgetting them
[nebula] 0 entity object(s) were destroyed without a despawn; forgetting them
[nebula] 0 entity object(s) were destroyed without a despawn; forgetting them
[nebula] 0 entity object(s) were destroyed without a despawn; forgetting them
[nebula] 0 entity object(s) were destroyed without a despawn; forgetting them
[nebula] 0 entity object(s) were destroyed without a despawn; forgetting them
[nebula] 0 entity object(s) were destroyed without a despawn; forgetting them
[nebula] 0 entity object(s) were destroyed without a despawn; forgetting them
[nebula] 0 entity object(s) were destroyed without a despawn; forgetting them
[nebula] 0 entity object(s) were destroyed without a despawn; forgetting them
[nebula] 0 entity object(s) were destroyed without a despawn; forgetting them
[nebula] 0 entity object(s) were destroyed without a despawn; forgetting them
[nebula] 0 entity object(s) were destroyed without a despawn; forgetting them
[nebula] 0 entity object(s) were destroyed without a despawn; forgetting them
[nebula] 0 entity object(s) were destroyed without a despawn; forgetting them
[nebula] 0 entity object(s) were destroyed without a despawn; forgetting them
[nebula] 0 entity object(s) were destroyed without a despawn; forgetting them
[nebula] 0 entity object(s) were destroyed without a despawn; forgetting them
[nebula] 0 entity object(s) were destroyed without a despawn; forgetting them
[nebula] 0 entity object(s) were destroyed without a despawn; forgetting them
[nebula] 0 entity object(s) were destroyed without a despawn; forgetting them
[nebula] 0 entity object(s) were destroyed without a despawn; forgetting them
[nebula] 0 entity object(s) were destroyed without a despawn; forgetting them
[nebula] profile 300 ticks/5s 300 frames avg 1.0ms max 1.5ms dup 0 skip 0 gc 35 auth 41 ghosts 0 | poll=0.01 ghosts=0.00 physics.sync=0.00 simulate=0.01 poses=0.04 containers=0.72 band=0.03 publish=0.02 gap=15.67 interest=0.01
[nebula] 0 entity object(s) were destroyed without a despawn; forgetting them
[nebula] 0 entity object(s) were destroyed without a despawn; forgetting them
[nebula] 0 entity object(s) were destroyed without a despawn; forgetting them
[nebula] 0 entity object(s) were destroyed without a despawn; forgetting them
[nebula] 0 entity object(s) were destroyed without a despawn; forgetting them
[nebula] 0 entity object(s) were destroyed without a despawn; forgetting them
[nebula] 0 entity object(s) were destroyed without a despawn; forgetting them
[nebula] 0 entity object(s) were destroyed without a despawn; forgetting them
[nebula] 0 entity object(s) were destroyed without a despawn; forgetting them
[nebula] 0 entity object(s) were destroyed without a despawn; forgetting them
[nebula] 0 entity object(s) were destroyed without a despawn; forgetting them
[nebula] 0 entity object(s) were destroyed without a despawn; forgetting them
[nebula] 0 entity object(s) were destroyed without a despawn; forgetting them
[nebula] 0 entity object(s) were destroyed without a despawn; forgetting them
[nebula] 0 entity object(s) were destroyed without a despawn; forgetting them
[nebula] 0 entity object(s) were destroyed without a despawn; forgetting them
[nebula] 0 entity object(s) were destroyed without a despawn; forgetting them
[nebula] 0 entity object(s) were destroyed without a despawn; forgetting them
[nebula] 0 entity object(s) were destroyed without a despawn; forgetting them
[nebula] 0 entity object(s) were destroyed without a despawn; forgetting them
[nebula] 0 entity object(s) were destroyed without a despawn; forgetting them
[nebula] 0 entity object(s) were destroyed without a despawn; forgetting them
[nebula] 0 entity object(s) were destroyed without a despawn; forgetting them
[nebula] 0 entity object(s) were destroyed without a despawn; forgetting them
[nebula] 0 entity object(s) were destroyed without a despawn; forgetting them
[nebula] 0 entity object(s) were destroyed without a despawn; forgetting them
[nebula] 0 entity object(s) were destroyed without a despawn; forgetting them
[nebula] 0 entity object(s) were destroyed without a despawn; forgetting them
[nebula] 0 entity object(s) were destroyed without a despawn; forgetting them
[nebula] 0 entity object(s) were destroyed without a despawn; forgetting them
[nebula] 0 entity object(s) were destroyed without a despawn; forgetting them
[nebula] handover OUT Prop(Clone)#281474976710703(e2,rt_57174606741503,ghost) -> w3 (epoch 2, tick 1365049644)
[nebula] handover OUT Prop(Clone)#281474976710704(e2,rt_57174606741503,ghost) -> w3 (epoch 2, tick 1365049644)
[nebula] handover OUT Prop(Clone)#281474976710705(e2,rt_57174606741503,ghost) -> w3 (epoch 2, tick 1365049644)
[nebula] handover OUT Prop(Clone)#281474976710706(e2,rt_57174606741503,ghost) -> w3 (epoch 2, tick 1365049644)
[nebula] handover OUT Prop(Clone)#281474976710707(e2,rt_61572653252607,ghost) -> w3 (epoch 2, tick 1365049644)
[nebula] handover OUT Prop(Clone)#281474976710708(e2,rt_61572653252607,ghost) -> w3 (epoch 2, tick 1365049644)
[nebula] handover OUT Prop(Clone)#281474976710709(e2,rt_61572653252607,ghost) -> w3 (epoch 2, tick 1365049644)
[nebula] handover OUT Prop(Clone)#281474976710666(e4,rt_9223367638808264707,ghost) -> w2 (epoch 4, tick 1365049644)
[nebula] ghost Prop(Clone)#281474976710710(e1,rt_65970699763711,auth) -> w3
[nebula] 0 entity object(s) were destroyed without a despawn; forgetting them
[nebula] 0 entity object(s) were destroyed without a despawn; forgetting them
[nebula] 0 entity object(s) were destroyed without a despawn; forgetting them
[nebula] 0 entity object(s) were destroyed without a despawn; forgetting them
[nebula] 0 entity object(s) were destroyed without a despawn; forgetting them
[nebula] 0 entity object(s) were destroyed without a despawn; forgetting them
[nebula] 0 entity object(s) were destroyed without a despawn; forgetting them
[nebula] 0 entity object(s) were destroyed without a despawn; forgetting them
[nebula] 0 entity object(s) were destroyed without a despawn; forgetting them
[nebula] 0 entity object(s) were destroyed without a despawn; forgetting them
[nebula] 0 entity object(s) were destroyed without a despawn; forgetting them
[nebula] 0 entity object(s) were destroyed without a despawn; forgetting them
[nebula] 0 entity object(s) were destroyed without a despawn; forgetting them
[nebula] 0 entity object(s) were destroyed without a despawn; forgetting them
[nebula] 0 entity object(s) were destroyed without a despawn; forgetting them
[nebula] 0 entity object(s) were destroyed without a despawn; forgetting them
[nebula] 0 entity object(s) were destroyed without a despawn; forgetting them
[nebula] 0 entity object(s) were destroyed without a despawn; forgetting them
[nebula] 0 entity object(s) were destroyed without a despawn; forgetting them
[nebula] 0 entity object(s) were destroyed without a despawn; forgetting them
[nebula] 0 entity object(s) were destroyed without a despawn; forgetting them
[nebula] 0 entity object(s) were destroyed without a despawn; forgetting them
[nebula] 0 entity object(s) were destroyed without a despawn; forgetting them
[nebula] 0 entity object(s) were destroyed without a despawn; forgetting them
[nebula] 0 entity object(s) were destroyed without a despawn; forgetting them
[nebula] 0 entity object(s) were destroyed without a despawn; forgetting them
[nebula] 0 entity object(s) were destroyed without a despawn; forgetting them
[nebula] 0 entity object(s) were destroyed without a despawn; forgetting them
[nebula] 0 entity object(s) were destroyed without a despawn; forgetting them
[nebula] 0 entity object(s) were destroyed without a despawn; forgetting them
[nebula] 0 entity object(s) were destroyed without a despawn; forgetting them
[nebula] 0 entity object(s) were destroyed without a despawn; forgetting them
[nebula] 0 entity object(s) were destroyed without a despawn; forgetting them
[nebula] 0 entity object(s) were destroyed without a despawn; forgetting them
[nebula] 0 entity object(s) were destroyed without a despawn; forgetting them
[nebula] 0 entity object(s) were destroyed without a despawn; forgetting them
[nebula] 0 entity object(s) were destroyed without a despawn; forgetting them
[nebula] 0 entity object(s) were destroyed without a despawn; forgetting them
[nebula] 0 entity object(s) were destroyed without a despawn; forgetting them
[nebula] 0 entity object(s) were destroyed without a despawn; forgetting them
[nebula] 0 entity object(s) were destroyed without a despawn; forgetting them
[nebula] 0 entity object(s) were destroyed without a despawn; forgetting them
[nebula] 0 entity object(s) were destroyed without a despawn; forgetting them
[nebula] 0 entity object(s) were destroyed without a despawn; forgetting them
[nebula] 0 entity object(s) were destroyed without a despawn; forgetting them
[nebula] 0 entity object(s) were destroyed without a despawn; forgetting them
[nebula] 0 entity object(s) were destroyed without a despawn; forgetting them
[nebula] 0 entity object(s) were destroyed without a despawn; forgetting them
[nebula] 0 entity object(s) were destroyed without a despawn; forgetting them
[nebula] 0 entity object(s) were destroyed without a despawn; forgetting them
[nebula] 0 entity object(s) were destroyed without a despawn; forgetting them
[nebula] 0 entity object(s) were destroyed without a despawn; forgetting them
[nebula] 0 entity object(s) were destroyed without a despawn; forgetting them
[nebula] 0 entity object(s) were destroyed without a despawn; forgetting them
[nebula] 0 entity object(s) were destroyed without a despawn; forgetting them
[nebula] 0 entity object(s) were destroyed without a despawn; forgetting them
[nebula] 0 entity object(s) were destroyed without a despawn; forgetting them
[nebula] 0 entity object(s) were destroyed without a despawn; forgetting them
[nebula] 0 entity object(s) were destroyed without a despawn; forgetting them
[nebula] 0 entity object(s) were destroyed without a despawn; forgetting them
[nebula] 0 entity object(s) were destroyed without a despawn; forgetting them
[nebula] 0 entity object(s) were destroyed without a despawn; forgetting them
[nebula] 0 entity object(s) were destroyed without a despawn; forgetting them
[nebula] 0 entity object(s) were destroyed without a despawn; forgetting them
[nebula] 0 entity object(s) were destroyed without a despawn; forgetting them
[nebula] 0 entity object(s) were destroyed without a despawn; forgetting them
[nebula] 0 entity object(s) were destroyed without a despawn; forgetting them
[nebula] 0 entity object(s) were destroyed without a despawn; forgetting them
[nebula] 0 entity object(s) were destroyed without a despawn; forgetting them
[nebula] 0 entity object(s) were destroyed without a despawn; forgetting them
[nebula] 0 entity object(s) were destroyed without a despawn; forgetting them
[nebula] 0 entity object(s) were destroyed without a despawn; forgetting them
[nebula] 0 entity object(s) were destroyed without a despawn; forgetting them
[nebula] 0 entity object(s) were destroyed without a despawn; forgetting them
[nebula] 0 entity object(s) were destroyed without a despawn; forgetting them
[nebula] 0 entity object(s) were destroyed without a despawn; forgetting them
[nebula] 0 entity object(s) were destroyed without a despawn; forgetting them
[nebula] 0 entity object(s) were destroyed without a despawn; forgetting them
[nebula] 0 entity object(s) were destroyed without a despawn; forgetting them
[nebula] 0 entity object(s) were destroyed without a despawn; forgetting them
[nebula] 0 entity object(s) were destroyed without a despawn; forgetting them
[nebula] 0 entity object(s) were destroyed without a despawn; forgetting them
[nebula] 0 entity object(s) were destroyed without a despawn; forgetting them
[nebula] 0 entity object(s) were destroyed without a despawn; forgetting them
[nebula] 0 entity object(s) were destroyed without a despawn; forgetting them
[nebula] 0 entity object(s) were destroyed without a despawn; forgetting them
[nebula] 0 entity object(s) were destroyed without a despawn; forgetting them
[nebula] 0 entity object(s) were destroyed without a despawn; forgetting them
[nebula] 0 entity object(s) were destroyed without a despawn; forgetting them
[nebula] 0 entity object(s) were destroyed without a despawn; forgetting them
[nebula] 0 entity object(s) were destroyed without a despawn; forgetting them
[nebula] 0 entity object(s) were destroyed without a despawn; forgetting them
[nebula] 0 entity object(s) were destroyed without a despawn; forgetting them
[nebula] 0 entity object(s) were destroyed without a despawn; forgetting them
[nebula] 0 entity object(s) were destroyed without a despawn; forgetting them
[nebula] 0 entity object(s) were destroyed without a despawn; forgetting them
[nebula] 0 entity object(s) were destroyed without a despawn; forgetting them
[nebula] 0 entity object(s) were destroyed without a despawn; forgetting them
[nebula] 0 entity object(s) were destroyed without a despawn; forgetting them
[nebula] 0 entity object(s) were destroyed without a despawn; forgetting them
[nebula] 0 entity object(s) were destroyed without a despawn; forgetting them
[nebula] 0 entity object(s) were destroyed without a despawn; forgetting them
[nebula] 0 entity object(s) were destroyed without a despawn; forgetting them
[nebula] 0 entity object(s) were destroyed without a despawn; forgetting them
[nebula] 0 entity object(s) were destroyed without a despawn; forgetting them
[nebula] 0 entity object(s) were destroyed without a despawn; forgetting them
[nebula] 0 entity object(s) were destroyed without a despawn; forgetting them
[nebula] 0 entity object(s) were destroyed without a despawn; forgetting them
[nebula] 0 entity object(s) were destroyed without a despawn; forgetting them
[nebula] 0 entity object(s) were destroyed without a despawn; forgetting them
[nebula] 0 entity object(s) were destroyed without a despawn; forgetting them
[nebula] 0 entity object(s) were destroyed without a despawn; forgetting them
[nebula] 0 entity object(s) were destroyed without a despawn; forgetting them
[nebula] 0 entity object(s) were destroyed without a despawn; forgetting them
[nebula] 0 entity object(s) were destroyed without a despawn; forgetting them
[nebula] 0 entity object(s) were destroyed without a despawn; forgetting them
[nebula] 0 entity object(s) were destroyed without a despawn; forgetting them
[nebula] 0 entity object(s) were destroyed without a despawn; forgetting them
[nebula] spawned Prop(Clone)#281474976710731(e1,rt_87960932319231,auth)
[nebula] 0 entity object(s) were destroyed without a despawn; forgetting them
[nebula] 0 entity object(s) were destroyed without a despawn; forgetting them
[nebula] 0 entity object(s) were destroyed without a despawn; forgetting them
[nebula] 0 entity object(s) were destroyed without a despawn; forgetting them
[nebula] 0 entity object(s) were destroyed without a despawn; forgetting them
[nebula] 0 entity object(s) were destroyed without a despawn; forgetting them
[nebula] 0 entity object(s) were destroyed without a despawn; forgetting them
[nebula] 0 entity object(s) were destroyed without a despawn; forgetting them
[nebula] 0 entity object(s) were destroyed without a despawn; forgetting them
[nebula] 0 entity object(s) were destroyed without a despawn; forgetting them
[nebula] 0 entity object(s) were destroyed without a despawn; forgetting them
[nebula] 0 entity object(s) were destroyed without a despawn; forgetting them
[nebula] 0 entity object(s) were destroyed without a despawn; forgetting them
[nebula] 0 entity object(s) were destroyed without a despawn; forgetting them
[nebula] 0 entity object(s) were destroyed without a despawn; forgetting them
[nebula] 0 entity object(s) were destroyed without a despawn; forgetting them
[nebula] 0 entity object(s) were destroyed without a despawn; forgetting them
[nebula] 0 entity object(s) were destroyed without a despawn; forgetting them
[nebula] 0 entity object(s) were destroyed without a despawn; forgetting them
[nebula] 0 entity object(s) were destroyed without a despawn; forgetting them
[nebula] 0 entity object(s) were destroyed without a despawn; forgetting them
[nebula] 0 entity object(s) were destroyed without a despawn; forgetting them
[nebula] 0 entity object(s) were destroyed without a despawn; forgetting them
[nebula] 0 entity object(s) were destroyed without a despawn; forgetting them
[nebula] 0 entity object(s) were destroyed without a despawn; forgetting them
[nebula] 0 entity object(s) were destroyed without a despawn; forgetting them
[nebula] 0 entity object(s) were destroyed without a despawn; forgetting them
[nebula] 0 entity object(s) were destroyed without a despawn; forgetting them
[nebula] 0 entity object(s) were destroyed without a despawn; forgetting them
[nebula] 0 entity object(s) were destroyed without a despawn; forgetting them
[nebula] 0 entity object(s) were destroyed without a despawn; forgetting them
[nebula] 0 entity object(s) were destroyed without a despawn; forgetting them
[nebula] 0 entity object(s) were destroyed without a despawn; forgetting them
[nebula] 0 entity object(s) were destroyed without a despawn; forgetting them
[nebula] 0 entity object(s) were destroyed without a despawn; forgetting them
[nebula] 0 entity object(s) were destroyed without a despawn; forgetting them
[nebula] 0 entity object(s) were destroyed without a despawn; forgetting them
[nebula] 0 entity object(s) were destroyed without a despawn; forgetting them
[nebula] 0 entity object(s) were destroyed without a despawn; forgetting them
[nebula] 0 entity object(s) were destroyed without a despawn; forgetting them
[nebula] 0 entity object(s) were destroyed without a despawn; forgetting them
[nebula] 0 entity object(s) were destroyed without a despawn; forgetting them
[nebula] 0 entity object(s) were destroyed without a despawn; forgetting them
[nebula] 0 entity object(s) were destroyed without a despawn; forgetting them
[nebula] 0 entity object(s) were destroyed without a despawn; forgetting them
[nebula] 0 entity object(s) were destroyed without a despawn; forgetting them
[nebula] 0 entity object(s) were destroyed without a despawn; forgetting them
[nebula] 0 entity object(s) were destroyed without a despawn; forgetting them
[nebula] 0 entity object(s) were destroyed without a despawn; forgetting them
[nebula] 0 entity object(s) were destroyed without a despawn; forgetting them
[nebula] 0 entity object(s) were destroyed without a despawn; forgetting them
[nebula] 0 entity object(s) were destroyed without a despawn; forgetting them
