Mono path[0] = 'C:/Dev/nebula-virtualworld/Builds/Win64/Nebula_Data/Managed'
Mono config path = 'C:/Dev/nebula-virtualworld/Builds/Win64/MonoBleedingEdge/etc'
CodeReloadManager initialized
Found 1 interfaces on host : 0) 192.168.4.54
Player connection [18136]  Target information:

Player connection [18136]  * "[IP] 192.168.4.54 [Port] 55009 [Flags] 2 [Guid] 2929100587 [EditorId] 3301648937 [Version] 1048832 [Id] WindowsPlayer(2,Atlas) [Debug] 0 [PackageName] WindowsPlayer [ProjectName] nebula-virtualworld" 

Player connection [18136] Started UDP target info broadcast (1) on [225.0.0.222:54997].

Input System module state changed to: Initialized.
[Physics::Module] Initialized fallback backend.
[Physics::Module] Id: 0xdecafbad
Initialize engine version: 6000.6.0f1 (f7f8ed4d1e24)
[EntityIdStore] init: VM path (explicit commit), pageSize=4096, blockCount=1048576, entitiesPerBlock=256, slots reserved=4294967296 bytes
[Subsystems] Discovering subsystems at path C:/Dev/nebula-virtualworld/Builds/Win64/Nebula_Data/UnitySubsystems
Forcing GfxDevice: Null
GfxDevice: creating device client; kGfxThreadingModeNonThreaded
NullGfxDevice:
    Version:  NULL 1.0 [1.0]
    Renderer: Null Device
    Vendor:   Unity Technologies
Begin MonoManager ReloadAssembly
- Finished resetting the current domain, in  0.008 seconds
[Physics::Module] Selected backend.
[Physics::Module] Name: PhysX
[Physics::Module] Id: 0xf2b8ea05
[Physics::Module] SDK Version: 4.1.2
[Physics::Module] Integration Version: 1.0.0
[Physics::Module] Threading Mode: Multi-Threaded
Microsoft Media Foundation video decoding to texture disabled: graphics device is Null, only Direct3D 11 and Direct3D 12 (only on desktop) are supported for hardware-accelerated video decoding.
UnloadTime: 0.674300 ms
[nebula] boot roles=Worker scene=World tickRate=60
[nebula] containers: 0 (runtime world)
[nebula] control plane: mirroring http://127.0.0.1:7180/api/control-plane
[nebula] persistence: remote store at http://127.0.0.1:7180/api/store
[nebula] interest: radius 48 m (+16 exit), grid(64x64x64 @ 0,0,0, planar), eval 4 Hz
[nebula] persistence: remote store, checkpoint every 5s
[nebula] worker w2 (index 2) listening on udp/7302; telemetry to http://127.0.0.1:7180/api/telemetry
[nebula] chunked world: cell (64.00, 512.00, 64.00) (planar), near 2 cell(s), allocator ring 3, retire after 30s
[nebula] w2: per-gateway filtering costs 2.11 ms per tick (over PartitionWarnFilterMs=2). Interest management bounds who hears about entities, not who simulates them: partition this container.
[nebula] profile 1 ticks/5s 1 frames avg 13.6ms max 13.6ms dup 0 skip 0 gc 17 auth 0 ghosts 0 | poll=0.25 ghosts=0.66 physics.sync=0.09 simulate=0.00 poses=0.00 containers=0.21 band=3.26 publish=1.83 gap=0.00 interest=3.35
[nebula] control plane: connected to http://127.0.0.1:7180 (version 459)
[nebula] dialing peer w3 at 127.0.0.1:7303
[nebula] dialing peer w4 at 127.0.0.1:7304
[nebula] persistence: connected to http://127.0.0.1:7180 (30 record(s) on the orchestrator)
[nebula] registered with control plane as w2
[nebula] peer worker w3 (index 3) connected
[nebula] peer worker w4 (index 4) connected
[nebula] peer worker w1 (index 1) connected
[nebula] ghost Player(Clone)#281474976710657(e2,rt_9223367638808264707,auth) -> w1
[nebula] handover IN  Player(Clone)#281474976710657(e2,rt_9223367638808264707,auth) <- w1 (epoch 2, tick 1365038575)
[nebula] ghost Prop(Clone)#281474976710658(e2,rt_9223358842715242499,auth) -> w1
[nebula] handover IN  Prop(Clone)#281474976710658(e2,rt_9223358842715242499,auth) <- w1 (epoch 2, tick 1365038575)
[nebula] ghost Prop(Clone)#281474976710659(e2,rt_9223358842715242499,auth) -> w1
[nebula] handover IN  Prop(Clone)#281474976710659(e2,rt_9223358842715242499,auth) <- w1 (epoch 2, tick 1365038575)
[nebula] ghost Prop(Clone)#281474976710660(e2,rt_9223363240761753603,auth) -> w1
[nebula] handover IN  Prop(Clone)#281474976710660(e2,rt_9223363240761753603,auth) <- w1 (epoch 2, tick 1365038575)
[nebula] ghost Player(Clone)#844424930131969(e3,rt_9223363240761753600,auth) -> w1
[nebula] handover IN  Player(Clone)#844424930131969(e3,rt_9223363240761753600,auth) <- w1 (epoch 3, tick 1365038575)
[nebula] ghost Prop(Clone)#844424930131971(e3,rt_9223358842715242496,auth) -> w1
[nebula] handover IN  Prop(Clone)#844424930131971(e3,rt_9223358842715242496,auth) <- w1 (epoch 3, tick 1365038575)
[nebula] ghost Prop(Clone)#844424930131973(e3,rt_9223358842715242496,auth) -> w1
[nebula] handover IN  Prop(Clone)#844424930131973(e3,rt_9223358842715242496,auth) <- w1 (epoch 3, tick 1365038575)
[nebula] ghost Prop(Clone)#844424930131975(e3,rt_9223358842715242496,auth) -> w1
[nebula] handover IN  Prop(Clone)#844424930131975(e3,rt_9223358842715242496,auth) <- w1 (epoch 3, tick 1365038575)
[nebula] ghost Prop(Clone)#281474976710661(e2,rt_9223363240761753603,auth) -> w1
[nebula] handover IN  Prop(Clone)#281474976710661(e2,rt_9223363240761753603,auth) <- w1 (epoch 2, tick 1365038575)
[nebula] ghost Prop(Clone)#281474976710662(e2,rt_9223363240761753600,auth) -> w1
[nebula] handover IN  Prop(Clone)#281474976710662(e2,rt_9223363240761753600,auth) <- w1 (epoch 2, tick 1365038575)
[nebula] ghost Prop(Clone)#281474976710663(e2,rt_9223363240761753603,auth) -> w1
[nebula] handover IN  Prop(Clone)#281474976710663(e2,rt_9223363240761753603,auth) <- w1 (epoch 2, tick 1365038575)
[nebula] ghost Prop(Clone)#281474976710665(e2,rt_9223363240761753600,auth) -> w1
[nebula] handover IN  Prop(Clone)#281474976710665(e2,rt_9223363240761753600,auth) <- w1 (epoch 2, tick 1365038575)
[nebula] ghost Prop(Clone)#281474976710666(e2,rt_9223367638808264707,auth) -> w1
[nebula] handover IN  Prop(Clone)#281474976710666(e2,rt_9223367638808264707,auth) <- w1 (epoch 2, tick 1365038575)
[nebula] ghost Prop(Clone)#281474976710668(e2,rt_9223363240761753600,auth) -> w1
[nebula] handover IN  Prop(Clone)#281474976710668(e2,rt_9223363240761753600,auth) <- w1 (epoch 2, tick 1365038575)
[nebula] 0 entity object(s) were destroyed without a despawn; forgetting them
[nebula] 0 entity object(s) were destroyed without a despawn; forgetting them
[nebula] 0 entity object(s) were destroyed without a despawn; forgetting them
[nebula] 0 entity object(s) were destroyed without a despawn; forgetting them
[nebula] 0 entity object(s) were destroyed without a despawn; forgetting them
[nebula] 0 entity object(s) were destroyed without a despawn; forgetting them
[nebula] local handover Player(Clone)#844424930131969(e3,rt_9223367638808264704,auth) rt_9223363240761753600 -> rt_9223367638808264704
[nebula] 0 entity object(s) were destroyed without a despawn; forgetting them
[nebula] 0 entity object(s) were destroyed without a despawn; forgetting them
[nebula] 0 entity object(s) were destroyed without a despawn; forgetting them
[nebula] 0 entity object(s) were destroyed without a despawn; forgetting them
[nebula] 0 entity object(s) were destroyed without a despawn; forgetting them
[nebula] 0 entity object(s) were destroyed without a despawn; forgetting them
[nebula] 0 entity object(s) were destroyed without a despawn; forgetting them
[nebula] 0 entity object(s) were destroyed without a despawn; forgetting them
[nebula] 0 entity object(s) were destroyed without a despawn; forgetting them
[nebula] 0 entity object(s) were destroyed without a despawn; forgetting them
[nebula] 0 entity object(s) were destroyed without a despawn; forgetting them
[nebula] 0 entity object(s) were destroyed without a despawn; forgetting them
[nebula] 0 entity object(s) were destroyed without a despawn; forgetting them
[nebula] 0 entity object(s) were destroyed without a despawn; forgetting them
[nebula] 0 entity object(s) were destroyed without a despawn; forgetting them
[nebula] 0 entity object(s) were destroyed without a despawn; forgetting them
[nebula] 0 entity object(s) were destroyed without a despawn; forgetting them
[nebula] 0 entity object(s) were destroyed without a despawn; forgetting them
[nebula] 0 entity object(s) were destroyed without a despawn; forgetting them
[nebula] 0 entity object(s) were destroyed without a despawn; forgetting them
[nebula] 0 entity object(s) were destroyed without a despawn; forgetting them
[nebula] 0 entity object(s) were destroyed without a despawn; forgetting them
[nebula] 0 entity object(s) were destroyed without a despawn; forgetting them
[nebula] 0 entity object(s) were destroyed without a despawn; forgetting them
[nebula] 0 entity object(s) were destroyed without a despawn; forgetting them
[nebula] 0 entity object(s) were destroyed without a despawn; forgetting them
[nebula] 0 entity object(s) were destroyed without a despawn; forgetting them
[nebula] 0 entity object(s) were destroyed without a despawn; forgetting them
[nebula] 0 entity object(s) were destroyed without a despawn; forgetting them
[nebula] 0 entity object(s) were destroyed without a despawn; forgetting them
[nebula] 0 entity object(s) were destroyed without a despawn; forgetting them
[nebula] 0 entity object(s) were destroyed without a despawn; forgetting them
[nebula] 0 entity object(s) were destroyed without a despawn; forgetting them
[nebula] 0 entity object(s) were destroyed without a despawn; forgetting them
[nebula] 0 entity object(s) were destroyed without a despawn; forgetting them
[nebula] 0 entity object(s) were destroyed without a despawn; forgetting them
[nebula] 0 entity object(s) were destroyed without a despawn; forgetting them
[nebula] 0 entity object(s) were destroyed without a despawn; forgetting them
[nebula] 0 entity object(s) were destroyed without a despawn; forgetting them
[nebula] 0 entity object(s) were destroyed without a despawn; forgetting them
[nebula] 0 entity object(s) were destroyed without a despawn; forgetting them
[nebula] 0 entity object(s) were destroyed without a despawn; forgetting them
[nebula] 0 entity object(s) were destroyed without a despawn; forgetting them
[nebula] 0 entity object(s) were destroyed without a despawn; forgetting them
[nebula] 0 entity object(s) were destroyed without a despawn; forgetting them
[nebula] 0 entity object(s) were destroyed without a despawn; forgetting them
[nebula] 0 entity object(s) were destroyed without a despawn; forgetting them
[nebula] 0 entity object(s) were destroyed without a despawn; forgetting them
[nebula] 0 entity object(s) were destroyed without a despawn; forgetting them
[nebula] 0 entity object(s) were destroyed without a despawn; forgetting them
[nebula] 0 entity object(s) were destroyed without a despawn; forgetting them
[nebula] 0 entity object(s) were destroyed without a despawn; forgetting them
[nebula] 0 entity object(s) were destroyed without a despawn; forgetting them
[nebula] 0 entity object(s) were destroyed without a despawn; forgetting them
[nebula] 0 entity object(s) were destroyed without a despawn; forgetting them
[nebula] 0 entity object(s) were destroyed without a despawn; forgetting them
[nebula] 0 entity object(s) were destroyed without a despawn; forgetting them
[nebula] 0 entity object(s) were destroyed without a despawn; forgetting them
[nebula] 0 entity object(s) were destroyed without a despawn; forgetting them
[nebula] 0 entity object(s) were destroyed without a despawn; forgetting them
[nebula] 0 entity object(s) were destroyed without a despawn; forgetting them
[nebula] 0 entity object(s) were destroyed without a despawn; forgetting them
[nebula] 0 entity object(s) were destroyed without a despawn; forgetting them
[nebula] 0 entity object(s) were destroyed without a despawn; forgetting them
[nebula] 0 entity object(s) were destroyed without a despawn; forgetting them
[nebula] 0 entity object(s) were destroyed without a despawn; forgetting them
[nebula] 0 entity object(s) were destroyed without a despawn; forgetting them
[nebula] 0 entity object(s) were destroyed without a despawn; forgetting them
[nebula] 0 entity object(s) were destroyed without a despawn; forgetting them
[nebula] 0 entity object(s) were destroyed without a despawn; forgetting them
[nebula] 0 entity object(s) were destroyed without a despawn; forgetting them
[nebula] 0 entity object(s) were destroyed without a despawn; forgetting them
[nebula] 0 entity object(s) were destroyed without a despawn; forgetting them
[nebula] 0 entity object(s) were destroyed without a despawn; forgetting them
[nebula] 0 entity object(s) were destroyed without a despawn; forgetting them
[nebula] 0 entity object(s) were destroyed without a despawn; forgetting them
[nebula] 0 entity object(s) were destroyed without a despawn; forgetting them
[nebula] 0 entity object(s) were destroyed without a despawn; forgetting them
[nebula] 0 entity object(s) were destroyed without a despawn; forgetting them
[nebula] 0 entity object(s) were destroyed without a despawn; forgetting them
[nebula] 0 entity object(s) were destroyed without a despawn; forgetting them
[nebula] 0 entity object(s) were destroyed without a despawn; forgetting them
[nebula] 0 entity object(s) were destroyed without a despawn; forgetting them
[nebula] 0 entity object(s) were destroyed without a despawn; forgetting them
[nebula] 0 entity object(s) were destroyed without a despawn; forgetting them
[nebula] 0 entity object(s) were destroyed without a despawn; forgetting them
[nebula] 0 entity object(s) were destroyed without a despawn; forgetting them
[nebula] 0 entity object(s) were destroyed without a despawn; forgetting them
[nebula] 0 entity object(s) were destroyed without a despawn; forgetting them
[nebula] 0 entity object(s) were destroyed without a despawn; forgetting them
[nebula] 0 entity object(s) were destroyed without a despawn; forgetting them
[nebula] 0 entity object(s) were destroyed without a despawn; forgetting them
[nebula] 0 entity object(s) were destroyed without a despawn; forgetting them
[nebula] 0 entity object(s) were destroyed without a despawn; forgetting them
[nebula] 0 entity object(s) were destroyed without a despawn; forgetting them
[nebula] 0 entity object(s) were destroyed without a despawn; forgetting them
[nebula] 0 entity object(s) were destroyed without a despawn; forgetting them
[nebula] 0 entity object(s) were destroyed without a despawn; forgetting them
[nebula] 0 entity object(s) were destroyed without a despawn; forgetting them
[nebula] 0 entity object(s) were destroyed without a despawn; forgetting them
[nebula] 0 entity object(s) were destroyed without a despawn; forgetting them
[nebula] 0 entity object(s) were destroyed without a despawn; forgetting them
[nebula] 0 entity object(s) were destroyed without a despawn; forgetting them
[nebula] 0 entity object(s) were destroyed without a despawn; forgetting them
[nebula] 0 entity object(s) were destroyed without a despawn; forgetting them
[nebula] 0 entity object(s) were destroyed without a despawn; forgetting them
[nebula] 0 entity object(s) were destroyed without a despawn; forgetting them
[nebula] 0 entity object(s) were destroyed without a despawn; forgetting them
[nebula] 0 entity object(s) were destroyed without a despawn; forgetting them
[nebula] 0 entity object(s) were destroyed without a despawn; forgetting them
[nebula] 0 entity object(s) were destroyed without a despawn; forgetting them
[nebula] 0 entity object(s) were destroyed without a despawn; forgetting them
[nebula] 0 entity object(s) were destroyed without a despawn; forgetting them
[nebula] 0 entity object(s) were destroyed without a despawn; forgetting them
[nebula] 0 entity object(s) were destroyed without a despawn; forgetting them
[nebula] 0 entity object(s) were destroyed without a despawn; forgetting them
[nebula] 0 entity object(s) were destroyed without a despawn; forgetting them
[nebula] 0 entity object(s) were destroyed without a despawn; forgetting them
[nebula] 0 entity object(s) were destroyed without a despawn; forgetting them
[nebula] 0 entity object(s) were destroyed without a despawn; forgetting them
[nebula] 0 entity object(s) were destroyed without a despawn; forgetting them
[nebula] 0 entity object(s) were destroyed without a despawn; forgetting them
[nebula] 0 entity object(s) were destroyed without a despawn; forgetting them
[nebula] 0 entity object(s) were destroyed without a despawn; forgetting them
[nebula] 0 entity object(s) were destroyed without a despawn; forgetting them
[nebula] 0 entity object(s) were destroyed without a despawn; forgetting them
[nebula] 0 entity object(s) were destroyed without a despawn; forgetting them
[nebula] 0 entity object(s) were destroyed without a despawn; forgetting them
[nebula] 0 entity object(s) were destroyed without a despawn; forgetting them
[nebula] 0 entity object(s) were destroyed without a despawn; forgetting them
[nebula] 0 entity object(s) were destroyed without a despawn; forgetting them
[nebula] 0 entity object(s) were destroyed without a despawn; forgetting them
[nebula] 0 entity object(s) were destroyed without a despawn; forgetting them
[nebula] 0 entity object(s) were destroyed without a despawn; forgetting them
[nebula] 0 entity object(s) were destroyed without a despawn; forgetting them
[nebula] 0 entity object(s) were destroyed without a despawn; forgetting them
[nebula] 0 entity object(s) were destroyed without a despawn; forgetting them
[nebula] 0 entity object(s) were destroyed without a despawn; forgetting them
[nebula] 0 entity object(s) were destroyed without a despawn; forgetting them
[nebula] 0 entity object(s) were destroyed without a despawn; forgetting them
[nebula] 0 entity object(s) were destroyed without a despawn; forgetting them
[nebula] 0 entity object(s) were destroyed without a despawn; forgetting them
[nebula] 0 entity object(s) were destroyed without a despawn; forgetting them
[nebula] 0 entity object(s) were destroyed without a despawn; forgetting them
[nebula] 0 entity object(s) were destroyed without a despawn; forgetting them
[nebula] 0 entity object(s) were destroyed without a despawn; forgetting them
[nebula] 0 entity object(s) were destroyed without a despawn; forgetting them
[nebula] 0 entity object(s) were destroyed without a despawn; forgetting them
[nebula] 0 entity object(s) were destroyed without a despawn; forgetting them
[nebula] 0 entity object(s) were destroyed without a despawn; forgetting them
[nebula] 0 entity object(s) were destroyed without a despawn; forgetting them
[nebula] 0 entity object(s) were destroyed without a despawn; forgetting them
[nebula] 0 entity object(s) were destroyed without a despawn; forgetting them
[nebula] 0 entity object(s) were destroyed without a despawn; forgetting them
[nebula] 0 entity object(s) were destroyed without a despawn; forgetting them
[nebula] 0 entity object(s) were destroyed without a despawn; forgetting them
[nebula] 0 entity object(s) were destroyed without a despawn; forgetting them
[nebula] 0 entity object(s) were destroyed without a despawn; forgetting them
[nebula] 0 entity object(s) were destroyed without a despawn; forgetting them
[nebula] 0 entity object(s) were destroyed without a despawn; forgetting them
[nebula] 0 entity object(s) were destroyed without a despawn; forgetting them
[nebula] 0 entity object(s) were destroyed without a despawn; forgetting them
[nebula] 0 entity object(s) were destroyed without a despawn; forgetting them
[nebula] 0 entity object(s) were destroyed without a despawn; forgetting them
[nebula] 0 entity object(s) were destroyed without a despawn; forgetting them
[nebula] 0 entity object(s) were destroyed without a despawn; forgetting them
[nebula] 0 entity object(s) were destroyed without a despawn; forgetting them
[nebula] 0 entity object(s) were destroyed without a despawn; forgetting them
[nebula] 0 entity object(s) were destroyed without a despawn; forgetting them
[nebula] 0 entity object(s) were destroyed without a despawn; forgetting them
[nebula] 0 entity object(s) were destroyed without a despawn; forgetting them
[nebula] 0 entity object(s) were destroyed without a despawn; forgetting them
[nebula] 0 entity object(s) were destroyed without a despawn; forgetting them
[nebula] 0 entity object(s) were destroyed without a despawn; forgetting them
[nebula] 0 entity object(s) were destroyed without a despawn; forgetting them
[nebula] 0 entity object(s) were destroyed without a despawn; forgetting them
[nebula] 0 entity object(s) were destroyed without a despawn; forgetting them
[nebula] 0 entity object(s) were destroyed without a despawn; forgetting them
[nebula] 0 entity object(s) were destroyed without a despawn; forgetting them
[nebula] 0 entity object(s) were destroyed without a despawn; forgetting them
[nebula] 0 entity object(s) were destroyed without a despawn; forgetting them
[nebula] 0 entity object(s) were destroyed without a despawn; forgetting them
[nebula] 0 entity object(s) were destroyed without a despawn; forgetting them
[nebula] 0 entity object(s) were destroyed without a despawn; forgetting them
[nebula] 0 entity object(s) were destroyed without a despawn; forgetting them
[nebula] 0 entity object(s) were destroyed without a despawn; forgetting them
[nebula] 0 entity object(s) were destroyed without a despawn; forgetting them
[nebula] 0 entity object(s) were destroyed without a despawn; forgetting them
[nebula] 0 entity object(s) were destroyed without a despawn; forgetting them
[nebula] 0 entity object(s) were destroyed without a despawn; forgetting them
[nebula] 0 entity object(s) were destroyed without a despawn; forgetting them
[nebula] 0 entity object(s) were destroyed without a despawn; forgetting them
[nebula] 0 entity object(s) were destroyed without a despawn; forgetting them
[nebula] 0 entity object(s) were destroyed without a despawn; forgetting them
[nebula] 0 entity object(s) were destroyed without a despawn; forgetting them
[nebula] 0 entity object(s) were destroyed without a despawn; forgetting them
[nebula] 0 entity object(s) were destroyed without a despawn; forgetting them
[nebula] 0 entity object(s) were destroyed without a despawn; forgetting them
[nebula] 0 entity object(s) were destroyed without a despawn; forgetting them
[nebula] 0 entity object(s) were destroyed without a despawn; forgetting them
[nebula] 0 entity object(s) were destroyed without a despawn; forgetting them
[nebula] 0 entity object(s) were destroyed without a despawn; forgetting them
[nebula] 0 entity object(s) were destroyed without a despawn; forgetting them
[nebula] 0 entity object(s) were destroyed without a despawn; forgetting them
[nebula] 0 entity object(s) were destroyed without a despawn; forgetting them
[nebula] 0 entity object(s) were destroyed without a despawn; forgetting them
[nebula] 0 entity object(s) were destroyed without a despawn; forgetting them
[nebula] 0 entity object(s) were destroyed without a despawn; forgetting them
[nebula] 0 entity object(s) were destroyed without a despawn; forgetting them
[nebula] 0 entity object(s) were destroyed without a despawn; forgetting them
[nebula] 0 entity object(s) were destroyed without a despawn; forgetting them
[nebula] 0 entity object(s) were destroyed without a despawn; forgetting them
[nebula] 0 entity object(s) were destroyed without a despawn; forgetting them
[nebula] 0 entity object(s) were destroyed without a despawn; forgetting them
[nebula] 0 entity object(s) were destroyed without a despawn; forgetting them
[nebula] 0 entity object(s) were destroyed without a despawn; forgetting them
[nebula] 0 entity object(s) were destroyed without a despawn; forgetting them
[nebula] 0 entity object(s) were destroyed without a despawn; forgetting them
[nebula] 0 entity object(s) were destroyed without a despawn; forgetting them
[nebula] 0 entity object(s) were destroyed without a despawn; forgetting them
[nebula] 0 entity object(s) were destroyed without a despawn; forgetting them
[nebula] 0 entity object(s) were destroyed without a despawn; forgetting them
[nebula] 0 entity object(s) were destroyed without a despawn; forgetting them
[nebula] 0 entity object(s) were destroyed without a despawn; forgetting them
[nebula] 0 entity object(s) were destroyed without a despawn; forgetting them
[nebula] 0 entity object(s) were destroyed without a despawn; forgetting them
[nebula] 0 entity object(s) were destroyed without a despawn; forgetting them
[nebula] 0 entity object(s) were destroyed without a despawn; forgetting them
[nebula] 0 entity object(s) were destroyed without a despawn; forgetting them
[nebula] 0 entity object(s) were destroyed without a despawn; forgetting them
[nebula] 0 entity object(s) were destroyed without a despawn; forgetting them
[nebula] 0 entity object(s) were destroyed without a despawn; forgetting them
[nebula] 0 entity object(s) were destroyed without a despawn; forgetting them
[nebula] 0 entity object(s) were destroyed without a despawn; forgetting them
[nebula] 0 entity object(s) were destroyed without a despawn; forgetting them
[nebula] 0 entity object(s) were destroyed without a despawn; forgetting them
[nebula] 0 entity object(s) were destroyed without a despawn; forgetting them
[nebula] 0 entity object(s) were destroyed without a despawn; forgetting them
[nebula] 0 entity object(s) were destroyed without a despawn; forgetting them
[nebula] 0 entity object(s) were destroyed without a despawn; forgetting them
[nebula] 0 entity object(s) were destroyed without a despawn; forgetting them
[nebula] 0 entity object(s) were destroyed without a despawn; forgetting them
[nebula] 0 entity object(s) were destroyed without a despawn; forgetting them
[nebula] 0 entity object(s) were destroyed without a despawn; forgetting them
[nebula] 0 entity object(s) were destroyed without a despawn; forgetting them
[nebula] 0 entity object(s) were destroyed without a despawn; forgetting them
[nebula] 0 entity object(s) were destroyed without a despawn; forgetting them
[nebula] 0 entity object(s) were destroyed without a despawn; forgetting them
[nebula] 0 entity object(s) were destroyed without a despawn; forgetting them
[nebula] 0 entity object(s) were destroyed without a despawn; forgetting them
[nebula] 0 entity object(s) were destroyed without a despawn; forgetting them
[nebula] 0 entity object(s) were destroyed without a despawn; forgetting them
[nebula] 0 entity object(s) were destroyed without a despawn; forgetting them
[nebula] 0 entity object(s) were destroyed without a despawn; forgetting them
[nebula] profile 293 ticks/5s 290 frames avg 0.5ms max 6.4ms dup 12 skip 1 gc 30 auth 14 ghosts 0 | poll=0.09(290) ghosts=0.00 physics.sync=0.00 simulate=0.01 poses=0.03 containers=0.29 band=0.03 publish=0.01 gap=16.19 interest=0.02
[nebula] 0 entity object(s) were destroyed without a despawn; forgetting them
[nebula] 0 entity object(s) were destroyed without a despawn; forgetting them
[nebula] 0 entity object(s) were destroyed without a despawn; forgetting them
[nebula] 0 entity object(s) were destroyed without a despawn; forgetting them
[nebula] 0 entity object(s) were destroyed without a despawn; forgetting them
[nebula] 0 entity object(s) were destroyed without a despawn; forgetting them
[nebula] 0 entity object(s) were destroyed without a despawn; forgetting them
[nebula] 0 entity object(s) were destroyed without a despawn; forgetting them
[nebula] 0 entity object(s) were destroyed without a despawn; forgetting them
[nebula] 0 entity object(s) were destroyed without a despawn; forgetting them
[nebula] 0 entity object(s) were destroyed without a despawn; forgetting them
[nebula] 0 entity object(s) were destroyed without a despawn; forgetting them
[nebula] 0 entity object(s) were destroyed without a despawn; forgetting them
[nebula] 0 entity object(s) were destroyed without a despawn; forgetting them
[nebula] 0 entity object(s) were destroyed without a despawn; forgetting them
[nebula] 0 entity object(s) were destroyed without a despawn; forgetting them
[nebula] 0 entity object(s) were destroyed without a despawn; forgetting them
[nebula] 0 entity object(s) were destroyed without a despawn; forgetting them
[nebula] 0 entity object(s) were destroyed without a despawn; forgetting them
[nebula] 0 entity object(s) were destroyed without a despawn; forgetting them
[nebula] 0 entity object(s) were destroyed without a despawn; forgetting them
[nebula] 0 entity object(s) were destroyed without a despawn; forgetting them
[nebula] 0 entity object(s) were destroyed without a despawn; forgetting them
[nebula] 0 entity object(s) were destroyed without a despawn; forgetting them
[nebula] 0 entity object(s) were destroyed without a despawn; forgetting them
[nebula] 0 entity object(s) were destroyed without a despawn; forgetting them
[nebula] 0 entity object(s) were destroyed without a despawn; forgetting them
[nebula] 0 entity object(s) were destroyed without a despawn; forgetting them
[nebula] 0 entity object(s) were destroyed without a despawn; forgetting them
[nebula] 0 entity object(s) were destroyed without a despawn; forgetting them
[nebula] 0 entity object(s) were destroyed without a despawn; forgetting them
[nebula] 0 entity object(s) were destroyed without a despawn; forgetting them
[nebula] 0 entity object(s) were destroyed without a despawn; forgetting them
[nebula] 0 entity object(s) were destroyed without a despawn; forgetting them
[nebula] 0 entity object(s) were destroyed without a despawn; forgetting them
[nebula] 0 entity object(s) were destroyed without a despawn; forgetting them
[nebula] 0 entity object(s) were destroyed without a despawn; forgetting them
[nebula] 0 entity object(s) were destroyed without a despawn; forgetting them
[nebula] 0 entity object(s) were destroyed without a despawn; forgetting them
[nebula] 0 entity object(s) were destroyed without a despawn; forgetting them
[nebula] 0 entity object(s) were destroyed without a despawn; forgetting them
[nebula] 0 entity object(s) were destroyed without a despawn; forgetting them
[nebula] 0 entity object(s) were destroyed without a despawn; forgetting them
[nebula] 0 entity object(s) were destroyed without a despawn; forgetting them
[nebula] 0 entity object(s) were destroyed without a despawn; forgetting them
[nebula] 0 entity object(s) were destroyed without a despawn; forgetting them
[nebula] 0 entity object(s) were destroyed without a despawn; forgetting them
[nebula] 0 entity object(s) were destroyed without a despawn; forgetting them
[nebula] 0 entity object(s) were destroyed without a despawn; forgetting them
[nebula] 0 entity object(s) were destroyed without a despawn; forgetting them
[nebula] 0 entity object(s) were destroyed without a despawn; forgetting them
[nebula] 0 entity object(s) were destroyed without a despawn; forgetting them
[nebula] 0 entity object(s) were destroyed without a despawn; forgetting them
[nebula] 0 entity object(s) were destroyed without a despawn; forgetting them
[nebula] 0 entity object(s) were destroyed without a despawn; forgetting them
[nebula] 0 entity object(s) were destroyed without a despawn; forgetting them
[nebula] 0 entity object(s) were destroyed without a despawn; forgetting them
[nebula] 0 entity object(s) were destroyed without a despawn; forgetting them
[nebula] 0 entity object(s) were destroyed without a despawn; forgetting them
[nebula] 0 entity object(s) were destroyed without a despawn; forgetting them
[nebula] 0 entity object(s) were destroyed without a despawn; forgetting them
[nebula] 0 entity object(s) were destroyed without a despawn; forgetting them
[nebula] 0 entity object(s) were destroyed without a despawn; forgetting them
[nebula] 0 entity object(s) were destroyed without a despawn; forgetting them
[nebula] 0 entity object(s) were destroyed without a despawn; forgetting them
[nebula] 0 entity object(s) were destroyed without a despawn; forgetting them
[nebula] 0 entity object(s) were destroyed without a despawn; forgetting them
[nebula] 0 entity object(s) were destroyed without a despawn; forgetting them
[nebula] 0 entity object(s) were destroyed without a despawn; forgetting them
[nebula] 0 entity object(s) were destroyed without a despawn; forgetting them
[nebula] 0 entity object(s) were destroyed without a despawn; forgetting them
[nebula] 0 entity object(s) were destroyed without a despawn; forgetting them
[nebula] 0 entity object(s) were destroyed without a despawn; forgetting them
[nebula] 0 entity object(s) were destroyed without a despawn; forgetting them
[nebula] 0 entity object(s) were destroyed without a despawn; forgetting them
[nebula] 0 entity object(s) were destroyed without a despawn; forgetting them
[nebula] 0 entity object(s) were destroyed without a despawn; forgetting them
[nebula] 0 entity object(s) were destroyed without a despawn; forgetting them
[nebula] 0 entity object(s) were destroyed without a despawn; forgetting them
[nebula] 0 entity object(s) were destroyed without a despawn; forgetting them
[nebula] 0 entity object(s) were destroyed without a despawn; forgetting them
[nebula] 0 entity object(s) were destroyed without a despawn; forgetting them
[nebula] 0 entity object(s) were destroyed without a despawn; forgetting them
[nebula] 0 entity object(s) were destroyed without a despawn; forgetting them
[nebula] 0 entity object(s) were destroyed without a despawn; forgetting them
[nebula] 0 entity object(s) were destroyed without a despawn; forgetting them
[nebula] 0 entity object(s) were destroyed without a despawn; forgetting them
[nebula] 0 entity object(s) were destroyed without a despawn; forgetting them
[nebula] 0 entity object(s) were destroyed without a despawn; forgetting them
[nebula] 0 entity object(s) were destroyed without a despawn; forgetting them
[nebula] 0 entity object(s) were destroyed without a despawn; forgetting them
[nebula] 0 entity object(s) were destroyed without a despawn; forgetting them
[nebula] 0 entity object(s) were destroyed without a despawn; forgetting them
[nebula] 0 entity object(s) were destroyed without a despawn; forgetting them
[nebula] 0 entity object(s) were destroyed without a despawn; forgetting them
[nebula] 0 entity object(s) were destroyed without a despawn; forgetting them
[nebula] 0 entity object(s) were destroyed without a despawn; forgetting them
[nebula] 0 entity object(s) were destroyed without a despawn; forgetting them
[nebula] 0 entity object(s) were destroyed without a despawn; forgetting them
[nebula] 0 entity object(s) were destroyed without a despawn; forgetting them
[nebula] 0 entity object(s) were destroyed without a despawn; forgetting them
[nebula] 0 entity object(s) were destroyed without a despawn; forgetting them
[nebula] 0 entity object(s) were destroyed without a despawn; forgetting them
[nebula] 0 entity object(s) were destroyed without a despawn; forgetting them
[nebula] 0 entity object(s) were destroyed without a despawn; forgetting them
[nebula] 0 entity object(s) were destroyed without a despawn; forgetting them
[nebula] 0 entity object(s) were destroyed without a despawn; forgetting them
[nebula] 0 entity object(s) were destroyed without a despawn; forgetting them
[nebula] 0 entity object(s) were destroyed without a despawn; forgetting them
[nebula] 0 entity object(s) were destroyed without a despawn; forgetting them
[nebula] 0 entity object(s) were destroyed without a despawn; forgetting them
[nebula] 0 entity object(s) were destroyed without a despawn; forgetting them
[nebula] 0 entity object(s) were destroyed without a despawn; forgetting them
[nebula] 0 entity object(s) were destroyed without a despawn; forgetting them
[nebula] 0 entity object(s) were destroyed without a despawn; forgetting them
[nebula] 0 entity object(s) were destroyed without a despawn; forgetting them
[nebula] 0 entity object(s) were destroyed without a despawn; forgetting them
[nebula] 0 entity object(s) were destroyed without a despawn; forgetting them
[nebula] 0 entity object(s) were destroyed without a despawn; forgetting them
[nebula] 0 entity object(s) were destroyed without a despawn; forgetting them
[nebula] 0 entity object(s) were destroyed without a despawn; forgetting them
[nebula] 0 entity object(s) were destroyed without a despawn; forgetting them
[nebula] 0 entity object(s) were destroyed without a despawn; forgetting them
[nebula] 0 entity object(s) were destroyed without a despawn; forgetting them
[nebula] 0 entity object(s) were destroyed without a despawn; forgetting them
[nebula] 0 entity object(s) were destroyed without a despawn; forgetting them
[nebula] 0 entity object(s) were destroyed without a despawn; forgetting them
[nebula] 0 entity object(s) were destroyed without a despawn; forgetting them
[nebula] 0 entity object(s) were destroyed without a despawn; forgetting them
[nebula] 0 entity object(s) were destroyed without a despawn; forgetting them
[nebula] 0 entity object(s) were destroyed without a despawn; forgetting them
[nebula] 0 entity object(s) were destroyed without a despawn; forgetting them
[nebula] 0 entity object(s) were destroyed without a despawn; forgetting them
[nebula] 0 entity object(s) were destroyed without a despawn; forgetting them
[nebula] 0 entity object(s) were destroyed without a despawn; forgetting them
[nebula] 0 entity object(s) were destroyed without a despawn; forgetting them
[nebula] 0 entity object(s) were destroyed without a despawn; forgetting them
[nebula] ghost Player(Clone)#281474976710657(e2,rt_9223367638808264707,auth) -> w4
[nebula] 0 entity object(s) were destroyed without a despawn; forgetting them
[nebula] 0 entity object(s) were destroyed without a despawn; forgetting them
[nebula] 0 entity object(s) were destroyed without a despawn; forgetting them
[nebula] 0 entity object(s) were destroyed without a despawn; forgetting them
[nebula] 0 entity object(s) were destroyed without a despawn; forgetting them
[nebula] 0 entity object(s) were destroyed without a despawn; forgetting them
[nebula] 0 entity object(s) were destroyed without a despawn; forgetting them
[nebula] 0 entity object(s) were destroyed without a despawn; forgetting them
[nebula] 0 entity object(s) were destroyed without a despawn; forgetting them
[nebula] 0 entity object(s) were destroyed without a despawn; forgetting them
[nebula] 0 entity object(s) were destroyed without a despawn; forgetting them
[nebula] 0 entity object(s) were destroyed without a despawn; forgetting them
[nebula] 0 entity object(s) were destroyed without a despawn; forgetting them
[nebula] 0 entity object(s) were destroyed without a despawn; forgetting them
[nebula] 0 entity object(s) were destroyed without a despawn; forgetting them
[nebula] 0 entity object(s) were destroyed without a despawn; forgetting them
[nebula] 0 entity object(s) were destroyed without a despawn; forgetting them
[nebula] 0 entity object(s) were destroyed without a despawn; forgetting them
[nebula] 0 entity object(s) were destroyed without a despawn; forgetting them
[nebula] 0 entity object(s) were destroyed without a despawn; forgetting them
[nebula] 0 entity object(s) were destroyed without a despawn; forgetting them
[nebula] 0 entity object(s) were destroyed without a despawn; forgetting them
[nebula] 0 entity object(s) were destroyed without a despawn; forgetting them
[nebula] 0 entity object(s) were destroyed without a despawn; forgetting them
[nebula] 0 entity object(s) were destroyed without a despawn; forgetting them
[nebula] 0 entity object(s) were destroyed without a despawn; forgetting them
[nebula] 0 entity object(s) were destroyed without a despawn; forgetting them
[nebula] 0 entity object(s) were destroyed without a despawn; forgetting them
[nebula] 0 entity object(s) were destroyed without a despawn; forgetting them
[nebula] 0 entity object(s) were destroyed without a despawn; forgetting them
[nebula] 0 entity object(s) were destroyed without a despawn; forgetting them
[nebula] 0 entity object(s) were destroyed without a despawn; forgetting them
[nebula] 0 entity object(s) were destroyed without a despawn; forgetting them
[nebula] 0 entity object(s) were destroyed without a despawn; forgetting them
[nebula] 0 entity object(s) were destroyed without a despawn; forgetting them
[nebula] 0 entity object(s) were destroyed without a despawn; forgetting them
[nebula] 0 entity object(s) were destroyed without a despawn; forgetting them
[nebula] 0 entity object(s) were destroyed without a despawn; forgetting them
[nebula] 0 entity object(s) were destroyed without a despawn; forgetting them
[nebula] 0 entity object(s) were destroyed without a despawn; forgetting them
[nebula] 0 entity object(s) were destroyed without a despawn; forgetting them
[nebula] 0 entity object(s) were destroyed without a despawn; forgetting them
[nebula] 0 entity object(s) were destroyed without a despawn; forgetting them
[nebula] handover OUT Player(Clone)#281474976710657(e3,rt_3,ghost) -> w4 (epoch 3, tick 1365039016)
[nebula] 0 entity object(s) were destroyed without a despawn; forgetting them
[nebula] 0 entity object(s) were destroyed without a despawn; forgetting them
[nebula] 0 entity object(s) were destroyed without a despawn; forgetting them
[nebula] 0 entity object(s) were destroyed without a despawn; forgetting them
[nebula] 0 entity object(s) were destroyed without a despawn; forgetting them
[nebula] 0 entity object(s) were destroyed without a despawn; forgetting them
[nebula] 0 entity object(s) were destroyed without a despawn; forgetting them
[nebula] 0 entity object(s) were destroyed without a despawn; forgetting them
[nebula] 0 entity object(s) were destroyed without a despawn; forgetting them
[nebula] 0 entity object(s) were destroyed without a despawn; forgetting them
[nebula] 0 entity object(s) were destroyed without a despawn; forgetting them
[nebula] 0 entity object(s) were destroyed without a despawn; forgetting them
[nebula] 0 entity object(s) were destroyed without a despawn; forgetting them
[nebula] 0 entity object(s) were destroyed without a despawn; forgetting them
[nebula] 0 entity object(s) were destroyed without a despawn; forgetting them
[nebula] 0 entity object(s) were destroyed without a despawn; forgetting them
[nebula] 0 entity object(s) were destroyed without a despawn; forgetting them
[nebula] 0 entity object(s) were destroyed without a despawn; forgetting them
[nebula] 0 entity object(s) were destroyed without a despawn; forgetting them
[nebula] 0 entity object(s) were destroyed without a despawn; forgetting them
[nebula] 0 entity object(s) were destroyed without a despawn; forgetting them
[nebula] 0 entity object(s) were destroyed without a despawn; forgetting them
[nebula] 0 entity object(s) were destroyed without a despawn; forgetting them
[nebula] 0 entity object(s) were destroyed without a despawn; forgetting them
[nebula] 0 entity object(s) were destroyed without a despawn; forgetting them
[nebula] 0 entity object(s) were destroyed without a despawn; forgetting them
[nebula] 0 entity object(s) were destroyed without a despawn; forgetting them
[nebula] 0 entity object(s) were destroyed without a despawn; forgetting them
[nebula] 0 entity object(s) were destroyed without a despawn; forgetting them
[nebula] 0 entity object(s) were destroyed without a despawn; forgetting them
[nebula] 0 entity object(s) were destroyed without a despawn; forgetting them
[nebula] 0 entity object(s) were destroyed without a despawn; forgetting them
[nebula] 0 entity object(s) were destroyed without a despawn; forgetting them
[nebula] 0 entity object(s) were destroyed without a despawn; forgetting them
[nebula] 0 entity object(s) were destroyed without a despawn; forgetting them
[nebula] 0 entity object(s) were destroyed without a despawn; forgetting them
[nebula] 0 entity object(s) were destroyed without a despawn; forgetting them
[nebula] 0 entity object(s) were destroyed without a despawn; forgetting them
[nebula] 0 entity object(s) were destroyed without a despawn; forgetting them
[nebula] 0 entity object(s) were destroyed without a despawn; forgetting them
[nebula] 0 entity object(s) were destroyed without a despawn; forgetting them
[nebula] 0 entity object(s) were destroyed without a despawn; forgetting them
[nebula] 0 entity object(s) were destroyed without a despawn; forgetting them
[nebula] 0 entity object(s) were destroyed without a despawn; forgetting them
[nebula] 0 entity object(s) were destroyed without a despawn; forgetting them
[nebula] 0 entity object(s) were destroyed without a despawn; forgetting them
[nebula] 0 entity object(s) were destroyed without a despawn; forgetting them
[nebula] 0 entity object(s) were destroyed without a despawn; forgetting them
[nebula] 0 entity object(s) were destroyed without a despawn; forgetting them
[nebula] 0 entity object(s) were destroyed without a despawn; forgetting them
[nebula] 0 entity object(s) were destroyed without a despawn; forgetting them
[nebula] 0 entity object(s) were destroyed without a despawn; forgetting them
[nebula] 0 entity object(s) were destroyed without a despawn; forgetting them
[nebula] 0 entity object(s) were destroyed without a despawn; forgetting them
[nebula] 0 entity object(s) were destroyed without a despawn; forgetting them
[nebula] 0 entity object(s) were destroyed without a despawn; forgetting them
[nebula] 0 entity object(s) were destroyed without a despawn; forgetting them
[nebula] 0 entity object(s) were destroyed without a despawn; forgetting them
[nebula] 0 entity object(s) were destroyed without a despawn; forgetting them
[nebula] 0 entity object(s) were destroyed without a despawn; forgetting them
[nebula] 0 entity object(s) were destroyed without a despawn; forgetting them
[nebula] 0 entity object(s) were destroyed without a despawn; forgetting them
[nebula] 0 entity object(s) were destroyed without a despawn; forgetting them
[nebula] 0 entity object(s) were destroyed without a despawn; forgetting them
[nebula] 0 entity object(s) were destroyed without a despawn; forgetting them
[nebula] 0 entity object(s) were destroyed without a despawn; forgetting them
[nebula] 0 entity object(s) were destroyed without a despawn; forgetting them
[nebula] 0 entity object(s) were destroyed without a despawn; forgetting them
[nebula] 0 entity object(s) were destroyed without a despawn; forgetting them
[nebula] 0 entity object(s) were destroyed without a despawn; forgetting them
[nebula] 0 entity object(s) were destroyed without a despawn; forgetting them
[nebula] 0 entity object(s) were destroyed without a despawn; forgetting them
[nebula] 0 entity object(s) were destroyed without a despawn; forgetting them
[nebula] 0 entity object(s) were destroyed without a despawn; forgetting them
[nebula] 0 entity object(s) were destroyed without a despawn; forgetting them
[nebula] 0 entity object(s) were destroyed without a despawn; forgetting them
[nebula] 0 entity object(s) were destroyed without a despawn; forgetting them
[nebula] 0 entity object(s) were destroyed without a despawn; forgetting them
[nebula] 0 entity object(s) were destroyed without a despawn; forgetting them
[nebula] 0 entity object(s) were destroyed without a despawn; forgetting them
[nebula] 0 entity object(s) were destroyed without a despawn; forgetting them
[nebula] 0 entity object(s) were destroyed without a despawn; forgetting them
[nebula] 0 entity object(s) were destroyed without a despawn; forgetting them
[nebula] 0 entity object(s) were destroyed without a despawn; forgetting them
[nebula] 0 entity object(s) were destroyed without a despawn; forgetting them
[nebula] 0 entity object(s) were destroyed without a despawn; forgetting them
[nebula] 0 entity object(s) were destroyed without a despawn; forgetting them
[nebula] 0 entity object(s) were destroyed without a despawn; forgetting them
[nebula] 0 entity object(s) were destroyed without a despawn; forgetting them
[nebula] 0 entity object(s) were destroyed without a despawn; forgetting them
[nebula] 0 entity object(s) were destroyed without a despawn; forgetting them
[nebula] 0 entity object(s) were destroyed without a despawn; forgetting them
[nebula] 0 entity object(s) were destroyed without a despawn; forgetting them
[nebula] 0 entity object(s) were destroyed without a despawn; forgetting them
[nebula] 0 entity object(s) were destroyed without a despawn; forgetting them
[nebula] 0 entity object(s) were destroyed without a despawn; forgetting them
[nebula] 0 entity object(s) were destroyed without a despawn; forgetting them
[nebula] 0 entity object(s) were destroyed without a despawn; forgetting them
[nebula] 0 entity object(s) were destroyed without a despawn; forgetting them
[nebula] 0 entity object(s) were destroyed without a despawn; forgetting them
[nebula] 0 entity object(s) were destroyed without a despawn; forgetting them
[nebula] 0 entity object(s) were destroyed without a despawn; forgetting them
[nebula] 0 entity object(s) were destroyed without a despawn; forgetting them
[nebula] 0 entity object(s) were destroyed without a despawn; forgetting them
[nebula] 0 entity object(s) were destroyed without a despawn; forgetting them
[nebula] 0 entity object(s) were destroyed without a despawn; forgetting them
[nebula] 0 entity object(s) were destroyed without a despawn; forgetting them
[nebula] 0 entity object(s) were destroyed without a despawn; forgetting them
[nebula] 0 entity object(s) were destroyed without a despawn; forgetting them
[nebula] 0 entity object(s) were destroyed without a despawn; forgetting them
[nebula] 0 entity object(s) were destroyed without a despawn; forgetting them
[nebula] 0 entity object(s) were destroyed without a despawn; forgetting them
[nebula] 0 entity object(s) were destroyed without a despawn; forgetting them
[nebula] 0 entity object(s) were destroyed without a despawn; forgetting them
[nebula] 0 entity object(s) were destroyed without a despawn; forgetting them
[nebula] 0 entity object(s) were destroyed without a despawn; forgetting them
[nebula] 0 entity object(s) were destroyed without a despawn; forgetting them
[nebula] 0 entity object(s) were destroyed without a despawn; forgetting them
[nebula] 0 entity object(s) were destroyed without a despawn; forgetting them
[nebula] 0 entity object(s) were destroyed without a despawn; forgetting them
[nebula] profile 300 ticks/5s 300 frames avg 0.5ms max 4.1ms dup 7 skip 0 gc 46 auth 13 ghosts 1 | poll=0.01 ghosts=0.01 physics.sync=0.00 simulate=0.01 poses=0.03 containers=0.33 band=0.01 publish=0.01 gap=16.17 interest=0.01
[nebula] 0 entity object(s) were destroyed without a despawn; forgetting them
[nebula] 0 entity object(s) were destroyed without a despawn; forgetting them
[nebula] 0 entity object(s) were destroyed without a despawn; forgetting them
[nebula] 0 entity object(s) were destroyed without a despawn; forgetting them
[nebula] 0 entity object(s) were destroyed without a despawn; forgetting them
[nebula] 0 entity object(s) were destroyed without a despawn; forgetting them
[nebula] 0 entity object(s) were destroyed without a despawn; forgetting them
[nebula] 0 entity object(s) were destroyed without a despawn; forgetting them
[nebula] 0 entity object(s) were destroyed without a despawn; forgetting them
[nebula] 0 entity object(s) were destroyed without a despawn; forgetting them
[nebula] 0 entity object(s) were destroyed without a despawn; forgetting them
[nebula] 0 entity object(s) were destroyed without a despawn; forgetting them
[nebula] 0 entity object(s) were destroyed without a despawn; forgetting them
[nebula] 0 entity object(s) were destroyed without a despawn; forgetting them
[nebula] 0 entity object(s) were destroyed without a despawn; forgetting them
[nebula] 0 entity object(s) were destroyed without a despawn; forgetting them
[nebula] 0 entity object(s) were destroyed without a despawn; forgetting them
[nebula] 0 entity object(s) were destroyed without a despawn; forgetting them
[nebula] 0 entity object(s) were destroyed without a despawn; forgetting them
[nebula] 0 entity object(s) were destroyed without a despawn; forgetting them
[nebula] 0 entity object(s) were destroyed without a despawn; forgetting them
[nebula] 0 entity object(s) were destroyed without a despawn; forgetting them
[nebula] 0 entity object(s) were destroyed without a despawn; forgetting them
[nebula] 0 entity object(s) were destroyed without a despawn; forgetting them
[nebula] 0 entity object(s) were destroyed without a despawn; forgetting them
[nebula] 0 entity object(s) were destroyed without a despawn; forgetting them
[nebula] 0 entity object(s) were destroyed without a despawn; forgetting them
[nebula] 0 entity object(s) were destroyed without a despawn; forgetting them
[nebula] 0 entity object(s) were destroyed without a despawn; forgetting them
[nebula] 0 entity object(s) were destroyed without a despawn; forgetting them
[nebula] 0 entity object(s) were destroyed without a despawn; forgetting them
[nebula] 0 entity object(s) were destroyed without a despawn; forgetting them
[nebula] 0 entity object(s) were destroyed without a despawn; forgetting them
[nebula] 0 entity object(s) were destroyed without a despawn; forgetting them
[nebula] 0 entity object(s) were destroyed without a despawn; forgetting them
[nebula] 0 entity object(s) were destroyed without a despawn; forgetting them
[nebula] 0 entity object(s) were destroyed without a despawn; forgetting them
[nebula] 0 entity object(s) were destroyed without a despawn; forgetting them
[nebula] 0 entity object(s) were destroyed without a despawn; forgetting them
[nebula] 0 entity object(s) were destroyed without a despawn; forgetting them
[nebula] 0 entity object(s) were destroyed without a despawn; forgetting them
[nebula] 0 entity object(s) were destroyed without a despawn; forgetting them
[nebula] 0 entity object(s) were destroyed without a despawn; forgetting them
[nebula] ghost Player(Clone)#844424930131969(e3,rt_9223367638808264704,auth) -> w4
[nebula] 0 entity object(s) were destroyed without a despawn; forgetting them
[nebula] 0 entity object(s) were destroyed without a despawn; forgetting them
[nebula] 0 entity object(s) were destroyed without a despawn; forgetting them
[nebula] 0 entity object(s) were destroyed without a despawn; forgetting them
[nebula] 0 entity object(s) were destroyed without a despawn; forgetting them
[nebula] 0 entity object(s) were destroyed without a despawn; forgetting them
[nebula] 0 entity object(s) were destroyed without a despawn; forgetting them
[nebula] 0 entity object(s) were destroyed without a despawn; forgetting them
[nebula] 0 entity object(s) were destroyed without a despawn; forgetting them
[nebula] 0 entity object(s) were destroyed without a despawn; forgetting them
[nebula] 0 entity object(s) were destroyed without a despawn; forgetting them
[nebula] 0 entity object(s) were destroyed without a despawn; forgetting them
[nebula] 0 entity object(s) were destroyed without a despawn; forgetting them
[nebula] 0 entity object(s) were destroyed without a despawn; forgetting them
[nebula] 0 entity object(s) were destroyed without a despawn; forgetting them
[nebula] 0 entity object(s) were destroyed without a despawn; forgetting them
[nebula] 0 entity object(s) were destroyed without a despawn; forgetting them
[nebula] 0 entity object(s) were destroyed without a despawn; forgetting them
[nebula] 0 entity object(s) were destroyed without a despawn; forgetting them
[nebula] 0 entity object(s) were destroyed without a despawn; forgetting them
[nebula] 0 entity object(s) were destroyed without a despawn; forgetting them
[nebula] 0 entity object(s) were destroyed without a despawn; forgetting them
[nebula] 0 entity object(s) were destroyed without a despawn; forgetting them
[nebula] 0 entity object(s) were destroyed without a despawn; forgetting them
[nebula] 0 entity object(s) were destroyed without a despawn; forgetting them
[nebula] 0 entity object(s) were destroyed without a despawn; forgetting them
[nebula] 0 entity object(s) were destroyed without a despawn; forgetting them
[nebula] 0 entity object(s) were destroyed without a despawn; forgetting them
[nebula] 0 entity object(s) were destroyed without a despawn; forgetting them
[nebula] 0 entity object(s) were destroyed without a despawn; forgetting them
[nebula] 0 entity object(s) were destroyed without a despawn; forgetting them
[nebula] 0 entity object(s) were destroyed without a despawn; forgetting them
[nebula] 0 entity object(s) were destroyed without a despawn; forgetting them
[nebula] 0 entity object(s) were destroyed without a despawn; forgetting them
[nebula] 0 entity object(s) were destroyed without a despawn; forgetting them
[nebula] 0 entity object(s) were destroyed without a despawn; forgetting them
[nebula] 0 entity object(s) were destroyed without a despawn; forgetting them
[nebula] 0 entity object(s) were destroyed without a despawn; forgetting them
[nebula] 0 entity object(s) were destroyed without a despawn; forgetting them
[nebula] 0 entity object(s) were destroyed without a despawn; forgetting them
[nebula] 0 entity object(s) were destroyed without a despawn; forgetting them
[nebula] 0 entity object(s) were destroyed without a despawn; forgetting them
[nebula] 0 entity object(s) were destroyed without a despawn; forgetting them
[nebula] handover OUT Player(Clone)#844424930131969(e4,rt_0,ghost) -> w4 (epoch 4, tick 1365039222)
[nebula] 0 entity object(s) were destroyed without a despawn; forgetting them
[nebula] 0 entity object(s) were destroyed without a despawn; forgetting them
[nebula] 0 entity object(s) were destroyed without a despawn; forgetting them
[nebula] 0 entity object(s) were destroyed without a despawn; forgetting them
[nebula] 0 entity object(s) were destroyed without a despawn; forgetting them
[nebula] 0 entity object(s) were destroyed without a despawn; forgetting them
[nebula] 0 entity object(s) were destroyed without a despawn; forgetting them
[nebula] 0 entity object(s) were destroyed without a despawn; forgetting them
[nebula] 0 entity object(s) were destroyed without a despawn; forgetting them
[nebula] 0 entity object(s) were destroyed without a despawn; forgetting them
[nebula] 0 entity object(s) were destroyed without a despawn; forgetting them
[nebula] 0 entity object(s) were destroyed without a despawn; forgetting them
[nebula] 0 entity object(s) were destroyed without a despawn; forgetting them
[nebula] 0 entity object(s) were destroyed without a despawn; forgetting them
[nebula] 0 entity object(s) were destroyed without a despawn; forgetting them
[nebula] 0 entity object(s) were destroyed without a despawn; forgetting them
[nebula] 0 entity object(s) were destroyed without a despawn; forgetting them
[nebula] 0 entity object(s) were destroyed without a despawn; forgetting them
[nebula] 0 entity object(s) were destroyed without a despawn; forgetting them
[nebula] 0 entity object(s) were destroyed without a despawn; forgetting them
[nebula] 0 entity object(s) were destroyed without a despawn; forgetting them
[nebula] 0 entity object(s) were destroyed without a despawn; forgetting them
[nebula] 0 entity object(s) were destroyed without a despawn; forgetting them
[nebula] 0 entity object(s) were destroyed without a despawn; forgetting them
[nebula] 0 entity object(s) were destroyed without a despawn; forgetting them
[nebula] 0 entity object(s) were destroyed without a despawn; forgetting them
[nebula] 0 entity object(s) were destroyed without a despawn; forgetting them
[nebula] 0 entity object(s) were destroyed without a despawn; forgetting them
[nebula] 0 entity object(s) were destroyed without a despawn; forgetting them
[nebula] 0 entity object(s) were destroyed without a despawn; forgetting them
[nebula] 0 entity object(s) were destroyed without a despawn; forgetting them
[nebula] 0 entity object(s) were destroyed without a despawn; forgetting them
[nebula] 0 entity object(s) were destroyed without a despawn; forgetting them
[nebula] 0 entity object(s) were destroyed without a despawn; forgetting them
[nebula] 0 entity object(s) were destroyed without a despawn; forgetting them
[nebula] 0 entity object(s) were destroyed without a despawn; forgetting them
[nebula] 0 entity object(s) were destroyed without a despawn; forgetting them
[nebula] 0 entity object(s) were destroyed without a despawn; forgetting them
[nebula] 0 entity object(s) were destroyed without a despawn; forgetting them
[nebula] 0 entity object(s) were destroyed without a despawn; forgetting them
[nebula] 0 entity object(s) were destroyed without a despawn; forgetting them
[nebula] 0 entity object(s) were destroyed without a despawn; forgetting them
[nebula] 0 entity object(s) were destroyed without a despawn; forgetting them
[nebula] 0 entity object(s) were destroyed without a despawn; forgetting them
[nebula] 0 entity object(s) were destroyed without a despawn; forgetting them
[nebula] 0 entity object(s) were destroyed without a despawn; forgetting them
[nebula] 0 entity object(s) were destroyed without a despawn; forgetting them
[nebula] 0 entity object(s) were destroyed without a despawn; forgetting them
[nebula] 0 entity object(s) were destroyed without a despawn; forgetting them
[nebula] 0 entity object(s) were destroyed without a despawn; forgetting them
[nebula] 0 entity object(s) were destroyed without a despawn; forgetting them
[nebula] 0 entity object(s) were destroyed without a despawn; forgetting them
[nebula] 0 entity object(s) were destroyed without a despawn; forgetting them
[nebula] 0 entity object(s) were destroyed without a despawn; forgetting them
[nebula] 0 entity object(s) were destroyed without a despawn; forgetting them
[nebula] 0 entity object(s) were destroyed without a despawn; forgetting them
[nebula] 0 entity object(s) were destroyed without a despawn; forgetting them
[nebula] 0 entity object(s) were destroyed without a despawn; forgetting them
[nebula] 0 entity object(s) were destroyed without a despawn; forgetting them
[nebula] 0 entity object(s) were destroyed without a despawn; forgetting them
[nebula] 0 entity object(s) were destroyed without a despawn; forgetting them
[nebula] 0 entity object(s) were destroyed without a despawn; forgetting them
[nebula] 0 entity object(s) were destroyed without a despawn; forgetting them
[nebula] 0 entity object(s) were destroyed without a despawn; forgetting them
[nebula] 0 entity object(s) were destroyed without a despawn; forgetting them
[nebula] 0 entity object(s) were destroyed without a despawn; forgetting them
[nebula] 0 entity object(s) were destroyed without a despawn; forgetting them
[nebula] 0 entity object(s) were destroyed without a despawn; forgetting them
[nebula] 0 entity object(s) were destroyed without a despawn; forgetting them
[nebula] 0 entity object(s) were destroyed without a despawn; forgetting them
[nebula] 0 entity object(s) were destroyed without a despawn; forgetting them
[nebula] 0 entity object(s) were destroyed without a despawn; forgetting them
[nebula] 0 entity object(s) were destroyed without a despawn; forgetting them
[nebula] 0 entity object(s) were destroyed without a despawn; forgetting them
[nebula] 0 entity object(s) were destroyed without a despawn; forgetting them
[nebula] 0 entity object(s) were destroyed without a despawn; forgetting them
[nebula] 0 entity object(s) were destroyed without a despawn; forgetting them
[nebula] 0 entity object(s) were destroyed without a despawn; forgetting them
[nebula] 0 entity object(s) were destroyed without a despawn; forgetting them
[nebula] 0 entity object(s) were destroyed without a despawn; forgetting them
[nebula] 0 entity object(s) were destroyed without a despawn; forgetting them
[nebula] 0 entity object(s) were destroyed without a despawn; forgetting them
[nebula] 0 entity object(s) were destroyed without a despawn; forgetting them
[nebula] 0 entity object(s) were destroyed without a despawn; forgetting them
[nebula] 0 entity object(s) were destroyed without a despawn; forgetting them
[nebula] 0 entity object(s) were destroyed without a despawn; forgetting them
[nebula] 0 entity object(s) were destroyed without a despawn; forgetting them
[nebula] 0 entity object(s) were destroyed without a despawn; forgetting them
[nebula] 0 entity object(s) were destroyed without a despawn; forgetting them
[nebula] 0 entity object(s) were destroyed without a despawn; forgetting them
[nebula] 0 entity object(s) were destroyed without a despawn; forgetting them
[nebula] 0 entity object(s) were destroyed without a despawn; forgetting them
[nebula] 0 entity object(s) were destroyed without a despawn; forgetting them
[nebula] 0 entity object(s) were destroyed without a despawn; forgetting them
[nebula] 0 entity object(s) were destroyed without a despawn; forgetting them
[nebula] 0 entity object(s) were destroyed without a despawn; forgetting them
[nebula] 0 entity object(s) were destroyed without a despawn; forgetting them
[nebula] 0 entity object(s) were destroyed without a despawn; forgetting them
[nebula] 0 entity object(s) were destroyed without a despawn; forgetting them
[nebula] 0 entity object(s) were destroyed without a despawn; forgetting them
[nebula] 0 entity object(s) were destroyed without a despawn; forgetting them
[nebula] 0 entity object(s) were destroyed without a despawn; forgetting them
[nebula] 0 entity object(s) were destroyed without a despawn; forgetting them
[nebula] 0 entity object(s) were destroyed without a despawn; forgetting them
[nebula] 0 entity object(s) were destroyed without a despawn; forgetting them
[nebula] 0 entity object(s) were destroyed without a despawn; forgetting them
[nebula] 0 entity object(s) were destroyed without a despawn; forgetting them
[nebula] 0 entity object(s) were destroyed without a despawn; forgetting them
[nebula] 0 entity object(s) were destroyed without a despawn; forgetting them
[nebula] 0 entity object(s) were destroyed without a despawn; forgetting them
[nebula] 0 entity object(s) were destroyed without a despawn; forgetting them
[nebula] 0 entity object(s) were destroyed without a despawn; forgetting them
[nebula] 0 entity object(s) were destroyed without a despawn; forgetting them
[nebula] 0 entity object(s) were destroyed without a despawn; forgetting them
[nebula] 0 entity object(s) were destroyed without a despawn; forgetting them
[nebula] 0 entity object(s) were destroyed without a despawn; forgetting them
[nebula] 0 entity object(s) were destroyed without a despawn; forgetting them
[nebula] 0 entity object(s) were destroyed without a despawn; forgetting them
[nebula] 0 entity object(s) were destroyed without a despawn; forgetting them
[nebula] 0 entity object(s) were destroyed without a despawn; forgetting them
[nebula] 0 entity object(s) were destroyed without a despawn; forgetting them
[nebula] 0 entity object(s) were destroyed without a despawn; forgetting them
[nebula] 0 entity object(s) were destroyed without a despawn; forgetting them
[nebula] 0 entity object(s) were destroyed without a despawn; forgetting them
[nebula] 0 entity object(s) were destroyed without a despawn; forgetting them
[nebula] 0 entity object(s) were destroyed without a despawn; forgetting them
[nebula] 0 entity object(s) were destroyed without a despawn; forgetting them
[nebula] 0 entity object(s) were destroyed without a despawn; forgetting them
[nebula] 0 entity object(s) were destroyed without a despawn; forgetting them
[nebula] 0 entity object(s) were destroyed without a despawn; forgetting them
[nebula] 0 entity object(s) were destroyed without a despawn; forgetting them
[nebula] 0 entity object(s) were destroyed without a despawn; forgetting them
[nebula] 0 entity object(s) were destroyed without a despawn; forgetting them
[nebula] 0 entity object(s) were destroyed without a despawn; forgetting them
[nebula] 0 entity object(s) were destroyed without a despawn; forgetting them
[nebula] 0 entity object(s) were destroyed without a despawn; forgetting them
[nebula] 0 entity object(s) were destroyed without a despawn; forgetting them
[nebula] 0 entity object(s) were destroyed without a despawn; forgetting them
[nebula] 0 entity object(s) were destroyed without a despawn; forgetting them
[nebula] 0 entity object(s) were destroyed without a despawn; forgetting them
[nebula] 0 entity object(s) were destroyed without a despawn; forgetting them
[nebula] 0 entity object(s) were destroyed without a despawn; forgetting them
[nebula] 0 entity object(s) were destroyed without a despawn; forgetting them
[nebula] 0 entity object(s) were destroyed without a despawn; forgetting them
[nebula] 0 entity object(s) were destroyed without a despawn; forgetting them
[nebula] 0 entity object(s) were destroyed without a despawn; forgetting them
[nebula] 0 entity object(s) were destroyed without a despawn; forgetting them
[nebula] 0 entity object(s) were destroyed without a despawn; forgetting them
[nebula] 0 entity object(s) were destroyed without a despawn; forgetting them
[nebula] 0 entity object(s) were destroyed without a despawn; forgetting them
[nebula] 0 entity object(s) were destroyed without a despawn; forgetting them
[nebula] 0 entity object(s) were destroyed without a despawn; forgetting them
[nebula] 0 entity object(s) were destroyed without a despawn; forgetting them
[nebula] 0 entity object(s) were destroyed without a despawn; forgetting them
[nebula] 0 entity object(s) were destroyed without a despawn; forgetting them
[nebula] 0 entity object(s) were destroyed without a despawn; forgetting them
[nebula] 0 entity object(s) were destroyed without a despawn; forgetting them
[nebula] 0 entity object(s) were destroyed without a despawn; forgetting them
[nebula] 0 entity object(s) were destroyed without a despawn; forgetting them
[nebula] 0 entity object(s) were destroyed without a despawn; forgetting them
[nebula] 0 entity object(s) were destroyed without a despawn; forgetting them
[nebula] 0 entity object(s) were destroyed without a despawn; forgetting them
[nebula] 0 entity object(s) were destroyed without a despawn; forgetting them
[nebula] 0 entity object(s) were destroyed without a despawn; forgetting them
[nebula] 0 entity object(s) were destroyed without a despawn; forgetting them
[nebula] 0 entity object(s) were destroyed without a despawn; forgetting them
[nebula] 0 entity object(s) were destroyed without a despawn; forgetting them
[nebula] 0 entity object(s) were destroyed without a despawn; forgetting them
[nebula] 0 entity object(s) were destroyed without a despawn; forgetting them
[nebula] 0 entity object(s) were destroyed without a despawn; forgetting them
[nebula] 0 entity object(s) were destroyed without a despawn; forgetting them
[nebula] 0 entity object(s) were destroyed without a despawn; forgetting them
[nebula] 0 entity object(s) were destroyed without a despawn; forgetting them
[nebula] 0 entity object(s) were destroyed without a despawn; forgetting them
[nebula] 0 entity object(s) were destroyed without a despawn; forgetting them
[nebula] 0 entity object(s) were destroyed without a despawn; forgetting them
[nebula] 0 entity object(s) were destroyed without a despawn; forgetting them
[nebula] 0 entity object(s) were destroyed without a despawn; forgetting them
[nebula] 0 entity object(s) were destroyed without a despawn; forgetting them
[nebula] 0 entity object(s) were destroyed without a despawn; forgetting them
[nebula] 0 entity object(s) were destroyed without a despawn; forgetting them
[nebula] 0 entity object(s) were destroyed without a despawn; forgetting them
[nebula] 0 entity object(s) were destroyed without a despawn; forgetting them
[nebula] 0 entity object(s) were destroyed without a despawn; forgetting them
[nebula] 0 entity object(s) were destroyed without a despawn; forgetting them
[nebula] 0 entity object(s) were destroyed without a despawn; forgetting them
[nebula] 0 entity object(s) were destroyed without a despawn; forgetting them
[nebula] 0 entity object(s) were destroyed without a despawn; forgetting them
[nebula] 0 entity object(s) were destroyed without a despawn; forgetting them
[nebula] 0 entity object(s) were destroyed without a despawn; forgetting them
[nebula] 0 entity object(s) were destroyed without a despawn; forgetting them
[nebula] 0 entity object(s) were destroyed without a despawn; forgetting them
[nebula] 0 entity object(s) were destroyed without a despawn; forgetting them
[nebula] 0 entity object(s) were destroyed without a despawn; forgetting them
[nebula] 0 entity object(s) were destroyed without a despawn; forgetting them
[nebula] 0 entity object(s) were destroyed without a despawn; forgetting them
[nebula] 0 entity object(s) were destroyed without a despawn; forgetting them
[nebula] 0 entity object(s) were destroyed without a despawn; forgetting them
[nebula] 0 entity object(s) were destroyed without a despawn; forgetting them
[nebula] 0 entity object(s) were destroyed without a despawn; forgetting them
[nebula] 0 entity object(s) were destroyed without a despawn; forgetting them
[nebula] 0 entity object(s) were destroyed without a despawn; forgetting them
[nebula] 0 entity object(s) were destroyed without a despawn; forgetting them
[nebula] 0 entity object(s) were destroyed without a despawn; forgetting them
[nebula] 0 entity object(s) were destroyed without a despawn; forgetting them
[nebula] 0 entity object(s) were destroyed without a despawn; forgetting them
[nebula] 0 entity object(s) were destroyed without a despawn; forgetting them
[nebula] 0 entity object(s) were destroyed without a despawn; forgetting them
[nebula] 0 entity object(s) were destroyed without a despawn; forgetting them
[nebula] 0 entity object(s) were destroyed without a despawn; forgetting them
[nebula] 0 entity object(s) were destroyed without a despawn; forgetting them
[nebula] 0 entity object(s) were destroyed without a despawn; forgetting them
[nebula] 0 entity object(s) were destroyed without a despawn; forgetting them
[nebula] 0 entity object(s) were destroyed without a despawn; forgetting them
[nebula] profile 300 ticks/5s 300 frames avg 0.5ms max 0.8ms dup 2 skip 0 gc 32 auth 12 ghosts 0 | poll=0.01 ghosts=0.00 physics.sync=0.00 simulate=0.00 poses=0.03 containers=0.30 band=0.01 publish=0.01 gap=16.21 interest=0.01
[nebula] 0 entity object(s) were destroyed without a despawn; forgetting them
[nebula] 0 entity object(s) were destroyed without a despawn; forgetting them
[nebula] 0 entity object(s) were destroyed without a despawn; forgetting them
[nebula] 0 entity object(s) were destroyed without a despawn; forgetting them
[nebula] 0 entity object(s) were destroyed without a despawn; forgetting them
[nebula] 0 entity object(s) were destroyed without a despawn; forgetting them
[nebula] 0 entity object(s) were destroyed without a despawn; forgetting them
[nebula] 0 entity object(s) were destroyed without a despawn; forgetting them
[nebula] 0 entity object(s) were destroyed without a despawn; forgetting them
[nebula] 0 entity object(s) were destroyed without a despawn; forgetting them
[nebula] 0 entity object(s) were destroyed without a despawn; forgetting them
[nebula] 0 entity object(s) were destroyed without a despawn; forgetting them
[nebula] 0 entity object(s) were destroyed without a despawn; forgetting them
[nebula] 0 entity object(s) were destroyed without a despawn; forgetting them
[nebula] 0 entity object(s) were destroyed without a despawn; forgetting them
[nebula] 0 entity object(s) were destroyed without a despawn; forgetting them
[nebula] 0 entity object(s) were destroyed without a despawn; forgetting them
[nebula] 0 entity object(s) were destroyed without a despawn; forgetting them
[nebula] 0 entity object(s) were destroyed without a despawn; forgetting them
[nebula] 0 entity object(s) were destroyed without a despawn; forgetting them
[nebula] 0 entity object(s) were destroyed without a despawn; forgetting them
[nebula] 0 entity object(s) were destroyed without a despawn; forgetting them
[nebula] 0 entity object(s) were destroyed without a despawn; forgetting them
[nebula] 0 entity object(s) were destroyed without a despawn; forgetting them
[nebula] 0 entity object(s) were destroyed without a despawn; forgetting them
[nebula] 0 entity object(s) were destroyed without a despawn; forgetting them
[nebula] 0 entity object(s) were destroyed without a despawn; forgetting them
[nebula] 0 entity object(s) were destroyed without a despawn; forgetting them
[nebula] 0 entity object(s) were destroyed without a despawn; forgetting them
[nebula] 0 entity object(s) were destroyed without a despawn; forgetting them
[nebula] 0 entity object(s) were destroyed without a despawn; forgetting them
[nebula] 0 entity object(s) were destroyed without a despawn; forgetting them
[nebula] 0 entity object(s) were destroyed without a despawn; forgetting them
[nebula] 0 entity object(s) were destroyed without a despawn; forgetting them
[nebula] 0 entity object(s) were destroyed without a despawn; forgetting them
[nebula] 0 entity object(s) were destroyed without a despawn; forgetting them
[nebula] 0 entity object(s) were destroyed without a despawn; forgetting them
[nebula] 0 entity object(s) were destroyed without a despawn; forgetting them
[nebula] 0 entity object(s) were destroyed without a despawn; forgetting them
[nebula] 0 entity object(s) were destroyed without a despawn; forgetting them
[nebula] 0 entity object(s) were destroyed without a despawn; forgetting them
[nebula] 0 entity object(s) were destroyed without a despawn; forgetting them
[nebula] 0 entity object(s) were destroyed without a despawn; forgetting them
[nebula] 0 entity object(s) were destroyed without a despawn; forgetting them
[nebula] 0 entity object(s) were destroyed without a despawn; forgetting them
[nebula] 0 entity object(s) were destroyed without a despawn; forgetting them
[nebula] 0 entity object(s) were destroyed without a despawn; forgetting them
[nebula] 0 entity object(s) were destroyed without a despawn; forgetting them
[nebula] 0 entity object(s) were destroyed without a despawn; forgetting them
[nebula] 0 entity object(s) were destroyed without a despawn; forgetting them
[nebula] 0 entity object(s) were destroyed without a despawn; forgetting them
[nebula] 0 entity object(s) were destroyed without a despawn; forgetting them
[nebula] 0 entity object(s) were destroyed without a despawn; forgetting them
[nebula] 0 entity object(s) were destroyed without a despawn; forgetting them
[nebula] 0 entity object(s) were destroyed without a despawn; forgetting them
[nebula] 0 entity object(s) were destroyed without a despawn; forgetting them
[nebula] 0 entity object(s) were destroyed without a despawn; forgetting them
[nebula] 0 entity object(s) were destroyed without a despawn; forgetting them
[nebula] 0 entity object(s) were destroyed without a despawn; forgetting them
[nebula] 0 entity object(s) were destroyed without a despawn; forgetting them
[nebula] 0 entity object(s) were destroyed without a despawn; forgetting them
[nebula] 0 entity object(s) were destroyed without a despawn; forgetting them
[nebula] 0 entity object(s) were destroyed without a despawn; forgetting them
[nebula] 0 entity object(s) were destroyed without a despawn; forgetting them
[nebula] 0 entity object(s) were destroyed without a despawn; forgetting them
[nebula] 0 entity object(s) were destroyed without a despawn; forgetting them
[nebula] 0 entity object(s) were destroyed without a despawn; forgetting them
[nebula] 0 entity object(s) were destroyed without a despawn; forgetting them
[nebula] 0 entity object(s) were destroyed without a despawn; forgetting them
[nebula] 0 entity object(s) were destroyed without a despawn; forgetting them
[nebula] 0 entity object(s) were destroyed without a despawn; forgetting them
[nebula] 0 entity object(s) were destroyed without a despawn; forgetting them
[nebula] 0 entity object(s) were destroyed without a despawn; forgetting them
[nebula] 0 entity object(s) were destroyed without a despawn; forgetting them
[nebula] 0 entity object(s) were destroyed without a despawn; forgetting them
[nebula] 0 entity object(s) were destroyed without a despawn; forgetting them
[nebula] 0 entity object(s) were destroyed without a despawn; forgetting them
[nebula] 0 entity object(s) were destroyed without a despawn; forgetting them
[nebula] 0 entity object(s) were destroyed without a despawn; forgetting them
[nebula] 0 entity object(s) were destroyed without a despawn; forgetting them
[nebula] 0 entity object(s) were destroyed without a despawn; forgetting them
[nebula] 0 entity object(s) were destroyed without a despawn; forgetting them
[nebula] 0 entity object(s) were destroyed without a despawn; forgetting them
[nebula] 0 entity object(s) were destroyed without a despawn; forgetting them
[nebula] 0 entity object(s) were destroyed without a despawn; forgetting them
[nebula] 0 entity object(s) were destroyed without a despawn; forgetting them
[nebula] 0 entity object(s) were destroyed without a despawn; forgetting them
[nebula] 0 entity object(s) were destroyed without a despawn; forgetting them
[nebula] 0 entity object(s) were destroyed without a despawn; forgetting them
[nebula] 0 entity object(s) were destroyed without a despawn; forgetting them
[nebula] 0 entity object(s) were destroyed without a despawn; forgetting them
[nebula] 0 entity object(s) were destroyed without a despawn; forgetting them
[nebula] 0 entity object(s) were destroyed without a despawn; forgetting them
[nebula] 0 entity object(s) were destroyed without a despawn; forgetting them
[nebula] 0 entity object(s) were destroyed without a despawn; forgetting them
[nebula] 0 entity object(s) were destroyed without a despawn; forgetting them
[nebula] 0 entity object(s) were destroyed without a despawn; forgetting them
[nebula] 0 entity object(s) were destroyed without a despawn; forgetting them
[nebula] 0 entity object(s) were destroyed without a despawn; forgetting them
[nebula] 0 entity object(s) were destroyed without a despawn; forgetting them
[nebula] 0 entity object(s) were destroyed without a despawn; forgetting them
[nebula] 0 entity object(s) were destroyed without a despawn; forgetting them
[nebula] 0 entity object(s) were destroyed without a despawn; forgetting them
[nebula] 0 entity object(s) were destroyed without a despawn; forgetting them
[nebula] 0 entity object(s) were destroyed without a despawn; forgetting them
[nebula] 0 entity object(s) were destroyed without a despawn; forgetting them
[nebula] 0 entity object(s) were destroyed without a despawn; forgetting them
[nebula] 0 entity object(s) were destroyed without a despawn; forgetting them
[nebula] 0 entity object(s) were destroyed without a despawn; forgetting them
[nebula] 0 entity object(s) were destroyed without a despawn; forgetting them
[nebula] 0 entity object(s) were destroyed without a despawn; forgetting them
[nebula] 0 entity object(s) were destroyed without a despawn; forgetting them
[nebula] 0 entity object(s) were destroyed without a despawn; forgetting them
[nebula] 0 entity object(s) were destroyed without a despawn; forgetting them
[nebula] 0 entity object(s) were destroyed without a despawn; forgetting them
[nebula] 0 entity object(s) were destroyed without a despawn; forgetting them
[nebula] 0 entity object(s) were destroyed without a despawn; forgetting them
[nebula] 0 entity object(s) were destroyed without a despawn; forgetting them
[nebula] 0 entity object(s) were destroyed without a despawn; forgetting them
[nebula] 0 entity object(s) were destroyed without a despawn; forgetting them
[nebula] 0 entity object(s) were destroyed without a despawn; forgetting them
[nebula] 0 entity object(s) were destroyed without a despawn; forgetting them
[nebula] 0 entity object(s) were destroyed without a despawn; forgetting them
[nebula] 0 entity object(s) were destroyed without a despawn; forgetting them
[nebula] 0 entity object(s) were destroyed without a despawn; forgetting them
[nebula] 0 entity object(s) were destroyed without a despawn; forgetting them
[nebula] 0 entity object(s) were destroyed without a despawn; forgetting them
[nebula] 0 entity object(s) were destroyed without a despawn; forgetting them
[nebula] 0 entity object(s) were destroyed without a despawn; forgetting them
[nebula] 0 entity object(s) were destroyed without a despawn; forgetting them
[nebula] 0 entity object(s) were destroyed without a despawn; forgetting them
[nebula] 0 entity object(s) were destroyed without a despawn; forgetting them
[nebula] 0 entity object(s) were destroyed without a despawn; forgetting them
[nebula] 0 entity object(s) were destroyed without a despawn; forgetting them
[nebula] 0 entity object(s) were destroyed without a despawn; forgetting them
[nebula] 0 entity object(s) were destroyed without a despawn; forgetting them
[nebula] 0 entity object(s) were destroyed without a despawn; forgetting them
[nebula] 0 entity object(s) were destroyed without a despawn; forgetting them
[nebula] 0 entity object(s) were destroyed without a despawn; forgetting them
[nebula] 0 entity object(s) were destroyed without a despawn; forgetting them
[nebula] 0 entity object(s) were destroyed without a despawn; forgetting them
[nebula] 0 entity object(s) were destroyed without a despawn; forgetting them
[nebula] 0 entity object(s) were destroyed without a despawn; forgetting them
[nebula] 0 entity object(s) were destroyed without a despawn; forgetting them
[nebula] 0 entity object(s) were destroyed without a despawn; forgetting them
[nebula] 0 entity object(s) were destroyed without a despawn; forgetting them
[nebula] 0 entity object(s) were destroyed without a despawn; forgetting them
[nebula] 0 entity object(s) were destroyed without a despawn; forgetting them
[nebula] 0 entity object(s) were destroyed without a despawn; forgetting them
[nebula] 0 entity object(s) were destroyed without a despawn; forgetting them
[nebula] 0 entity object(s) were destroyed without a despawn; forgetting them
[nebula] 0 entity object(s) were destroyed without a despawn; forgetting them
[nebula] 0 entity object(s) were destroyed without a despawn; forgetting them
[nebula] 0 entity object(s) were destroyed without a despawn; forgetting them
[nebula] 0 entity object(s) were destroyed without a despawn; forgetting them
[nebula] 0 entity object(s) were destroyed without a despawn; forgetting them
[nebula] 0 entity object(s) were destroyed without a despawn; forgetting them
[nebula] 0 entity object(s) were destroyed without a despawn; forgetting them
[nebula] 0 entity object(s) were destroyed without a despawn; forgetting them
[nebula] 0 entity object(s) were destroyed without a despawn; forgetting them
[nebula] 0 entity object(s) were destroyed without a despawn; forgetting them
[nebula] 0 entity object(s) were destroyed without a despawn; forgetting them
[nebula] 0 entity object(s) were destroyed without a despawn; forgetting them
[nebula] 0 entity object(s) were destroyed without a despawn; forgetting them
[nebula] 0 entity object(s) were destroyed without a despawn; forgetting them
[nebula] 0 entity object(s) were destroyed without a despawn; forgetting them
[nebula] 0 entity object(s) were destroyed without a despawn; forgetting them
[nebula] 0 entity object(s) were destroyed without a despawn; forgetting them
[nebula] 0 entity object(s) were destroyed without a despawn; forgetting them
[nebula] 0 entity object(s) were destroyed without a despawn; forgetting them
[nebula] 0 entity object(s) were destroyed without a despawn; forgetting them
[nebula] 0 entity object(s) were destroyed without a despawn; forgetting them
[nebula] 0 entity object(s) were destroyed without a despawn; forgetting them
[nebula] 0 entity object(s) were destroyed without a despawn; forgetting them
[nebula] 0 entity object(s) were destroyed without a despawn; forgetting them
[nebula] 0 entity object(s) were destroyed without a despawn; forgetting them
[nebula] 0 entity object(s) were destroyed without a despawn; forgetting them
[nebula] 0 entity object(s) were destroyed without a despawn; forgetting them
[nebula] 0 entity object(s) were destroyed without a despawn; forgetting them
[nebula] 0 entity object(s) were destroyed without a despawn; forgetting them
[nebula] 0 entity object(s) were destroyed without a despawn; forgetting them
[nebula] 0 entity object(s) were destroyed without a despawn; forgetting them
[nebula] 0 entity object(s) were destroyed without a despawn; forgetting them
[nebula] 0 entity object(s) were destroyed without a despawn; forgetting them
[nebula] 0 entity object(s) were destroyed without a despawn; forgetting them
[nebula] 0 entity object(s) were destroyed without a despawn; forgetting them
[nebula] 0 entity object(s) were destroyed without a despawn; forgetting them
[nebula] 0 entity object(s) were destroyed without a despawn; forgetting them
[nebula] 0 entity object(s) were destroyed without a despawn; forgetting them
[nebula] 0 entity object(s) were destroyed without a despawn; forgetting them
[nebula] 0 entity object(s) were destroyed without a despawn; forgetting them
[nebula] 0 entity object(s) were destroyed without a despawn; forgetting them
[nebula] 0 entity object(s) were destroyed without a despawn; forgetting them
[nebula] 0 entity object(s) were destroyed without a despawn; forgetting them
[nebula] 0 entity object(s) were destroyed without a despawn; forgetting them
[nebula] 0 entity object(s) were destroyed without a despawn; forgetting them
[nebula] 0 entity object(s) were destroyed without a despawn; forgetting them
[nebula] 0 entity object(s) were destroyed without a despawn; forgetting them
[nebula] 0 entity object(s) were destroyed without a despawn; forgetting them
[nebula] 0 entity object(s) were destroyed without a despawn; forgetting them
[nebula] 0 entity object(s) were destroyed without a despawn; forgetting them
[nebula] 0 entity object(s) were destroyed without a despawn; forgetting them
[nebula] 0 entity object(s) were destroyed without a despawn; forgetting them
[nebula] 0 entity object(s) were destroyed without a despawn; forgetting them
[nebula] 0 entity object(s) were destroyed without a despawn; forgetting them
[nebula] 0 entity object(s) were destroyed without a despawn; forgetting them
[nebula] 0 entity object(s) were destroyed without a despawn; forgetting them
[nebula] 0 entity object(s) were destroyed without a despawn; forgetting them
[nebula] 0 entity object(s) were destroyed without a despawn; forgetting them
[nebula] 0 entity object(s) were destroyed without a despawn; forgetting them
[nebula] 0 entity object(s) were destroyed without a despawn; forgetting them
[nebula] 0 entity object(s) were destroyed without a despawn; forgetting them
[nebula] 0 entity object(s) were destroyed without a despawn; forgetting them
[nebula] 0 entity object(s) were destroyed without a despawn; forgetting them
[nebula] 0 entity object(s) were destroyed without a despawn; forgetting them
[nebula] 0 entity object(s) were destroyed without a despawn; forgetting them
[nebula] 0 entity object(s) were destroyed without a despawn; forgetting them
[nebula] 0 entity object(s) were destroyed without a despawn; forgetting them
[nebula] 0 entity object(s) were destroyed without a despawn; forgetting them
[nebula] 0 entity object(s) were destroyed without a despawn; forgetting them
[nebula] 0 entity object(s) were destroyed without a despawn; forgetting them
[nebula] 0 entity object(s) were destroyed without a despawn; forgetting them
[nebula] 0 entity object(s) were destroyed without a despawn; forgetting them
[nebula] 0 entity object(s) were destroyed without a despawn; forgetting them
[nebula] 0 entity object(s) were destroyed without a despawn; forgetting them
[nebula] 0 entity object(s) were destroyed without a despawn; forgetting them
[nebula] 0 entity object(s) were destroyed without a despawn; forgetting them
[nebula] 0 entity object(s) were destroyed without a despawn; forgetting them
[nebula] 0 entity object(s) were destroyed without a despawn; forgetting them
[nebula] 0 entity object(s) were destroyed without a despawn; forgetting them
[nebula] 0 entity object(s) were destroyed without a despawn; forgetting them
[nebula] 0 entity object(s) were destroyed without a despawn; forgetting them
[nebula] 0 entity object(s) were destroyed without a despawn; forgetting them
[nebula] 0 entity object(s) were destroyed without a despawn; forgetting them
[nebula] 0 entity object(s) were destroyed without a despawn; forgetting them
[nebula] 0 entity object(s) were destroyed without a despawn; forgetting them
[nebula] 0 entity object(s) were destroyed without a despawn; forgetting them
[nebula] 0 entity object(s) were destroyed without a despawn; forgetting them
[nebula] 0 entity object(s) were destroyed without a despawn; forgetting them
[nebula] 0 entity object(s) were destroyed without a despawn; forgetting them
[nebula] 0 entity object(s) were destroyed without a despawn; forgetting them
[nebula] 0 entity object(s) were destroyed without a despawn; forgetting them
[nebula] 0 entity object(s) were destroyed without a despawn; forgetting them
[nebula] 0 entity object(s) were destroyed without a despawn; forgetting them
[nebula] 0 entity object(s) were destroyed without a despawn; forgetting them
[nebula] 0 entity object(s) were destroyed without a despawn; forgetting them
[nebula] 0 entity object(s) were destroyed without a despawn; forgetting them
[nebula] 0 entity object(s) were destroyed without a despawn; forgetting them
[nebula] 0 entity object(s) were destroyed without a despawn; forgetting them
[nebula] 0 entity object(s) were destroyed without a despawn; forgetting them
[nebula] 0 entity object(s) were destroyed without a despawn; forgetting them
[nebula] 0 entity object(s) were destroyed without a despawn; forgetting them
[nebula] 0 entity object(s) were destroyed without a despawn; forgetting them
[nebula] 0 entity object(s) were destroyed without a despawn; forgetting them
[nebula] 0 entity object(s) were destroyed without a despawn; forgetting them
[nebula] 0 entity object(s) were destroyed without a despawn; forgetting them
[nebula] 0 entity object(s) were destroyed without a despawn; forgetting them
[nebula] 0 entity object(s) were destroyed without a despawn; forgetting them
[nebula] 0 entity object(s) were destroyed without a despawn; forgetting them
[nebula] 0 entity object(s) were destroyed without a despawn; forgetting them
[nebula] 0 entity object(s) were destroyed without a despawn; forgetting them
[nebula] 0 entity object(s) were destroyed without a despawn; forgetting them
[nebula] 0 entity object(s) were destroyed without a despawn; forgetting them
[nebula] 0 entity object(s) were destroyed without a despawn; forgetting them
[nebula] 0 entity object(s) were destroyed without a despawn; forgetting them
[nebula] 0 entity object(s) were destroyed without a despawn; forgetting them
[nebula] 0 entity object(s) were destroyed without a despawn; forgetting them
[nebula] 0 entity object(s) were destroyed without a despawn; forgetting them
[nebula] 0 entity object(s) were destroyed without a despawn; forgetting them
[nebula] 0 entity object(s) were destroyed without a despawn; forgetting them
[nebula] 0 entity object(s) were destroyed without a despawn; forgetting them
[nebula] 0 entity object(s) were destroyed without a despawn; forgetting them
[nebula] 0 entity object(s) were destroyed without a despawn; forgetting them
[nebula] 0 entity object(s) were destroyed without a despawn; forgetting them
[nebula] 0 entity object(s) were destroyed without a despawn; forgetting them
[nebula] 0 entity object(s) were destroyed without a despawn; forgetting them
[nebula] 0 entity object(s) were destroyed without a despawn; forgetting them
[nebula] 0 entity object(s) were destroyed without a despawn; forgetting them
[nebula] 0 entity object(s) were destroyed without a despawn; forgetting them
[nebula] 0 entity object(s) were destroyed without a despawn; forgetting them
[nebula] 0 entity object(s) were destroyed without a despawn; forgetting them
[nebula] 0 entity object(s) were destroyed without a despawn; forgetting them
[nebula] 0 entity object(s) were destroyed without a despawn; forgetting them
[nebula] 0 entity object(s) were destroyed without a despawn; forgetting them
[nebula] 0 entity object(s) were destroyed without a despawn; forgetting them
[nebula] 0 entity object(s) were destroyed without a despawn; forgetting them
[nebula] 0 entity object(s) were destroyed without a despawn; forgetting them
[nebula] 0 entity object(s) were destroyed without a despawn; forgetting them
[nebula] 0 entity object(s) were destroyed without a despawn; forgetting them
[nebula] 0 entity object(s) were destroyed without a despawn; forgetting them
[nebula] 0 entity object(s) were destroyed without a despawn; forgetting them
[nebula] 0 entity object(s) were destroyed without a despawn; forgetting them
[nebula] 0 entity object(s) were destroyed without a despawn; forgetting them
[nebula] 0 entity object(s) were destroyed without a despawn; forgetting them
[nebula] 0 entity object(s) were destroyed without a despawn; forgetting them
[nebula] 0 entity object(s) were destroyed without a despawn; forgetting them
[nebula] 0 entity object(s) were destroyed without a despawn; forgetting them
[nebula] 0 entity object(s) were destroyed without a despawn; forgetting them
[nebula] 0 entity object(s) were destroyed without a despawn; forgetting them
[nebula] 0 entity object(s) were destroyed without a despawn; forgetting them
[nebula] profile 300 ticks/5s 300 frames avg 0.4ms max 0.7ms dup 0 skip 0 gc 38 auth 12 ghosts 0 | poll=0.00 ghosts=0.00 physics.sync=0.00 simulate=0.00 poses=0.03 containers=0.29 band=0.01 publish=0.01 gap=16.22 interest=0.01
[nebula] 0 entity object(s) were destroyed without a despawn; forgetting them
[nebula] 0 entity object(s) were destroyed without a despawn; forgetting them
[nebula] 0 entity object(s) were destroyed without a despawn; forgetting them
[nebula] 0 entity object(s) were destroyed without a despawn; forgetting them
[nebula] 0 entity object(s) were destroyed without a despawn; forgetting them
[nebula] 0 entity object(s) were destroyed without a despawn; forgetting them
[nebula] 0 entity object(s) were destroyed without a despawn; forgetting them
[nebula] 0 entity object(s) were destroyed without a despawn; forgetting them
[nebula] 0 entity object(s) were destroyed without a despawn; forgetting them
[nebula] 0 entity object(s) were destroyed without a despawn; forgetting them
[nebula] 0 entity object(s) were destroyed without a despawn; forgetting them
[nebula] 0 entity object(s) were destroyed without a despawn; forgetting them
[nebula] 0 entity object(s) were destroyed without a despawn; forgetting them
[nebula] 0 entity object(s) were destroyed without a despawn; forgetting them
[nebula] 0 entity object(s) were destroyed without a despawn; forgetting them
[nebula] 0 entity object(s) were destroyed without a despawn; forgetting them
[nebula] 0 entity object(s) were destroyed without a despawn; forgetting them
[nebula] 0 entity object(s) were destroyed without a despawn; forgetting them
[nebula] 0 entity object(s) were destroyed without a despawn; forgetting them
[nebula] 0 entity object(s) were destroyed without a despawn; forgetting them
[nebula] 0 entity object(s) were destroyed without a despawn; forgetting them
[nebula] 0 entity object(s) were destroyed without a despawn; forgetting them
[nebula] 0 entity object(s) were destroyed without a despawn; forgetting them
[nebula] 0 entity object(s) were destroyed without a despawn; forgetting them
[nebula] 0 entity object(s) were destroyed without a despawn; forgetting them
[nebula] 0 entity object(s) were destroyed without a despawn; forgetting them
[nebula] 0 entity object(s) were destroyed without a despawn; forgetting them
[nebula] 0 entity object(s) were destroyed without a despawn; forgetting them
[nebula] 0 entity object(s) were destroyed without a despawn; forgetting them
[nebula] 0 entity object(s) were destroyed without a despawn; forgetting them
[nebula] 0 entity object(s) were destroyed without a despawn; forgetting them
[nebula] 0 entity object(s) were destroyed without a despawn; forgetting them
[nebula] 0 entity object(s) were destroyed without a despawn; forgetting them
[nebula] 0 entity object(s) were destroyed without a despawn; forgetting them
[nebula] 0 entity object(s) were destroyed without a despawn; forgetting them
[nebula] 0 entity object(s) were destroyed without a despawn; forgetting them
[nebula] 0 entity object(s) were destroyed without a despawn; forgetting them
[nebula] 0 entity object(s) were destroyed without a despawn; forgetting them
[nebula] 0 entity object(s) were destroyed without a despawn; forgetting them
[nebula] 0 entity object(s) were destroyed without a despawn; forgetting them
[nebula] 0 entity object(s) were destroyed without a despawn; forgetting them
[nebula] 0 entity object(s) were destroyed without a despawn; forgetting them
[nebula] 0 entity object(s) were destroyed without a despawn; forgetting them
[nebula] 0 entity object(s) were destroyed without a despawn; forgetting them
[nebula] 0 entity object(s) were destroyed without a despawn; forgetting them
[nebula] 0 entity object(s) were destroyed without a despawn; forgetting them
[nebula] 0 entity object(s) were destroyed without a despawn; forgetting them
[nebula] 0 entity object(s) were destroyed without a despawn; forgetting them
[nebula] 0 entity object(s) were destroyed without a despawn; forgetting them
[nebula] 0 entity object(s) were destroyed without a despawn; forgetting them
[nebula] 0 entity object(s) were destroyed without a despawn; forgetting them
[nebula] 0 entity object(s) were destroyed without a despawn; forgetting them
[nebula] 0 entity object(s) were destroyed without a despawn; forgetting them
[nebula] 0 entity object(s) were destroyed without a despawn; forgetting them
[nebula] 0 entity object(s) were destroyed without a despawn; forgetting them
[nebula] 0 entity object(s) were destroyed without a despawn; forgetting them
[nebula] 0 entity object(s) were destroyed without a despawn; forgetting them
[nebula] 0 entity object(s) were destroyed without a despawn; forgetting them
[nebula] 0 entity object(s) were destroyed without a despawn; forgetting them
[nebula] 0 entity object(s) were destroyed without a despawn; forgetting them
[nebula] 0 entity object(s) were destroyed without a despawn; forgetting them
[nebula] 0 entity object(s) were destroyed without a despawn; forgetting them
[nebula] 0 entity object(s) were destroyed without a despawn; forgetting them
[nebula] 0 entity object(s) were destroyed without a despawn; forgetting them
[nebula] 0 entity object(s) were destroyed without a despawn; forgetting them
[nebula] 0 entity object(s) were destroyed without a despawn; forgetting them
[nebula] 0 entity object(s) were destroyed without a despawn; forgetting them
[nebula] 0 entity object(s) were destroyed without a despawn; forgetting them
[nebula] 0 entity object(s) were destroyed without a despawn; forgetting them
[nebula] 0 entity object(s) were destroyed without a despawn; forgetting them
[nebula] 0 entity object(s) were destroyed without a despawn; forgetting them
[nebula] 0 entity object(s) were destroyed without a despawn; forgetting them
[nebula] 0 entity object(s) were destroyed without a despawn; forgetting them
[nebula] 0 entity object(s) were destroyed without a despawn; forgetting them
[nebula] 0 entity object(s) were destroyed without a despawn; forgetting them
[nebula] 0 entity object(s) were destroyed without a despawn; forgetting them
[nebula] 0 entity object(s) were destroyed without a despawn; forgetting them
[nebula] 0 entity object(s) were destroyed without a despawn; forgetting them
[nebula] 0 entity object(s) were destroyed without a despawn; forgetting them
[nebula] 0 entity object(s) were destroyed without a despawn; forgetting them
[nebula] 0 entity object(s) were destroyed without a despawn; forgetting them
[nebula] 0 entity object(s) were destroyed without a despawn; forgetting them
[nebula] 0 entity object(s) were destroyed without a despawn; forgetting them
[nebula] 0 entity object(s) were destroyed without a despawn; forgetting them
[nebula] 0 entity object(s) were destroyed without a despawn; forgetting them
[nebula] 0 entity object(s) were destroyed without a despawn; forgetting them
[nebula] 0 entity object(s) were destroyed without a despawn; forgetting them
[nebula] 0 entity object(s) were destroyed without a despawn; forgetting them
[nebula] 0 entity object(s) were destroyed without a despawn; forgetting them
[nebula] 0 entity object(s) were destroyed without a despawn; forgetting them
[nebula] 0 entity object(s) were destroyed without a despawn; forgetting them
[nebula] 0 entity object(s) were destroyed without a despawn; forgetting them
[nebula] 0 entity object(s) were destroyed without a despawn; forgetting them
[nebula] 0 entity object(s) were destroyed without a despawn; forgetting them
[nebula] 0 entity object(s) were destroyed without a despawn; forgetting them
[nebula] 0 entity object(s) were destroyed without a despawn; forgetting them
[nebula] 0 entity object(s) were destroyed without a despawn; forgetting them
[nebula] 0 entity object(s) were destroyed without a despawn; forgetting them
[nebula] 0 entity object(s) were destroyed without a despawn; forgetting them
[nebula] 0 entity object(s) were destroyed without a despawn; forgetting them
[nebula] 0 entity object(s) were destroyed without a despawn; forgetting them
[nebula] 0 entity object(s) were destroyed without a despawn; forgetting them
[nebula] 0 entity object(s) were destroyed without a despawn; forgetting them
[nebula] 0 entity object(s) were destroyed without a despawn; forgetting them
[nebula] 0 entity object(s) were destroyed without a despawn; forgetting them
[nebula] 0 entity object(s) were destroyed without a despawn; forgetting them
[nebula] 0 entity object(s) were destroyed without a despawn; forgetting them
[nebula] 0 entity object(s) were destroyed without a despawn; forgetting them
[nebula] 0 entity object(s) were destroyed without a despawn; forgetting them
[nebula] 0 entity object(s) were destroyed without a despawn; forgetting them
[nebula] 0 entity object(s) were destroyed without a despawn; forgetting them
[nebula] 0 entity object(s) were destroyed without a despawn; forgetting them
[nebula] 0 entity object(s) were destroyed without a despawn; forgetting them
[nebula] 0 entity object(s) were destroyed without a despawn; forgetting them
[nebula] 0 entity object(s) were destroyed without a despawn; forgetting them
[nebula] 0 entity object(s) were destroyed without a despawn; forgetting them
[nebula] 0 entity object(s) were destroyed without a despawn; forgetting them
[nebula] 0 entity object(s) were destroyed without a despawn; forgetting them
[nebula] 0 entity object(s) were destroyed without a despawn; forgetting them
[nebula] 0 entity object(s) were destroyed without a despawn; forgetting them
[nebula] 0 entity object(s) were destroyed without a despawn; forgetting them
[nebula] 0 entity object(s) were destroyed without a despawn; forgetting them
[nebula] handover OUT Prop(Clone)#844424930131971(e4,rt_9223358842715242496,ghost) -> w1 (epoch 4, tick 1365039858)
[nebula] handover OUT Prop(Clone)#844424930131973(e4,rt_9223358842715242496,ghost) -> w1 (epoch 4, tick 1365039858)
[nebula] handover OUT Prop(Clone)#844424930131975(e4,rt_9223358842715242496,ghost) -> w1 (epoch 4, tick 1365039858)
[nebula] handover OUT Prop(Clone)#281474976710662(e3,rt_9223363240761753600,ghost) -> w1 (epoch 3, tick 1365039858)
[nebula] handover OUT Prop(Clone)#281474976710665(e3,rt_9223363240761753600,ghost) -> w1 (epoch 3, tick 1365039858)
[nebula] handover OUT Prop(Clone)#281474976710668(e3,rt_9223363240761753600,ghost) -> w1 (epoch 3, tick 1365039858)
[nebula] 0 entity object(s) were destroyed without a despawn; forgetting them
[nebula] ghost Player(Clone)#1125899906842625(e2,rt_8796093022209,auth) -> w4
[nebula] handover IN  Player(Clone)#1125899906842625(e2,rt_8796093022209,auth) <- w4 (epoch 2, tick 1365039859)
[nebula] ghost Player(Clone)#844424930131969(e5,rt_0,auth) -> w4
[nebula] handover IN  Player(Clone)#844424930131969(e5,rt_0,auth) <- w4 (epoch 5, tick 1365039859)
[nebula] 0 entity object(s) were destroyed without a despawn; forgetting them
[nebula] 0 entity object(s) were destroyed without a despawn; forgetting them
[nebula] 0 entity object(s) were destroyed without a despawn; forgetting them
[nebula] 0 entity object(s) were destroyed without a despawn; forgetting them
[nebula] local handover Player(Clone)#844424930131969(e5,rt_4398046511104,auth) rt_0 -> rt_4398046511104
[nebula] 0 entity object(s) were destroyed without a despawn; forgetting them
[nebula] 0 entity object(s) were destroyed without a despawn; forgetting them
[nebula] 0 entity object(s) were destroyed without a despawn; forgetting them
[nebula] 0 entity object(s) were destroyed without a despawn; forgetting them
[nebula] 0 entity object(s) were destroyed without a despawn; forgetting them
[nebula] 0 entity object(s) were destroyed without a despawn; forgetting them
[nebula] 0 entity object(s) were destroyed without a despawn; forgetting them
[nebula] 0 entity object(s) were destroyed without a despawn; forgetting them
[nebula] 0 entity object(s) were destroyed without a despawn; forgetting them
[nebula] 0 entity object(s) were destroyed without a despawn; forgetting them
[nebula] 0 entity object(s) were destroyed without a despawn; forgetting them
[nebula] 0 entity object(s) were destroyed without a despawn; forgetting them
[nebula] 0 entity object(s) were destroyed without a despawn; forgetting them
[nebula] 0 entity object(s) were destroyed without a despawn; forgetting them
[nebula] 0 entity object(s) were destroyed without a despawn; forgetting them
[nebula] 0 entity object(s) were destroyed without a despawn; forgetting them
[nebula] 0 entity object(s) were destroyed without a despawn; forgetting them
[nebula] 0 entity object(s) were destroyed without a despawn; forgetting them
[nebula] 0 entity object(s) were destroyed without a despawn; forgetting them
[nebula] 0 entity object(s) were destroyed without a despawn; forgetting them
[nebula] 0 entity object(s) were destroyed without a despawn; forgetting them
[nebula] 0 entity object(s) were destroyed without a despawn; forgetting them
[nebula] 0 entity object(s) were destroyed without a despawn; forgetting them
[nebula] 0 entity object(s) were destroyed without a despawn; forgetting them
[nebula] 0 entity object(s) were destroyed without a despawn; forgetting them
[nebula] 0 entity object(s) were destroyed without a despawn; forgetting them
[nebula] 0 entity object(s) were destroyed without a despawn; forgetting them
[nebula] 0 entity object(s) were destroyed without a despawn; forgetting them
[nebula] 0 entity object(s) were destroyed without a despawn; forgetting them
[nebula] 0 entity object(s) were destroyed without a despawn; forgetting them
[nebula] 0 entity object(s) were destroyed without a despawn; forgetting them
[nebula] 0 entity object(s) were destroyed without a despawn; forgetting them
[nebula] 0 entity object(s) were destroyed without a despawn; forgetting them
[nebula] 0 entity object(s) were destroyed without a despawn; forgetting them
[nebula] 0 entity object(s) were destroyed without a despawn; forgetting them
[nebula] 0 entity object(s) were destroyed without a despawn; forgetting them
[nebula] 0 entity object(s) were destroyed without a despawn; forgetting them
[nebula] 0 entity object(s) were destroyed without a despawn; forgetting them
[nebula] 0 entity object(s) were destroyed without a despawn; forgetting them
[nebula] 0 entity object(s) were destroyed without a despawn; forgetting them
[nebula] 0 entity object(s) were destroyed without a despawn; forgetting them
[nebula] 0 entity object(s) were destroyed without a despawn; forgetting them
[nebula] 0 entity object(s) were destroyed without a despawn; forgetting them
[nebula] 0 entity object(s) were destroyed without a despawn; forgetting them
[nebula] 0 entity object(s) were destroyed without a despawn; forgetting them
[nebula] 0 entity object(s) were destroyed without a despawn; forgetting them
[nebula] 0 entity object(s) were destroyed without a despawn; forgetting them
[nebula] 0 entity object(s) were destroyed without a despawn; forgetting them
[nebula] 0 entity object(s) were destroyed without a despawn; forgetting them
[nebula] 0 entity object(s) were destroyed without a despawn; forgetting them
[nebula] 0 entity object(s) were destroyed without a despawn; forgetting them
[nebula] 0 entity object(s) were destroyed without a despawn; forgetting them
[nebula] 0 entity object(s) were destroyed without a despawn; forgetting them
[nebula] 0 entity object(s) were destroyed without a despawn; forgetting them
[nebula] 0 entity object(s) were destroyed without a despawn; forgetting them
[nebula] 0 entity object(s) were destroyed without a despawn; forgetting them
[nebula] 0 entity object(s) were destroyed without a despawn; forgetting them
[nebula] 0 entity object(s) were destroyed without a despawn; forgetting them
[nebula] 0 entity object(s) were destroyed without a despawn; forgetting them
[nebula] 0 entity object(s) were destroyed without a despawn; forgetting them
[nebula] 0 entity object(s) were destroyed without a despawn; forgetting them
[nebula] 0 entity object(s) were destroyed without a despawn; forgetting them
[nebula] 0 entity object(s) were destroyed without a despawn; forgetting them
[nebula] 0 entity object(s) were destroyed without a despawn; forgetting them
[nebula] 0 entity object(s) were destroyed without a despawn; forgetting them
[nebula] 0 entity object(s) were destroyed without a despawn; forgetting them
[nebula] 0 entity object(s) were destroyed without a despawn; forgetting them
[nebula] 0 entity object(s) were destroyed without a despawn; forgetting them
[nebula] 0 entity object(s) were destroyed without a despawn; forgetting them
[nebula] 0 entity object(s) were destroyed without a despawn; forgetting them
[nebula] 0 entity object(s) were destroyed without a despawn; forgetting them
[nebula] 0 entity object(s) were destroyed without a despawn; forgetting them
[nebula] 0 entity object(s) were destroyed without a despawn; forgetting them
[nebula] 0 entity object(s) were destroyed without a despawn; forgetting them
[nebula] 0 entity object(s) were destroyed without a despawn; forgetting them
[nebula] 0 entity object(s) were destroyed without a despawn; forgetting them
[nebula] 0 entity object(s) were destroyed without a despawn; forgetting them
[nebula] 0 entity object(s) were destroyed without a despawn; forgetting them
[nebula] 0 entity object(s) were destroyed without a despawn; forgetting them
[nebula] 0 entity object(s) were destroyed without a despawn; forgetting them
[nebula] 0 entity object(s) were destroyed without a despawn; forgetting them
[nebula] 0 entity object(s) were destroyed without a despawn; forgetting them
[nebula] 0 entity object(s) were destroyed without a despawn; forgetting them
[nebula] 0 entity object(s) were destroyed without a despawn; forgetting them
[nebula] 0 entity object(s) were destroyed without a despawn; forgetting them
[nebula] 0 entity object(s) were destroyed without a despawn; forgetting them
[nebula] 0 entity object(s) were destroyed without a despawn; forgetting them
[nebula] 0 entity object(s) were destroyed without a despawn; forgetting them
[nebula] 0 entity object(s) were destroyed without a despawn; forgetting them
[nebula] 0 entity object(s) were destroyed without a despawn; forgetting them
[nebula] 0 entity object(s) were destroyed without a despawn; forgetting them
[nebula] 0 entity object(s) were destroyed without a despawn; forgetting them
[nebula] 0 entity object(s) were destroyed without a despawn; forgetting them
[nebula] 0 entity object(s) were destroyed without a despawn; forgetting them
[nebula] 0 entity object(s) were destroyed without a despawn; forgetting them
[nebula] 0 entity object(s) were destroyed without a despawn; forgetting them
[nebula] 0 entity object(s) were destroyed without a despawn; forgetting them
[nebula] 0 entity object(s) were destroyed without a despawn; forgetting them
[nebula] 0 entity object(s) were destroyed without a despawn; forgetting them
[nebula] 0 entity object(s) were destroyed without a despawn; forgetting them
[nebula] 0 entity object(s) were destroyed without a despawn; forgetting them
[nebula] 0 entity object(s) were destroyed without a despawn; forgetting them
[nebula] 0 entity object(s) were destroyed without a despawn; forgetting them
[nebula] 0 entity object(s) were destroyed without a despawn; forgetting them
[nebula] 0 entity object(s) were destroyed without a despawn; forgetting them
[nebula] 0 entity object(s) were destroyed without a despawn; forgetting them
[nebula] 0 entity object(s) were destroyed without a despawn; forgetting them
[nebula] 0 entity object(s) were destroyed without a despawn; forgetting them
[nebula] 0 entity object(s) were destroyed without a despawn; forgetting them
[nebula] 0 entity object(s) were destroyed without a despawn; forgetting them
[nebula] 0 entity object(s) were destroyed without a despawn; forgetting them
[nebula] 0 entity object(s) were destroyed without a despawn; forgetting them
[nebula] 0 entity object(s) were destroyed without a despawn; forgetting them
[nebula] 0 entity object(s) were destroyed without a despawn; forgetting them
[nebula] 0 entity object(s) were destroyed without a despawn; forgetting them
[nebula] 0 entity object(s) were destroyed without a despawn; forgetting them
[nebula] 0 entity object(s) were destroyed without a despawn; forgetting them
[nebula] 0 entity object(s) were destroyed without a despawn; forgetting them
[nebula] 0 entity object(s) were destroyed without a despawn; forgetting them
[nebula] 0 entity object(s) were destroyed without a despawn; forgetting them
[nebula] 0 entity object(s) were destroyed without a despawn; forgetting them
[nebula] 0 entity object(s) were destroyed without a despawn; forgetting them
[nebula] 0 entity object(s) were destroyed without a despawn; forgetting them
[nebula] 0 entity object(s) were destroyed without a despawn; forgetting them
[nebula] 0 entity object(s) were destroyed without a despawn; forgetting them
[nebula] 0 entity object(s) were destroyed without a despawn; forgetting them
[nebula] 0 entity object(s) were destroyed without a despawn; forgetting them
[nebula] 0 entity object(s) were destroyed without a despawn; forgetting them
[nebula] 0 entity object(s) were destroyed without a despawn; forgetting them
[nebula] 0 entity object(s) were destroyed without a despawn; forgetting them
[nebula] 0 entity object(s) were destroyed without a despawn; forgetting them
[nebula] 0 entity object(s) were destroyed without a despawn; forgetting them
[nebula] 0 entity object(s) were destroyed without a despawn; forgetting them
[nebula] 0 entity object(s) were destroyed without a despawn; forgetting them
[nebula] 0 entity object(s) were destroyed without a despawn; forgetting them
[nebula] 0 entity object(s) were destroyed without a despawn; forgetting them
[nebula] 0 entity object(s) were destroyed without a despawn; forgetting them
[nebula] 0 entity object(s) were destroyed without a despawn; forgetting them
[nebula] 0 entity object(s) were destroyed without a despawn; forgetting them
[nebula] 0 entity object(s) were destroyed without a despawn; forgetting them
[nebula] 0 entity object(s) were destroyed without a despawn; forgetting them
[nebula] 0 entity object(s) were destroyed without a despawn; forgetting them
[nebula] 0 entity object(s) were destroyed without a despawn; forgetting them
[nebula] 0 entity object(s) were destroyed without a despawn; forgetting them
[nebula] 0 entity object(s) were destroyed without a despawn; forgetting them
[nebula] 0 entity object(s) were destroyed without a despawn; forgetting them
[nebula] 0 entity object(s) were destroyed without a despawn; forgetting them
[nebula] 0 entity object(s) were destroyed without a despawn; forgetting them
[nebula] 0 entity object(s) were destroyed without a despawn; forgetting them
[nebula] 0 entity object(s) were destroyed without a despawn; forgetting them
[nebula] 0 entity object(s) were destroyed without a despawn; forgetting them
[nebula] 0 entity object(s) were destroyed without a despawn; forgetting them
[nebula] 0 entity object(s) were destroyed without a despawn; forgetting them
[nebula] 0 entity object(s) were destroyed without a despawn; forgetting them
[nebula] 0 entity object(s) were destroyed without a despawn; forgetting them
[nebula] 0 entity object(s) were destroyed without a despawn; forgetting them
[nebula] 0 entity object(s) were destroyed without a despawn; forgetting them
[nebula] 0 entity object(s) were destroyed without a despawn; forgetting them
[nebula] 0 entity object(s) were destroyed without a despawn; forgetting them
[nebula] 0 entity object(s) were destroyed without a despawn; forgetting them
[nebula] 0 entity object(s) were destroyed without a despawn; forgetting them
[nebula] 0 entity object(s) were destroyed without a despawn; forgetting them
[nebula] 0 entity object(s) were destroyed without a despawn; forgetting them
[nebula] 0 entity object(s) were destroyed without a despawn; forgetting them
[nebula] 0 entity object(s) were destroyed without a despawn; forgetting them
[nebula] 0 entity object(s) were destroyed without a despawn; forgetting them
[nebula] 0 entity object(s) were destroyed without a despawn; forgetting them
[nebula] 0 entity object(s) were destroyed without a despawn; forgetting them
[nebula] 0 entity object(s) were destroyed without a despawn; forgetting them
[nebula] 0 entity object(s) were destroyed without a despawn; forgetting them
[nebula] 0 entity object(s) were destroyed without a despawn; forgetting them
[nebula] 0 entity object(s) were destroyed without a despawn; forgetting them
[nebula] 0 entity object(s) were destroyed without a despawn; forgetting them
[nebula] profile 300 ticks/5s 300 frames avg 0.4ms max 0.7ms dup 0 skip 0 gc 47 auth 8 ghosts 0 | poll=0.00 ghosts=0.00 physics.sync=0.00 simulate=0.00 poses=0.03 containers=0.22 band=0.01 publish=0.01 gap=16.30 interest=0.01
[nebula] 0 entity object(s) were destroyed without a despawn; forgetting them
[nebula] 0 entity object(s) were destroyed without a despawn; forgetting them
[nebula] 0 entity object(s) were destroyed without a despawn; forgetting them
[nebula] 0 entity object(s) were destroyed without a despawn; forgetting them
[nebula] 0 entity object(s) were destroyed without a despawn; forgetting them
[nebula] 0 entity object(s) were destroyed without a despawn; forgetting them
[nebula] 0 entity object(s) were destroyed without a despawn; forgetting them
[nebula] 0 entity object(s) were destroyed without a despawn; forgetting them
[nebula] 0 entity object(s) were destroyed without a despawn; forgetting them
[nebula] 0 entity object(s) were destroyed without a despawn; forgetting them
[nebula] 0 entity object(s) were destroyed without a despawn; forgetting them
[nebula] 0 entity object(s) were destroyed without a despawn; forgetting them
[nebula] 0 entity object(s) were destroyed without a despawn; forgetting them
[nebula] 0 entity object(s) were destroyed without a despawn; forgetting them
[nebula] 0 entity object(s) were destroyed without a despawn; forgetting them
[nebula] 0 entity object(s) were destroyed without a despawn; forgetting them
[nebula] 0 entity object(s) were destroyed without a despawn; forgetting them
[nebula] 0 entity object(s) were destroyed without a despawn; forgetting them
[nebula] 0 entity object(s) were destroyed without a despawn; forgetting them
[nebula] 0 entity object(s) were destroyed without a despawn; forgetting them
[nebula] 0 entity object(s) were destroyed without a despawn; forgetting them
[nebula] 0 entity object(s) were destroyed without a despawn; forgetting them
[nebula] 0 entity object(s) were destroyed without a despawn; forgetting them
[nebula] 0 entity object(s) were destroyed without a despawn; forgetting them
[nebula] 0 entity object(s) were destroyed without a despawn; forgetting them
[nebula] 0 entity object(s) were destroyed without a despawn; forgetting them
[nebula] 0 entity object(s) were destroyed without a despawn; forgetting them
[nebula] 0 entity object(s) were destroyed without a despawn; forgetting them
[nebula] 0 entity object(s) were destroyed without a despawn; forgetting them
[nebula] 0 entity object(s) were destroyed without a despawn; forgetting them
[nebula] 0 entity object(s) were destroyed without a despawn; forgetting them
[nebula] 0 entity object(s) were destroyed without a despawn; forgetting them
[nebula] 0 entity object(s) were destroyed without a despawn; forgetting them
[nebula] 0 entity object(s) were destroyed without a despawn; forgetting them
[nebula] 0 entity object(s) were destroyed without a despawn; forgetting them
[nebula] 0 entity object(s) were destroyed without a despawn; forgetting them
[nebula] 0 entity object(s) were destroyed without a despawn; forgetting them
[nebula] 0 entity object(s) were destroyed without a despawn; forgetting them
[nebula] 0 entity object(s) were destroyed without a despawn; forgetting them
[nebula] 0 entity object(s) were destroyed without a despawn; forgetting them
[nebula] 0 entity object(s) were destroyed without a despawn; forgetting them
[nebula] 0 entity object(s) were destroyed without a despawn; forgetting them
[nebula] 0 entity object(s) were destroyed without a despawn; forgetting them
[nebula] 0 entity object(s) were destroyed without a despawn; forgetting them
[nebula] 0 entity object(s) were destroyed without a despawn; forgetting them
[nebula] 0 entity object(s) were destroyed without a despawn; forgetting them
[nebula] 0 entity object(s) were destroyed without a despawn; forgetting them
[nebula] 0 entity object(s) were destroyed without a despawn; forgetting them
[nebula] 0 entity object(s) were destroyed without a despawn; forgetting them
[nebula] 0 entity object(s) were destroyed without a despawn; forgetting them
[nebula] 0 entity object(s) were destroyed without a despawn; forgetting them
[nebula] 0 entity object(s) were destroyed without a despawn; forgetting them
[nebula] 0 entity object(s) were destroyed without a despawn; forgetting them
[nebula] 0 entity object(s) were destroyed without a despawn; forgetting them
[nebula] 0 entity object(s) were destroyed without a despawn; forgetting them
[nebula] 0 entity object(s) were destroyed without a despawn; forgetting them
[nebula] 0 entity object(s) were destroyed without a despawn; forgetting them
[nebula] 0 entity object(s) were destroyed without a despawn; forgetting them
[nebula] 0 entity object(s) were destroyed without a despawn; forgetting them
[nebula] 0 entity object(s) were destroyed without a despawn; forgetting them
[nebula] 0 entity object(s) were destroyed without a despawn; forgetting them
[nebula] 0 entity object(s) were destroyed without a despawn; forgetting them
[nebula] 0 entity object(s) were destroyed without a despawn; forgetting them
[nebula] 0 entity object(s) were destroyed without a despawn; forgetting them
[nebula] 0 entity object(s) were destroyed without a despawn; forgetting them
[nebula] 0 entity object(s) were destroyed without a despawn; forgetting them
[nebula] 0 entity object(s) were destroyed without a despawn; forgetting them
[nebula] 0 entity object(s) were destroyed without a despawn; forgetting them
[nebula] 0 entity object(s) were destroyed without a despawn; forgetting them
[nebula] 0 entity object(s) were destroyed without a despawn; forgetting them
[nebula] 0 entity object(s) were destroyed without a despawn; forgetting them
[nebula] 0 entity object(s) were destroyed without a despawn; forgetting them
[nebula] 0 entity object(s) were destroyed without a despawn; forgetting them
[nebula] 0 entity object(s) were destroyed without a despawn; forgetting them
[nebula] 0 entity object(s) were destroyed without a despawn; forgetting them
[nebula] 0 entity object(s) were destroyed without a despawn; forgetting them
[nebula] 0 entity object(s) were destroyed without a despawn; forgetting them
[nebula] 0 entity object(s) were destroyed without a despawn; forgetting them
[nebula] 0 entity object(s) were destroyed without a despawn; forgetting them
[nebula] 0 entity object(s) were destroyed without a despawn; forgetting them
[nebula] 0 entity object(s) were destroyed without a despawn; forgetting them
[nebula] 0 entity object(s) were destroyed without a despawn; forgetting them
[nebula] 0 entity object(s) were destroyed without a despawn; forgetting them
[nebula] 0 entity object(s) were destroyed without a despawn; forgetting them
[nebula] 0 entity object(s) were destroyed without a despawn; forgetting them
[nebula] 0 entity object(s) were destroyed without a despawn; forgetting them
[nebula] 0 entity object(s) were destroyed without a despawn; forgetting them
[nebula] 0 entity object(s) were destroyed without a despawn; forgetting them
[nebula] 0 entity object(s) were destroyed without a despawn; forgetting them
[nebula] 0 entity object(s) were destroyed without a despawn; forgetting them
[nebula] 0 entity object(s) were destroyed without a despawn; forgetting them
[nebula] 0 entity object(s) were destroyed without a despawn; forgetting them
[nebula] 0 entity object(s) were destroyed without a despawn; forgetting them
[nebula] 0 entity object(s) were destroyed without a despawn; forgetting them
[nebula] 0 entity object(s) were destroyed without a despawn; forgetting them
[nebula] 0 entity object(s) were destroyed without a despawn; forgetting them
[nebula] 0 entity object(s) were destroyed without a despawn; forgetting them
[nebula] 0 entity object(s) were destroyed without a despawn; forgetting them
[nebula] 0 entity object(s) were destroyed without a despawn; forgetting them
[nebula] 0 entity object(s) were destroyed without a despawn; forgetting them
[nebula] 0 entity object(s) were destroyed without a despawn; forgetting them
[nebula] 0 entity object(s) were destroyed without a despawn; forgetting them
[nebula] 0 entity object(s) were destroyed without a despawn; forgetting them
[nebula] 0 entity object(s) were destroyed without a despawn; forgetting them
[nebula] 0 entity object(s) were destroyed without a despawn; forgetting them
[nebula] 0 entity object(s) were destroyed without a despawn; forgetting them
[nebula] 0 entity object(s) were destroyed without a despawn; forgetting them
[nebula] 0 entity object(s) were destroyed without a despawn; forgetting them
[nebula] 0 entity object(s) were destroyed without a despawn; forgetting them
[nebula] 0 entity object(s) were destroyed without a despawn; forgetting them
[nebula] 0 entity object(s) were destroyed without a despawn; forgetting them
[nebula] 0 entity object(s) were destroyed without a despawn; forgetting them
[nebula] 0 entity object(s) were destroyed without a despawn; forgetting them
[nebula] 0 entity object(s) were destroyed without a despawn; forgetting them
[nebula] 0 entity object(s) were destroyed without a despawn; forgetting them
[nebula] 0 entity object(s) were destroyed without a despawn; forgetting them
[nebula] 0 entity object(s) were destroyed without a despawn; forgetting them
[nebula] 0 entity object(s) were destroyed without a despawn; forgetting them
[nebula] 0 entity object(s) were destroyed without a despawn; forgetting them
[nebula] 0 entity object(s) were destroyed without a despawn; forgetting them
[nebula] 0 entity object(s) were destroyed without a despawn; forgetting them
[nebula] 0 entity object(s) were destroyed without a despawn; forgetting them
[nebula] 0 entity object(s) were destroyed without a despawn; forgetting them
[nebula] 0 entity object(s) were destroyed without a despawn; forgetting them
[nebula] 0 entity object(s) were destroyed without a despawn; forgetting them
[nebula] 0 entity object(s) were destroyed without a despawn; forgetting them
[nebula] 0 entity object(s) were destroyed without a despawn; forgetting them
[nebula] 0 entity object(s) were destroyed without a despawn; forgetting them
[nebula] 0 entity object(s) were destroyed without a despawn; forgetting them
[nebula] 0 entity object(s) were destroyed without a despawn; forgetting them
[nebula] 0 entity object(s) were destroyed without a despawn; forgetting them
[nebula] 0 entity object(s) were destroyed without a despawn; forgetting them
[nebula] 0 entity object(s) were destroyed without a despawn; forgetting them
[nebula] 0 entity object(s) were destroyed without a despawn; forgetting them
[nebula] 0 entity object(s) were destroyed without a despawn; forgetting them
[nebula] 0 entity object(s) were destroyed without a despawn; forgetting them
[nebula] 0 entity object(s) were destroyed without a despawn; forgetting them
[nebula] 0 entity object(s) were destroyed without a despawn; forgetting them
[nebula] 0 entity object(s) were destroyed without a despawn; forgetting them
[nebula] 0 entity object(s) were destroyed without a despawn; forgetting them
[nebula] 0 entity object(s) were destroyed without a despawn; forgetting them
[nebula] 0 entity object(s) were destroyed without a despawn; forgetting them
[nebula] 0 entity object(s) were destroyed without a despawn; forgetting them
[nebula] 0 entity object(s) were destroyed without a despawn; forgetting them
[nebula] 0 entity object(s) were destroyed without a despawn; forgetting them
[nebula] 0 entity object(s) were destroyed without a despawn; forgetting them
[nebula] 0 entity object(s) were destroyed without a despawn; forgetting them
[nebula] 0 entity object(s) were destroyed without a despawn; forgetting them
[nebula] 0 entity object(s) were destroyed without a despawn; forgetting them
[nebula] 0 entity object(s) were destroyed without a despawn; forgetting them
[nebula] 0 entity object(s) were destroyed without a despawn; forgetting them
[nebula] 0 entity object(s) were destroyed without a despawn; forgetting them
[nebula] 0 entity object(s) were destroyed without a despawn; forgetting them
[nebula] 0 entity object(s) were destroyed without a despawn; forgetting them
[nebula] 0 entity object(s) were destroyed without a despawn; forgetting them
[nebula] 0 entity object(s) were destroyed without a despawn; forgetting them
[nebula] 0 entity object(s) were destroyed without a despawn; forgetting them
[nebula] 0 entity object(s) were destroyed without a despawn; forgetting them
[nebula] 0 entity object(s) were destroyed without a despawn; forgetting them
[nebula] 0 entity object(s) were destroyed without a despawn; forgetting them
[nebula] 0 entity object(s) were destroyed without a despawn; forgetting them
[nebula] 0 entity object(s) were destroyed without a despawn; forgetting them
[nebula] 0 entity object(s) were destroyed without a despawn; forgetting them
[nebula] 0 entity object(s) were destroyed without a despawn; forgetting them
[nebula] 0 entity object(s) were destroyed without a despawn; forgetting them
[nebula] 0 entity object(s) were destroyed without a despawn; forgetting them
[nebula] 0 entity object(s) were destroyed without a despawn; forgetting them
[nebula] 0 entity object(s) were destroyed without a despawn; forgetting them
[nebula] 0 entity object(s) were destroyed without a despawn; forgetting them
[nebula] 0 entity object(s) were destroyed without a despawn; forgetting them
[nebula] 0 entity object(s) were destroyed without a despawn; forgetting them
[nebula] 0 entity object(s) were destroyed without a despawn; forgetting them
[nebula] 0 entity object(s) were destroyed without a despawn; forgetting them
[nebula] 0 entity object(s) were destroyed without a despawn; forgetting them
[nebula] 0 entity object(s) were destroyed without a despawn; forgetting them
[nebula] 0 entity object(s) were destroyed without a despawn; forgetting them
[nebula] 0 entity object(s) were destroyed without a despawn; forgetting them
[nebula] 0 entity object(s) were destroyed without a despawn; forgetting them
[nebula] 0 entity object(s) were destroyed without a despawn; forgetting them
[nebula] 0 entity object(s) were destroyed without a despawn; forgetting them
[nebula] 0 entity object(s) were destroyed without a despawn; forgetting them
[nebula] 0 entity object(s) were destroyed without a despawn; forgetting them
[nebula] 0 entity object(s) were destroyed without a despawn; forgetting them
[nebula] 0 entity object(s) were destroyed without a despawn; forgetting them
[nebula] 0 entity object(s) were destroyed without a despawn; forgetting them
[nebula] 0 entity object(s) were destroyed without a despawn; forgetting them
[nebula] 0 entity object(s) were destroyed without a despawn; forgetting them
[nebula] 0 entity object(s) were destroyed without a despawn; forgetting them
[nebula] 0 entity object(s) were destroyed without a despawn; forgetting them
[nebula] 0 entity object(s) were destroyed without a despawn; forgetting them
[nebula] 0 entity object(s) were destroyed without a despawn; forgetting them
[nebula] 0 entity object(s) were destroyed without a despawn; forgetting them
[nebula] 0 entity object(s) were destroyed without a despawn; forgetting them
[nebula] 0 entity object(s) were destroyed without a despawn; forgetting them
[nebula] 0 entity object(s) were destroyed without a despawn; forgetting them
[nebula] 0 entity object(s) were destroyed without a despawn; forgetting them
[nebula] 0 entity object(s) were destroyed without a despawn; forgetting them
[nebula] 0 entity object(s) were destroyed without a despawn; forgetting them
[nebula] 0 entity object(s) were destroyed without a despawn; forgetting them
[nebula] 0 entity object(s) were destroyed without a despawn; forgetting them
[nebula] 0 entity object(s) were destroyed without a despawn; forgetting them
[nebula] 0 entity object(s) were destroyed without a despawn; forgetting them
[nebula] 0 entity object(s) were destroyed without a despawn; forgetting them
[nebula] 0 entity object(s) were destroyed without a despawn; forgetting them
[nebula] 0 entity object(s) were destroyed without a despawn; forgetting them
[nebula] 0 entity object(s) were destroyed without a despawn; forgetting them
[nebula] 0 entity object(s) were destroyed without a despawn; forgetting them
[nebula] 0 entity object(s) were destroyed without a despawn; forgetting them
[nebula] 0 entity object(s) were destroyed without a despawn; forgetting them
[nebula] 0 entity object(s) were destroyed without a despawn; forgetting them
[nebula] 0 entity object(s) were destroyed without a despawn; forgetting them
[nebula] 0 entity object(s) were destroyed without a despawn; forgetting them
[nebula] 0 entity object(s) were destroyed without a despawn; forgetting them
[nebula] 0 entity object(s) were destroyed without a despawn; forgetting them
[nebula] 0 entity object(s) were destroyed without a despawn; forgetting them
[nebula] 0 entity object(s) were destroyed without a despawn; forgetting them
[nebula] 0 entity object(s) were destroyed without a despawn; forgetting them
[nebula] 0 entity object(s) were destroyed without a despawn; forgetting them
[nebula] 0 entity object(s) were destroyed without a despawn; forgetting them
[nebula] 0 entity object(s) were destroyed without a despawn; forgetting them
[nebula] 0 entity object(s) were destroyed without a despawn; forgetting them
[nebula] 0 entity object(s) were destroyed without a despawn; forgetting them
[nebula] 0 entity object(s) were destroyed without a despawn; forgetting them
[nebula] 0 entity object(s) were destroyed without a despawn; forgetting them
[nebula] 0 entity object(s) were destroyed without a despawn; forgetting them
[nebula] 0 entity object(s) were destroyed without a despawn; forgetting them
[nebula] 0 entity object(s) were destroyed without a despawn; forgetting them
[nebula] 0 entity object(s) were destroyed without a despawn; forgetting them
[nebula] 0 entity object(s) were destroyed without a despawn; forgetting them
[nebula] 0 entity object(s) were destroyed without a despawn; forgetting them
[nebula] 0 entity object(s) were destroyed without a despawn; forgetting them
[nebula] 0 entity object(s) were destroyed without a despawn; forgetting them
[nebula] 0 entity object(s) were destroyed without a despawn; forgetting them
[nebula] 0 entity object(s) were destroyed without a despawn; forgetting them
[nebula] 0 entity object(s) were destroyed without a despawn; forgetting them
[nebula] 0 entity object(s) were destroyed without a despawn; forgetting them
[nebula] 0 entity object(s) were destroyed without a despawn; forgetting them
[nebula] 0 entity object(s) were destroyed without a despawn; forgetting them
[nebula] 0 entity object(s) were destroyed without a despawn; forgetting them
[nebula] 0 entity object(s) were destroyed without a despawn; forgetting them
[nebula] 0 entity object(s) were destroyed without a despawn; forgetting them
[nebula] 0 entity object(s) were destroyed without a despawn; forgetting them
[nebula] 0 entity object(s) were destroyed without a despawn; forgetting them
[nebula] 0 entity object(s) were destroyed without a despawn; forgetting them
[nebula] 0 entity object(s) were destroyed without a despawn; forgetting them
[nebula] 0 entity object(s) were destroyed without a despawn; forgetting them
[nebula] 0 entity object(s) were destroyed without a despawn; forgetting them
[nebula] 0 entity object(s) were destroyed without a despawn; forgetting them
[nebula] 0 entity object(s) were destroyed without a despawn; forgetting them
[nebula] 0 entity object(s) were destroyed without a despawn; forgetting them
[nebula] 0 entity object(s) were destroyed without a despawn; forgetting them
[nebula] 0 entity object(s) were destroyed without a despawn; forgetting them
[nebula] 0 entity object(s) were destroyed without a despawn; forgetting them
[nebula] 0 entity object(s) were destroyed without a despawn; forgetting them
[nebula] 0 entity object(s) were destroyed without a despawn; forgetting them
[nebula] 0 entity object(s) were destroyed without a despawn; forgetting them
[nebula] 0 entity object(s) were destroyed without a despawn; forgetting them
[nebula] 0 entity object(s) were destroyed without a despawn; forgetting them
[nebula] 0 entity object(s) were destroyed without a despawn; forgetting them
[nebula] 0 entity object(s) were destroyed without a despawn; forgetting them
[nebula] 0 entity object(s) were destroyed without a despawn; forgetting them
[nebula] 0 entity object(s) were destroyed without a despawn; forgetting them
[nebula] 0 entity object(s) were destroyed without a despawn; forgetting them
[nebula] 0 entity object(s) were destroyed without a despawn; forgetting them
[nebula] 0 entity object(s) were destroyed without a despawn; forgetting them
[nebula] 0 entity object(s) were destroyed without a despawn; forgetting them
[nebula] 0 entity object(s) were destroyed without a despawn; forgetting them
[nebula] 0 entity object(s) were destroyed without a despawn; forgetting them
[nebula] 0 entity object(s) were destroyed without a despawn; forgetting them
[nebula] 0 entity object(s) were destroyed without a despawn; forgetting them
[nebula] 0 entity object(s) were destroyed without a despawn; forgetting them
[nebula] 0 entity object(s) were destroyed without a despawn; forgetting them
[nebula] 0 entity object(s) were destroyed without a despawn; forgetting them
[nebula] 0 entity object(s) were destroyed without a despawn; forgetting them
[nebula] 0 entity object(s) were destroyed without a despawn; forgetting them
[nebula] 0 entity object(s) were destroyed without a despawn; forgetting them
[nebula] 0 entity object(s) were destroyed without a despawn; forgetting them
[nebula] 0 entity object(s) were destroyed without a despawn; forgetting them
[nebula] 0 entity object(s) were destroyed without a despawn; forgetting them
[nebula] 0 entity object(s) were destroyed without a despawn; forgetting them
[nebula] 0 entity object(s) were destroyed without a despawn; forgetting them
[nebula] 0 entity object(s) were destroyed without a despawn; forgetting them
[nebula] 0 entity object(s) were destroyed without a despawn; forgetting them
[nebula] 0 entity object(s) were destroyed without a despawn; forgetting them
[nebula] 0 entity object(s) were destroyed without a despawn; forgetting them
[nebula] 0 entity object(s) were destroyed without a despawn; forgetting them
[nebula] 0 entity object(s) were destroyed without a despawn; forgetting them
[nebula] 0 entity object(s) were destroyed without a despawn; forgetting them
[nebula] 0 entity object(s) were destroyed without a despawn; forgetting them
[nebula] 0 entity object(s) were destroyed without a despawn; forgetting them
[nebula] 0 entity object(s) were destroyed without a despawn; forgetting them
[nebula] 0 entity object(s) were destroyed without a despawn; forgetting them
[nebula] 0 entity object(s) were destroyed without a despawn; forgetting them
[nebula] 0 entity object(s) were destroyed without a despawn; forgetting them
[nebula] 0 entity object(s) were destroyed without a despawn; forgetting them
[nebula] 0 entity object(s) were destroyed without a despawn; forgetting them
[nebula] 0 entity object(s) were destroyed without a despawn; forgetting them
[nebula] 0 entity object(s) were destroyed without a despawn; forgetting them
[nebula] 0 entity object(s) were destroyed without a despawn; forgetting them
[nebula] 0 entity object(s) were destroyed without a despawn; forgetting them
[nebula] profile 300 ticks/5s 300 frames avg 0.3ms max 0.6ms dup 0 skip 0 gc 36 auth 8 ghosts 0 | poll=0.00 ghosts=0.00 physics.sync=0.00 simulate=0.01 poses=0.03 containers=0.17 band=0.01 publish=0.01 gap=16.35 interest=0.01
[nebula] 0 entity object(s) were destroyed without a despawn; forgetting them
[nebula] 0 entity object(s) were destroyed without a despawn; forgetting them
[nebula] 0 entity object(s) were destroyed without a despawn; forgetting them
[nebula] 0 entity object(s) were destroyed without a despawn; forgetting them
[nebula] 0 entity object(s) were destroyed without a despawn; forgetting them
[nebula] 0 entity object(s) were destroyed without a despawn; forgetting them
[nebula] 0 entity object(s) were destroyed without a despawn; forgetting them
[nebula] 0 entity object(s) were destroyed without a despawn; forgetting them
[nebula] 0 entity object(s) were destroyed without a despawn; forgetting them
[nebula] 0 entity object(s) were destroyed without a despawn; forgetting them
[nebula] 0 entity object(s) were destroyed without a despawn; forgetting them
[nebula] 0 entity object(s) were destroyed without a despawn; forgetting them
[nebula] 0 entity object(s) were destroyed without a despawn; forgetting them
[nebula] 0 entity object(s) were destroyed without a despawn; forgetting them
[nebula] 0 entity object(s) were destroyed without a despawn; forgetting them
[nebula] 0 entity object(s) were destroyed without a despawn; forgetting them
[nebula] 0 entity object(s) were destroyed without a despawn; forgetting them
[nebula] 0 entity object(s) were destroyed without a despawn; forgetting them
[nebula] 0 entity object(s) were destroyed without a despawn; forgetting them
[nebula] 0 entity object(s) were destroyed without a despawn; forgetting them
[nebula] 0 entity object(s) were destroyed without a despawn; forgetting them
[nebula] 0 entity object(s) were destroyed without a despawn; forgetting them
[nebula] 0 entity object(s) were destroyed without a despawn; forgetting them
[nebula] 0 entity object(s) were destroyed without a despawn; forgetting them
[nebula] 0 entity object(s) were destroyed without a despawn; forgetting them
[nebula] 0 entity object(s) were destroyed without a despawn; forgetting them
[nebula] 0 entity object(s) were destroyed without a despawn; forgetting them
[nebula] 0 entity object(s) were destroyed without a despawn; forgetting them
[nebula] 0 entity object(s) were destroyed without a despawn; forgetting them
[nebula] 0 entity object(s) were destroyed without a despawn; forgetting them
[nebula] 0 entity object(s) were destroyed without a despawn; forgetting them
[nebula] 0 entity object(s) were destroyed without a despawn; forgetting them
[nebula] 0 entity object(s) were destroyed without a despawn; forgetting them
[nebula] 0 entity object(s) were destroyed without a despawn; forgetting them
[nebula] 0 entity object(s) were destroyed without a despawn; forgetting them
[nebula] 0 entity object(s) were destroyed without a despawn; forgetting them
[nebula] 0 entity object(s) were destroyed without a despawn; forgetting them
[nebula] 0 entity object(s) were destroyed without a despawn; forgetting them
[nebula] 0 entity object(s) were destroyed without a despawn; forgetting them
[nebula] 0 entity object(s) were destroyed without a despawn; forgetting them
[nebula] 0 entity object(s) were destroyed without a despawn; forgetting them
[nebula] 0 entity object(s) were destroyed without a despawn; forgetting them
[nebula] 0 entity object(s) were destroyed without a despawn; forgetting them
[nebula] 0 entity object(s) were destroyed without a despawn; forgetting them
[nebula] 0 entity object(s) were destroyed without a despawn; forgetting them
[nebula] 0 entity object(s) were destroyed without a despawn; forgetting them
[nebula] 0 entity object(s) were destroyed without a despawn; forgetting them
[nebula] 0 entity object(s) were destroyed without a despawn; forgetting them
[nebula] 0 entity object(s) were destroyed without a despawn; forgetting them
[nebula] 0 entity object(s) were destroyed without a despawn; forgetting them
[nebula] 0 entity object(s) were destroyed without a despawn; forgetting them
[nebula] 0 entity object(s) were destroyed without a despawn; forgetting them
[nebula] 0 entity object(s) were destroyed without a despawn; forgetting them
[nebula] 0 entity object(s) were destroyed without a despawn; forgetting them
[nebula] 0 entity object(s) were destroyed without a despawn; forgetting them
[nebula] 0 entity object(s) were destroyed without a despawn; forgetting them
[nebula] 0 entity object(s) were destroyed without a despawn; forgetting them
[nebula] 0 entity object(s) were destroyed without a despawn; forgetting them
[nebula] 0 entity object(s) were destroyed without a despawn; forgetting them
[nebula] 0 entity object(s) were destroyed without a despawn; forgetting them
[nebula] 0 entity object(s) were destroyed without a despawn; forgetting them
[nebula] 0 entity object(s) were destroyed without a despawn; forgetting them
[nebula] 0 entity object(s) were destroyed without a despawn; forgetting them
[nebula] 0 entity object(s) were destroyed without a despawn; forgetting them
[nebula] 0 entity object(s) were destroyed without a despawn; forgetting them
[nebula] 0 entity object(s) were destroyed without a despawn; forgetting them
[nebula] 0 entity object(s) were destroyed without a despawn; forgetting them
[nebula] 0 entity object(s) were destroyed without a despawn; forgetting them
[nebula] 0 entity object(s) were destroyed without a despawn; forgetting them
[nebula] 0 entity object(s) were destroyed without a despawn; forgetting them
[nebula] 0 entity object(s) were destroyed without a despawn; forgetting them
[nebula] 0 entity object(s) were destroyed without a despawn; forgetting them
[nebula] 0 entity object(s) were destroyed without a despawn; forgetting them
[nebula] 0 entity object(s) were destroyed without a despawn; forgetting them
[nebula] 0 entity object(s) were destroyed without a despawn; forgetting them
[nebula] 0 entity object(s) were destroyed without a despawn; forgetting them
[nebula] 0 entity object(s) were destroyed without a despawn; forgetting them
[nebula] 0 entity object(s) were destroyed without a despawn; forgetting them
[nebula] 0 entity object(s) were destroyed without a despawn; forgetting them
[nebula] 0 entity object(s) were destroyed without a despawn; forgetting them
[nebula] 0 entity object(s) were destroyed without a despawn; forgetting them
[nebula] 0 entity object(s) were destroyed without a despawn; forgetting them
[nebula] 0 entity object(s) were destroyed without a despawn; forgetting them
[nebula] 0 entity object(s) were destroyed without a despawn; forgetting them
[nebula] 0 entity object(s) were destroyed without a despawn; forgetting them
[nebula] 0 entity object(s) were destroyed without a despawn; forgetting them
[nebula] 0 entity object(s) were destroyed without a despawn; forgetting them
[nebula] 0 entity object(s) were destroyed without a despawn; forgetting them
[nebula] 0 entity object(s) were destroyed without a despawn; forgetting them
[nebula] 0 entity object(s) were destroyed without a despawn; forgetting them
[nebula] 0 entity object(s) were destroyed without a despawn; forgetting them
[nebula] 0 entity object(s) were destroyed without a despawn; forgetting them
[nebula] 0 entity object(s) were destroyed without a despawn; forgetting them
[nebula] 0 entity object(s) were destroyed without a despawn; forgetting them
[nebula] 0 entity object(s) were destroyed without a despawn; forgetting them
[nebula] 0 entity object(s) were destroyed without a despawn; forgetting them
[nebula] 0 entity object(s) were destroyed without a despawn; forgetting them
[nebula] 0 entity object(s) were destroyed without a despawn; forgetting them
[nebula] 0 entity object(s) were destroyed without a despawn; forgetting them
[nebula] 0 entity object(s) were destroyed without a despawn; forgetting them
[nebula] 0 entity object(s) were destroyed without a despawn; forgetting them
[nebula] 0 entity object(s) were destroyed without a despawn; forgetting them
[nebula] 0 entity object(s) were destroyed without a despawn; forgetting them
[nebula] 0 entity object(s) were destroyed without a despawn; forgetting them
[nebula] 0 entity object(s) were destroyed without a despawn; forgetting them
[nebula] 0 entity object(s) were destroyed without a despawn; forgetting them
[nebula] 0 entity object(s) were destroyed without a despawn; forgetting them
[nebula] 0 entity object(s) were destroyed without a despawn; forgetting them
[nebula] 0 entity object(s) were destroyed without a despawn; forgetting them
[nebula] 0 entity object(s) were destroyed without a despawn; forgetting them
[nebula] 0 entity object(s) were destroyed without a despawn; forgetting them
[nebula] 0 entity object(s) were destroyed without a despawn; forgetting them
[nebula] 0 entity object(s) were destroyed without a despawn; forgetting them
[nebula] 0 entity object(s) were destroyed without a despawn; forgetting them
[nebula] 0 entity object(s) were destroyed without a despawn; forgetting them
[nebula] 0 entity object(s) were destroyed without a despawn; forgetting them
[nebula] 0 entity object(s) were destroyed without a despawn; forgetting them
[nebula] 0 entity object(s) were destroyed without a despawn; forgetting them
[nebula] 0 entity object(s) were destroyed without a despawn; forgetting them
[nebula] 0 entity object(s) were destroyed without a despawn; forgetting them
[nebula] 0 entity object(s) were destroyed without a despawn; forgetting them
[nebula] 0 entity object(s) were destroyed without a despawn; forgetting them
[nebula] 0 entity object(s) were destroyed without a despawn; forgetting them
[nebula] 0 entity object(s) were destroyed without a despawn; forgetting them
[nebula] 0 entity object(s) were destroyed without a despawn; forgetting them
[nebula] 0 entity object(s) were destroyed without a despawn; forgetting them
[nebula] 0 entity object(s) were destroyed without a despawn; forgetting them
[nebula] 0 entity object(s) were destroyed without a despawn; forgetting them
[nebula] 0 entity object(s) were destroyed without a despawn; forgetting them
[nebula] 0 entity object(s) were destroyed without a despawn; forgetting them
[nebula] 0 entity object(s) were destroyed without a despawn; forgetting them
[nebula] 0 entity object(s) were destroyed without a despawn; forgetting them
[nebula] 0 entity object(s) were destroyed without a despawn; forgetting them
[nebula] 0 entity object(s) were destroyed without a despawn; forgetting them
[nebula] 0 entity object(s) were destroyed without a despawn; forgetting them
[nebula] 0 entity object(s) were destroyed without a despawn; forgetting them
[nebula] 0 entity object(s) were destroyed without a despawn; forgetting them
[nebula] 0 entity object(s) were destroyed without a despawn; forgetting them
[nebula] 0 entity object(s) were destroyed without a despawn; forgetting them
[nebula] 0 entity object(s) were destroyed without a despawn; forgetting them
[nebula] 0 entity object(s) were destroyed without a despawn; forgetting them
[nebula] 0 entity object(s) were destroyed without a despawn; forgetting them
[nebula] 0 entity object(s) were destroyed without a despawn; forgetting them
[nebula] 0 entity object(s) were destroyed without a despawn; forgetting them
[nebula] 0 entity object(s) were destroyed without a despawn; forgetting them
[nebula] 0 entity object(s) were destroyed without a despawn; forgetting them
[nebula] 0 entity object(s) were destroyed without a despawn; forgetting them
[nebula] 0 entity object(s) were destroyed without a despawn; forgetting them
[nebula] 0 entity object(s) were destroyed without a despawn; forgetting them
[nebula] 0 entity object(s) were destroyed without a despawn; forgetting them
[nebula] 0 entity object(s) were destroyed without a despawn; forgetting them
[nebula] 0 entity object(s) were destroyed without a despawn; forgetting them
[nebula] 0 entity object(s) were destroyed without a despawn; forgetting them
[nebula] 0 entity object(s) were destroyed without a despawn; forgetting them
[nebula] 0 entity object(s) were destroyed without a despawn; forgetting them
[nebula] 0 entity object(s) were destroyed without a despawn; forgetting them
[nebula] 0 entity object(s) were destroyed without a despawn; forgetting them
[nebula] 0 entity object(s) were destroyed without a despawn; forgetting them
[nebula] 0 entity object(s) were destroyed without a despawn; forgetting them
[nebula] 0 entity object(s) were destroyed without a despawn; forgetting them
[nebula] 0 entity object(s) were destroyed without a despawn; forgetting them
[nebula] 0 entity object(s) were destroyed without a despawn; forgetting them
[nebula] 0 entity object(s) were destroyed without a despawn; forgetting them
[nebula] 0 entity object(s) were destroyed without a despawn; forgetting them
[nebula] 0 entity object(s) were destroyed without a despawn; forgetting them
[nebula] 0 entity object(s) were destroyed without a despawn; forgetting them
[nebula] 0 entity object(s) were destroyed without a despawn; forgetting them
[nebula] local handover Player(Clone)#844424930131969(e5,rt_8796093022208,auth) rt_4398046511104 -> rt_8796093022208
[nebula] 0 entity object(s) were destroyed without a despawn; forgetting them
[nebula] 0 entity object(s) were destroyed without a despawn; forgetting them
[nebula] 0 entity object(s) were destroyed without a despawn; forgetting them
[nebula] 0 entity object(s) were destroyed without a despawn; forgetting them
[nebula] 0 entity object(s) were destroyed without a despawn; forgetting them
[nebula] 0 entity object(s) were destroyed without a despawn; forgetting them
[nebula] 0 entity object(s) were destroyed without a despawn; forgetting them
[nebula] 0 entity object(s) were destroyed without a despawn; forgetting them
[nebula] 0 entity object(s) were destroyed without a despawn; forgetting them
[nebula] 0 entity object(s) were destroyed without a despawn; forgetting them
[nebula] 0 entity object(s) were destroyed without a despawn; forgetting them
[nebula] 0 entity object(s) were destroyed without a despawn; forgetting them
[nebula] 0 entity object(s) were destroyed without a despawn; forgetting them
[nebula] 0 entity object(s) were destroyed without a despawn; forgetting them
[nebula] 0 entity object(s) were destroyed without a despawn; forgetting them
[nebula] 0 entity object(s) were destroyed without a despawn; forgetting them
[nebula] 0 entity object(s) were destroyed without a despawn; forgetting them
[nebula] 0 entity object(s) were destroyed without a despawn; forgetting them
[nebula] 0 entity object(s) were destroyed without a despawn; forgetting them
[nebula] 0 entity object(s) were destroyed without a despawn; forgetting them
[nebula] 0 entity object(s) were destroyed without a despawn; forgetting them
[nebula] 0 entity object(s) were destroyed without a despawn; forgetting them
[nebula] 0 entity object(s) were destroyed without a despawn; forgetting them
[nebula] 0 entity object(s) were destroyed without a despawn; forgetting them
[nebula] 0 entity object(s) were destroyed without a despawn; forgetting them
[nebula] 0 entity object(s) were destroyed without a despawn; forgetting them
[nebula] 0 entity object(s) were destroyed without a despawn; forgetting them
[nebula] 0 entity object(s) were destroyed without a despawn; forgetting them
[nebula] 0 entity object(s) were destroyed without a despawn; forgetting them
[nebula] 0 entity object(s) were destroyed without a despawn; forgetting them
[nebula] 0 entity object(s) were destroyed without a despawn; forgetting them
[nebula] 0 entity object(s) were destroyed without a despawn; forgetting them
[nebula] 0 entity object(s) were destroyed without a despawn; forgetting them
[nebula] 0 entity object(s) were destroyed without a despawn; forgetting them
[nebula] 0 entity object(s) were destroyed without a despawn; forgetting them
[nebula] 0 entity object(s) were destroyed without a despawn; forgetting them
[nebula] 0 entity object(s) were destroyed without a despawn; forgetting them
[nebula] 0 entity object(s) were destroyed without a despawn; forgetting them
[nebula] 0 entity object(s) were destroyed without a despawn; forgetting them
[nebula] 0 entity object(s) were destroyed without a despawn; forgetting them
[nebula] 0 entity object(s) were destroyed without a despawn; forgetting them
[nebula] 0 entity object(s) were destroyed without a despawn; forgetting them
[nebula] 0 entity object(s) were destroyed without a despawn; forgetting them
[nebula] 0 entity object(s) were destroyed without a despawn; forgetting them
[nebula] 0 entity object(s) were destroyed without a despawn; forgetting them
[nebula] 0 entity object(s) were destroyed without a despawn; forgetting them
[nebula] 0 entity object(s) were destroyed without a despawn; forgetting them
[nebula] 0 entity object(s) were destroyed without a despawn; forgetting them
[nebula] 0 entity object(s) were destroyed without a despawn; forgetting them
[nebula] 0 entity object(s) were destroyed without a despawn; forgetting them
[nebula] 0 entity object(s) were destroyed without a despawn; forgetting them
[nebula] 0 entity object(s) were destroyed without a despawn; forgetting them
[nebula] 0 entity object(s) were destroyed without a despawn; forgetting them
[nebula] 0 entity object(s) were destroyed without a despawn; forgetting them
[nebula] 0 entity object(s) were destroyed without a despawn; forgetting them
[nebula] 0 entity object(s) were destroyed without a despawn; forgetting them
[nebula] 0 entity object(s) were destroyed without a despawn; forgetting them
[nebula] 0 entity object(s) were destroyed without a despawn; forgetting them
[nebula] 0 entity object(s) were destroyed without a despawn; forgetting them
[nebula] 0 entity object(s) were destroyed without a despawn; forgetting them
[nebula] 0 entity object(s) were destroyed without a despawn; forgetting them
[nebula] 0 entity object(s) were destroyed without a despawn; forgetting them
[nebula] 0 entity object(s) were destroyed without a despawn; forgetting them
[nebula] 0 entity object(s) were destroyed without a despawn; forgetting them
[nebula] 0 entity object(s) were destroyed without a despawn; forgetting them
[nebula] 0 entity object(s) were destroyed without a despawn; forgetting them
[nebula] 0 entity object(s) were destroyed without a despawn; forgetting them
[nebula] 0 entity object(s) were destroyed without a despawn; forgetting them
[nebula] 0 entity object(s) were destroyed without a despawn; forgetting them
[nebula] 0 entity object(s) were destroyed without a despawn; forgetting them
[nebula] 0 entity object(s) were destroyed without a despawn; forgetting them
[nebula] 0 entity object(s) were destroyed without a despawn; forgetting them
[nebula] 0 entity object(s) were destroyed without a despawn; forgetting them
[nebula] 0 entity object(s) were destroyed without a despawn; forgetting them
[nebula] 0 entity object(s) were destroyed without a despawn; forgetting them
[nebula] 0 entity object(s) were destroyed without a despawn; forgetting them
[nebula] 0 entity object(s) were destroyed without a despawn; forgetting them
[nebula] 0 entity object(s) were destroyed without a despawn; forgetting them
[nebula] 0 entity object(s) were destroyed without a despawn; forgetting them
[nebula] 0 entity object(s) were destroyed without a despawn; forgetting them
[nebula] 0 entity object(s) were destroyed without a despawn; forgetting them
[nebula] 0 entity object(s) were destroyed without a despawn; forgetting them
[nebula] 0 entity object(s) were destroyed without a despawn; forgetting them
[nebula] 0 entity object(s) were destroyed without a despawn; forgetting them
[nebula] 0 entity object(s) were destroyed without a despawn; forgetting them
[nebula] 0 entity object(s) were destroyed without a despawn; forgetting them
[nebula] 0 entity object(s) were destroyed without a despawn; forgetting them
[nebula] 0 entity object(s) were destroyed without a despawn; forgetting them
[nebula] 0 entity object(s) were destroyed without a despawn; forgetting them
[nebula] 0 entity object(s) were destroyed without a despawn; forgetting them
[nebula] 0 entity object(s) were destroyed without a despawn; forgetting them
[nebula] 0 entity object(s) were destroyed without a despawn; forgetting them
[nebula] 0 entity object(s) were destroyed without a despawn; forgetting them
[nebula] 0 entity object(s) were destroyed without a despawn; forgetting them
[nebula] 0 entity object(s) were destroyed without a despawn; forgetting them
[nebula] 0 entity object(s) were destroyed without a despawn; forgetting them
[nebula] 0 entity object(s) were destroyed without a despawn; forgetting them
[nebula] 0 entity object(s) were destroyed without a despawn; forgetting them
[nebula] 0 entity object(s) were destroyed without a despawn; forgetting them
[nebula] 0 entity object(s) were destroyed without a despawn; forgetting them
[nebula] 0 entity object(s) were destroyed without a despawn; forgetting them
[nebula] 0 entity object(s) were destroyed without a despawn; forgetting them
[nebula] 0 entity object(s) were destroyed without a despawn; forgetting them
[nebula] 0 entity object(s) were destroyed without a despawn; forgetting them
[nebula] 0 entity object(s) were destroyed without a despawn; forgetting them
[nebula] 0 entity object(s) were destroyed without a despawn; forgetting them
[nebula] 0 entity object(s) were destroyed without a despawn; forgetting them
[nebula] 0 entity object(s) were destroyed without a despawn; forgetting them
[nebula] 0 entity object(s) were destroyed without a despawn; forgetting them
[nebula] 0 entity object(s) were destroyed without a despawn; forgetting them
[nebula] 0 entity object(s) were destroyed without a despawn; forgetting them
[nebula] 0 entity object(s) were destroyed without a despawn; forgetting them
[nebula] 0 entity object(s) were destroyed without a despawn; forgetting them
[nebula] 0 entity object(s) were destroyed without a despawn; forgetting them
[nebula] 0 entity object(s) were destroyed without a despawn; forgetting them
[nebula] 0 entity object(s) were destroyed without a despawn; forgetting them
[nebula] 0 entity object(s) were destroyed without a despawn; forgetting them
[nebula] 0 entity object(s) were destroyed without a despawn; forgetting them
[nebula] 0 entity object(s) were destroyed without a despawn; forgetting them
[nebula] 0 entity object(s) were destroyed without a despawn; forgetting them
[nebula] 0 entity object(s) were destroyed without a despawn; forgetting them
[nebula] 0 entity object(s) were destroyed without a despawn; forgetting them
[nebula] 0 entity object(s) were destroyed without a despawn; forgetting them
[nebula] 0 entity object(s) were destroyed without a despawn; forgetting them
[nebula] 0 entity object(s) were destroyed without a despawn; forgetting them
[nebula] 0 entity object(s) were destroyed without a despawn; forgetting them
[nebula] 0 entity object(s) were destroyed without a despawn; forgetting them
[nebula] 0 entity object(s) were destroyed without a despawn; forgetting them
[nebula] 0 entity object(s) were destroyed without a despawn; forgetting them
[nebula] 0 entity object(s) were destroyed without a despawn; forgetting them
[nebula] 0 entity object(s) were destroyed without a despawn; forgetting them
[nebula] 0 entity object(s) were destroyed without a despawn; forgetting them
[nebula] 0 entity object(s) were destroyed without a despawn; forgetting them
[nebula] profile 300 ticks/5s 300 frames avg 0.3ms max 0.5ms dup 0 skip 0 gc 29 auth 8 ghosts 0 | poll=0.00 ghosts=0.00 physics.sync=0.00 simulate=0.01 poses=0.03 containers=0.16 band=0.01 publish=0.01 gap=16.37 interest=0.01
[nebula] 0 entity object(s) were destroyed without a despawn; forgetting them
[nebula] 0 entity object(s) were destroyed without a despawn; forgetting them
[nebula] 0 entity object(s) were destroyed without a despawn; forgetting them
[nebula] 0 entity object(s) were destroyed without a despawn; forgetting them
[nebula] 0 entity object(s) were destroyed without a despawn; forgetting them
[nebula] 0 entity object(s) were destroyed without a despawn; forgetting them
[nebula] 0 entity object(s) were destroyed without a despawn; forgetting them
[nebula] 0 entity object(s) were destroyed without a despawn; forgetting them
[nebula] 0 entity object(s) were destroyed without a despawn; forgetting them
[nebula] 0 entity object(s) were destroyed without a despawn; forgetting them
[nebula] 0 entity object(s) were destroyed without a despawn; forgetting them
[nebula] 0 entity object(s) were destroyed without a despawn; forgetting them
[nebula] 0 entity object(s) were destroyed without a despawn; forgetting them
[nebula] 0 entity object(s) were destroyed without a despawn; forgetting them
[nebula] 0 entity object(s) were destroyed without a despawn; forgetting them
[nebula] 0 entity object(s) were destroyed without a despawn; forgetting them
[nebula] 0 entity object(s) were destroyed without a despawn; forgetting them
[nebula] 0 entity object(s) were destroyed without a despawn; forgetting them
[nebula] 0 entity object(s) were destroyed without a despawn; forgetting them
[nebula] 0 entity object(s) were destroyed without a despawn; forgetting them
[nebula] 0 entity object(s) were destroyed without a despawn; forgetting them
[nebula] 0 entity object(s) were destroyed without a despawn; forgetting them
[nebula] 0 entity object(s) were destroyed without a despawn; forgetting them
[nebula] 0 entity object(s) were destroyed without a despawn; forgetting them
[nebula] 0 entity object(s) were destroyed without a despawn; forgetting them
[nebula] 0 entity object(s) were destroyed without a despawn; forgetting them
[nebula] 0 entity object(s) were destroyed without a despawn; forgetting them
[nebula] 0 entity object(s) were destroyed without a despawn; forgetting them
[nebula] 0 entity object(s) were destroyed without a despawn; forgetting them
[nebula] 0 entity object(s) were destroyed without a despawn; forgetting them
[nebula] 0 entity object(s) were destroyed without a despawn; forgetting them
[nebula] 0 entity object(s) were destroyed without a despawn; forgetting them
[nebula] 0 entity object(s) were destroyed without a despawn; forgetting them
[nebula] 0 entity object(s) were destroyed without a despawn; forgetting them
[nebula] 0 entity object(s) were destroyed without a despawn; forgetting them
[nebula] 0 entity object(s) were destroyed without a despawn; forgetting them
[nebula] 0 entity object(s) were destroyed without a despawn; forgetting them
[nebula] 0 entity object(s) were destroyed without a despawn; forgetting them
[nebula] 0 entity object(s) were destroyed without a despawn; forgetting them
[nebula] 0 entity object(s) were destroyed without a despawn; forgetting them
[nebula] 0 entity object(s) were destroyed without a despawn; forgetting them
[nebula] 0 entity object(s) were destroyed without a despawn; forgetting them
[nebula] 0 entity object(s) were destroyed without a despawn; forgetting them
[nebula] 0 entity object(s) were destroyed without a despawn; forgetting them
[nebula] 0 entity object(s) were destroyed without a despawn; forgetting them
[nebula] 0 entity object(s) were destroyed without a despawn; forgetting them
[nebula] 0 entity object(s) were destroyed without a despawn; forgetting them
[nebula] 0 entity object(s) were destroyed without a despawn; forgetting them
[nebula] 0 entity object(s) were destroyed without a despawn; forgetting them
[nebula] 0 entity object(s) were destroyed without a despawn; forgetting them
[nebula] 0 entity object(s) were destroyed without a despawn; forgetting them
[nebula] 0 entity object(s) were destroyed without a despawn; forgetting them
[nebula] 0 entity object(s) were destroyed without a despawn; forgetting them
[nebula] 0 entity object(s) were destroyed without a despawn; forgetting them
[nebula] 0 entity object(s) were destroyed without a despawn; forgetting them
[nebula] 0 entity object(s) were destroyed without a despawn; forgetting them
[nebula] 0 entity object(s) were destroyed without a despawn; forgetting them
[nebula] 0 entity object(s) were destroyed without a despawn; forgetting them
[nebula] 0 entity object(s) were destroyed without a despawn; forgetting them
[nebula] 0 entity object(s) were destroyed without a despawn; forgetting them
[nebula] 0 entity object(s) were destroyed without a despawn; forgetting them
[nebula] 0 entity object(s) were destroyed without a despawn; forgetting them
[nebula] 0 entity object(s) were destroyed without a despawn; forgetting them
[nebula] 0 entity object(s) were destroyed without a despawn; forgetting them
[nebula] 0 entity object(s) were destroyed without a despawn; forgetting them
[nebula] 0 entity object(s) were destroyed without a despawn; forgetting them
[nebula] 0 entity object(s) were destroyed without a despawn; forgetting them
[nebula] 0 entity object(s) were destroyed without a despawn; forgetting them
[nebula] 0 entity object(s) were destroyed without a despawn; forgetting them
[nebula] 0 entity object(s) were destroyed without a despawn; forgetting them
[nebula] 0 entity object(s) were destroyed without a despawn; forgetting them
[nebula] 0 entity object(s) were destroyed without a despawn; forgetting them
[nebula] 0 entity object(s) were destroyed without a despawn; forgetting them
[nebula] 0 entity object(s) were destroyed without a despawn; forgetting them
[nebula] 0 entity object(s) were destroyed without a despawn; forgetting them
[nebula] 0 entity object(s) were destroyed without a despawn; forgetting them
[nebula] 0 entity object(s) were destroyed without a despawn; forgetting them
[nebula] 0 entity object(s) were destroyed without a despawn; forgetting them
[nebula] 0 entity object(s) were destroyed without a despawn; forgetting them
[nebula] 0 entity object(s) were destroyed without a despawn; forgetting them
[nebula] 0 entity object(s) were destroyed without a despawn; forgetting them
[nebula] 0 entity object(s) were destroyed without a despawn; forgetting them
[nebula] 0 entity object(s) were destroyed without a despawn; forgetting them
[nebula] 0 entity object(s) were destroyed without a despawn; forgetting them
[nebula] 0 entity object(s) were destroyed without a despawn; forgetting them
[nebula] 0 entity object(s) were destroyed without a despawn; forgetting them
[nebula] 0 entity object(s) were destroyed without a despawn; forgetting them
[nebula] 0 entity object(s) were destroyed without a despawn; forgetting them
[nebula] 0 entity object(s) were destroyed without a despawn; forgetting them
[nebula] 0 entity object(s) were destroyed without a despawn; forgetting them
[nebula] 0 entity object(s) were destroyed without a despawn; forgetting them
[nebula] 0 entity object(s) were destroyed without a despawn; forgetting them
[nebula] 0 entity object(s) were destroyed without a despawn; forgetting them
[nebula] 0 entity object(s) were destroyed without a despawn; forgetting them
[nebula] 0 entity object(s) were destroyed without a despawn; forgetting them
[nebula] 0 entity object(s) were destroyed without a despawn; forgetting them
[nebula] 0 entity object(s) were destroyed without a despawn; forgetting them
[nebula] 0 entity object(s) were destroyed without a despawn; forgetting them
[nebula] 0 entity object(s) were destroyed without a despawn; forgetting them
[nebula] 0 entity object(s) were destroyed without a despawn; forgetting them
[nebula] 0 entity object(s) were destroyed without a despawn; forgetting them
[nebula] 0 entity object(s) were destroyed without a despawn; forgetting them
[nebula] 0 entity object(s) were destroyed without a despawn; forgetting them
[nebula] 0 entity object(s) were destroyed without a despawn; forgetting them
[nebula] 0 entity object(s) were destroyed without a despawn; forgetting them
[nebula] 0 entity object(s) were destroyed without a despawn; forgetting them
[nebula] 0 entity object(s) were destroyed without a despawn; forgetting them
[nebula] 0 entity object(s) were destroyed without a despawn; forgetting them
[nebula] 0 entity object(s) were destroyed without a despawn; forgetting them
[nebula] 0 entity object(s) were destroyed without a despawn; forgetting them
[nebula] 0 entity object(s) were destroyed without a despawn; forgetting them
[nebula] 0 entity object(s) were destroyed without a despawn; forgetting them
[nebula] 0 entity object(s) were destroyed without a despawn; forgetting them
[nebula] 0 entity object(s) were destroyed without a despawn; forgetting them
[nebula] 0 entity object(s) were destroyed without a despawn; forgetting them
[nebula] 0 entity object(s) were destroyed without a despawn; forgetting them
[nebula] 0 entity object(s) were destroyed without a despawn; forgetting them
[nebula] 0 entity object(s) were destroyed without a despawn; forgetting them
[nebula] 0 entity object(s) were destroyed without a despawn; forgetting them
[nebula] 0 entity object(s) were destroyed without a despawn; forgetting them
[nebula] 0 entity object(s) were destroyed without a despawn; forgetting them
[nebula] 0 entity object(s) were destroyed without a despawn; forgetting them
[nebula] 0 entity object(s) were destroyed without a despawn; forgetting them
[nebula] 0 entity object(s) were destroyed without a despawn; forgetting them
[nebula] 0 entity object(s) were destroyed without a despawn; forgetting them
[nebula] 0 entity object(s) were destroyed without a despawn; forgetting them
[nebula] 0 entity object(s) were destroyed without a despawn; forgetting them
[nebula] 0 entity object(s) were destroyed without a despawn; forgetting them
[nebula] 0 entity object(s) were destroyed without a despawn; forgetting them
[nebula] 0 entity object(s) were destroyed without a despawn; forgetting them
[nebula] 0 entity object(s) were destroyed without a despawn; forgetting them
[nebula] 0 entity object(s) were destroyed without a despawn; forgetting them
[nebula] 0 entity object(s) were destroyed without a despawn; forgetting them
[nebula] 0 entity object(s) were destroyed without a despawn; forgetting them
[nebula] 0 entity object(s) were destroyed without a despawn; forgetting them
[nebula] 0 entity object(s) were destroyed without a despawn; forgetting them
[nebula] 0 entity object(s) were destroyed without a despawn; forgetting them
[nebula] 0 entity object(s) were destroyed without a despawn; forgetting them
[nebula] 0 entity object(s) were destroyed without a despawn; forgetting them
[nebula] 0 entity object(s) were destroyed without a despawn; forgetting them
[nebula] 0 entity object(s) were destroyed without a despawn; forgetting them
[nebula] 0 entity object(s) were destroyed without a despawn; forgetting them
[nebula] 0 entity object(s) were destroyed without a despawn; forgetting them
[nebula] 0 entity object(s) were destroyed without a despawn; forgetting them
[nebula] 0 entity object(s) were destroyed without a despawn; forgetting them
[nebula] 0 entity object(s) were destroyed without a despawn; forgetting them
[nebula] 0 entity object(s) were destroyed without a despawn; forgetting them
[nebula] 0 entity object(s) were destroyed without a despawn; forgetting them
[nebula] 0 entity object(s) were destroyed without a despawn; forgetting them
[nebula] 0 entity object(s) were destroyed without a despawn; forgetting them
[nebula] 0 entity object(s) were destroyed without a despawn; forgetting them
[nebula] 0 entity object(s) were destroyed without a despawn; forgetting them
[nebula] 0 entity object(s) were destroyed without a despawn; forgetting them
[nebula] 0 entity object(s) were destroyed without a despawn; forgetting them
[nebula] 0 entity object(s) were destroyed without a despawn; forgetting them
[nebula] 0 entity object(s) were destroyed without a despawn; forgetting them
[nebula] 0 entity object(s) were destroyed without a despawn; forgetting them
[nebula] 0 entity object(s) were destroyed without a despawn; forgetting them
[nebula] 0 entity object(s) were destroyed without a despawn; forgetting them
[nebula] 0 entity object(s) were destroyed without a despawn; forgetting them
[nebula] 0 entity object(s) were destroyed without a despawn; forgetting them
[nebula] 0 entity object(s) were destroyed without a despawn; forgetting them
[nebula] 0 entity object(s) were destroyed without a despawn; forgetting them
[nebula] 0 entity object(s) were destroyed without a despawn; forgetting them
[nebula] 0 entity object(s) were destroyed without a despawn; forgetting them
[nebula] 0 entity object(s) were destroyed without a despawn; forgetting them
[nebula] 0 entity object(s) were destroyed without a despawn; forgetting them
[nebula] 0 entity object(s) were destroyed without a despawn; forgetting them
[nebula] 0 entity object(s) were destroyed without a despawn; forgetting them
[nebula] 0 entity object(s) were destroyed without a despawn; forgetting them
[nebula] 0 entity object(s) were destroyed without a despawn; forgetting them
[nebula] 0 entity object(s) were destroyed without a despawn; forgetting them
[nebula] 0 entity object(s) were destroyed without a despawn; forgetting them
[nebula] 0 entity object(s) were destroyed without a despawn; forgetting them
[nebula] 0 entity object(s) were destroyed without a despawn; forgetting them
[nebula] 0 entity object(s) were destroyed without a despawn; forgetting them
[nebula] 0 entity object(s) were destroyed without a despawn; forgetting them
[nebula] 0 entity object(s) were destroyed without a despawn; forgetting them
[nebula] 0 entity object(s) were destroyed without a despawn; forgetting them
[nebula] 0 entity object(s) were destroyed without a despawn; forgetting them
[nebula] 0 entity object(s) were destroyed without a despawn; forgetting them
[nebula] 0 entity object(s) were destroyed without a despawn; forgetting them
[nebula] 0 entity object(s) were destroyed without a despawn; forgetting them
[nebula] 0 entity object(s) were destroyed without a despawn; forgetting them
[nebula] 0 entity object(s) were destroyed without a despawn; forgetting them
[nebula] 0 entity object(s) were destroyed without a despawn; forgetting them
[nebula] 0 entity object(s) were destroyed without a despawn; forgetting them
[nebula] 0 entity object(s) were destroyed without a despawn; forgetting them
[nebula] 0 entity object(s) were destroyed without a despawn; forgetting them
[nebula] 0 entity object(s) were destroyed without a despawn; forgetting them
[nebula] 0 entity object(s) were destroyed without a despawn; forgetting them
[nebula] 0 entity object(s) were destroyed without a despawn; forgetting them
[nebula] 0 entity object(s) were destroyed without a despawn; forgetting them
[nebula] 0 entity object(s) were destroyed without a despawn; forgetting them
[nebula] 0 entity object(s) were destroyed without a despawn; forgetting them
[nebula] 0 entity object(s) were destroyed without a despawn; forgetting them
[nebula] 0 entity object(s) were destroyed without a despawn; forgetting them
[nebula] 0 entity object(s) were destroyed without a despawn; forgetting them
[nebula] 0 entity object(s) were destroyed without a despawn; forgetting them
[nebula] 0 entity object(s) were destroyed without a despawn; forgetting them
[nebula] 0 entity object(s) were destroyed without a despawn; forgetting them
[nebula] 0 entity object(s) were destroyed without a despawn; forgetting them
[nebula] 0 entity object(s) were destroyed without a despawn; forgetting them
[nebula] 0 entity object(s) were destroyed without a despawn; forgetting them
[nebula] 0 entity object(s) were destroyed without a despawn; forgetting them
[nebula] 0 entity object(s) were destroyed without a despawn; forgetting them
[nebula] 0 entity object(s) were destroyed without a despawn; forgetting them
[nebula] 0 entity object(s) were destroyed without a despawn; forgetting them
[nebula] 0 entity object(s) were destroyed without a despawn; forgetting them
[nebula] 0 entity object(s) were destroyed without a despawn; forgetting them
[nebula] 0 entity object(s) were destroyed without a despawn; forgetting them
[nebula] 0 entity object(s) were destroyed without a despawn; forgetting them
[nebula] 0 entity object(s) were destroyed without a despawn; forgetting them
[nebula] 0 entity object(s) were destroyed without a despawn; forgetting them
[nebula] 0 entity object(s) were destroyed without a despawn; forgetting them
[nebula] 0 entity object(s) were destroyed without a despawn; forgetting them
[nebula] 0 entity object(s) were destroyed without a despawn; forgetting them
[nebula] 0 entity object(s) were destroyed without a despawn; forgetting them
[nebula] 0 entity object(s) were destroyed without a despawn; forgetting them
[nebula] 0 entity object(s) were destroyed without a despawn; forgetting them
[nebula] 0 entity object(s) were destroyed without a despawn; forgetting them
[nebula] 0 entity object(s) were destroyed without a despawn; forgetting them
[nebula] 0 entity object(s) were destroyed without a despawn; forgetting them
[nebula] 0 entity object(s) were destroyed without a despawn; forgetting them
[nebula] 0 entity object(s) were destroyed without a despawn; forgetting them
[nebula] 0 entity object(s) were destroyed without a despawn; forgetting them
[nebula] 0 entity object(s) were destroyed without a despawn; forgetting them
[nebula] 0 entity object(s) were destroyed without a despawn; forgetting them
[nebula] 0 entity object(s) were destroyed without a despawn; forgetting them
[nebula] 0 entity object(s) were destroyed without a despawn; forgetting them
[nebula] 0 entity object(s) were destroyed without a despawn; forgetting them
[nebula] 0 entity object(s) were destroyed without a despawn; forgetting them
[nebula] 0 entity object(s) were destroyed without a despawn; forgetting them
[nebula] 0 entity object(s) were destroyed without a despawn; forgetting them
[nebula] 0 entity object(s) were destroyed without a despawn; forgetting them
[nebula] 0 entity object(s) were destroyed without a despawn; forgetting them
[nebula] 0 entity object(s) were destroyed without a despawn; forgetting them
[nebula] 0 entity object(s) were destroyed without a despawn; forgetting them
[nebula] 0 entity object(s) were destroyed without a despawn; forgetting them
[nebula] 0 entity object(s) were destroyed without a despawn; forgetting them
[nebula] 0 entity object(s) were destroyed without a despawn; forgetting them
[nebula] 0 entity object(s) were destroyed without a despawn; forgetting them
[nebula] 0 entity object(s) were destroyed without a despawn; forgetting them
[nebula] 0 entity object(s) were destroyed without a despawn; forgetting them
[nebula] 0 entity object(s) were destroyed without a despawn; forgetting them
[nebula] 0 entity object(s) were destroyed without a despawn; forgetting them
[nebula] 0 entity object(s) were destroyed without a despawn; forgetting them
[nebula] 0 entity object(s) were destroyed without a despawn; forgetting them
[nebula] 0 entity object(s) were destroyed without a despawn; forgetting them
[nebula] 0 entity object(s) were destroyed without a despawn; forgetting them
[nebula] 0 entity object(s) were destroyed without a despawn; forgetting them
[nebula] 0 entity object(s) were destroyed without a despawn; forgetting them
[nebula] 0 entity object(s) were destroyed without a despawn; forgetting them
[nebula] 0 entity object(s) were destroyed without a despawn; forgetting them
[nebula] 0 entity object(s) were destroyed without a despawn; forgetting them
[nebula] 0 entity object(s) were destroyed without a despawn; forgetting them
[nebula] 0 entity object(s) were destroyed without a despawn; forgetting them
[nebula] 0 entity object(s) were destroyed without a despawn; forgetting them
[nebula] 0 entity object(s) were destroyed without a despawn; forgetting them
[nebula] 0 entity object(s) were destroyed without a despawn; forgetting them
[nebula] 0 entity object(s) were destroyed without a despawn; forgetting them
[nebula] 0 entity object(s) were destroyed without a despawn; forgetting them
[nebula] 0 entity object(s) were destroyed without a despawn; forgetting them
[nebula] 0 entity object(s) were destroyed without a despawn; forgetting them
[nebula] 0 entity object(s) were destroyed without a despawn; forgetting them
[nebula] 0 entity object(s) were destroyed without a despawn; forgetting them
[nebula] 0 entity object(s) were destroyed without a despawn; forgetting them
[nebula] 0 entity object(s) were destroyed without a despawn; forgetting them
[nebula] 0 entity object(s) were destroyed without a despawn; forgetting them
[nebula] 0 entity object(s) were destroyed without a despawn; forgetting them
[nebula] 0 entity object(s) were destroyed without a despawn; forgetting them
[nebula] 0 entity object(s) were destroyed without a despawn; forgetting them
[nebula] 0 entity object(s) were destroyed without a despawn; forgetting them
[nebula] 0 entity object(s) were destroyed without a despawn; forgetting them
[nebula] 0 entity object(s) were destroyed without a despawn; forgetting them
[nebula] 0 entity object(s) were destroyed without a despawn; forgetting them
[nebula] 0 entity object(s) were destroyed without a despawn; forgetting them
[nebula] 0 entity object(s) were destroyed without a despawn; forgetting them
[nebula] 0 entity object(s) were destroyed without a despawn; forgetting them
[nebula] 0 entity object(s) were destroyed without a despawn; forgetting them
[nebula] 0 entity object(s) were destroyed without a despawn; forgetting them
[nebula] 0 entity object(s) were destroyed without a despawn; forgetting them
[nebula] 0 entity object(s) were destroyed without a despawn; forgetting them
[nebula] 0 entity object(s) were destroyed without a despawn; forgetting them
[nebula] 0 entity object(s) were destroyed without a despawn; forgetting them
[nebula] 0 entity object(s) were destroyed without a despawn; forgetting them
[nebula] 0 entity object(s) were destroyed without a despawn; forgetting them
[nebula] 0 entity object(s) were destroyed without a despawn; forgetting them
[nebula] 0 entity object(s) were destroyed without a despawn; forgetting them
[nebula] 0 entity object(s) were destroyed without a despawn; forgetting them
[nebula] 0 entity object(s) were destroyed without a despawn; forgetting them
[nebula] 0 entity object(s) were destroyed without a despawn; forgetting them
[nebula] 0 entity object(s) were destroyed without a despawn; forgetting them
[nebula] 0 entity object(s) were destroyed without a despawn; forgetting them
[nebula] 0 entity object(s) were destroyed without a despawn; forgetting them
[nebula] 0 entity object(s) were destroyed without a despawn; forgetting them
[nebula] 0 entity object(s) were destroyed without a despawn; forgetting them
[nebula] 0 entity object(s) were destroyed without a despawn; forgetting them
[nebula] 0 entity object(s) were destroyed without a despawn; forgetting them
[nebula] 0 entity object(s) were destroyed without a despawn; forgetting them
[nebula] profile 300 ticks/5s 300 frames avg 0.3ms max 1.5ms dup 0 skip 0 gc 46 auth 8 ghosts 0 | poll=0.00 ghosts=0.00 physics.sync=0.00 simulate=0.01 poses=0.03 containers=0.15 band=0.01 publish=0.01 gap=16.36 interest=0.01
[nebula] 0 entity object(s) were destroyed without a despawn; forgetting them
[nebula] 0 entity object(s) were destroyed without a despawn; forgetting them
[nebula] 0 entity object(s) were destroyed without a despawn; forgetting them
[nebula] 0 entity object(s) were destroyed without a despawn; forgetting them
[nebula] 0 entity object(s) were destroyed without a despawn; forgetting them
[nebula] 0 entity object(s) were destroyed without a despawn; forgetting them
[nebula] 0 entity object(s) were destroyed without a despawn; forgetting them
[nebula] 0 entity object(s) were destroyed without a despawn; forgetting them
[nebula] 0 entity object(s) were destroyed without a despawn; forgetting them
[nebula] 0 entity object(s) were destroyed without a despawn; forgetting them
[nebula] 0 entity object(s) were destroyed without a despawn; forgetting them
[nebula] 0 entity object(s) were destroyed without a despawn; forgetting them
[nebula] 0 entity object(s) were destroyed without a despawn; forgetting them
[nebula] 0 entity object(s) were destroyed without a despawn; forgetting them
[nebula] 0 entity object(s) were destroyed without a despawn; forgetting them
[nebula] 0 entity object(s) were destroyed without a despawn; forgetting them
[nebula] 0 entity object(s) were destroyed without a despawn; forgetting them
[nebula] 0 entity object(s) were destroyed without a despawn; forgetting them
[nebula] 0 entity object(s) were destroyed without a despawn; forgetting them
[nebula] 0 entity object(s) were destroyed without a despawn; forgetting them
[nebula] 0 entity object(s) were destroyed without a despawn; forgetting them
[nebula] 0 entity object(s) were destroyed without a despawn; forgetting them
[nebula] 0 entity object(s) were destroyed without a despawn; forgetting them
[nebula] 0 entity object(s) were destroyed without a despawn; forgetting them
[nebula] 0 entity object(s) were destroyed without a despawn; forgetting them
[nebula] 0 entity object(s) were destroyed without a despawn; forgetting them
[nebula] 0 entity object(s) were destroyed without a despawn; forgetting them
[nebula] 0 entity object(s) were destroyed without a despawn; forgetting them
[nebula] 0 entity object(s) were destroyed without a despawn; forgetting them
[nebula] 0 entity object(s) were destroyed without a despawn; forgetting them
[nebula] 0 entity object(s) were destroyed without a despawn; forgetting them
[nebula] 0 entity object(s) were destroyed without a despawn; forgetting them
[nebula] 0 entity object(s) were destroyed without a despawn; forgetting them
[nebula] 0 entity object(s) were destroyed without a despawn; forgetting them
[nebula] 0 entity object(s) were destroyed without a despawn; forgetting them
[nebula] 0 entity object(s) were destroyed without a despawn; forgetting them
[nebula] 0 entity object(s) were destroyed without a despawn; forgetting them
[nebula] 0 entity object(s) were destroyed without a despawn; forgetting them
[nebula] 0 entity object(s) were destroyed without a despawn; forgetting them
[nebula] 0 entity object(s) were destroyed without a despawn; forgetting them
[nebula] 0 entity object(s) were destroyed without a despawn; forgetting them
[nebula] 0 entity object(s) were destroyed without a despawn; forgetting them
[nebula] 0 entity object(s) were destroyed without a despawn; forgetting them
[nebula] 0 entity object(s) were destroyed without a despawn; forgetting them
[nebula] 0 entity object(s) were destroyed without a despawn; forgetting them
[nebula] 0 entity object(s) were destroyed without a despawn; forgetting them
[nebula] 0 entity object(s) were destroyed without a despawn; forgetting them
[nebula] 0 entity object(s) were destroyed without a despawn; forgetting them
[nebula] 0 entity object(s) were destroyed without a despawn; forgetting them
[nebula] 0 entity object(s) were destroyed without a despawn; forgetting them
[nebula] 0 entity object(s) were destroyed without a despawn; forgetting them
[nebula] 0 entity object(s) were destroyed without a despawn; forgetting them
[nebula] 0 entity object(s) were destroyed without a despawn; forgetting them
[nebula] 0 entity object(s) were destroyed without a despawn; forgetting them
[nebula] 0 entity object(s) were destroyed without a despawn; forgetting them
[nebula] 0 entity object(s) were destroyed without a despawn; forgetting them
[nebula] 0 entity object(s) were destroyed without a despawn; forgetting them
[nebula] 0 entity object(s) were destroyed without a despawn; forgetting them
[nebula] 0 entity object(s) were destroyed without a despawn; forgetting them
[nebula] 0 entity object(s) were destroyed without a despawn; forgetting them
[nebula] 0 entity object(s) were destroyed without a despawn; forgetting them
[nebula] 0 entity object(s) were destroyed without a despawn; forgetting them
[nebula] 0 entity object(s) were destroyed without a despawn; forgetting them
[nebula] 0 entity object(s) were destroyed without a despawn; forgetting them
[nebula] 0 entity object(s) were destroyed without a despawn; forgetting them
[nebula] 0 entity object(s) were destroyed without a despawn; forgetting them
[nebula] 0 entity object(s) were destroyed without a despawn; forgetting them
[nebula] 0 entity object(s) were destroyed without a despawn; forgetting them
[nebula] 0 entity object(s) were destroyed without a despawn; forgetting them
[nebula] 0 entity object(s) were destroyed without a despawn; forgetting them
[nebula] 0 entity object(s) were destroyed without a despawn; forgetting them
[nebula] 0 entity object(s) were destroyed without a despawn; forgetting them
[nebula] 0 entity object(s) were destroyed without a despawn; forgetting them
[nebula] 0 entity object(s) were destroyed without a despawn; forgetting them
[nebula] 0 entity object(s) were destroyed without a despawn; forgetting them
[nebula] 0 entity object(s) were destroyed without a despawn; forgetting them
[nebula] 0 entity object(s) were destroyed without a despawn; forgetting them
[nebula] 0 entity object(s) were destroyed without a despawn; forgetting them
[nebula] 0 entity object(s) were destroyed without a despawn; forgetting them
[nebula] 0 entity object(s) were destroyed without a despawn; forgetting them
[nebula] 0 entity object(s) were destroyed without a despawn; forgetting them
[nebula] 0 entity object(s) were destroyed without a despawn; forgetting them
[nebula] 0 entity object(s) were destroyed without a despawn; forgetting them
[nebula] 0 entity object(s) were destroyed without a despawn; forgetting them
[nebula] 0 entity object(s) were destroyed without a despawn; forgetting them
[nebula] 0 entity object(s) were destroyed without a despawn; forgetting them
[nebula] 0 entity object(s) were destroyed without a despawn; forgetting them
[nebula] 0 entity object(s) were destroyed without a despawn; forgetting them
[nebula] 0 entity object(s) were destroyed without a despawn; forgetting them
[nebula] 0 entity object(s) were destroyed without a despawn; forgetting them
[nebula] 0 entity object(s) were destroyed without a despawn; forgetting them
[nebula] 0 entity object(s) were destroyed without a despawn; forgetting them
[nebula] 0 entity object(s) were destroyed without a despawn; forgetting them
[nebula] 0 entity object(s) were destroyed without a despawn; forgetting them
[nebula] 0 entity object(s) were destroyed without a despawn; forgetting them
[nebula] 0 entity object(s) were destroyed without a despawn; forgetting them
[nebula] 0 entity object(s) were destroyed without a despawn; forgetting them
[nebula] 0 entity object(s) were destroyed without a despawn; forgetting them
[nebula] 0 entity object(s) were destroyed without a despawn; forgetting them
[nebula] 0 entity object(s) were destroyed without a despawn; forgetting them
[nebula] 0 entity object(s) were destroyed without a despawn; forgetting them
[nebula] 0 entity object(s) were destroyed without a despawn; forgetting them
[nebula] 0 entity object(s) were destroyed without a despawn; forgetting them
[nebula] 0 entity object(s) were destroyed without a despawn; forgetting them
[nebula] 0 entity object(s) were destroyed without a despawn; forgetting them
[nebula] 0 entity object(s) were destroyed without a despawn; forgetting them
[nebula] 0 entity object(s) were destroyed without a despawn; forgetting them
[nebula] 0 entity object(s) were destroyed without a despawn; forgetting them
[nebula] 0 entity object(s) were destroyed without a despawn; forgetting them
[nebula] 0 entity object(s) were destroyed without a despawn; forgetting them
[nebula] 0 entity object(s) were destroyed without a despawn; forgetting them
[nebula] 0 entity object(s) were destroyed without a despawn; forgetting them
[nebula] 0 entity object(s) were destroyed without a despawn; forgetting them
[nebula] 0 entity object(s) were destroyed without a despawn; forgetting them
[nebula] 0 entity object(s) were destroyed without a despawn; forgetting them
[nebula] 0 entity object(s) were destroyed without a despawn; forgetting them
[nebula] 0 entity object(s) were destroyed without a despawn; forgetting them
[nebula] 0 entity object(s) were destroyed without a despawn; forgetting them
[nebula] 0 entity object(s) were destroyed without a despawn; forgetting them
[nebula] 0 entity object(s) were destroyed without a despawn; forgetting them
[nebula] 0 entity object(s) were destroyed without a despawn; forgetting them
[nebula] 0 entity object(s) were destroyed without a despawn; forgetting them
[nebula] 0 entity object(s) were destroyed without a despawn; forgetting them
[nebula] 0 entity object(s) were destroyed without a despawn; forgetting them
[nebula] 0 entity object(s) were destroyed without a despawn; forgetting them
[nebula] 0 entity object(s) were destroyed without a despawn; forgetting them
[nebula] 0 entity object(s) were destroyed without a despawn; forgetting them
[nebula] 0 entity object(s) were destroyed without a despawn; forgetting them
[nebula] 0 entity object(s) were destroyed without a despawn; forgetting them
[nebula] 0 entity object(s) were destroyed without a despawn; forgetting them
[nebula] 0 entity object(s) were destroyed without a despawn; forgetting them
[nebula] 0 entity object(s) were destroyed without a despawn; forgetting them
[nebula] 0 entity object(s) were destroyed without a despawn; forgetting them
[nebula] 0 entity object(s) were destroyed without a despawn; forgetting them
[nebula] 0 entity object(s) were destroyed without a despawn; forgetting them
[nebula] 0 entity object(s) were destroyed without a despawn; forgetting them
[nebula] 0 entity object(s) were destroyed without a despawn; forgetting them
[nebula] 0 entity object(s) were destroyed without a despawn; forgetting them
[nebula] 0 entity object(s) were destroyed without a despawn; forgetting them
[nebula] 0 entity object(s) were destroyed without a despawn; forgetting them
[nebula] 0 entity object(s) were destroyed without a despawn; forgetting them
[nebula] 0 entity object(s) were destroyed without a despawn; forgetting them
[nebula] 0 entity object(s) were destroyed without a despawn; forgetting them
[nebula] 0 entity object(s) were destroyed without a despawn; forgetting them
[nebula] 0 entity object(s) were destroyed without a despawn; forgetting them
[nebula] 0 entity object(s) were destroyed without a despawn; forgetting them
[nebula] 0 entity object(s) were destroyed without a despawn; forgetting them
[nebula] 0 entity object(s) were destroyed without a despawn; forgetting them
[nebula] 0 entity object(s) were destroyed without a despawn; forgetting them
[nebula] 0 entity object(s) were destroyed without a despawn; forgetting them
[nebula] 0 entity object(s) were destroyed without a despawn; forgetting them
[nebula] 0 entity object(s) were destroyed without a despawn; forgetting them
[nebula] 0 entity object(s) were destroyed without a despawn; forgetting them
[nebula] 0 entity object(s) were destroyed without a despawn; forgetting them
[nebula] 0 entity object(s) were destroyed without a despawn; forgetting them
[nebula] 0 entity object(s) were destroyed without a despawn; forgetting them
[nebula] 0 entity object(s) were destroyed without a despawn; forgetting them
[nebula] 0 entity object(s) were destroyed without a despawn; forgetting them
[nebula] 0 entity object(s) were destroyed without a despawn; forgetting them
[nebula] 0 entity object(s) were destroyed without a despawn; forgetting them
[nebula] 0 entity object(s) were destroyed without a despawn; forgetting them
[nebula] 0 entity object(s) were destroyed without a despawn; forgetting them
[nebula] 0 entity object(s) were destroyed without a despawn; forgetting them
[nebula] 0 entity object(s) were destroyed without a despawn; forgetting them
[nebula] 0 entity object(s) were destroyed without a despawn; forgetting them
[nebula] 0 entity object(s) were destroyed without a despawn; forgetting them
[nebula] 0 entity object(s) were destroyed without a despawn; forgetting them
[nebula] 0 entity object(s) were destroyed without a despawn; forgetting them
[nebula] 0 entity object(s) were destroyed without a despawn; forgetting them
[nebula] 0 entity object(s) were destroyed without a despawn; forgetting them
[nebula] 0 entity object(s) were destroyed without a despawn; forgetting them
[nebula] 0 entity object(s) were destroyed without a despawn; forgetting them
[nebula] 0 entity object(s) were destroyed without a despawn; forgetting them
[nebula] 0 entity object(s) were destroyed without a despawn; forgetting them
[nebula] 0 entity object(s) were destroyed without a despawn; forgetting them
[nebula] 0 entity object(s) were destroyed without a despawn; forgetting them
[nebula] 0 entity object(s) were destroyed without a despawn; forgetting them
[nebula] 0 entity object(s) were destroyed without a despawn; forgetting them
[nebula] 0 entity object(s) were destroyed without a despawn; forgetting them
[nebula] 0 entity object(s) were destroyed without a despawn; forgetting them
[nebula] 0 entity object(s) were destroyed without a despawn; forgetting them
[nebula] 0 entity object(s) were destroyed without a despawn; forgetting them
[nebula] 0 entity object(s) were destroyed without a despawn; forgetting them
[nebula] 0 entity object(s) were destroyed without a despawn; forgetting them
[nebula] 0 entity object(s) were destroyed without a despawn; forgetting them
[nebula] 0 entity object(s) were destroyed without a despawn; forgetting them
[nebula] 0 entity object(s) were destroyed without a despawn; forgetting them
[nebula] 0 entity object(s) were destroyed without a despawn; forgetting them
[nebula] 0 entity object(s) were destroyed without a despawn; forgetting them
[nebula] 0 entity object(s) were destroyed without a despawn; forgetting them
[nebula] 0 entity object(s) were destroyed without a despawn; forgetting them
[nebula] 0 entity object(s) were destroyed without a despawn; forgetting them
[nebula] 0 entity object(s) were destroyed without a despawn; forgetting them
[nebula] 0 entity object(s) were destroyed without a despawn; forgetting them
[nebula] 0 entity object(s) were destroyed without a despawn; forgetting them
[nebula] 0 entity object(s) were destroyed without a despawn; forgetting them
[nebula] 0 entity object(s) were destroyed without a despawn; forgetting them
[nebula] 0 entity object(s) were destroyed without a despawn; forgetting them
[nebula] 0 entity object(s) were destroyed without a despawn; forgetting them
[nebula] 0 entity object(s) were destroyed without a despawn; forgetting them
[nebula] 0 entity object(s) were destroyed without a despawn; forgetting them
[nebula] 0 entity object(s) were destroyed without a despawn; forgetting them
[nebula] 0 entity object(s) were destroyed without a despawn; forgetting them
[nebula] 0 entity object(s) were destroyed without a despawn; forgetting them
[nebula] 0 entity object(s) were destroyed without a despawn; forgetting them
[nebula] 0 entity object(s) were destroyed without a despawn; forgetting them
[nebula] 0 entity object(s) were destroyed without a despawn; forgetting them
[nebula] local handover Player(Clone)#844424930131969(e5,rt_13194139533312,auth) rt_8796093022208 -> rt_13194139533312
[nebula] 0 entity object(s) were destroyed without a despawn; forgetting them
[nebula] 0 entity object(s) were destroyed without a despawn; forgetting them
[nebula] 0 entity object(s) were destroyed without a despawn; forgetting them
[nebula] 0 entity object(s) were destroyed without a despawn; forgetting them
[nebula] 0 entity object(s) were destroyed without a despawn; forgetting them
[nebula] 0 entity object(s) were destroyed without a despawn; forgetting them
[nebula] 0 entity object(s) were destroyed without a despawn; forgetting them
[nebula] 0 entity object(s) were destroyed without a despawn; forgetting them
[nebula] 0 entity object(s) were destroyed without a despawn; forgetting them
[nebula] 0 entity object(s) were destroyed without a despawn; forgetting them
[nebula] 0 entity object(s) were destroyed without a despawn; forgetting them
[nebula] 0 entity object(s) were destroyed without a despawn; forgetting them
[nebula] 0 entity object(s) were destroyed without a despawn; forgetting them
[nebula] 0 entity object(s) were destroyed without a despawn; forgetting them
[nebula] 0 entity object(s) were destroyed without a despawn; forgetting them
[nebula] 0 entity object(s) were destroyed without a despawn; forgetting them
[nebula] 0 entity object(s) were destroyed without a despawn; forgetting them
[nebula] 0 entity object(s) were destroyed without a despawn; forgetting them
[nebula] 0 entity object(s) were destroyed without a despawn; forgetting them
[nebula] 0 entity object(s) were destroyed without a despawn; forgetting them
[nebula] 0 entity object(s) were destroyed without a despawn; forgetting them
[nebula] 0 entity object(s) were destroyed without a despawn; forgetting them
[nebula] 0 entity object(s) were destroyed without a despawn; forgetting them
[nebula] 0 entity object(s) were destroyed without a despawn; forgetting them
[nebula] 0 entity object(s) were destroyed without a despawn; forgetting them
[nebula] 0 entity object(s) were destroyed without a despawn; forgetting them
[nebula] 0 entity object(s) were destroyed without a despawn; forgetting them
[nebula] 0 entity object(s) were destroyed without a despawn; forgetting them
[nebula] 0 entity object(s) were destroyed without a despawn; forgetting them
[nebula] 0 entity object(s) were destroyed without a despawn; forgetting them
[nebula] 0 entity object(s) were destroyed without a despawn; forgetting them
[nebula] 0 entity object(s) were destroyed without a despawn; forgetting them
[nebula] 0 entity object(s) were destroyed without a despawn; forgetting them
[nebula] 0 entity object(s) were destroyed without a despawn; forgetting them
[nebula] 0 entity object(s) were destroyed without a despawn; forgetting them
[nebula] 0 entity object(s) were destroyed without a despawn; forgetting them
[nebula] 0 entity object(s) were destroyed without a despawn; forgetting them
[nebula] 0 entity object(s) were destroyed without a despawn; forgetting them
[nebula] 0 entity object(s) were destroyed without a despawn; forgetting them
[nebula] 0 entity object(s) were destroyed without a despawn; forgetting them
[nebula] 0 entity object(s) were destroyed without a despawn; forgetting them
[nebula] 0 entity object(s) were destroyed without a despawn; forgetting them
[nebula] 0 entity object(s) were destroyed without a despawn; forgetting them
[nebula] 0 entity object(s) were destroyed without a despawn; forgetting them
[nebula] 0 entity object(s) were destroyed without a despawn; forgetting them
[nebula] 0 entity object(s) were destroyed without a despawn; forgetting them
[nebula] 0 entity object(s) were destroyed without a despawn; forgetting them
[nebula] 0 entity object(s) were destroyed without a despawn; forgetting them
[nebula] 0 entity object(s) were destroyed without a despawn; forgetting them
[nebula] 0 entity object(s) were destroyed without a despawn; forgetting them
[nebula] 0 entity object(s) were destroyed without a despawn; forgetting them
[nebula] 0 entity object(s) were destroyed without a despawn; forgetting them
[nebula] 0 entity object(s) were destroyed without a despawn; forgetting them
[nebula] 0 entity object(s) were destroyed without a despawn; forgetting them
[nebula] 0 entity object(s) were destroyed without a despawn; forgetting them
[nebula] 0 entity object(s) were destroyed without a despawn; forgetting them
[nebula] 0 entity object(s) were destroyed without a despawn; forgetting them
[nebula] 0 entity object(s) were destroyed without a despawn; forgetting them
[nebula] 0 entity object(s) were destroyed without a despawn; forgetting them
[nebula] 0 entity object(s) were destroyed without a despawn; forgetting them
[nebula] 0 entity object(s) were destroyed without a despawn; forgetting them
[nebula] 0 entity object(s) were destroyed without a despawn; forgetting them
[nebula] 0 entity object(s) were destroyed without a despawn; forgetting them
[nebula] 0 entity object(s) were destroyed without a despawn; forgetting them
[nebula] 0 entity object(s) were destroyed without a despawn; forgetting them
[nebula] 0 entity object(s) were destroyed without a despawn; forgetting them
[nebula] 0 entity object(s) were destroyed without a despawn; forgetting them
[nebula] 0 entity object(s) were destroyed without a despawn; forgetting them
[nebula] 0 entity object(s) were destroyed without a despawn; forgetting them
[nebula] 0 entity object(s) were destroyed without a despawn; forgetting them
[nebula] 0 entity object(s) were destroyed without a despawn; forgetting them
[nebula] 0 entity object(s) were destroyed without a despawn; forgetting them
[nebula] 0 entity object(s) were destroyed without a despawn; forgetting them
[nebula] 0 entity object(s) were destroyed without a despawn; forgetting them
[nebula] 0 entity object(s) were destroyed without a despawn; forgetting them
[nebula] 0 entity object(s) were destroyed without a despawn; forgetting them
[nebula] 0 entity object(s) were destroyed without a despawn; forgetting them
[nebula] 0 entity object(s) were destroyed without a despawn; forgetting them
[nebula] 0 entity object(s) were destroyed without a despawn; forgetting them
[nebula] 0 entity object(s) were destroyed without a despawn; forgetting them
[nebula] 0 entity object(s) were destroyed without a despawn; forgetting them
[nebula] 0 entity object(s) were destroyed without a despawn; forgetting them
[nebula] 0 entity object(s) were destroyed without a despawn; forgetting them
[nebula] 0 entity object(s) were destroyed without a despawn; forgetting them
[nebula] 0 entity object(s) were destroyed without a despawn; forgetting them
[nebula] 0 entity object(s) were destroyed without a despawn; forgetting them
[nebula] 0 entity object(s) were destroyed without a despawn; forgetting them
[nebula] 0 entity object(s) were destroyed without a despawn; forgetting them
[nebula] 0 entity object(s) were destroyed without a despawn; forgetting them
[nebula] 0 entity object(s) were destroyed without a despawn; forgetting them
[nebula] 0 entity object(s) were destroyed without a despawn; forgetting them
[nebula] 0 entity object(s) were destroyed without a despawn; forgetting them
[nebula] 0 entity object(s) were destroyed without a despawn; forgetting them
[nebula] profile 300 ticks/5s 300 frames avg 0.3ms max 1.5ms dup 0 skip 0 gc 35 auth 8 ghosts 0 | poll=0.00 ghosts=0.00 physics.sync=0.00 simulate=0.01 poses=0.03 containers=0.15 band=0.01 publish=0.01 gap=16.37 interest=0.01
[nebula] 0 entity object(s) were destroyed without a despawn; forgetting them
[nebula] 0 entity object(s) were destroyed without a despawn; forgetting them
[nebula] 0 entity object(s) were destroyed without a despawn; forgetting them
[nebula] 0 entity object(s) were destroyed without a despawn; forgetting them
[nebula] 0 entity object(s) were destroyed without a despawn; forgetting them
[nebula] 0 entity object(s) were destroyed without a despawn; forgetting them
[nebula] 0 entity object(s) were destroyed without a despawn; forgetting them
[nebula] 0 entity object(s) were destroyed without a despawn; forgetting them
[nebula] 0 entity object(s) were destroyed without a despawn; forgetting them
[nebula] 0 entity object(s) were destroyed without a despawn; forgetting them
[nebula] 0 entity object(s) were destroyed without a despawn; forgetting them
[nebula] 0 entity object(s) were destroyed without a despawn; forgetting them
[nebula] 0 entity object(s) were destroyed without a despawn; forgetting them
[nebula] 0 entity object(s) were destroyed without a despawn; forgetting them
[nebula] 0 entity object(s) were destroyed without a despawn; forgetting them
[nebula] 0 entity object(s) were destroyed without a despawn; forgetting them
[nebula] 0 entity object(s) were destroyed without a despawn; forgetting them
[nebula] 0 entity object(s) were destroyed without a despawn; forgetting them
[nebula] 0 entity object(s) were destroyed without a despawn; forgetting them
[nebula] 0 entity object(s) were destroyed without a despawn; forgetting them
[nebula] 0 entity object(s) were destroyed without a despawn; forgetting them
[nebula] 0 entity object(s) were destroyed without a despawn; forgetting them
[nebula] 0 entity object(s) were destroyed without a despawn; forgetting them
[nebula] 0 entity object(s) were destroyed without a despawn; forgetting them
[nebula] 0 entity object(s) were destroyed without a despawn; forgetting them
[nebula] 0 entity object(s) were destroyed without a despawn; forgetting them
[nebula] 0 entity object(s) were destroyed without a despawn; forgetting them
[nebula] 0 entity object(s) were destroyed without a despawn; forgetting them
[nebula] 0 entity object(s) were destroyed without a despawn; forgetting them
[nebula] 0 entity object(s) were destroyed without a despawn; forgetting them
[nebula] 0 entity object(s) were destroyed without a despawn; forgetting them
[nebula] 0 entity object(s) were destroyed without a despawn; forgetting them
[nebula] 0 entity object(s) were destroyed without a despawn; forgetting them
[nebula] 0 entity object(s) were destroyed without a despawn; forgetting them
[nebula] 0 entity object(s) were destroyed without a despawn; forgetting them
[nebula] 0 entity object(s) were destroyed without a despawn; forgetting them
[nebula] 0 entity object(s) were destroyed without a despawn; forgetting them
[nebula] 0 entity object(s) were destroyed without a despawn; forgetting them
[nebula] 0 entity object(s) were destroyed without a despawn; forgetting them
[nebula] 0 entity object(s) were destroyed without a despawn; forgetting them
[nebula] 0 entity object(s) were destroyed without a despawn; forgetting them
[nebula] 0 entity object(s) were destroyed without a despawn; forgetting them
[nebula] 0 entity object(s) were destroyed without a despawn; forgetting them
[nebula] 0 entity object(s) were destroyed without a despawn; forgetting them
[nebula] 0 entity object(s) were destroyed without a despawn; forgetting them
[nebula] 0 entity object(s) were destroyed without a despawn; forgetting them
[nebula] 0 entity object(s) were destroyed without a despawn; forgetting them
[nebula] 0 entity object(s) were destroyed without a despawn; forgetting them
[nebula] 0 entity object(s) were destroyed without a despawn; forgetting them
[nebula] 0 entity object(s) were destroyed without a despawn; forgetting them
[nebula] 0 entity object(s) were destroyed without a despawn; forgetting them
[nebula] 0 entity object(s) were destroyed without a despawn; forgetting them
[nebula] 0 entity object(s) were destroyed without a despawn; forgetting them
[nebula] 0 entity object(s) were destroyed without a despawn; forgetting them
[nebula] 0 entity object(s) were destroyed without a despawn; forgetting them
[nebula] 0 entity object(s) were destroyed without a despawn; forgetting them
[nebula] 0 entity object(s) were destroyed without a despawn; forgetting them
[nebula] 0 entity object(s) were destroyed without a despawn; forgetting them
[nebula] 0 entity object(s) were destroyed without a despawn; forgetting them
[nebula] 0 entity object(s) were destroyed without a despawn; forgetting them
[nebula] 0 entity object(s) were destroyed without a despawn; forgetting them
[nebula] 0 entity object(s) were destroyed without a despawn; forgetting them
[nebula] 0 entity object(s) were destroyed without a despawn; forgetting them
[nebula] 0 entity object(s) were destroyed without a despawn; forgetting them
[nebula] 0 entity object(s) were destroyed without a despawn; forgetting them
[nebula] 0 entity object(s) were destroyed without a despawn; forgetting them
[nebula] 0 entity object(s) were destroyed without a despawn; forgetting them
[nebula] 0 entity object(s) were destroyed without a despawn; forgetting them
[nebula] 0 entity object(s) were destroyed without a despawn; forgetting them
[nebula] 0 entity object(s) were destroyed without a despawn; forgetting them
[nebula] 0 entity object(s) were destroyed without a despawn; forgetting them
[nebula] 0 entity object(s) were destroyed without a despawn; forgetting them
[nebula] 0 entity object(s) were destroyed without a despawn; forgetting them
[nebula] 0 entity object(s) were destroyed without a despawn; forgetting them
[nebula] 0 entity object(s) were destroyed without a despawn; forgetting them
[nebula] 0 entity object(s) were destroyed without a despawn; forgetting them
[nebula] 0 entity object(s) were destroyed without a despawn; forgetting them
[nebula] 0 entity object(s) were destroyed without a despawn; forgetting them
[nebula] 0 entity object(s) were destroyed without a despawn; forgetting them
[nebula] 0 entity object(s) were destroyed without a despawn; forgetting them
[nebula] 0 entity object(s) were destroyed without a despawn; forgetting them
[nebula] 0 entity object(s) were destroyed without a despawn; forgetting them
[nebula] 0 entity object(s) were destroyed without a despawn; forgetting them
[nebula] 0 entity object(s) were destroyed without a despawn; forgetting them
[nebula] 0 entity object(s) were destroyed without a despawn; forgetting them
[nebula] 0 entity object(s) were destroyed without a despawn; forgetting them
[nebula] 0 entity object(s) were destroyed without a despawn; forgetting them
[nebula] 0 entity object(s) were destroyed without a despawn; forgetting them
[nebula] 0 entity object(s) were destroyed without a despawn; forgetting them
[nebula] 0 entity object(s) were destroyed without a despawn; forgetting them
[nebula] 0 entity object(s) were destroyed without a despawn; forgetting them
[nebula] 0 entity object(s) were destroyed without a despawn; forgetting them
[nebula] 0 entity object(s) were destroyed without a despawn; forgetting them
[nebula] 0 entity object(s) were destroyed without a despawn; forgetting them
[nebula] 0 entity object(s) were destroyed without a despawn; forgetting them
[nebula] 0 entity object(s) were destroyed without a despawn; forgetting them
[nebula] 0 entity object(s) were destroyed without a despawn; forgetting them
[nebula] 0 entity object(s) were destroyed without a despawn; forgetting them
[nebula] 0 entity object(s) were destroyed without a despawn; forgetting them
[nebula] 0 entity object(s) were destroyed without a despawn; forgetting them
[nebula] 0 entity object(s) were destroyed without a despawn; forgetting them
[nebula] 0 entity object(s) were destroyed without a despawn; forgetting them
[nebula] 0 entity object(s) were destroyed without a despawn; forgetting them
[nebula] 0 entity object(s) were destroyed without a despawn; forgetting them
[nebula] 0 entity object(s) were destroyed without a despawn; forgetting them
[nebula] 0 entity object(s) were destroyed without a despawn; forgetting them
[nebula] 0 entity object(s) were destroyed without a despawn; forgetting them
[nebula] 0 entity object(s) were destroyed without a despawn; forgetting them
[nebula] 0 entity object(s) were destroyed without a despawn; forgetting them
[nebula] 0 entity object(s) were destroyed without a despawn; forgetting them
[nebula] 0 entity object(s) were destroyed without a despawn; forgetting them
[nebula] 0 entity object(s) were destroyed without a despawn; forgetting them
[nebula] 0 entity object(s) were destroyed without a despawn; forgetting them
[nebula] 0 entity object(s) were destroyed without a despawn; forgetting them
[nebula] 0 entity object(s) were destroyed without a despawn; forgetting them
[nebula] 0 entity object(s) were destroyed without a despawn; forgetting them
[nebula] 0 entity object(s) were destroyed without a despawn; forgetting them
[nebula] 0 entity object(s) were destroyed without a despawn; forgetting them
[nebula] 0 entity object(s) were destroyed without a despawn; forgetting them
[nebula] 0 entity object(s) were destroyed without a despawn; forgetting them
[nebula] 0 entity object(s) were destroyed without a despawn; forgetting them
[nebula] 0 entity object(s) were destroyed without a despawn; forgetting them
[nebula] 0 entity object(s) were destroyed without a despawn; forgetting them
[nebula] 0 entity object(s) were destroyed without a despawn; forgetting them
[nebula] 0 entity object(s) were destroyed without a despawn; forgetting them
[nebula] 0 entity object(s) were destroyed without a despawn; forgetting them
[nebula] 0 entity object(s) were destroyed without a despawn; forgetting them
[nebula] 0 entity object(s) were destroyed without a despawn; forgetting them
[nebula] 0 entity object(s) were destroyed without a despawn; forgetting them
[nebula] 0 entity object(s) were destroyed without a despawn; forgetting them
[nebula] 0 entity object(s) were destroyed without a despawn; forgetting them
[nebula] 0 entity object(s) were destroyed without a despawn; forgetting them
[nebula] 0 entity object(s) were destroyed without a despawn; forgetting them
[nebula] 0 entity object(s) were destroyed without a despawn; forgetting them
[nebula] 0 entity object(s) were destroyed without a despawn; forgetting them
[nebula] 0 entity object(s) were destroyed without a despawn; forgetting them
[nebula] 0 entity object(s) were destroyed without a despawn; forgetting them
[nebula] 0 entity object(s) were destroyed without a despawn; forgetting them
[nebula] 0 entity object(s) were destroyed without a despawn; forgetting them
[nebula] 0 entity object(s) were destroyed without a despawn; forgetting them
[nebula] 0 entity object(s) were destroyed without a despawn; forgetting them
[nebula] 0 entity object(s) were destroyed without a despawn; forgetting them
[nebula] 0 entity object(s) were destroyed without a despawn; forgetting them
[nebula] 0 entity object(s) were destroyed without a despawn; forgetting them
[nebula] 0 entity object(s) were destroyed without a despawn; forgetting them
[nebula] 0 entity object(s) were destroyed without a despawn; forgetting them
[nebula] 0 entity object(s) were destroyed without a despawn; forgetting them
[nebula] 0 entity object(s) were destroyed without a despawn; forgetting them
[nebula] 0 entity object(s) were destroyed without a despawn; forgetting them
[nebula] 0 entity object(s) were destroyed without a despawn; forgetting them
[nebula] 0 entity object(s) were destroyed without a despawn; forgetting them
[nebula] 0 entity object(s) were destroyed without a despawn; forgetting them
[nebula] 0 entity object(s) were destroyed without a despawn; forgetting them
[nebula] 0 entity object(s) were destroyed without a despawn; forgetting them
[nebula] 0 entity object(s) were destroyed without a despawn; forgetting them
[nebula] 0 entity object(s) were destroyed without a despawn; forgetting them
[nebula] 0 entity object(s) were destroyed without a despawn; forgetting them
[nebula] 0 entity object(s) were destroyed without a despawn; forgetting them
[nebula] 0 entity object(s) were destroyed without a despawn; forgetting them
[nebula] 0 entity object(s) were destroyed without a despawn; forgetting them
[nebula] 0 entity object(s) were destroyed without a despawn; forgetting them
[nebula] 0 entity object(s) were destroyed without a despawn; forgetting them
[nebula] 0 entity object(s) were destroyed without a despawn; forgetting them
[nebula] 0 entity object(s) were destroyed without a despawn; forgetting them
[nebula] 0 entity object(s) were destroyed without a despawn; forgetting them
[nebula] 0 entity object(s) were destroyed without a despawn; forgetting them
[nebula] 0 entity object(s) were destroyed without a despawn; forgetting them
[nebula] 0 entity object(s) were destroyed without a despawn; forgetting them
[nebula] 0 entity object(s) were destroyed without a despawn; forgetting them
[nebula] 0 entity object(s) were destroyed without a despawn; forgetting them
[nebula] 0 entity object(s) were destroyed without a despawn; forgetting them
[nebula] 0 entity object(s) were destroyed without a despawn; forgetting them
[nebula] 0 entity object(s) were destroyed without a despawn; forgetting them
[nebula] 0 entity object(s) were destroyed without a despawn; forgetting them
[nebula] 0 entity object(s) were destroyed without a despawn; forgetting them
[nebula] 0 entity object(s) were destroyed without a despawn; forgetting them
[nebula] 0 entity object(s) were destroyed without a despawn; forgetting them
[nebula] 0 entity object(s) were destroyed without a despawn; forgetting them
[nebula] 0 entity object(s) were destroyed without a despawn; forgetting them
[nebula] 0 entity object(s) were destroyed without a despawn; forgetting them
[nebula] 0 entity object(s) were destroyed without a despawn; forgetting them
[nebula] 0 entity object(s) were destroyed without a despawn; forgetting them
[nebula] 0 entity object(s) were destroyed without a despawn; forgetting them
[nebula] 0 entity object(s) were destroyed without a despawn; forgetting them
[nebula] 0 entity object(s) were destroyed without a despawn; forgetting them
[nebula] 0 entity object(s) were destroyed without a despawn; forgetting them
[nebula] 0 entity object(s) were destroyed without a despawn; forgetting them
[nebula] 0 entity object(s) were destroyed without a despawn; forgetting them
[nebula] 0 entity object(s) were destroyed without a despawn; forgetting them
[nebula] 0 entity object(s) were destroyed without a despawn; forgetting them
[nebula] 0 entity object(s) were destroyed without a despawn; forgetting them
[nebula] 0 entity object(s) were destroyed without a despawn; forgetting them
[nebula] 0 entity object(s) were destroyed without a despawn; forgetting them
[nebula] 0 entity object(s) were destroyed without a despawn; forgetting them
[nebula] 0 entity object(s) were destroyed without a despawn; forgetting them
[nebula] 0 entity object(s) were destroyed without a despawn; forgetting them
[nebula] 0 entity object(s) were destroyed without a despawn; forgetting them
[nebula] 0 entity object(s) were destroyed without a despawn; forgetting them
[nebula] 0 entity object(s) were destroyed without a despawn; forgetting them
[nebula] 0 entity object(s) were destroyed without a despawn; forgetting them
[nebula] 0 entity object(s) were destroyed without a despawn; forgetting them
[nebula] 0 entity object(s) were destroyed without a despawn; forgetting them
[nebula] 0 entity object(s) were destroyed without a despawn; forgetting them
[nebula] 0 entity object(s) were destroyed without a despawn; forgetting them
[nebula] 0 entity object(s) were destroyed without a despawn; forgetting them
[nebula] 0 entity object(s) were destroyed without a despawn; forgetting them
[nebula] 0 entity object(s) were destroyed without a despawn; forgetting them
[nebula] 0 entity object(s) were destroyed without a despawn; forgetting them
[nebula] 0 entity object(s) were destroyed without a despawn; forgetting them
[nebula] 0 entity object(s) were destroyed without a despawn; forgetting them
[nebula] 0 entity object(s) were destroyed without a despawn; forgetting them
[nebula] 0 entity object(s) were destroyed without a despawn; forgetting them
[nebula] 0 entity object(s) were destroyed without a despawn; forgetting them
[nebula] 0 entity object(s) were destroyed without a despawn; forgetting them
[nebula] 0 entity object(s) were destroyed without a despawn; forgetting them
[nebula] 0 entity object(s) were destroyed without a despawn; forgetting them
[nebula] 0 entity object(s) were destroyed without a despawn; forgetting them
[nebula] 0 entity object(s) were destroyed without a despawn; forgetting them
[nebula] 0 entity object(s) were destroyed without a despawn; forgetting them
[nebula] 0 entity object(s) were destroyed without a despawn; forgetting them
[nebula] 0 entity object(s) were destroyed without a despawn; forgetting them
[nebula] 0 entity object(s) were destroyed without a despawn; forgetting them
[nebula] 0 entity object(s) were destroyed without a despawn; forgetting them
[nebula] 0 entity object(s) were destroyed without a despawn; forgetting them
[nebula] 0 entity object(s) were destroyed without a despawn; forgetting them
[nebula] 0 entity object(s) were destroyed without a despawn; forgetting them
[nebula] 0 entity object(s) were destroyed without a despawn; forgetting them
[nebula] 0 entity object(s) were destroyed without a despawn; forgetting them
[nebula] 0 entity object(s) were destroyed without a despawn; forgetting them
[nebula] 0 entity object(s) were destroyed without a despawn; forgetting them
[nebula] 0 entity object(s) were destroyed without a despawn; forgetting them
[nebula] 0 entity object(s) were destroyed without a despawn; forgetting them
[nebula] 0 entity object(s) were destroyed without a despawn; forgetting them
[nebula] 0 entity object(s) were destroyed without a despawn; forgetting them
[nebula] 0 entity object(s) were destroyed without a despawn; forgetting them
[nebula] 0 entity object(s) were destroyed without a despawn; forgetting them
[nebula] 0 entity object(s) were destroyed without a despawn; forgetting them
[nebula] 0 entity object(s) were destroyed without a despawn; forgetting them
[nebula] 0 entity object(s) were destroyed without a despawn; forgetting them
[nebula] 0 entity object(s) were destroyed without a despawn; forgetting them
[nebula] 0 entity object(s) were destroyed without a despawn; forgetting them
[nebula] 0 entity object(s) were destroyed without a despawn; forgetting them
[nebula] 0 entity object(s) were destroyed without a despawn; forgetting them
[nebula] 0 entity object(s) were destroyed without a despawn; forgetting them
[nebula] 0 entity object(s) were destroyed without a despawn; forgetting them
[nebula] 0 entity object(s) were destroyed without a despawn; forgetting them
[nebula] 0 entity object(s) were destroyed without a despawn; forgetting them
[nebula] 0 entity object(s) were destroyed without a despawn; forgetting them
[nebula] 0 entity object(s) were destroyed without a despawn; forgetting them
[nebula] 0 entity object(s) were destroyed without a despawn; forgetting them
[nebula] 0 entity object(s) were destroyed without a despawn; forgetting them
[nebula] 0 entity object(s) were destroyed without a despawn; forgetting them
[nebula] 0 entity object(s) were destroyed without a despawn; forgetting them
[nebula] 0 entity object(s) were destroyed without a despawn; forgetting them
[nebula] 0 entity object(s) were destroyed without a despawn; forgetting them
[nebula] 0 entity object(s) were destroyed without a despawn; forgetting them
[nebula] 0 entity object(s) were destroyed without a despawn; forgetting them
[nebula] 0 entity object(s) were destroyed without a despawn; forgetting them
[nebula] 0 entity object(s) were destroyed without a despawn; forgetting them
[nebula] 0 entity object(s) were destroyed without a despawn; forgetting them
[nebula] 0 entity object(s) were destroyed without a despawn; forgetting them
[nebula] 0 entity object(s) were destroyed without a despawn; forgetting them
[nebula] 0 entity object(s) were destroyed without a despawn; forgetting them
[nebula] 0 entity object(s) were destroyed without a despawn; forgetting them
[nebula] 0 entity object(s) were destroyed without a despawn; forgetting them
[nebula] 0 entity object(s) were destroyed without a despawn; forgetting them
[nebula] 0 entity object(s) were destroyed without a despawn; forgetting them
[nebula] 0 entity object(s) were destroyed without a despawn; forgetting them
[nebula] 0 entity object(s) were destroyed without a despawn; forgetting them
[nebula] 0 entity object(s) were destroyed without a despawn; forgetting them
[nebula] ghost Player(Clone)#281474976710657(e4,rt_13194139533315,auth) -> w4
[nebula] handover IN  Player(Clone)#281474976710657(e4,rt_13194139533315,auth) <- w4 (epoch 4, tick 1365041506)
[nebula] ghost Prop(Clone)#1125899906842627(e2,rt_3,auth) -> w4
[nebula] handover IN  Prop(Clone)#1125899906842627(e2,rt_3,auth) <- w4 (epoch 2, tick 1365041506)
[nebula] ghost Prop(Clone)#1125899906842628(e2,rt_3,auth) -> w4
[nebula] handover IN  Prop(Clone)#1125899906842628(e2,rt_3,auth) <- w4 (epoch 2, tick 1365041506)
[nebula] ghost Prop(Clone)#1125899906842629(e2,rt_3,auth) -> w4
[nebula] handover IN  Prop(Clone)#1125899906842629(e2,rt_3,auth) <- w4 (epoch 2, tick 1365041506)
[nebula] ghost Prop(Clone)#1125899906842630(e2,rt_4398046511107,auth) -> w4
[nebula] handover IN  Prop(Clone)#1125899906842630(e2,rt_4398046511107,auth) <- w4 (epoch 2, tick 1365041506)
[nebula] ghost Prop(Clone)#1125899906842631(e2,rt_4398046511107,auth) -> w4
[nebula] handover IN  Prop(Clone)#1125899906842631(e2,rt_4398046511107,auth) <- w4 (epoch 2, tick 1365041506)
[nebula] ghost Prop(Clone)#1125899906842632(e2,rt_4398046511107,auth) -> w4
[nebula] handover IN  Prop(Clone)#1125899906842632(e2,rt_4398046511107,auth) <- w4 (epoch 2, tick 1365041506)
[nebula] ghost Prop(Clone)#1125899906842633(e2,rt_4398046511107,auth) -> w4
[nebula] handover IN  Prop(Clone)#1125899906842633(e2,rt_4398046511107,auth) <- w4 (epoch 2, tick 1365041506)
[nebula] ghost Prop(Clone)#1125899906842634(e2,rt_8796093022211,auth) -> w4
[nebula] handover IN  Prop(Clone)#1125899906842634(e2,rt_8796093022211,auth) <- w4 (epoch 2, tick 1365041506)
[nebula] ghost Prop(Clone)#1125899906842635(e2,rt_8796093022211,auth) -> w4
[nebula] handover IN  Prop(Clone)#1125899906842635(e2,rt_8796093022211,auth) <- w4 (epoch 2, tick 1365041506)
[nebula] ghost Prop(Clone)#1125899906842636(e2,rt_8796093022211,auth) -> w4
[nebula] handover IN  Prop(Clone)#1125899906842636(e2,rt_8796093022211,auth) <- w4 (epoch 2, tick 1365041506)
[nebula] ghost Prop(Clone)#1125899906842637(e2,rt_13194139533315,auth) -> w4
[nebula] handover IN  Prop(Clone)#1125899906842637(e2,rt_13194139533315,auth) <- w4 (epoch 2, tick 1365041506)
[nebula] ghost Prop(Clone)#1125899906842638(e2,rt_13194139533315,auth) -> w4
[nebula] handover IN  Prop(Clone)#1125899906842638(e2,rt_13194139533315,auth) <- w4 (epoch 2, tick 1365041506)
[nebula] ghost Prop(Clone)#1125899906842639(e2,rt_13194139533315,auth) -> w4
[nebula] handover IN  Prop(Clone)#1125899906842639(e2,rt_13194139533315,auth) <- w4 (epoch 2, tick 1365041506)
[nebula] ghost Prop(Clone)#1125899906842640(e2,rt_13194139533315,auth) -> w4
[nebula] handover IN  Prop(Clone)#1125899906842640(e2,rt_13194139533315,auth) <- w4 (epoch 2, tick 1365041506)
[nebula] 0 entity object(s) were destroyed without a despawn; forgetting them
[nebula] 0 entity object(s) were destroyed without a despawn; forgetting them
[nebula] 0 entity object(s) were destroyed without a despawn; forgetting them
[nebula] 0 entity object(s) were destroyed without a despawn; forgetting them
[nebula] 0 entity object(s) were destroyed without a despawn; forgetting them
[nebula] 0 entity object(s) were destroyed without a despawn; forgetting them
[nebula] 0 entity object(s) were destroyed without a despawn; forgetting them
[nebula] 0 entity object(s) were destroyed without a despawn; forgetting them
[nebula] 0 entity object(s) were destroyed without a despawn; forgetting them
[nebula] 0 entity object(s) were destroyed without a despawn; forgetting them
[nebula] 0 entity object(s) were destroyed without a despawn; forgetting them
[nebula] 0 entity object(s) were destroyed without a despawn; forgetting them
[nebula] 0 entity object(s) were destroyed without a despawn; forgetting them
[nebula] 0 entity object(s) were destroyed without a despawn; forgetting them
[nebula] 0 entity object(s) were destroyed without a despawn; forgetting them
[nebula] 0 entity object(s) were destroyed without a despawn; forgetting them
[nebula] 0 entity object(s) were destroyed without a despawn; forgetting them
[nebula] 0 entity object(s) were destroyed without a despawn; forgetting them
[nebula] 0 entity object(s) were destroyed without a despawn; forgetting them
[nebula] 0 entity object(s) were destroyed without a despawn; forgetting them
[nebula] 0 entity object(s) were destroyed without a despawn; forgetting them
[nebula] 0 entity object(s) were destroyed without a despawn; forgetting them
[nebula] 0 entity object(s) were destroyed without a despawn; forgetting them
[nebula] 0 entity object(s) were destroyed without a despawn; forgetting them
[nebula] 0 entity object(s) were destroyed without a despawn; forgetting them
[nebula] 0 entity object(s) were destroyed without a despawn; forgetting them
[nebula] 0 entity object(s) were destroyed without a despawn; forgetting them
[nebula] 0 entity object(s) were destroyed without a despawn; forgetting them
[nebula] 0 entity object(s) were destroyed without a despawn; forgetting them
[nebula] 0 entity object(s) were destroyed without a despawn; forgetting them
[nebula] profile 300 ticks/5s 300 frames avg 0.3ms max 0.8ms dup 0 skip 0 gc 29 auth 23 ghosts 0 | poll=0.01 ghosts=0.00 physics.sync=0.00 simulate=0.01 poses=0.03 containers=0.17 band=0.01 publish=0.01 gap=16.34 interest=0.01
[nebula] 0 entity object(s) were destroyed without a despawn; forgetting them
[nebula] 0 entity object(s) were destroyed without a despawn; forgetting them
[nebula] 0 entity object(s) were destroyed without a despawn; forgetting them
[nebula] 0 entity object(s) were destroyed without a despawn; forgetting them
[nebula] 0 entity object(s) were destroyed without a despawn; forgetting them
[nebula] 0 entity object(s) were destroyed without a despawn; forgetting them
[nebula] 0 entity object(s) were destroyed without a despawn; forgetting them
[nebula] 0 entity object(s) were destroyed without a despawn; forgetting them
[nebula] 0 entity object(s) were destroyed without a despawn; forgetting them
[nebula] 0 entity object(s) were destroyed without a despawn; forgetting them
[nebula] 0 entity object(s) were destroyed without a despawn; forgetting them
[nebula] 0 entity object(s) were destroyed without a despawn; forgetting them
[nebula] 0 entity object(s) were destroyed without a despawn; forgetting them
[nebula] 0 entity object(s) were destroyed without a despawn; forgetting them
[nebula] 0 entity object(s) were destroyed without a despawn; forgetting them
[nebula] 0 entity object(s) were destroyed without a despawn; forgetting them
[nebula] 0 entity object(s) were destroyed without a despawn; forgetting them
[nebula] 0 entity object(s) were destroyed without a despawn; forgetting them
[nebula] 0 entity object(s) were destroyed without a despawn; forgetting them
[nebula] 0 entity object(s) were destroyed without a despawn; forgetting them
[nebula] 0 entity object(s) were destroyed without a despawn; forgetting them
[nebula] 0 entity object(s) were destroyed without a despawn; forgetting them
[nebula] 0 entity object(s) were destroyed without a despawn; forgetting them
[nebula] 0 entity object(s) were destroyed without a despawn; forgetting them
[nebula] 0 entity object(s) were destroyed without a despawn; forgetting them
[nebula] 0 entity object(s) were destroyed without a despawn; forgetting them
[nebula] 0 entity object(s) were destroyed without a despawn; forgetting them
[nebula] 0 entity object(s) were destroyed without a despawn; forgetting them
[nebula] 0 entity object(s) were destroyed without a despawn; forgetting them
[nebula] 0 entity object(s) were destroyed without a despawn; forgetting them
[nebula] 0 entity object(s) were destroyed without a despawn; forgetting them
[nebula] 0 entity object(s) were destroyed without a despawn; forgetting them
[nebula] 0 entity object(s) were destroyed without a despawn; forgetting them
[nebula] 0 entity object(s) were destroyed without a despawn; forgetting them
[nebula] 0 entity object(s) were destroyed without a despawn; forgetting them
[nebula] 0 entity object(s) were destroyed without a despawn; forgetting them
[nebula] 0 entity object(s) were destroyed without a despawn; forgetting them
[nebula] 0 entity object(s) were destroyed without a despawn; forgetting them
[nebula] 0 entity object(s) were destroyed without a despawn; forgetting them
[nebula] 0 entity object(s) were destroyed without a despawn; forgetting them
[nebula] 0 entity object(s) were destroyed without a despawn; forgetting them
[nebula] handover OUT Player(Clone)#281474976710657(e5,rt_17592186044419,ghost) -> w4 (epoch 5, tick 1365041577)
[nebula] 0 entity object(s) were destroyed without a despawn; forgetting them
[nebula] 0 entity object(s) were destroyed without a despawn; forgetting them
[nebula] 0 entity object(s) were destroyed without a despawn; forgetting them
[nebula] 0 entity object(s) were destroyed without a despawn; forgetting them
[nebula] 0 entity object(s) were destroyed without a despawn; forgetting them
[nebula] 0 entity object(s) were destroyed without a despawn; forgetting them
[nebula] 0 entity object(s) were destroyed without a despawn; forgetting them
[nebula] 0 entity object(s) were destroyed without a despawn; forgetting them
[nebula] 0 entity object(s) were destroyed without a despawn; forgetting them
[nebula] 0 entity object(s) were destroyed without a despawn; forgetting them
[nebula] 0 entity object(s) were destroyed without a despawn; forgetting them
[nebula] 0 entity object(s) were destroyed without a despawn; forgetting them
[nebula] 0 entity object(s) were destroyed without a despawn; forgetting them
[nebula] 0 entity object(s) were destroyed without a despawn; forgetting them
[nebula] 0 entity object(s) were destroyed without a despawn; forgetting them
[nebula] 0 entity object(s) were destroyed without a despawn; forgetting them
[nebula] 0 entity object(s) were destroyed without a despawn; forgetting them
[nebula] 0 entity object(s) were destroyed without a despawn; forgetting them
[nebula] 0 entity object(s) were destroyed without a despawn; forgetting them
[nebula] 0 entity object(s) were destroyed without a despawn; forgetting them
[nebula] 0 entity object(s) were destroyed without a despawn; forgetting them
[nebula] 0 entity object(s) were destroyed without a despawn; forgetting them
[nebula] 0 entity object(s) were destroyed without a despawn; forgetting them
[nebula] 0 entity object(s) were destroyed without a despawn; forgetting them
[nebula] 0 entity object(s) were destroyed without a despawn; forgetting them
[nebula] 0 entity object(s) were destroyed without a despawn; forgetting them
[nebula] 0 entity object(s) were destroyed without a despawn; forgetting them
[nebula] 0 entity object(s) were destroyed without a despawn; forgetting them
[nebula] 0 entity object(s) were destroyed without a despawn; forgetting them
[nebula] 0 entity object(s) were destroyed without a despawn; forgetting them
[nebula] 0 entity object(s) were destroyed without a despawn; forgetting them
[nebula] 0 entity object(s) were destroyed without a despawn; forgetting them
[nebula] 0 entity object(s) were destroyed without a despawn; forgetting them
[nebula] 0 entity object(s) were destroyed without a despawn; forgetting them
[nebula] 0 entity object(s) were destroyed without a despawn; forgetting them
[nebula] 0 entity object(s) were destroyed without a despawn; forgetting them
[nebula] 0 entity object(s) were destroyed without a despawn; forgetting them
[nebula] 0 entity object(s) were destroyed without a despawn; forgetting them
[nebula] 0 entity object(s) were destroyed without a despawn; forgetting them
[nebula] 0 entity object(s) were destroyed without a despawn; forgetting them
[nebula] 0 entity object(s) were destroyed without a despawn; forgetting them
[nebula] 0 entity object(s) were destroyed without a despawn; forgetting them
[nebula] 0 entity object(s) were destroyed without a despawn; forgetting them
[nebula] 0 entity object(s) were destroyed without a despawn; forgetting them
[nebula] 0 entity object(s) were destroyed without a despawn; forgetting them
[nebula] 0 entity object(s) were destroyed without a despawn; forgetting them
[nebula] 0 entity object(s) were destroyed without a despawn; forgetting them
[nebula] 0 entity object(s) were destroyed without a despawn; forgetting them
[nebula] 0 entity object(s) were destroyed without a despawn; forgetting them
[nebula] 0 entity object(s) were destroyed without a despawn; forgetting them
[nebula] 0 entity object(s) were destroyed without a despawn; forgetting them
[nebula] 0 entity object(s) were destroyed without a despawn; forgetting them
[nebula] 0 entity object(s) were destroyed without a despawn; forgetting them
[nebula] 0 entity object(s) were destroyed without a despawn; forgetting them
[nebula] 0 entity object(s) were destroyed without a despawn; forgetting them
[nebula] 0 entity object(s) were destroyed without a despawn; forgetting them
[nebula] 0 entity object(s) were destroyed without a despawn; forgetting them
[nebula] 0 entity object(s) were destroyed without a despawn; forgetting them
[nebula] 0 entity object(s) were destroyed without a despawn; forgetting them
[nebula] 0 entity object(s) were destroyed without a despawn; forgetting them
[nebula] 0 entity object(s) were destroyed without a despawn; forgetting them
[nebula] 0 entity object(s) were destroyed without a despawn; forgetting them
[nebula] 0 entity object(s) were destroyed without a despawn; forgetting them
[nebula] 0 entity object(s) were destroyed without a despawn; forgetting them
[nebula] 0 entity object(s) were destroyed without a despawn; forgetting them
[nebula] 0 entity object(s) were destroyed without a despawn; forgetting them
[nebula] 0 entity object(s) were destroyed without a despawn; forgetting them
[nebula] 0 entity object(s) were destroyed without a despawn; forgetting them
[nebula] 0 entity object(s) were destroyed without a despawn; forgetting them
[nebula] 0 entity object(s) were destroyed without a despawn; forgetting them
[nebula] 0 entity object(s) were destroyed without a despawn; forgetting them
[nebula] 0 entity object(s) were destroyed without a despawn; forgetting them
[nebula] 0 entity object(s) were destroyed without a despawn; forgetting them
[nebula] 0 entity object(s) were destroyed without a despawn; forgetting them
[nebula] 0 entity object(s) were destroyed without a despawn; forgetting them
[nebula] 0 entity object(s) were destroyed without a despawn; forgetting them
[nebula] 0 entity object(s) were destroyed without a despawn; forgetting them
[nebula] 0 entity object(s) were destroyed without a despawn; forgetting them
[nebula] 0 entity object(s) were destroyed without a despawn; forgetting them
[nebula] 0 entity object(s) were destroyed without a despawn; forgetting them
[nebula] 0 entity object(s) were destroyed without a despawn; forgetting them
[nebula] 0 entity object(s) were destroyed without a despawn; forgetting them
[nebula] 0 entity object(s) were destroyed without a despawn; forgetting them
[nebula] 0 entity object(s) were destroyed without a despawn; forgetting them
[nebula] 0 entity object(s) were destroyed without a despawn; forgetting them
[nebula] 0 entity object(s) were destroyed without a despawn; forgetting them
[nebula] 0 entity object(s) were destroyed without a despawn; forgetting them
[nebula] 0 entity object(s) were destroyed without a despawn; forgetting them
[nebula] 0 entity object(s) were destroyed without a despawn; forgetting them
[nebula] 0 entity object(s) were destroyed without a despawn; forgetting them
[nebula] 0 entity object(s) were destroyed without a despawn; forgetting them
[nebula] 0 entity object(s) were destroyed without a despawn; forgetting them
[nebula] 0 entity object(s) were destroyed without a despawn; forgetting them
[nebula] 0 entity object(s) were destroyed without a despawn; forgetting them
[nebula] 0 entity object(s) were destroyed without a despawn; forgetting them
[nebula] 0 entity object(s) were destroyed without a despawn; forgetting them
[nebula] 0 entity object(s) were destroyed without a despawn; forgetting them
[nebula] 0 entity object(s) were destroyed without a despawn; forgetting them
[nebula] 0 entity object(s) were destroyed without a despawn; forgetting them
[nebula] 0 entity object(s) were destroyed without a despawn; forgetting them
[nebula] 0 entity object(s) were destroyed without a despawn; forgetting them
[nebula] 0 entity object(s) were destroyed without a despawn; forgetting them
[nebula] 0 entity object(s) were destroyed without a despawn; forgetting them
[nebula] 0 entity object(s) were destroyed without a despawn; forgetting them
[nebula] 0 entity object(s) were destroyed without a despawn; forgetting them
[nebula] 0 entity object(s) were destroyed without a despawn; forgetting them
[nebula] 0 entity object(s) were destroyed without a despawn; forgetting them
[nebula] 0 entity object(s) were destroyed without a despawn; forgetting them
[nebula] 0 entity object(s) were destroyed without a despawn; forgetting them
[nebula] 0 entity object(s) were destroyed without a despawn; forgetting them
[nebula] 0 entity object(s) were destroyed without a despawn; forgetting them
[nebula] 0 entity object(s) were destroyed without a despawn; forgetting them
[nebula] 0 entity object(s) were destroyed without a despawn; forgetting them
[nebula] 0 entity object(s) were destroyed without a despawn; forgetting them
[nebula] 0 entity object(s) were destroyed without a despawn; forgetting them
[nebula] 0 entity object(s) were destroyed without a despawn; forgetting them
[nebula] 0 entity object(s) were destroyed without a despawn; forgetting them
[nebula] 0 entity object(s) were destroyed without a despawn; forgetting them
[nebula] 0 entity object(s) were destroyed without a despawn; forgetting them
[nebula] 0 entity object(s) were destroyed without a despawn; forgetting them
[nebula] 0 entity object(s) were destroyed without a despawn; forgetting them
[nebula] 0 entity object(s) were destroyed without a despawn; forgetting them
[nebula] 0 entity object(s) were destroyed without a despawn; forgetting them
[nebula] 0 entity object(s) were destroyed without a despawn; forgetting them
[nebula] 0 entity object(s) were destroyed without a despawn; forgetting them
[nebula] 0 entity object(s) were destroyed without a despawn; forgetting them
[nebula] 0 entity object(s) were destroyed without a despawn; forgetting them
[nebula] 0 entity object(s) were destroyed without a despawn; forgetting them
[nebula] 0 entity object(s) were destroyed without a despawn; forgetting them
[nebula] 0 entity object(s) were destroyed without a despawn; forgetting them
[nebula] 0 entity object(s) were destroyed without a despawn; forgetting them
[nebula] 0 entity object(s) were destroyed without a despawn; forgetting them
[nebula] 0 entity object(s) were destroyed without a despawn; forgetting them
[nebula] 0 entity object(s) were destroyed without a despawn; forgetting them
[nebula] 0 entity object(s) were destroyed without a despawn; forgetting them
[nebula] 0 entity object(s) were destroyed without a despawn; forgetting them
[nebula] 0 entity object(s) were destroyed without a despawn; forgetting them
[nebula] 0 entity object(s) were destroyed without a despawn; forgetting them
[nebula] 0 entity object(s) were destroyed without a despawn; forgetting them
[nebula] 0 entity object(s) were destroyed without a despawn; forgetting them
[nebula] 0 entity object(s) were destroyed without a despawn; forgetting them
[nebula] 0 entity object(s) were destroyed without a despawn; forgetting them
[nebula] 0 entity object(s) were destroyed without a despawn; forgetting them
[nebula] 0 entity object(s) were destroyed without a despawn; forgetting them
[nebula] 0 entity object(s) were destroyed without a despawn; forgetting them
[nebula] 0 entity object(s) were destroyed without a despawn; forgetting them
[nebula] 0 entity object(s) were destroyed without a despawn; forgetting them
[nebula] 0 entity object(s) were destroyed without a despawn; forgetting them
[nebula] 0 entity object(s) were destroyed without a despawn; forgetting them
[nebula] 0 entity object(s) were destroyed without a despawn; forgetting them
[nebula] 0 entity object(s) were destroyed without a despawn; forgetting them
[nebula] 0 entity object(s) were destroyed without a despawn; forgetting them
[nebula] 0 entity object(s) were destroyed without a despawn; forgetting them
[nebula] 0 entity object(s) were destroyed without a despawn; forgetting them
[nebula] 0 entity object(s) were destroyed without a despawn; forgetting them
[nebula] 0 entity object(s) were destroyed without a despawn; forgetting them
[nebula] 0 entity object(s) were destroyed without a despawn; forgetting them
[nebula] 0 entity object(s) were destroyed without a despawn; forgetting them
[nebula] 0 entity object(s) were destroyed without a despawn; forgetting them
[nebula] 0 entity object(s) were destroyed without a despawn; forgetting them
[nebula] 0 entity object(s) were destroyed without a despawn; forgetting them
[nebula] 0 entity object(s) were destroyed without a despawn; forgetting them
[nebula] ghost Player(Clone)#844424930131969(e5,rt_13194139533312,auth) -> w4
[nebula] 0 entity object(s) were destroyed without a despawn; forgetting them
[nebula] 0 entity object(s) were destroyed without a despawn; forgetting them
[nebula] 0 entity object(s) were destroyed without a despawn; forgetting them
[nebula] 0 entity object(s) were destroyed without a despawn; forgetting them
[nebula] 0 entity object(s) were destroyed without a despawn; forgetting them
[nebula] 0 entity object(s) were destroyed without a despawn; forgetting them
[nebula] 0 entity object(s) were destroyed without a despawn; forgetting them
[nebula] 0 entity object(s) were destroyed without a despawn; forgetting them
[nebula] 0 entity object(s) were destroyed without a despawn; forgetting them
[nebula] 0 entity object(s) were destroyed without a despawn; forgetting them
[nebula] 0 entity object(s) were destroyed without a despawn; forgetting them
[nebula] 0 entity object(s) were destroyed without a despawn; forgetting them
[nebula] 0 entity object(s) were destroyed without a despawn; forgetting them
[nebula] 0 entity object(s) were destroyed without a despawn; forgetting them
[nebula] 0 entity object(s) were destroyed without a despawn; forgetting them
[nebula] 0 entity object(s) were destroyed without a despawn; forgetting them
[nebula] 0 entity object(s) were destroyed without a despawn; forgetting them
[nebula] 0 entity object(s) were destroyed without a despawn; forgetting them
[nebula] 0 entity object(s) were destroyed without a despawn; forgetting them
[nebula] 0 entity object(s) were destroyed without a despawn; forgetting them
[nebula] 0 entity object(s) were destroyed without a despawn; forgetting them
[nebula] 0 entity object(s) were destroyed without a despawn; forgetting them
[nebula] 0 entity object(s) were destroyed without a despawn; forgetting them
[nebula] 0 entity object(s) were destroyed without a despawn; forgetting them
[nebula] 0 entity object(s) were destroyed without a despawn; forgetting them
[nebula] 0 entity object(s) were destroyed without a despawn; forgetting them
[nebula] 0 entity object(s) were destroyed without a despawn; forgetting them
[nebula] 0 entity object(s) were destroyed without a despawn; forgetting them
[nebula] 0 entity object(s) were destroyed without a despawn; forgetting them
[nebula] 0 entity object(s) were destroyed without a despawn; forgetting them
[nebula] 0 entity object(s) were destroyed without a despawn; forgetting them
[nebula] 0 entity object(s) were destroyed without a despawn; forgetting them
[nebula] 0 entity object(s) were destroyed without a despawn; forgetting them
[nebula] 0 entity object(s) were destroyed without a despawn; forgetting them
[nebula] 0 entity object(s) were destroyed without a despawn; forgetting them
[nebula] 0 entity object(s) were destroyed without a despawn; forgetting them
[nebula] 0 entity object(s) were destroyed without a despawn; forgetting them
[nebula] 0 entity object(s) were destroyed without a despawn; forgetting them
[nebula] 0 entity object(s) were destroyed without a despawn; forgetting them
[nebula] 0 entity object(s) were destroyed without a despawn; forgetting them
[nebula] 0 entity object(s) were destroyed without a despawn; forgetting them
[nebula] 0 entity object(s) were destroyed without a despawn; forgetting them
[nebula] 0 entity object(s) were destroyed without a despawn; forgetting them
[nebula] 0 entity object(s) were destroyed without a despawn; forgetting them
[nebula] handover OUT Player(Clone)#844424930131969(e6,rt_17592186044416,ghost) -> w4 (epoch 6, tick 1365041783)
[nebula] 0 entity object(s) were destroyed without a despawn; forgetting them
[nebula] 0 entity object(s) were destroyed without a despawn; forgetting them
[nebula] 0 entity object(s) were destroyed without a despawn; forgetting them
[nebula] 0 entity object(s) were destroyed without a despawn; forgetting them
[nebula] 0 entity object(s) were destroyed without a despawn; forgetting them
[nebula] 0 entity object(s) were destroyed without a despawn; forgetting them
[nebula] 0 entity object(s) were destroyed without a despawn; forgetting them
[nebula] 0 entity object(s) were destroyed without a despawn; forgetting them
[nebula] 0 entity object(s) were destroyed without a despawn; forgetting them
[nebula] 0 entity object(s) were destroyed without a despawn; forgetting them
[nebula] 0 entity object(s) were destroyed without a despawn; forgetting them
[nebula] 0 entity object(s) were destroyed without a despawn; forgetting them
[nebula] 0 entity object(s) were destroyed without a despawn; forgetting them
[nebula] 0 entity object(s) were destroyed without a despawn; forgetting them
[nebula] 0 entity object(s) were destroyed without a despawn; forgetting them
[nebula] 0 entity object(s) were destroyed without a despawn; forgetting them
[nebula] 0 entity object(s) were destroyed without a despawn; forgetting them
[nebula] 0 entity object(s) were destroyed without a despawn; forgetting them
[nebula] 0 entity object(s) were destroyed without a despawn; forgetting them
[nebula] 0 entity object(s) were destroyed without a despawn; forgetting them
[nebula] 0 entity object(s) were destroyed without a despawn; forgetting them
[nebula] 0 entity object(s) were destroyed without a despawn; forgetting them
[nebula] 0 entity object(s) were destroyed without a despawn; forgetting them
[nebula] 0 entity object(s) were destroyed without a despawn; forgetting them
[nebula] 0 entity object(s) were destroyed without a despawn; forgetting them
[nebula] 0 entity object(s) were destroyed without a despawn; forgetting them
[nebula] 0 entity object(s) were destroyed without a despawn; forgetting them
[nebula] 0 entity object(s) were destroyed without a despawn; forgetting them
[nebula] 0 entity object(s) were destroyed without a despawn; forgetting them
[nebula] 0 entity object(s) were destroyed without a despawn; forgetting them
[nebula] 0 entity object(s) were destroyed without a despawn; forgetting them
[nebula] 0 entity object(s) were destroyed without a despawn; forgetting them
[nebula] 0 entity object(s) were destroyed without a despawn; forgetting them
[nebula] 0 entity object(s) were destroyed without a despawn; forgetting them
[nebula] 0 entity object(s) were destroyed without a despawn; forgetting them
[nebula] 0 entity object(s) were destroyed without a despawn; forgetting them
[nebula] 0 entity object(s) were destroyed without a despawn; forgetting them
[nebula] 0 entity object(s) were destroyed without a despawn; forgetting them
[nebula] 0 entity object(s) were destroyed without a despawn; forgetting them
[nebula] 0 entity object(s) were destroyed without a despawn; forgetting them
[nebula] 0 entity object(s) were destroyed without a despawn; forgetting them
[nebula] 0 entity object(s) were destroyed without a despawn; forgetting them
[nebula] 0 entity object(s) were destroyed without a despawn; forgetting them
[nebula] 0 entity object(s) were destroyed without a despawn; forgetting them
[nebula] 0 entity object(s) were destroyed without a despawn; forgetting them
[nebula] 0 entity object(s) were destroyed without a despawn; forgetting them
[nebula] 0 entity object(s) were destroyed without a despawn; forgetting them
[nebula] 0 entity object(s) were destroyed without a despawn; forgetting them
[nebula] 0 entity object(s) were destroyed without a despawn; forgetting them
[nebula] 0 entity object(s) were destroyed without a despawn; forgetting them
[nebula] 0 entity object(s) were destroyed without a despawn; forgetting them
[nebula] 0 entity object(s) were destroyed without a despawn; forgetting them
[nebula] 0 entity object(s) were destroyed without a despawn; forgetting them
[nebula] profile 300 ticks/5s 300 frames avg 0.6ms max 1.0ms dup 0 skip 0 gc 38 auth 21 ghosts 1 | poll=0.01 ghosts=0.01 physics.sync=0.00 simulate=0.01 poses=0.04 containers=0.44 band=0.02 publish=0.01 gap=16.05 interest=0.01
[nebula] 0 entity object(s) were destroyed without a despawn; forgetting them
[nebula] 0 entity object(s) were destroyed without a despawn; forgetting them
[nebula] 0 entity object(s) were destroyed without a despawn; forgetting them
[nebula] 0 entity object(s) were destroyed without a despawn; forgetting them
[nebula] 0 entity object(s) were destroyed without a despawn; forgetting them
[nebula] 0 entity object(s) were destroyed without a despawn; forgetting them
[nebula] 0 entity object(s) were destroyed without a despawn; forgetting them
[nebula] 0 entity object(s) were destroyed without a despawn; forgetting them
[nebula] 0 entity object(s) were destroyed without a despawn; forgetting them
[nebula] 0 entity object(s) were destroyed without a despawn; forgetting them
[nebula] 0 entity object(s) were destroyed without a despawn; forgetting them
[nebula] 0 entity object(s) were destroyed without a despawn; forgetting them
[nebula] 0 entity object(s) were destroyed without a despawn; forgetting them
[nebula] 0 entity object(s) were destroyed without a despawn; forgetting them
[nebula] 0 entity object(s) were destroyed without a despawn; forgetting them
[nebula] 0 entity object(s) were destroyed without a despawn; forgetting them
[nebula] 0 entity object(s) were destroyed without a despawn; forgetting them
[nebula] 0 entity object(s) were destroyed without a despawn; forgetting them
[nebula] 0 entity object(s) were destroyed without a despawn; forgetting them
[nebula] 0 entity object(s) were destroyed without a despawn; forgetting them
[nebula] 0 entity object(s) were destroyed without a despawn; forgetting them
[nebula] 0 entity object(s) were destroyed without a despawn; forgetting them
[nebula] 0 entity object(s) were destroyed without a despawn; forgetting them
[nebula] 0 entity object(s) were destroyed without a despawn; forgetting them
[nebula] 0 entity object(s) were destroyed without a despawn; forgetting them
[nebula] 0 entity object(s) were destroyed without a despawn; forgetting them
[nebula] 0 entity object(s) were destroyed without a despawn; forgetting them
[nebula] 0 entity object(s) were destroyed without a despawn; forgetting them
[nebula] 0 entity object(s) were destroyed without a despawn; forgetting them
[nebula] 0 entity object(s) were destroyed without a despawn; forgetting them
[nebula] 0 entity object(s) were destroyed without a despawn; forgetting them
[nebula] 0 entity object(s) were destroyed without a despawn; forgetting them
[nebula] 0 entity object(s) were destroyed without a despawn; forgetting them
[nebula] 0 entity object(s) were destroyed without a despawn; forgetting them
[nebula] 0 entity object(s) were destroyed without a despawn; forgetting them
[nebula] 0 entity object(s) were destroyed without a despawn; forgetting them
[nebula] 0 entity object(s) were destroyed without a despawn; forgetting them
[nebula] 0 entity object(s) were destroyed without a despawn; forgetting them
[nebula] 0 entity object(s) were destroyed without a despawn; forgetting them
[nebula] 0 entity object(s) were destroyed without a despawn; forgetting them
[nebula] 0 entity object(s) were destroyed without a despawn; forgetting them
[nebula] 0 entity object(s) were destroyed without a despawn; forgetting them
[nebula] 0 entity object(s) were destroyed without a despawn; forgetting them
[nebula] 0 entity object(s) were destroyed without a despawn; forgetting them
[nebula] 0 entity object(s) were destroyed without a despawn; forgetting them
[nebula] 0 entity object(s) were destroyed without a despawn; forgetting them
[nebula] 0 entity object(s) were destroyed without a despawn; forgetting them
[nebula] 0 entity object(s) were destroyed without a despawn; forgetting them
[nebula] 0 entity object(s) were destroyed without a despawn; forgetting them
[nebula] 0 entity object(s) were destroyed without a despawn; forgetting them
[nebula] 0 entity object(s) were destroyed without a despawn; forgetting them
[nebula] 0 entity object(s) were destroyed without a despawn; forgetting them
[nebula] 0 entity object(s) were destroyed without a despawn; forgetting them
[nebula] 0 entity object(s) were destroyed without a despawn; forgetting them
[nebula] 0 entity object(s) were destroyed without a despawn; forgetting them
[nebula] 0 entity object(s) were destroyed without a despawn; forgetting them
[nebula] 0 entity object(s) were destroyed without a despawn; forgetting them
[nebula] 0 entity object(s) were destroyed without a despawn; forgetting them
[nebula] 0 entity object(s) were destroyed without a despawn; forgetting them
[nebula] 0 entity object(s) were destroyed without a despawn; forgetting them
[nebula] 0 entity object(s) were destroyed without a despawn; forgetting them
[nebula] 0 entity object(s) were destroyed without a despawn; forgetting them
[nebula] 0 entity object(s) were destroyed without a despawn; forgetting them
[nebula] 0 entity object(s) were destroyed without a despawn; forgetting them
[nebula] 0 entity object(s) were destroyed without a despawn; forgetting them
[nebula] 0 entity object(s) were destroyed without a despawn; forgetting them
[nebula] 0 entity object(s) were destroyed without a despawn; forgetting them
[nebula] 0 entity object(s) were destroyed without a despawn; forgetting them
[nebula] 0 entity object(s) were destroyed without a despawn; forgetting them
[nebula] 0 entity object(s) were destroyed without a despawn; forgetting them
[nebula] 0 entity object(s) were destroyed without a despawn; forgetting them
[nebula] 0 entity object(s) were destroyed without a despawn; forgetting them
[nebula] 0 entity object(s) were destroyed without a despawn; forgetting them
[nebula] 0 entity object(s) were destroyed without a despawn; forgetting them
[nebula] 0 entity object(s) were destroyed without a despawn; forgetting them
[nebula] 0 entity object(s) were destroyed without a despawn; forgetting them
[nebula] 0 entity object(s) were destroyed without a despawn; forgetting them
[nebula] 0 entity object(s) were destroyed without a despawn; forgetting them
[nebula] 0 entity object(s) were destroyed without a despawn; forgetting them
[nebula] 0 entity object(s) were destroyed without a despawn; forgetting them
[nebula] 0 entity object(s) were destroyed without a despawn; forgetting them
[nebula] 0 entity object(s) were destroyed without a despawn; forgetting them
[nebula] 0 entity object(s) were destroyed without a despawn; forgetting them
[nebula] 0 entity object(s) were destroyed without a despawn; forgetting them
[nebula] 0 entity object(s) were destroyed without a despawn; forgetting them
[nebula] 0 entity object(s) were destroyed without a despawn; forgetting them
[nebula] 0 entity object(s) were destroyed without a despawn; forgetting them
[nebula] 0 entity object(s) were destroyed without a despawn; forgetting them
[nebula] 0 entity object(s) were destroyed without a despawn; forgetting them
[nebula] 0 entity object(s) were destroyed without a despawn; forgetting them
[nebula] 0 entity object(s) were destroyed without a despawn; forgetting them
[nebula] 0 entity object(s) were destroyed without a despawn; forgetting them
[nebula] 0 entity object(s) were destroyed without a despawn; forgetting them
[nebula] 0 entity object(s) were destroyed without a despawn; forgetting them
[nebula] 0 entity object(s) were destroyed without a despawn; forgetting them
[nebula] 0 entity object(s) were destroyed without a despawn; forgetting them
[nebula] 0 entity object(s) were destroyed without a despawn; forgetting them
[nebula] 0 entity object(s) were destroyed without a despawn; forgetting them
[nebula] 0 entity object(s) were destroyed without a despawn; forgetting them
[nebula] 0 entity object(s) were destroyed without a despawn; forgetting them
[nebula] 0 entity object(s) were destroyed without a despawn; forgetting them
[nebula] 0 entity object(s) were destroyed without a despawn; forgetting them
[nebula] 0 entity object(s) were destroyed without a despawn; forgetting them
[nebula] 0 entity object(s) were destroyed without a despawn; forgetting them
[nebula] 0 entity object(s) were destroyed without a despawn; forgetting them
[nebula] 0 entity object(s) were destroyed without a despawn; forgetting them
[nebula] 0 entity object(s) were destroyed without a despawn; forgetting them
[nebula] 0 entity object(s) were destroyed without a despawn; forgetting them
[nebula] 0 entity object(s) were destroyed without a despawn; forgetting them
[nebula] 0 entity object(s) were destroyed without a despawn; forgetting them
[nebula] 0 entity object(s) were destroyed without a despawn; forgetting them
[nebula] 0 entity object(s) were destroyed without a despawn; forgetting them
[nebula] 0 entity object(s) were destroyed without a despawn; forgetting them
[nebula] 0 entity object(s) were destroyed without a despawn; forgetting them
[nebula] 0 entity object(s) were destroyed without a despawn; forgetting them
[nebula] 0 entity object(s) were destroyed without a despawn; forgetting them
[nebula] 0 entity object(s) were destroyed without a despawn; forgetting them
[nebula] 0 entity object(s) were destroyed without a despawn; forgetting them
[nebula] 0 entity object(s) were destroyed without a despawn; forgetting them
[nebula] 0 entity object(s) were destroyed without a despawn; forgetting them
[nebula] 0 entity object(s) were destroyed without a despawn; forgetting them
[nebula] 0 entity object(s) were destroyed without a despawn; forgetting them
[nebula] 0 entity object(s) were destroyed without a despawn; forgetting them
[nebula] 0 entity object(s) were destroyed without a despawn; forgetting them
[nebula] 0 entity object(s) were destroyed without a despawn; forgetting them
[nebula] 0 entity object(s) were destroyed without a despawn; forgetting them
[nebula] 0 entity object(s) were destroyed without a despawn; forgetting them
[nebula] 0 entity object(s) were destroyed without a despawn; forgetting them
[nebula] 0 entity object(s) were destroyed without a despawn; forgetting them
[nebula] 0 entity object(s) were destroyed without a despawn; forgetting them
[nebula] 0 entity object(s) were destroyed without a despawn; forgetting them
[nebula] 0 entity object(s) were destroyed without a despawn; forgetting them
[nebula] 0 entity object(s) were destroyed without a despawn; forgetting them
[nebula] 0 entity object(s) were destroyed without a despawn; forgetting them
[nebula] 0 entity object(s) were destroyed without a despawn; forgetting them
[nebula] 0 entity object(s) were destroyed without a despawn; forgetting them
[nebula] 0 entity object(s) were destroyed without a despawn; forgetting them
[nebula] 0 entity object(s) were destroyed without a despawn; forgetting them
[nebula] 0 entity object(s) were destroyed without a despawn; forgetting them
[nebula] 0 entity object(s) were destroyed without a despawn; forgetting them
[nebula] 0 entity object(s) were destroyed without a despawn; forgetting them
[nebula] 0 entity object(s) were destroyed without a despawn; forgetting them
[nebula] 0 entity object(s) were destroyed without a despawn; forgetting them
[nebula] 0 entity object(s) were destroyed without a despawn; forgetting them
[nebula] 0 entity object(s) were destroyed without a despawn; forgetting them
[nebula] 0 entity object(s) were destroyed without a despawn; forgetting them
[nebula] 0 entity object(s) were destroyed without a despawn; forgetting them
[nebula] 0 entity object(s) were destroyed without a despawn; forgetting them
[nebula] 0 entity object(s) were destroyed without a despawn; forgetting them
[nebula] 0 entity object(s) were destroyed without a despawn; forgetting them
[nebula] 0 entity object(s) were destroyed without a despawn; forgetting them
[nebula] 0 entity object(s) were destroyed without a despawn; forgetting them
[nebula] 0 entity object(s) were destroyed without a despawn; forgetting them
[nebula] 0 entity object(s) were destroyed without a despawn; forgetting them
[nebula] 0 entity object(s) were destroyed without a despawn; forgetting them
[nebula] 0 entity object(s) were destroyed without a despawn; forgetting them
[nebula] 0 entity object(s) were destroyed without a despawn; forgetting them
[nebula] 0 entity object(s) were destroyed without a despawn; forgetting them
[nebula] 0 entity object(s) were destroyed without a despawn; forgetting them
[nebula] 0 entity object(s) were destroyed without a despawn; forgetting them
[nebula] 0 entity object(s) were destroyed without a despawn; forgetting them
[nebula] 0 entity object(s) were destroyed without a despawn; forgetting them
[nebula] 0 entity object(s) were destroyed without a despawn; forgetting them
[nebula] 0 entity object(s) were destroyed without a despawn; forgetting them
[nebula] 0 entity object(s) were destroyed without a despawn; forgetting them
[nebula] 0 entity object(s) were destroyed without a despawn; forgetting them
[nebula] 0 entity object(s) were destroyed without a despawn; forgetting them
[nebula] 0 entity object(s) were destroyed without a despawn; forgetting them
[nebula] 0 entity object(s) were destroyed without a despawn; forgetting them
[nebula] 0 entity object(s) were destroyed without a despawn; forgetting them
[nebula] 0 entity object(s) were destroyed without a despawn; forgetting them
[nebula] 0 entity object(s) were destroyed without a despawn; forgetting them
[nebula] 0 entity object(s) were destroyed without a despawn; forgetting them
[nebula] 0 entity object(s) were destroyed without a despawn; forgetting them
[nebula] 0 entity object(s) were destroyed without a despawn; forgetting them
[nebula] 0 entity object(s) were destroyed without a despawn; forgetting them
[nebula] 0 entity object(s) were destroyed without a despawn; forgetting them
[nebula] 0 entity object(s) were destroyed without a despawn; forgetting them
[nebula] 0 entity object(s) were destroyed without a despawn; forgetting them
[nebula] 0 entity object(s) were destroyed without a despawn; forgetting them
[nebula] 0 entity object(s) were destroyed without a despawn; forgetting them
[nebula] 0 entity object(s) were destroyed without a despawn; forgetting them
[nebula] 0 entity object(s) were destroyed without a despawn; forgetting them
[nebula] 0 entity object(s) were destroyed without a despawn; forgetting them
[nebula] 0 entity object(s) were destroyed without a despawn; forgetting them
[nebula] 0 entity object(s) were destroyed without a despawn; forgetting them
[nebula] 0 entity object(s) were destroyed without a despawn; forgetting them
[nebula] 0 entity object(s) were destroyed without a despawn; forgetting them
[nebula] 0 entity object(s) were destroyed without a despawn; forgetting them
[nebula] 0 entity object(s) were destroyed without a despawn; forgetting them
[nebula] 0 entity object(s) were destroyed without a despawn; forgetting them
[nebula] 0 entity object(s) were destroyed without a despawn; forgetting them
[nebula] 0 entity object(s) were destroyed without a despawn; forgetting them
[nebula] 0 entity object(s) were destroyed without a despawn; forgetting them
[nebula] 0 entity object(s) were destroyed without a despawn; forgetting them
[nebula] 0 entity object(s) were destroyed without a despawn; forgetting them
[nebula] 0 entity object(s) were destroyed without a despawn; forgetting them
[nebula] 0 entity object(s) were destroyed without a despawn; forgetting them
[nebula] 0 entity object(s) were destroyed without a despawn; forgetting them
[nebula] 0 entity object(s) were destroyed without a despawn; forgetting them
[nebula] 0 entity object(s) were destroyed without a despawn; forgetting them
[nebula] 0 entity object(s) were destroyed without a despawn; forgetting them
[nebula] 0 entity object(s) were destroyed without a despawn; forgetting them
[nebula] 0 entity object(s) were destroyed without a despawn; forgetting them
[nebula] 0 entity object(s) were destroyed without a despawn; forgetting them
[nebula] 0 entity object(s) were destroyed without a despawn; forgetting them
[nebula] 0 entity object(s) were destroyed without a despawn; forgetting them
[nebula] 0 entity object(s) were destroyed without a despawn; forgetting them
[nebula] 0 entity object(s) were destroyed without a despawn; forgetting them
[nebula] 0 entity object(s) were destroyed without a despawn; forgetting them
[nebula] 0 entity object(s) were destroyed without a despawn; forgetting them
[nebula] 0 entity object(s) were destroyed without a despawn; forgetting them
[nebula] 0 entity object(s) were destroyed without a despawn; forgetting them
[nebula] 0 entity object(s) were destroyed without a despawn; forgetting them
[nebula] 0 entity object(s) were destroyed without a despawn; forgetting them
[nebula] 0 entity object(s) were destroyed without a despawn; forgetting them
[nebula] 0 entity object(s) were destroyed without a despawn; forgetting them
[nebula] 0 entity object(s) were destroyed without a despawn; forgetting them
[nebula] 0 entity object(s) were destroyed without a despawn; forgetting them
[nebula] 0 entity object(s) were destroyed without a despawn; forgetting them
[nebula] 0 entity object(s) were destroyed without a despawn; forgetting them
[nebula] 0 entity object(s) were destroyed without a despawn; forgetting them
[nebula] 0 entity object(s) were destroyed without a despawn; forgetting them
[nebula] 0 entity object(s) were destroyed without a despawn; forgetting them
[nebula] 0 entity object(s) were destroyed without a despawn; forgetting them
[nebula] 0 entity object(s) were destroyed without a despawn; forgetting them
[nebula] 0 entity object(s) were destroyed without a despawn; forgetting them
[nebula] 0 entity object(s) were destroyed without a despawn; forgetting them
[nebula] 0 entity object(s) were destroyed without a despawn; forgetting them
[nebula] 0 entity object(s) were destroyed without a despawn; forgetting them
[nebula] 0 entity object(s) were destroyed without a despawn; forgetting them
[nebula] 0 entity object(s) were destroyed without a despawn; forgetting them
[nebula] 0 entity object(s) were destroyed without a despawn; forgetting them
[nebula] 0 entity object(s) were destroyed without a despawn; forgetting them
[nebula] 0 entity object(s) were destroyed without a despawn; forgetting them
[nebula] 0 entity object(s) were destroyed without a despawn; forgetting them
[nebula] 0 entity object(s) were destroyed without a despawn; forgetting them
[nebula] 0 entity object(s) were destroyed without a despawn; forgetting them
[nebula] 0 entity object(s) were destroyed without a despawn; forgetting them
[nebula] 0 entity object(s) were destroyed without a despawn; forgetting them
[nebula] 0 entity object(s) were destroyed without a despawn; forgetting them
[nebula] 0 entity object(s) were destroyed without a despawn; forgetting them
[nebula] 0 entity object(s) were destroyed without a despawn; forgetting them
[nebula] 0 entity object(s) were destroyed without a despawn; forgetting them
[nebula] 0 entity object(s) were destroyed without a despawn; forgetting them
[nebula] 0 entity object(s) were destroyed without a despawn; forgetting them
[nebula] 0 entity object(s) were destroyed without a despawn; forgetting them
[nebula] 0 entity object(s) were destroyed without a despawn; forgetting them
[nebula] 0 entity object(s) were destroyed without a despawn; forgetting them
[nebula] 0 entity object(s) were destroyed without a despawn; forgetting them
[nebula] 0 entity object(s) were destroyed without a despawn; forgetting them
[nebula] 0 entity object(s) were destroyed without a despawn; forgetting them
[nebula] 0 entity object(s) were destroyed without a despawn; forgetting them
[nebula] 0 entity object(s) were destroyed without a despawn; forgetting them
[nebula] 0 entity object(s) were destroyed without a despawn; forgetting them
[nebula] 0 entity object(s) were destroyed without a despawn; forgetting them
[nebula] 0 entity object(s) were destroyed without a despawn; forgetting them
[nebula] 0 entity object(s) were destroyed without a despawn; forgetting them
[nebula] 0 entity object(s) were destroyed without a despawn; forgetting them
[nebula] 0 entity object(s) were destroyed without a despawn; forgetting them
[nebula] 0 entity object(s) were destroyed without a despawn; forgetting them
[nebula] 0 entity object(s) were destroyed without a despawn; forgetting them
[nebula] 0 entity object(s) were destroyed without a despawn; forgetting them
[nebula] 0 entity object(s) were destroyed without a despawn; forgetting them
[nebula] 0 entity object(s) were destroyed without a despawn; forgetting them
[nebula] 0 entity object(s) were destroyed without a despawn; forgetting them
[nebula] 0 entity object(s) were destroyed without a despawn; forgetting them
[nebula] 0 entity object(s) were destroyed without a despawn; forgetting them
[nebula] 0 entity object(s) were destroyed without a despawn; forgetting them
[nebula] 0 entity object(s) were destroyed without a despawn; forgetting them
[nebula] 0 entity object(s) were destroyed without a despawn; forgetting them
[nebula] 0 entity object(s) were destroyed without a despawn; forgetting them
[nebula] 0 entity object(s) were destroyed without a despawn; forgetting them
[nebula] 0 entity object(s) were destroyed without a despawn; forgetting them
[nebula] 0 entity object(s) were destroyed without a despawn; forgetting them
[nebula] 0 entity object(s) were destroyed without a despawn; forgetting them
[nebula] 0 entity object(s) were destroyed without a despawn; forgetting them
[nebula] 0 entity object(s) were destroyed without a despawn; forgetting them
[nebula] 0 entity object(s) were destroyed without a despawn; forgetting them
[nebula] 0 entity object(s) were destroyed without a despawn; forgetting them
[nebula] 0 entity object(s) were destroyed without a despawn; forgetting them
[nebula] 0 entity object(s) were destroyed without a despawn; forgetting them
[nebula] 0 entity object(s) were destroyed without a despawn; forgetting them
[nebula] 0 entity object(s) were destroyed without a despawn; forgetting them
[nebula] 0 entity object(s) were destroyed without a despawn; forgetting them
[nebula] 0 entity object(s) were destroyed without a despawn; forgetting them
[nebula] 0 entity object(s) were destroyed without a despawn; forgetting them
[nebula] 0 entity object(s) were destroyed without a despawn; forgetting them
[nebula] 0 entity object(s) were destroyed without a despawn; forgetting them
[nebula] 0 entity object(s) were destroyed without a despawn; forgetting them
[nebula] 0 entity object(s) were destroyed without a despawn; forgetting them
[nebula] 0 entity object(s) were destroyed without a despawn; forgetting them
[nebula] 0 entity object(s) were destroyed without a despawn; forgetting them
[nebula] 0 entity object(s) were destroyed without a despawn; forgetting them
[nebula] 0 entity object(s) were destroyed without a despawn; forgetting them
[nebula] 0 entity object(s) were destroyed without a despawn; forgetting them
[nebula] 0 entity object(s) were destroyed without a despawn; forgetting them
[nebula] 0 entity object(s) were destroyed without a despawn; forgetting them
[nebula] 0 entity object(s) were destroyed without a despawn; forgetting them
[nebula] 0 entity object(s) were destroyed without a despawn; forgetting them
[nebula] profile 300 ticks/5s 300 frames avg 0.6ms max 0.9ms dup 0 skip 0 gc 23 auth 21 ghosts 0 | poll=0.00 ghosts=0.00 physics.sync=0.00 simulate=0.01 poses=0.03 containers=0.40 band=0.02 publish=0.01 gap=16.09 interest=0.01
[nebula] 0 entity object(s) were destroyed without a despawn; forgetting them
[nebula] 0 entity object(s) were destroyed without a despawn; forgetting them
[nebula] 0 entity object(s) were destroyed without a despawn; forgetting them
[nebula] 0 entity object(s) were destroyed without a despawn; forgetting them
[nebula] 0 entity object(s) were destroyed without a despawn; forgetting them
[nebula] 0 entity object(s) were destroyed without a despawn; forgetting them
[nebula] 0 entity object(s) were destroyed without a despawn; forgetting them
[nebula] 0 entity object(s) were destroyed without a despawn; forgetting them
[nebula] 0 entity object(s) were destroyed without a despawn; forgetting them
[nebula] 0 entity object(s) were destroyed without a despawn; forgetting them
[nebula] 0 entity object(s) were destroyed without a despawn; forgetting them
[nebula] 0 entity object(s) were destroyed without a despawn; forgetting them
[nebula] 0 entity object(s) were destroyed without a despawn; forgetting them
[nebula] 0 entity object(s) were destroyed without a despawn; forgetting them
[nebula] 0 entity object(s) were destroyed without a despawn; forgetting them
[nebula] 0 entity object(s) were destroyed without a despawn; forgetting them
[nebula] 0 entity object(s) were destroyed without a despawn; forgetting them
[nebula] 0 entity object(s) were destroyed without a despawn; forgetting them
[nebula] 0 entity object(s) were destroyed without a despawn; forgetting them
[nebula] 0 entity object(s) were destroyed without a despawn; forgetting them
[nebula] 0 entity object(s) were destroyed without a despawn; forgetting them
[nebula] 0 entity object(s) were destroyed without a despawn; forgetting them
[nebula] 0 entity object(s) were destroyed without a despawn; forgetting them
[nebula] 0 entity object(s) were destroyed without a despawn; forgetting them
[nebula] 0 entity object(s) were destroyed without a despawn; forgetting them
[nebula] 0 entity object(s) were destroyed without a despawn; forgetting them
[nebula] 0 entity object(s) were destroyed without a despawn; forgetting them
[nebula] 0 entity object(s) were destroyed without a despawn; forgetting them
[nebula] 0 entity object(s) were destroyed without a despawn; forgetting them
[nebula] 0 entity object(s) were destroyed without a despawn; forgetting them
[nebula] 0 entity object(s) were destroyed without a despawn; forgetting them
[nebula] 0 entity object(s) were destroyed without a despawn; forgetting them
[nebula] 0 entity object(s) were destroyed without a despawn; forgetting them
[nebula] 0 entity object(s) were destroyed without a despawn; forgetting them
[nebula] 0 entity object(s) were destroyed without a despawn; forgetting them
[nebula] 0 entity object(s) were destroyed without a despawn; forgetting them
[nebula] 0 entity object(s) were destroyed without a despawn; forgetting them
[nebula] 0 entity object(s) were destroyed without a despawn; forgetting them
[nebula] 0 entity object(s) were destroyed without a despawn; forgetting them
[nebula] 0 entity object(s) were destroyed without a despawn; forgetting them
[nebula] 0 entity object(s) were destroyed without a despawn; forgetting them
[nebula] 0 entity object(s) were destroyed without a despawn; forgetting them
[nebula] 0 entity object(s) were destroyed without a despawn; forgetting them
[nebula] 0 entity object(s) were destroyed without a despawn; forgetting them
[nebula] 0 entity object(s) were destroyed without a despawn; forgetting them
[nebula] 0 entity object(s) were destroyed without a despawn; forgetting them
[nebula] 0 entity object(s) were destroyed without a despawn; forgetting them
[nebula] 0 entity object(s) were destroyed without a despawn; forgetting them
[nebula] 0 entity object(s) were destroyed without a despawn; forgetting them
[nebula] 0 entity object(s) were destroyed without a despawn; forgetting them
[nebula] 0 entity object(s) were destroyed without a despawn; forgetting them
[nebula] 0 entity object(s) were destroyed without a despawn; forgetting them
[nebula] 0 entity object(s) were destroyed without a despawn; forgetting them
[nebula] 0 entity object(s) were destroyed without a despawn; forgetting them
[nebula] 0 entity object(s) were destroyed without a despawn; forgetting them
[nebula] 0 entity object(s) were destroyed without a despawn; forgetting them
[nebula] 0 entity object(s) were destroyed without a despawn; forgetting them
[nebula] 0 entity object(s) were destroyed without a despawn; forgetting them
[nebula] 0 entity object(s) were destroyed without a despawn; forgetting them
[nebula] 0 entity object(s) were destroyed without a despawn; forgetting them
[nebula] 0 entity object(s) were destroyed without a despawn; forgetting them
[nebula] 0 entity object(s) were destroyed without a despawn; forgetting them
[nebula] 0 entity object(s) were destroyed without a despawn; forgetting them
[nebula] 0 entity object(s) were destroyed without a despawn; forgetting them
[nebula] 0 entity object(s) were destroyed without a despawn; forgetting them
[nebula] 0 entity object(s) were destroyed without a despawn; forgetting them
[nebula] 0 entity object(s) were destroyed without a despawn; forgetting them
[nebula] 0 entity object(s) were destroyed without a despawn; forgetting them
[nebula] 0 entity object(s) were destroyed without a despawn; forgetting them
[nebula] 0 entity object(s) were destroyed without a despawn; forgetting them
[nebula] 0 entity object(s) were destroyed without a despawn; forgetting them
[nebula] 0 entity object(s) were destroyed without a despawn; forgetting them
[nebula] 0 entity object(s) were destroyed without a despawn; forgetting them
[nebula] 0 entity object(s) were destroyed without a despawn; forgetting them
[nebula] 0 entity object(s) were destroyed without a despawn; forgetting them
[nebula] 0 entity object(s) were destroyed without a despawn; forgetting them
[nebula] 0 entity object(s) were destroyed without a despawn; forgetting them
[nebula] 0 entity object(s) were destroyed without a despawn; forgetting them
[nebula] 0 entity object(s) were destroyed without a despawn; forgetting them
[nebula] 0 entity object(s) were destroyed without a despawn; forgetting them
[nebula] 0 entity object(s) were destroyed without a despawn; forgetting them
[nebula] 0 entity object(s) were destroyed without a despawn; forgetting them
[nebula] 0 entity object(s) were destroyed without a despawn; forgetting them
[nebula] 0 entity object(s) were destroyed without a despawn; forgetting them
[nebula] 0 entity object(s) were destroyed without a despawn; forgetting them
[nebula] 0 entity object(s) were destroyed without a despawn; forgetting them
[nebula] 0 entity object(s) were destroyed without a despawn; forgetting them
[nebula] 0 entity object(s) were destroyed without a despawn; forgetting them
[nebula] 0 entity object(s) were destroyed without a despawn; forgetting them
[nebula] 0 entity object(s) were destroyed without a despawn; forgetting them
[nebula] 0 entity object(s) were destroyed without a despawn; forgetting them
[nebula] 0 entity object(s) were destroyed without a despawn; forgetting them
[nebula] 0 entity object(s) were destroyed without a despawn; forgetting them
[nebula] 0 entity object(s) were destroyed without a despawn; forgetting them
[nebula] 0 entity object(s) were destroyed without a despawn; forgetting them
[nebula] 0 entity object(s) were destroyed without a despawn; forgetting them
[nebula] 0 entity object(s) were destroyed without a despawn; forgetting them
[nebula] 0 entity object(s) were destroyed without a despawn; forgetting them
[nebula] 0 entity object(s) were destroyed without a despawn; forgetting them
[nebula] 0 entity object(s) were destroyed without a despawn; forgetting them
[nebula] 0 entity object(s) were destroyed without a despawn; forgetting them
[nebula] 0 entity object(s) were destroyed without a despawn; forgetting them
[nebula] 0 entity object(s) were destroyed without a despawn; forgetting them
[nebula] 0 entity object(s) were destroyed without a despawn; forgetting them
[nebula] 0 entity object(s) were destroyed without a despawn; forgetting them
[nebula] 0 entity object(s) were destroyed without a despawn; forgetting them
[nebula] 0 entity object(s) were destroyed without a despawn; forgetting them
[nebula] 0 entity object(s) were destroyed without a despawn; forgetting them
[nebula] 0 entity object(s) were destroyed without a despawn; forgetting them
[nebula] 0 entity object(s) were destroyed without a despawn; forgetting them
[nebula] 0 entity object(s) were destroyed without a despawn; forgetting them
[nebula] 0 entity object(s) were destroyed without a despawn; forgetting them
[nebula] 0 entity object(s) were destroyed without a despawn; forgetting them
[nebula] 0 entity object(s) were destroyed without a despawn; forgetting them
[nebula] 0 entity object(s) were destroyed without a despawn; forgetting them
[nebula] 0 entity object(s) were destroyed without a despawn; forgetting them
[nebula] 0 entity object(s) were destroyed without a despawn; forgetting them
[nebula] 0 entity object(s) were destroyed without a despawn; forgetting them
[nebula] 0 entity object(s) were destroyed without a despawn; forgetting them
[nebula] 0 entity object(s) were destroyed without a despawn; forgetting them
[nebula] 0 entity object(s) were destroyed without a despawn; forgetting them
[nebula] 0 entity object(s) were destroyed without a despawn; forgetting them
[nebula] 0 entity object(s) were destroyed without a despawn; forgetting them
[nebula] 0 entity object(s) were destroyed without a despawn; forgetting them
[nebula] 0 entity object(s) were destroyed without a despawn; forgetting them
[nebula] 0 entity object(s) were destroyed without a despawn; forgetting them
[nebula] 0 entity object(s) were destroyed without a despawn; forgetting them
[nebula] 0 entity object(s) were destroyed without a despawn; forgetting them
[nebula] 0 entity object(s) were destroyed without a despawn; forgetting them
[nebula] 0 entity object(s) were destroyed without a despawn; forgetting them
[nebula] 0 entity object(s) were destroyed without a despawn; forgetting them
[nebula] 0 entity object(s) were destroyed without a despawn; forgetting them
[nebula] 0 entity object(s) were destroyed without a despawn; forgetting them
[nebula] 0 entity object(s) were destroyed without a despawn; forgetting them
[nebula] 0 entity object(s) were destroyed without a despawn; forgetting them
[nebula] 0 entity object(s) were destroyed without a despawn; forgetting them
[nebula] 0 entity object(s) were destroyed without a despawn; forgetting them
[nebula] 0 entity object(s) were destroyed without a despawn; forgetting them
[nebula] 0 entity object(s) were destroyed without a despawn; forgetting them
[nebula] 0 entity object(s) were destroyed without a despawn; forgetting them
[nebula] 0 entity object(s) were destroyed without a despawn; forgetting them
[nebula] 0 entity object(s) were destroyed without a despawn; forgetting them
[nebula] 0 entity object(s) were destroyed without a despawn; forgetting them
[nebula] 0 entity object(s) were destroyed without a despawn; forgetting them
[nebula] 0 entity object(s) were destroyed without a despawn; forgetting them
[nebula] 0 entity object(s) were destroyed without a despawn; forgetting them
[nebula] 0 entity object(s) were destroyed without a despawn; forgetting them
[nebula] 0 entity object(s) were destroyed without a despawn; forgetting them
[nebula] 0 entity object(s) were destroyed without a despawn; forgetting them
[nebula] 0 entity object(s) were destroyed without a despawn; forgetting them
[nebula] 0 entity object(s) were destroyed without a despawn; forgetting them
[nebula] 0 entity object(s) were destroyed without a despawn; forgetting them
[nebula] 0 entity object(s) were destroyed without a despawn; forgetting them
[nebula] 0 entity object(s) were destroyed without a despawn; forgetting them
[nebula] 0 entity object(s) were destroyed without a despawn; forgetting them
[nebula] 0 entity object(s) were destroyed without a despawn; forgetting them
[nebula] 0 entity object(s) were destroyed without a despawn; forgetting them
[nebula] 0 entity object(s) were destroyed without a despawn; forgetting them
[nebula] 0 entity object(s) were destroyed without a despawn; forgetting them
[nebula] 0 entity object(s) were destroyed without a despawn; forgetting them
[nebula] 0 entity object(s) were destroyed without a despawn; forgetting them
[nebula] 0 entity object(s) were destroyed without a despawn; forgetting them
[nebula] 0 entity object(s) were destroyed without a despawn; forgetting them
[nebula] 0 entity object(s) were destroyed without a despawn; forgetting them
[nebula] 0 entity object(s) were destroyed without a despawn; forgetting them
[nebula] 0 entity object(s) were destroyed without a despawn; forgetting them
[nebula] 0 entity object(s) were destroyed without a despawn; forgetting them
[nebula] 0 entity object(s) were destroyed without a despawn; forgetting them
[nebula] 0 entity object(s) were destroyed without a despawn; forgetting them
[nebula] 0 entity object(s) were destroyed without a despawn; forgetting them
[nebula] 0 entity object(s) were destroyed without a despawn; forgetting them
[nebula] 0 entity object(s) were destroyed without a despawn; forgetting them
[nebula] 0 entity object(s) were destroyed without a despawn; forgetting them
[nebula] 0 entity object(s) were destroyed without a despawn; forgetting them
[nebula] 0 entity object(s) were destroyed without a despawn; forgetting them
[nebula] 0 entity object(s) were destroyed without a despawn; forgetting them
[nebula] 0 entity object(s) were destroyed without a despawn; forgetting them
[nebula] 0 entity object(s) were destroyed without a despawn; forgetting them
[nebula] 0 entity object(s) were destroyed without a despawn; forgetting them
[nebula] 0 entity object(s) were destroyed without a despawn; forgetting them
[nebula] 0 entity object(s) were destroyed without a despawn; forgetting them
[nebula] 0 entity object(s) were destroyed without a despawn; forgetting them
[nebula] 0 entity object(s) were destroyed without a despawn; forgetting them
[nebula] 0 entity object(s) were destroyed without a despawn; forgetting them
[nebula] 0 entity object(s) were destroyed without a despawn; forgetting them
[nebula] 0 entity object(s) were destroyed without a despawn; forgetting them
[nebula] 0 entity object(s) were destroyed without a despawn; forgetting them
[nebula] 0 entity object(s) were destroyed without a despawn; forgetting them
[nebula] 0 entity object(s) were destroyed without a despawn; forgetting them
[nebula] 0 entity object(s) were destroyed without a despawn; forgetting them
[nebula] 0 entity object(s) were destroyed without a despawn; forgetting them
[nebula] 0 entity object(s) were destroyed without a despawn; forgetting them
[nebula] 0 entity object(s) were destroyed without a despawn; forgetting them
[nebula] 0 entity object(s) were destroyed without a despawn; forgetting them
[nebula] 0 entity object(s) were destroyed without a despawn; forgetting them
[nebula] 0 entity object(s) were destroyed without a despawn; forgetting them
[nebula] 0 entity object(s) were destroyed without a despawn; forgetting them
[nebula] 0 entity object(s) were destroyed without a despawn; forgetting them
[nebula] 0 entity object(s) were destroyed without a despawn; forgetting them
[nebula] 0 entity object(s) were destroyed without a despawn; forgetting them
[nebula] 0 entity object(s) were destroyed without a despawn; forgetting them
[nebula] 0 entity object(s) were destroyed without a despawn; forgetting them
[nebula] 0 entity object(s) were destroyed without a despawn; forgetting them
[nebula] 0 entity object(s) were destroyed without a despawn; forgetting them
[nebula] 0 entity object(s) were destroyed without a despawn; forgetting them
[nebula] 0 entity object(s) were destroyed without a despawn; forgetting them
[nebula] 0 entity object(s) were destroyed without a despawn; forgetting them
[nebula] 0 entity object(s) were destroyed without a despawn; forgetting them
[nebula] 0 entity object(s) were destroyed without a despawn; forgetting them
[nebula] 0 entity object(s) were destroyed without a despawn; forgetting them
[nebula] 0 entity object(s) were destroyed without a despawn; forgetting them
[nebula] 0 entity object(s) were destroyed without a despawn; forgetting them
[nebula] 0 entity object(s) were destroyed without a despawn; forgetting them
[nebula] 0 entity object(s) were destroyed without a despawn; forgetting them
[nebula] 0 entity object(s) were destroyed without a despawn; forgetting them
[nebula] 0 entity object(s) were destroyed without a despawn; forgetting them
[nebula] 0 entity object(s) were destroyed without a despawn; forgetting them
[nebula] 0 entity object(s) were destroyed without a despawn; forgetting them
[nebula] 0 entity object(s) were destroyed without a despawn; forgetting them
[nebula] 0 entity object(s) were destroyed without a despawn; forgetting them
[nebula] 0 entity object(s) were destroyed without a despawn; forgetting them
[nebula] 0 entity object(s) were destroyed without a despawn; forgetting them
[nebula] 0 entity object(s) were destroyed without a despawn; forgetting them
[nebula] 0 entity object(s) were destroyed without a despawn; forgetting them
[nebula] 0 entity object(s) were destroyed without a despawn; forgetting them
[nebula] 0 entity object(s) were destroyed without a despawn; forgetting them
[nebula] 0 entity object(s) were destroyed without a despawn; forgetting them
[nebula] 0 entity object(s) were destroyed without a despawn; forgetting them
[nebula] 0 entity object(s) were destroyed without a despawn; forgetting them
[nebula] 0 entity object(s) were destroyed without a despawn; forgetting them
[nebula] 0 entity object(s) were destroyed without a despawn; forgetting them
[nebula] 0 entity object(s) were destroyed without a despawn; forgetting them
[nebula] 0 entity object(s) were destroyed without a despawn; forgetting them
[nebula] 0 entity object(s) were destroyed without a despawn; forgetting them
[nebula] 0 entity object(s) were destroyed without a despawn; forgetting them
[nebula] 0 entity object(s) were destroyed without a despawn; forgetting them
[nebula] 0 entity object(s) were destroyed without a despawn; forgetting them
[nebula] 0 entity object(s) were destroyed without a despawn; forgetting them
[nebula] 0 entity object(s) were destroyed without a despawn; forgetting them
[nebula] 0 entity object(s) were destroyed without a despawn; forgetting them
[nebula] 0 entity object(s) were destroyed without a despawn; forgetting them
[nebula] 0 entity object(s) were destroyed without a despawn; forgetting them
[nebula] 0 entity object(s) were destroyed without a despawn; forgetting them
[nebula] 0 entity object(s) were destroyed without a despawn; forgetting them
[nebula] 0 entity object(s) were destroyed without a despawn; forgetting them
[nebula] 0 entity object(s) were destroyed without a despawn; forgetting them
[nebula] 0 entity object(s) were destroyed without a despawn; forgetting them
[nebula] 0 entity object(s) were destroyed without a despawn; forgetting them
[nebula] 0 entity object(s) were destroyed without a despawn; forgetting them
[nebula] 0 entity object(s) were destroyed without a despawn; forgetting them
[nebula] 0 entity object(s) were destroyed without a despawn; forgetting them
[nebula] 0 entity object(s) were destroyed without a despawn; forgetting them
[nebula] 0 entity object(s) were destroyed without a despawn; forgetting them
[nebula] 0 entity object(s) were destroyed without a despawn; forgetting them
[nebula] 0 entity object(s) were destroyed without a despawn; forgetting them
[nebula] 0 entity object(s) were destroyed without a despawn; forgetting them
[nebula] 0 entity object(s) were destroyed without a despawn; forgetting them
[nebula] 0 entity object(s) were destroyed without a despawn; forgetting them
[nebula] 0 entity object(s) were destroyed without a despawn; forgetting them
[nebula] 0 entity object(s) were destroyed without a despawn; forgetting them
[nebula] 0 entity object(s) were destroyed without a despawn; forgetting them
[nebula] 0 entity object(s) were destroyed without a despawn; forgetting them
[nebula] 0 entity object(s) were destroyed without a despawn; forgetting them
[nebula] 0 entity object(s) were destroyed without a despawn; forgetting them
[nebula] 0 entity object(s) were destroyed without a despawn; forgetting them
[nebula] 0 entity object(s) were destroyed without a despawn; forgetting them
[nebula] 0 entity object(s) were destroyed without a despawn; forgetting them
[nebula] 0 entity object(s) were destroyed without a despawn; forgetting them
[nebula] 0 entity object(s) were destroyed without a despawn; forgetting them
[nebula] 0 entity object(s) were destroyed without a despawn; forgetting them
[nebula] 0 entity object(s) were destroyed without a despawn; forgetting them
[nebula] 0 entity object(s) were destroyed without a despawn; forgetting them
[nebula] 0 entity object(s) were destroyed without a despawn; forgetting them
[nebula] 0 entity object(s) were destroyed without a despawn; forgetting them
[nebula] 0 entity object(s) were destroyed without a despawn; forgetting them
[nebula] 0 entity object(s) were destroyed without a despawn; forgetting them
[nebula] 0 entity object(s) were destroyed without a despawn; forgetting them
[nebula] 0 entity object(s) were destroyed without a despawn; forgetting them
[nebula] 0 entity object(s) were destroyed without a despawn; forgetting them
[nebula] 0 entity object(s) were destroyed without a despawn; forgetting them
[nebula] 0 entity object(s) were destroyed without a despawn; forgetting them
[nebula] 0 entity object(s) were destroyed without a despawn; forgetting them
[nebula] 0 entity object(s) were destroyed without a despawn; forgetting them
[nebula] 0 entity object(s) were destroyed without a despawn; forgetting them
[nebula] 0 entity object(s) were destroyed without a despawn; forgetting them
[nebula] 0 entity object(s) were destroyed without a despawn; forgetting them
[nebula] 0 entity object(s) were destroyed without a despawn; forgetting them
[nebula] 0 entity object(s) were destroyed without a despawn; forgetting them
[nebula] 0 entity object(s) were destroyed without a despawn; forgetting them
[nebula] 0 entity object(s) were destroyed without a despawn; forgetting them
[nebula] 0 entity object(s) were destroyed without a despawn; forgetting them
[nebula] 0 entity object(s) were destroyed without a despawn; forgetting them
[nebula] 0 entity object(s) were destroyed without a despawn; forgetting them
[nebula] 0 entity object(s) were destroyed without a despawn; forgetting them
[nebula] 0 entity object(s) were destroyed without a despawn; forgetting them
[nebula] 0 entity object(s) were destroyed without a despawn; forgetting them
[nebula] 0 entity object(s) were destroyed without a despawn; forgetting them
[nebula] 0 entity object(s) were destroyed without a despawn; forgetting them
[nebula] 0 entity object(s) were destroyed without a despawn; forgetting them
[nebula] 0 entity object(s) were destroyed without a despawn; forgetting them
[nebula] profile 300 ticks/5s 300 frames avg 0.6ms max 0.9ms dup 0 skip 0 gc 36 auth 21 ghosts 0 | poll=0.00 ghosts=0.00 physics.sync=0.00 simulate=0.01 poses=0.03 containers=0.41 band=0.02 publish=0.01 gap=16.09 interest=0.01
[nebula] 0 entity object(s) were destroyed without a despawn; forgetting them
[nebula] 0 entity object(s) were destroyed without a despawn; forgetting them
[nebula] 0 entity object(s) were destroyed without a despawn; forgetting them
[nebula] 0 entity object(s) were destroyed without a despawn; forgetting them
[nebula] 0 entity object(s) were destroyed without a despawn; forgetting them
[nebula] 0 entity object(s) were destroyed without a despawn; forgetting them
[nebula] 0 entity object(s) were destroyed without a despawn; forgetting them
[nebula] 0 entity object(s) were destroyed without a despawn; forgetting them
[nebula] 0 entity object(s) were destroyed without a despawn; forgetting them
[nebula] 0 entity object(s) were destroyed without a despawn; forgetting them
[nebula] 0 entity object(s) were destroyed without a despawn; forgetting them
[nebula] 0 entity object(s) were destroyed without a despawn; forgetting them
[nebula] 0 entity object(s) were destroyed without a despawn; forgetting them
[nebula] 0 entity object(s) were destroyed without a despawn; forgetting them
[nebula] 0 entity object(s) were destroyed without a despawn; forgetting them
[nebula] 0 entity object(s) were destroyed without a despawn; forgetting them
[nebula] 0 entity object(s) were destroyed without a despawn; forgetting them
[nebula] 0 entity object(s) were destroyed without a despawn; forgetting them
[nebula] 0 entity object(s) were destroyed without a despawn; forgetting them
[nebula] 0 entity object(s) were destroyed without a despawn; forgetting them
[nebula] 0 entity object(s) were destroyed without a despawn; forgetting them
[nebula] 0 entity object(s) were destroyed without a despawn; forgetting them
[nebula] 0 entity object(s) were destroyed without a despawn; forgetting them
[nebula] 0 entity object(s) were destroyed without a despawn; forgetting them
[nebula] 0 entity object(s) were destroyed without a despawn; forgetting them
[nebula] 0 entity object(s) were destroyed without a despawn; forgetting them
[nebula] 0 entity object(s) were destroyed without a despawn; forgetting them
[nebula] 0 entity object(s) were destroyed without a despawn; forgetting them
[nebula] 0 entity object(s) were destroyed without a despawn; forgetting them
[nebula] 0 entity object(s) were destroyed without a despawn; forgetting them
[nebula] 0 entity object(s) were destroyed without a despawn; forgetting them
[nebula] 0 entity object(s) were destroyed without a despawn; forgetting them
[nebula] 0 entity object(s) were destroyed without a despawn; forgetting them
[nebula] 0 entity object(s) were destroyed without a despawn; forgetting them
[nebula] 0 entity object(s) were destroyed without a despawn; forgetting them
[nebula] 0 entity object(s) were destroyed without a despawn; forgetting them
[nebula] 0 entity object(s) were destroyed without a despawn; forgetting them
[nebula] 0 entity object(s) were destroyed without a despawn; forgetting them
[nebula] 0 entity object(s) were destroyed without a despawn; forgetting them
[nebula] 0 entity object(s) were destroyed without a despawn; forgetting them
[nebula] 0 entity object(s) were destroyed without a despawn; forgetting them
[nebula] 0 entity object(s) were destroyed without a despawn; forgetting them
[nebula] 0 entity object(s) were destroyed without a despawn; forgetting them
[nebula] 0 entity object(s) were destroyed without a despawn; forgetting them
[nebula] 0 entity object(s) were destroyed without a despawn; forgetting them
[nebula] 0 entity object(s) were destroyed without a despawn; forgetting them
[nebula] 0 entity object(s) were destroyed without a despawn; forgetting them
[nebula] 0 entity object(s) were destroyed without a despawn; forgetting them
[nebula] 0 entity object(s) were destroyed without a despawn; forgetting them
[nebula] 0 entity object(s) were destroyed without a despawn; forgetting them
[nebula] 0 entity object(s) were destroyed without a despawn; forgetting them
[nebula] 0 entity object(s) were destroyed without a despawn; forgetting them
[nebula] 0 entity object(s) were destroyed without a despawn; forgetting them
[nebula] 0 entity object(s) were destroyed without a despawn; forgetting them
[nebula] 0 entity object(s) were destroyed without a despawn; forgetting them
[nebula] 0 entity object(s) were destroyed without a despawn; forgetting them
[nebula] 0 entity object(s) were destroyed without a despawn; forgetting them
[nebula] 0 entity object(s) were destroyed without a despawn; forgetting them
[nebula] 0 entity object(s) were destroyed without a despawn; forgetting them
[nebula] 0 entity object(s) were destroyed without a despawn; forgetting them
[nebula] 0 entity object(s) were destroyed without a despawn; forgetting them
[nebula] 0 entity object(s) were destroyed without a despawn; forgetting them
[nebula] 0 entity object(s) were destroyed without a despawn; forgetting them
[nebula] 0 entity object(s) were destroyed without a despawn; forgetting them
[nebula] 0 entity object(s) were destroyed without a despawn; forgetting them
[nebula] 0 entity object(s) were destroyed without a despawn; forgetting them
[nebula] 0 entity object(s) were destroyed without a despawn; forgetting them
[nebula] 0 entity object(s) were destroyed without a despawn; forgetting them
[nebula] 0 entity object(s) were destroyed without a despawn; forgetting them
[nebula] 0 entity object(s) were destroyed without a despawn; forgetting them
[nebula] 0 entity object(s) were destroyed without a despawn; forgetting them
[nebula] 0 entity object(s) were destroyed without a despawn; forgetting them
[nebula] 0 entity object(s) were destroyed without a despawn; forgetting them
[nebula] 0 entity object(s) were destroyed without a despawn; forgetting them
[nebula] 0 entity object(s) were destroyed without a despawn; forgetting them
[nebula] 0 entity object(s) were destroyed without a despawn; forgetting them
[nebula] 0 entity object(s) were destroyed without a despawn; forgetting them
[nebula] 0 entity object(s) were destroyed without a despawn; forgetting them
[nebula] 0 entity object(s) were destroyed without a despawn; forgetting them
[nebula] 0 entity object(s) were destroyed without a despawn; forgetting them
[nebula] 0 entity object(s) were destroyed without a despawn; forgetting them
[nebula] 0 entity object(s) were destroyed without a despawn; forgetting them
[nebula] 0 entity object(s) were destroyed without a despawn; forgetting them
[nebula] 0 entity object(s) were destroyed without a despawn; forgetting them
[nebula] 0 entity object(s) were destroyed without a despawn; forgetting them
[nebula] 0 entity object(s) were destroyed without a despawn; forgetting them
[nebula] 0 entity object(s) were destroyed without a despawn; forgetting them
[nebula] 0 entity object(s) were destroyed without a despawn; forgetting them
[nebula] 0 entity object(s) were destroyed without a despawn; forgetting them
[nebula] 0 entity object(s) were destroyed without a despawn; forgetting them
[nebula] 0 entity object(s) were destroyed without a despawn; forgetting them
[nebula] 0 entity object(s) were destroyed without a despawn; forgetting them
[nebula] 0 entity object(s) were destroyed without a despawn; forgetting them
[nebula] 0 entity object(s) were destroyed without a despawn; forgetting them
[nebula] 0 entity object(s) were destroyed without a despawn; forgetting them
[nebula] 0 entity object(s) were destroyed without a despawn; forgetting them
[nebula] 0 entity object(s) were destroyed without a despawn; forgetting them
[nebula] 0 entity object(s) were destroyed without a despawn; forgetting them
[nebula] 0 entity object(s) were destroyed without a despawn; forgetting them
[nebula] 0 entity object(s) were destroyed without a despawn; forgetting them
[nebula] 0 entity object(s) were destroyed without a despawn; forgetting them
[nebula] 0 entity object(s) were destroyed without a despawn; forgetting them
[nebula] 0 entity object(s) were destroyed without a despawn; forgetting them
[nebula] 0 entity object(s) were destroyed without a despawn; forgetting them
[nebula] 0 entity object(s) were destroyed without a despawn; forgetting them
[nebula] 0 entity object(s) were destroyed without a despawn; forgetting them
[nebula] 0 entity object(s) were destroyed without a despawn; forgetting them
[nebula] 0 entity object(s) were destroyed without a despawn; forgetting them
[nebula] 0 entity object(s) were destroyed without a despawn; forgetting them
[nebula] 0 entity object(s) were destroyed without a despawn; forgetting them
[nebula] 0 entity object(s) were destroyed without a despawn; forgetting them
[nebula] 0 entity object(s) were destroyed without a despawn; forgetting them
[nebula] 0 entity object(s) were destroyed without a despawn; forgetting them
[nebula] 0 entity object(s) were destroyed without a despawn; forgetting them
[nebula] 0 entity object(s) were destroyed without a despawn; forgetting them
[nebula] 0 entity object(s) were destroyed without a despawn; forgetting them
[nebula] 0 entity object(s) were destroyed without a despawn; forgetting them
[nebula] 0 entity object(s) were destroyed without a despawn; forgetting them
[nebula] 0 entity object(s) were destroyed without a despawn; forgetting them
[nebula] 0 entity object(s) were destroyed without a despawn; forgetting them
[nebula] 0 entity object(s) were destroyed without a despawn; forgetting them
[nebula] 0 entity object(s) were destroyed without a despawn; forgetting them
[nebula] 0 entity object(s) were destroyed without a despawn; forgetting them
[nebula] 0 entity object(s) were destroyed without a despawn; forgetting them
[nebula] 0 entity object(s) were destroyed without a despawn; forgetting them
[nebula] 0 entity object(s) were destroyed without a despawn; forgetting them
[nebula] 0 entity object(s) were destroyed without a despawn; forgetting them
[nebula] 0 entity object(s) were destroyed without a despawn; forgetting them
[nebula] 0 entity object(s) were destroyed without a despawn; forgetting them
[nebula] 0 entity object(s) were destroyed without a despawn; forgetting them
[nebula] 0 entity object(s) were destroyed without a despawn; forgetting them
[nebula] 0 entity object(s) were destroyed without a despawn; forgetting them
[nebula] 0 entity object(s) were destroyed without a despawn; forgetting them
[nebula] 0 entity object(s) were destroyed without a despawn; forgetting them
[nebula] 0 entity object(s) were destroyed without a despawn; forgetting them
[nebula] 0 entity object(s) were destroyed without a despawn; forgetting them
[nebula] 0 entity object(s) were destroyed without a despawn; forgetting them
[nebula] 0 entity object(s) were destroyed without a despawn; forgetting them
[nebula] 0 entity object(s) were destroyed without a despawn; forgetting them
[nebula] 0 entity object(s) were destroyed without a despawn; forgetting them
[nebula] 0 entity object(s) were destroyed without a despawn; forgetting them
[nebula] 0 entity object(s) were destroyed without a despawn; forgetting them
[nebula] 0 entity object(s) were destroyed without a despawn; forgetting them
[nebula] 0 entity object(s) were destroyed without a despawn; forgetting them
[nebula] 0 entity object(s) were destroyed without a despawn; forgetting them
[nebula] 0 entity object(s) were destroyed without a despawn; forgetting them
[nebula] 0 entity object(s) were destroyed without a despawn; forgetting them
[nebula] 0 entity object(s) were destroyed without a despawn; forgetting them
[nebula] 0 entity object(s) were destroyed without a despawn; forgetting them
[nebula] 0 entity object(s) were destroyed without a despawn; forgetting them
[nebula] 0 entity object(s) were destroyed without a despawn; forgetting them
[nebula] 0 entity object(s) were destroyed without a despawn; forgetting them
[nebula] 0 entity object(s) were destroyed without a despawn; forgetting them
[nebula] 0 entity object(s) were destroyed without a despawn; forgetting them
[nebula] 0 entity object(s) were destroyed without a despawn; forgetting them
[nebula] 0 entity object(s) were destroyed without a despawn; forgetting them
[nebula] 0 entity object(s) were destroyed without a despawn; forgetting them
[nebula] 0 entity object(s) were destroyed without a despawn; forgetting them
[nebula] 0 entity object(s) were destroyed without a despawn; forgetting them
[nebula] 0 entity object(s) were destroyed without a despawn; forgetting them
[nebula] 0 entity object(s) were destroyed without a despawn; forgetting them
[nebula] 0 entity object(s) were destroyed without a despawn; forgetting them
[nebula] 0 entity object(s) were destroyed without a despawn; forgetting them
[nebula] 0 entity object(s) were destroyed without a despawn; forgetting them
[nebula] 0 entity object(s) were destroyed without a despawn; forgetting them
[nebula] 0 entity object(s) were destroyed without a despawn; forgetting them
[nebula] 0 entity object(s) were destroyed without a despawn; forgetting them
[nebula] 0 entity object(s) were destroyed without a despawn; forgetting them
[nebula] 0 entity object(s) were destroyed without a despawn; forgetting them
[nebula] 0 entity object(s) were destroyed without a despawn; forgetting them
[nebula] 0 entity object(s) were destroyed without a despawn; forgetting them
[nebula] 0 entity object(s) were destroyed without a despawn; forgetting them
[nebula] 0 entity object(s) were destroyed without a despawn; forgetting them
[nebula] 0 entity object(s) were destroyed without a despawn; forgetting them
[nebula] 0 entity object(s) were destroyed without a despawn; forgetting them
[nebula] 0 entity object(s) were destroyed without a despawn; forgetting them
[nebula] 0 entity object(s) were destroyed without a despawn; forgetting them
[nebula] 0 entity object(s) were destroyed without a despawn; forgetting them
[nebula] 0 entity object(s) were destroyed without a despawn; forgetting them
[nebula] 0 entity object(s) were destroyed without a despawn; forgetting them
[nebula] 0 entity object(s) were destroyed without a despawn; forgetting them
[nebula] 0 entity object(s) were destroyed without a despawn; forgetting them
[nebula] 0 entity object(s) were destroyed without a despawn; forgetting them
[nebula] 0 entity object(s) were destroyed without a despawn; forgetting them
[nebula] 0 entity object(s) were destroyed without a despawn; forgetting them
[nebula] 0 entity object(s) were destroyed without a despawn; forgetting them
[nebula] 0 entity object(s) were destroyed without a despawn; forgetting them
[nebula] 0 entity object(s) were destroyed without a despawn; forgetting them
[nebula] 0 entity object(s) were destroyed without a despawn; forgetting them
[nebula] 0 entity object(s) were destroyed without a despawn; forgetting them
[nebula] 0 entity object(s) were destroyed without a despawn; forgetting them
[nebula] 0 entity object(s) were destroyed without a despawn; forgetting them
[nebula] 0 entity object(s) were destroyed without a despawn; forgetting them
[nebula] 0 entity object(s) were destroyed without a despawn; forgetting them
[nebula] 0 entity object(s) were destroyed without a despawn; forgetting them
[nebula] 0 entity object(s) were destroyed without a despawn; forgetting them
[nebula] 0 entity object(s) were destroyed without a despawn; forgetting them
[nebula] 0 entity object(s) were destroyed without a despawn; forgetting them
[nebula] 0 entity object(s) were destroyed without a despawn; forgetting them
[nebula] 0 entity object(s) were destroyed without a despawn; forgetting them
[nebula] 0 entity object(s) were destroyed without a despawn; forgetting them
[nebula] 0 entity object(s) were destroyed without a despawn; forgetting them
[nebula] 0 entity object(s) were destroyed without a despawn; forgetting them
[nebula] 0 entity object(s) were destroyed without a despawn; forgetting them
[nebula] 0 entity object(s) were destroyed without a despawn; forgetting them
[nebula] 0 entity object(s) were destroyed without a despawn; forgetting them
[nebula] 0 entity object(s) were destroyed without a despawn; forgetting them
[nebula] 0 entity object(s) were destroyed without a despawn; forgetting them
[nebula] 0 entity object(s) were destroyed without a despawn; forgetting them
[nebula] 0 entity object(s) were destroyed without a despawn; forgetting them
[nebula] 0 entity object(s) were destroyed without a despawn; forgetting them
[nebula] 0 entity object(s) were destroyed without a despawn; forgetting them
[nebula] 0 entity object(s) were destroyed without a despawn; forgetting them
[nebula] 0 entity object(s) were destroyed without a despawn; forgetting them
[nebula] 0 entity object(s) were destroyed without a despawn; forgetting them
[nebula] 0 entity object(s) were destroyed without a despawn; forgetting them
[nebula] 0 entity object(s) were destroyed without a despawn; forgetting them
[nebula] 0 entity object(s) were destroyed without a despawn; forgetting them
[nebula] 0 entity object(s) were destroyed without a despawn; forgetting them
[nebula] 0 entity object(s) were destroyed without a despawn; forgetting them
[nebula] 0 entity object(s) were destroyed without a despawn; forgetting them
[nebula] 0 entity object(s) were destroyed without a despawn; forgetting them
[nebula] 0 entity object(s) were destroyed without a despawn; forgetting them
[nebula] 0 entity object(s) were destroyed without a despawn; forgetting them
[nebula] 0 entity object(s) were destroyed without a despawn; forgetting them
[nebula] 0 entity object(s) were destroyed without a despawn; forgetting them
[nebula] 0 entity object(s) were destroyed without a despawn; forgetting them
[nebula] 0 entity object(s) were destroyed without a despawn; forgetting them
[nebula] 0 entity object(s) were destroyed without a despawn; forgetting them
[nebula] 0 entity object(s) were destroyed without a despawn; forgetting them
[nebula] 0 entity object(s) were destroyed without a despawn; forgetting them
[nebula] 0 entity object(s) were destroyed without a despawn; forgetting them
[nebula] 0 entity object(s) were destroyed without a despawn; forgetting them
[nebula] 0 entity object(s) were destroyed without a despawn; forgetting them
[nebula] 0 entity object(s) were destroyed without a despawn; forgetting them
[nebula] 0 entity object(s) were destroyed without a despawn; forgetting them
[nebula] 0 entity object(s) were destroyed without a despawn; forgetting them
[nebula] 0 entity object(s) were destroyed without a despawn; forgetting them
[nebula] 0 entity object(s) were destroyed without a despawn; forgetting them
[nebula] 0 entity object(s) were destroyed without a despawn; forgetting them
[nebula] 0 entity object(s) were destroyed without a despawn; forgetting them
[nebula] 0 entity object(s) were destroyed without a despawn; forgetting them
[nebula] 0 entity object(s) were destroyed without a despawn; forgetting them
[nebula] 0 entity object(s) were destroyed without a despawn; forgetting them
[nebula] 0 entity object(s) were destroyed without a despawn; forgetting them
[nebula] 0 entity object(s) were destroyed without a despawn; forgetting them
[nebula] 0 entity object(s) were destroyed without a despawn; forgetting them
[nebula] 0 entity object(s) were destroyed without a despawn; forgetting them
[nebula] 0 entity object(s) were destroyed without a despawn; forgetting them
[nebula] 0 entity object(s) were destroyed without a despawn; forgetting them
[nebula] 0 entity object(s) were destroyed without a despawn; forgetting them
[nebula] 0 entity object(s) were destroyed without a despawn; forgetting them
[nebula] 0 entity object(s) were destroyed without a despawn; forgetting them
[nebula] 0 entity object(s) were destroyed without a despawn; forgetting them
[nebula] 0 entity object(s) were destroyed without a despawn; forgetting them
[nebula] 0 entity object(s) were destroyed without a despawn; forgetting them
[nebula] 0 entity object(s) were destroyed without a despawn; forgetting them
[nebula] 0 entity object(s) were destroyed without a despawn; forgetting them
[nebula] 0 entity object(s) were destroyed without a despawn; forgetting them
[nebula] 0 entity object(s) were destroyed without a despawn; forgetting them
[nebula] 0 entity object(s) were destroyed without a despawn; forgetting them
[nebula] 0 entity object(s) were destroyed without a despawn; forgetting them
[nebula] 0 entity object(s) were destroyed without a despawn; forgetting them
[nebula] 0 entity object(s) were destroyed without a despawn; forgetting them
[nebula] 0 entity object(s) were destroyed without a despawn; forgetting them
[nebula] 0 entity object(s) were destroyed without a despawn; forgetting them
[nebula] 0 entity object(s) were destroyed without a despawn; forgetting them
[nebula] 0 entity object(s) were destroyed without a despawn; forgetting them
[nebula] 0 entity object(s) were destroyed without a despawn; forgetting them
[nebula] 0 entity object(s) were destroyed without a despawn; forgetting them
[nebula] 0 entity object(s) were destroyed without a despawn; forgetting them
[nebula] 0 entity object(s) were destroyed without a despawn; forgetting them
[nebula] 0 entity object(s) were destroyed without a despawn; forgetting them
[nebula] 0 entity object(s) were destroyed without a despawn; forgetting them
[nebula] 0 entity object(s) were destroyed without a despawn; forgetting them
[nebula] 0 entity object(s) were destroyed without a despawn; forgetting them
[nebula] 0 entity object(s) were destroyed without a despawn; forgetting them
[nebula] 0 entity object(s) were destroyed without a despawn; forgetting them
[nebula] 0 entity object(s) were destroyed without a despawn; forgetting them
[nebula] 0 entity object(s) were destroyed without a despawn; forgetting them
[nebula] 0 entity object(s) were destroyed without a despawn; forgetting them
[nebula] 0 entity object(s) were destroyed without a despawn; forgetting them
[nebula] 0 entity object(s) were destroyed without a despawn; forgetting them
[nebula] 0 entity object(s) were destroyed without a despawn; forgetting them
[nebula] 0 entity object(s) were destroyed without a despawn; forgetting them
[nebula] 0 entity object(s) were destroyed without a despawn; forgetting them
[nebula] 0 entity object(s) were destroyed without a despawn; forgetting them
[nebula] 0 entity object(s) were destroyed without a despawn; forgetting them
[nebula] 0 entity object(s) were destroyed without a despawn; forgetting them
[nebula] 0 entity object(s) were destroyed without a despawn; forgetting them
[nebula] 0 entity object(s) were destroyed without a despawn; forgetting them
[nebula] 0 entity object(s) were destroyed without a despawn; forgetting them
[nebula] 0 entity object(s) were destroyed without a despawn; forgetting them
[nebula] 0 entity object(s) were destroyed without a despawn; forgetting them
[nebula] 0 entity object(s) were destroyed without a despawn; forgetting them
[nebula] 0 entity object(s) were destroyed without a despawn; forgetting them
[nebula] 0 entity object(s) were destroyed without a despawn; forgetting them
[nebula] 0 entity object(s) were destroyed without a despawn; forgetting them
[nebula] 0 entity object(s) were destroyed without a despawn; forgetting them
[nebula] 0 entity object(s) were destroyed without a despawn; forgetting them
[nebula] profile 300 ticks/5s 300 frames avg 0.6ms max 0.9ms dup 0 skip 0 gc 35 auth 21 ghosts 0 | poll=0.00 ghosts=0.00 physics.sync=0.00 simulate=0.01 poses=0.03 containers=0.40 band=0.02 publish=0.01 gap=16.10 interest=0.01
[nebula] 0 entity object(s) were destroyed without a despawn; forgetting them
[nebula] 0 entity object(s) were destroyed without a despawn; forgetting them
[nebula] 0 entity object(s) were destroyed without a despawn; forgetting them
[nebula] 0 entity object(s) were destroyed without a despawn; forgetting them
[nebula] 0 entity object(s) were destroyed without a despawn; forgetting them
[nebula] 0 entity object(s) were destroyed without a despawn; forgetting them
[nebula] 0 entity object(s) were destroyed without a despawn; forgetting them
[nebula] 0 entity object(s) were destroyed without a despawn; forgetting them
[nebula] 0 entity object(s) were destroyed without a despawn; forgetting them
[nebula] 0 entity object(s) were destroyed without a despawn; forgetting them
[nebula] 0 entity object(s) were destroyed without a despawn; forgetting them
[nebula] 0 entity object(s) were destroyed without a despawn; forgetting them
[nebula] 0 entity object(s) were destroyed without a despawn; forgetting them
[nebula] 0 entity object(s) were destroyed without a despawn; forgetting them
[nebula] 0 entity object(s) were destroyed without a despawn; forgetting them
[nebula] 0 entity object(s) were destroyed without a despawn; forgetting them
[nebula] 0 entity object(s) were destroyed without a despawn; forgetting them
[nebula] 0 entity object(s) were destroyed without a despawn; forgetting them
[nebula] 0 entity object(s) were destroyed without a despawn; forgetting them
[nebula] 0 entity object(s) were destroyed without a despawn; forgetting them
[nebula] 0 entity object(s) were destroyed without a despawn; forgetting them
[nebula] 0 entity object(s) were destroyed without a despawn; forgetting them
[nebula] 0 entity object(s) were destroyed without a despawn; forgetting them
[nebula] 0 entity object(s) were destroyed without a despawn; forgetting them
[nebula] 0 entity object(s) were destroyed without a despawn; forgetting them
[nebula] 0 entity object(s) were destroyed without a despawn; forgetting them
[nebula] 0 entity object(s) were destroyed without a despawn; forgetting them
[nebula] 0 entity object(s) were destroyed without a despawn; forgetting them
[nebula] 0 entity object(s) were destroyed without a despawn; forgetting them
[nebula] 0 entity object(s) were destroyed without a despawn; forgetting them
[nebula] 0 entity object(s) were destroyed without a despawn; forgetting them
[nebula] 0 entity object(s) were destroyed without a despawn; forgetting them
[nebula] 0 entity object(s) were destroyed without a despawn; forgetting them
[nebula] 0 entity object(s) were destroyed without a despawn; forgetting them
[nebula] 0 entity object(s) were destroyed without a despawn; forgetting them
[nebula] 0 entity object(s) were destroyed without a despawn; forgetting them
[nebula] 0 entity object(s) were destroyed without a despawn; forgetting them
[nebula] 0 entity object(s) were destroyed without a despawn; forgetting them
[nebula] 0 entity object(s) were destroyed without a despawn; forgetting them
[nebula] 0 entity object(s) were destroyed without a despawn; forgetting them
[nebula] 0 entity object(s) were destroyed without a despawn; forgetting them
[nebula] 0 entity object(s) were destroyed without a despawn; forgetting them
[nebula] 0 entity object(s) were destroyed without a despawn; forgetting them
[nebula] 0 entity object(s) were destroyed without a despawn; forgetting them
[nebula] 0 entity object(s) were destroyed without a despawn; forgetting them
[nebula] 0 entity object(s) were destroyed without a despawn; forgetting them
[nebula] 0 entity object(s) were destroyed without a despawn; forgetting them
[nebula] 0 entity object(s) were destroyed without a despawn; forgetting them
[nebula] 0 entity object(s) were destroyed without a despawn; forgetting them
[nebula] 0 entity object(s) were destroyed without a despawn; forgetting them
[nebula] 0 entity object(s) were destroyed without a despawn; forgetting them
[nebula] 0 entity object(s) were destroyed without a despawn; forgetting them
[nebula] 0 entity object(s) were destroyed without a despawn; forgetting them
[nebula] 0 entity object(s) were destroyed without a despawn; forgetting them
[nebula] 0 entity object(s) were destroyed without a despawn; forgetting them
[nebula] 0 entity object(s) were destroyed without a despawn; forgetting them
[nebula] 0 entity object(s) were destroyed without a despawn; forgetting them
[nebula] 0 entity object(s) were destroyed without a despawn; forgetting them
[nebula] 0 entity object(s) were destroyed without a despawn; forgetting them
[nebula] 0 entity object(s) were destroyed without a despawn; forgetting them
[nebula] 0 entity object(s) were destroyed without a despawn; forgetting them
[nebula] 0 entity object(s) were destroyed without a despawn; forgetting them
[nebula] 0 entity object(s) were destroyed without a despawn; forgetting them
[nebula] 0 entity object(s) were destroyed without a despawn; forgetting them
[nebula] 0 entity object(s) were destroyed without a despawn; forgetting them
[nebula] 0 entity object(s) were destroyed without a despawn; forgetting them
[nebula] 0 entity object(s) were destroyed without a despawn; forgetting them
[nebula] 0 entity object(s) were destroyed without a despawn; forgetting them
[nebula] 0 entity object(s) were destroyed without a despawn; forgetting them
[nebula] 0 entity object(s) were destroyed without a despawn; forgetting them
[nebula] 0 entity object(s) were destroyed without a despawn; forgetting them
[nebula] 0 entity object(s) were destroyed without a despawn; forgetting them
[nebula] 0 entity object(s) were destroyed without a despawn; forgetting them
[nebula] 0 entity object(s) were destroyed without a despawn; forgetting them
[nebula] 0 entity object(s) were destroyed without a despawn; forgetting them
[nebula] 0 entity object(s) were destroyed without a despawn; forgetting them
[nebula] 0 entity object(s) were destroyed without a despawn; forgetting them
[nebula] 0 entity object(s) were destroyed without a despawn; forgetting them
[nebula] 0 entity object(s) were destroyed without a despawn; forgetting them
[nebula] 0 entity object(s) were destroyed without a despawn; forgetting them
[nebula] 0 entity object(s) were destroyed without a despawn; forgetting them
[nebula] 0 entity object(s) were destroyed without a despawn; forgetting them
[nebula] 0 entity object(s) were destroyed without a despawn; forgetting them
[nebula] 0 entity object(s) were destroyed without a despawn; forgetting them
[nebula] 0 entity object(s) were destroyed without a despawn; forgetting them
[nebula] 0 entity object(s) were destroyed without a despawn; forgetting them
[nebula] 0 entity object(s) were destroyed without a despawn; forgetting them
[nebula] 0 entity object(s) were destroyed without a despawn; forgetting them
[nebula] 0 entity object(s) were destroyed without a despawn; forgetting them
[nebula] 0 entity object(s) were destroyed without a despawn; forgetting them
[nebula] 0 entity object(s) were destroyed without a despawn; forgetting them
[nebula] 0 entity object(s) were destroyed without a despawn; forgetting them
[nebula] 0 entity object(s) were destroyed without a despawn; forgetting them
[nebula] 0 entity object(s) were destroyed without a despawn; forgetting them
[nebula] 0 entity object(s) were destroyed without a despawn; forgetting them
[nebula] 0 entity object(s) were destroyed without a despawn; forgetting them
[nebula] 0 entity object(s) were destroyed without a despawn; forgetting them
[nebula] 0 entity object(s) were destroyed without a despawn; forgetting them
[nebula] 0 entity object(s) were destroyed without a despawn; forgetting them
[nebula] 0 entity object(s) were destroyed without a despawn; forgetting them
[nebula] 0 entity object(s) were destroyed without a despawn; forgetting them
[nebula] 0 entity object(s) were destroyed without a despawn; forgetting them
[nebula] 0 entity object(s) were destroyed without a despawn; forgetting them
[nebula] 0 entity object(s) were destroyed without a despawn; forgetting them
[nebula] 0 entity object(s) were destroyed without a despawn; forgetting them
[nebula] 0 entity object(s) were destroyed without a despawn; forgetting them
[nebula] 0 entity object(s) were destroyed without a despawn; forgetting them
[nebula] 0 entity object(s) were destroyed without a despawn; forgetting them
[nebula] 0 entity object(s) were destroyed without a despawn; forgetting them
[nebula] 0 entity object(s) were destroyed without a despawn; forgetting them
[nebula] 0 entity object(s) were destroyed without a despawn; forgetting them
[nebula] 0 entity object(s) were destroyed without a despawn; forgetting them
[nebula] 0 entity object(s) were destroyed without a despawn; forgetting them
[nebula] 0 entity object(s) were destroyed without a despawn; forgetting them
[nebula] 0 entity object(s) were destroyed without a despawn; forgetting them
[nebula] 0 entity object(s) were destroyed without a despawn; forgetting them
[nebula] 0 entity object(s) were destroyed without a despawn; forgetting them
[nebula] 0 entity object(s) were destroyed without a despawn; forgetting them
[nebula] 0 entity object(s) were destroyed without a despawn; forgetting them
[nebula] 0 entity object(s) were destroyed without a despawn; forgetting them
[nebula] 0 entity object(s) were destroyed without a despawn; forgetting them
[nebula] 0 entity object(s) were destroyed without a despawn; forgetting them
[nebula] 0 entity object(s) were destroyed without a despawn; forgetting them
[nebula] 0 entity object(s) were destroyed without a despawn; forgetting them
[nebula] 0 entity object(s) were destroyed without a despawn; forgetting them
[nebula] 0 entity object(s) were destroyed without a despawn; forgetting them
[nebula] 0 entity object(s) were destroyed without a despawn; forgetting them
[nebula] 0 entity object(s) were destroyed without a despawn; forgetting them
[nebula] 0 entity object(s) were destroyed without a despawn; forgetting them
[nebula] 0 entity object(s) were destroyed without a despawn; forgetting them
[nebula] 0 entity object(s) were destroyed without a despawn; forgetting them
[nebula] 0 entity object(s) were destroyed without a despawn; forgetting them
[nebula] 0 entity object(s) were destroyed without a despawn; forgetting them
[nebula] 0 entity object(s) were destroyed without a despawn; forgetting them
[nebula] 0 entity object(s) were destroyed without a despawn; forgetting them
[nebula] 0 entity object(s) were destroyed without a despawn; forgetting them
[nebula] 0 entity object(s) were destroyed without a despawn; forgetting them
[nebula] 0 entity object(s) were destroyed without a despawn; forgetting them
[nebula] 0 entity object(s) were destroyed without a despawn; forgetting them
[nebula] 0 entity object(s) were destroyed without a despawn; forgetting them
[nebula] 0 entity object(s) were destroyed without a despawn; forgetting them
[nebula] 0 entity object(s) were destroyed without a despawn; forgetting them
[nebula] 0 entity object(s) were destroyed without a despawn; forgetting them
[nebula] 0 entity object(s) were destroyed without a despawn; forgetting them
[nebula] 0 entity object(s) were destroyed without a despawn; forgetting them
[nebula] 0 entity object(s) were destroyed without a despawn; forgetting them
[nebula] 0 entity object(s) were destroyed without a despawn; forgetting them
[nebula] 0 entity object(s) were destroyed without a despawn; forgetting them
[nebula] 0 entity object(s) were destroyed without a despawn; forgetting them
[nebula] 0 entity object(s) were destroyed without a despawn; forgetting them
[nebula] 0 entity object(s) were destroyed without a despawn; forgetting them
[nebula] 0 entity object(s) were destroyed without a despawn; forgetting them
[nebula] 0 entity object(s) were destroyed without a despawn; forgetting them
[nebula] 0 entity object(s) were destroyed without a despawn; forgetting them
[nebula] 0 entity object(s) were destroyed without a despawn; forgetting them
[nebula] 0 entity object(s) were destroyed without a despawn; forgetting them
[nebula] 0 entity object(s) were destroyed without a despawn; forgetting them
[nebula] 0 entity object(s) were destroyed without a despawn; forgetting them
[nebula] 0 entity object(s) were destroyed without a despawn; forgetting them
[nebula] 0 entity object(s) were destroyed without a despawn; forgetting them
[nebula] 0 entity object(s) were destroyed without a despawn; forgetting them
[nebula] 0 entity object(s) were destroyed without a despawn; forgetting them
[nebula] 0 entity object(s) were destroyed without a despawn; forgetting them
[nebula] 0 entity object(s) were destroyed without a despawn; forgetting them
[nebula] 0 entity object(s) were destroyed without a despawn; forgetting them
[nebula] 0 entity object(s) were destroyed without a despawn; forgetting them
[nebula] 0 entity object(s) were destroyed without a despawn; forgetting them
[nebula] 0 entity object(s) were destroyed without a despawn; forgetting them
[nebula] 0 entity object(s) were destroyed without a despawn; forgetting them
[nebula] 0 entity object(s) were destroyed without a despawn; forgetting them
[nebula] 0 entity object(s) were destroyed without a despawn; forgetting them
[nebula] 0 entity object(s) were destroyed without a despawn; forgetting them
[nebula] 0 entity object(s) were destroyed without a despawn; forgetting them
[nebula] 0 entity object(s) were destroyed without a despawn; forgetting them
[nebula] 0 entity object(s) were destroyed without a despawn; forgetting them
[nebula] 0 entity object(s) were destroyed without a despawn; forgetting them
[nebula] 0 entity object(s) were destroyed without a despawn; forgetting them
[nebula] 0 entity object(s) were destroyed without a despawn; forgetting them
[nebula] 0 entity object(s) were destroyed without a despawn; forgetting them
[nebula] 0 entity object(s) were destroyed without a despawn; forgetting them
[nebula] 0 entity object(s) were destroyed without a despawn; forgetting them
[nebula] 0 entity object(s) were destroyed without a despawn; forgetting them
[nebula] 0 entity object(s) were destroyed without a despawn; forgetting them
[nebula] 0 entity object(s) were destroyed without a despawn; forgetting them
[nebula] 0 entity object(s) were destroyed without a despawn; forgetting them
[nebula] 0 entity object(s) were destroyed without a despawn; forgetting them
[nebula] 0 entity object(s) were destroyed without a despawn; forgetting them
[nebula] 0 entity object(s) were destroyed without a despawn; forgetting them
[nebula] 0 entity object(s) were destroyed without a despawn; forgetting them
[nebula] 0 entity object(s) were destroyed without a despawn; forgetting them
[nebula] 0 entity object(s) were destroyed without a despawn; forgetting them
[nebula] 0 entity object(s) were destroyed without a despawn; forgetting them
[nebula] 0 entity object(s) were destroyed without a despawn; forgetting them
[nebula] 0 entity object(s) were destroyed without a despawn; forgetting them
[nebula] 0 entity object(s) were destroyed without a despawn; forgetting them
[nebula] 0 entity object(s) were destroyed without a despawn; forgetting them
[nebula] 0 entity object(s) were destroyed without a despawn; forgetting them
[nebula] 0 entity object(s) were destroyed without a despawn; forgetting them
[nebula] 0 entity object(s) were destroyed without a despawn; forgetting them
[nebula] 0 entity object(s) were destroyed without a despawn; forgetting them
[nebula] 0 entity object(s) were destroyed without a despawn; forgetting them
[nebula] 0 entity object(s) were destroyed without a despawn; forgetting them
[nebula] 0 entity object(s) were destroyed without a despawn; forgetting them
[nebula] 0 entity object(s) were destroyed without a despawn; forgetting them
[nebula] 0 entity object(s) were destroyed without a despawn; forgetting them
[nebula] 0 entity object(s) were destroyed without a despawn; forgetting them
[nebula] 0 entity object(s) were destroyed without a despawn; forgetting them
[nebula] 0 entity object(s) were destroyed without a despawn; forgetting them
[nebula] 0 entity object(s) were destroyed without a despawn; forgetting them
[nebula] 0 entity object(s) were destroyed without a despawn; forgetting them
[nebula] 0 entity object(s) were destroyed without a despawn; forgetting them
[nebula] 0 entity object(s) were destroyed without a despawn; forgetting them
[nebula] 0 entity object(s) were destroyed without a despawn; forgetting them
[nebula] 0 entity object(s) were destroyed without a despawn; forgetting them
[nebula] 0 entity object(s) were destroyed without a despawn; forgetting them
[nebula] 0 entity object(s) were destroyed without a despawn; forgetting them
[nebula] 0 entity object(s) were destroyed without a despawn; forgetting them
[nebula] 0 entity object(s) were destroyed without a despawn; forgetting them
[nebula] 0 entity object(s) were destroyed without a despawn; forgetting them
[nebula] 0 entity object(s) were destroyed without a despawn; forgetting them
[nebula] 0 entity object(s) were destroyed without a despawn; forgetting them
[nebula] 0 entity object(s) were destroyed without a despawn; forgetting them
[nebula] 0 entity object(s) were destroyed without a despawn; forgetting them
[nebula] 0 entity object(s) were destroyed without a despawn; forgetting them
[nebula] 0 entity object(s) were destroyed without a despawn; forgetting them
[nebula] 0 entity object(s) were destroyed without a despawn; forgetting them
[nebula] 0 entity object(s) were destroyed without a despawn; forgetting them
[nebula] 0 entity object(s) were destroyed without a despawn; forgetting them
[nebula] 0 entity object(s) were destroyed without a despawn; forgetting them
[nebula] 0 entity object(s) were destroyed without a despawn; forgetting them
[nebula] 0 entity object(s) were destroyed without a despawn; forgetting them
[nebula] 0 entity object(s) were destroyed without a despawn; forgetting them
[nebula] 0 entity object(s) were destroyed without a despawn; forgetting them
[nebula] 0 entity object(s) were destroyed without a despawn; forgetting them
[nebula] 0 entity object(s) were destroyed without a despawn; forgetting them
[nebula] 0 entity object(s) were destroyed without a despawn; forgetting them
[nebula] 0 entity object(s) were destroyed without a despawn; forgetting them
[nebula] 0 entity object(s) were destroyed without a despawn; forgetting them
[nebula] 0 entity object(s) were destroyed without a despawn; forgetting them
[nebula] 0 entity object(s) were destroyed without a despawn; forgetting them
[nebula] 0 entity object(s) were destroyed without a despawn; forgetting them
[nebula] 0 entity object(s) were destroyed without a despawn; forgetting them
[nebula] 0 entity object(s) were destroyed without a despawn; forgetting them
[nebula] 0 entity object(s) were destroyed without a despawn; forgetting them
[nebula] 0 entity object(s) were destroyed without a despawn; forgetting them
[nebula] 0 entity object(s) were destroyed without a despawn; forgetting them
[nebula] 0 entity object(s) were destroyed without a despawn; forgetting them
[nebula] 0 entity object(s) were destroyed without a despawn; forgetting them
[nebula] 0 entity object(s) were destroyed without a despawn; forgetting them
[nebula] 0 entity object(s) were destroyed without a despawn; forgetting them
[nebula] 0 entity object(s) were destroyed without a despawn; forgetting them
[nebula] 0 entity object(s) were destroyed without a despawn; forgetting them
[nebula] 0 entity object(s) were destroyed without a despawn; forgetting them
[nebula] 0 entity object(s) were destroyed without a despawn; forgetting them
[nebula] 0 entity object(s) were destroyed without a despawn; forgetting them
[nebula] 0 entity object(s) were destroyed without a despawn; forgetting them
[nebula] 0 entity object(s) were destroyed without a despawn; forgetting them
[nebula] 0 entity object(s) were destroyed without a despawn; forgetting them
[nebula] 0 entity object(s) were destroyed without a despawn; forgetting them
[nebula] 0 entity object(s) were destroyed without a despawn; forgetting them
[nebula] 0 entity object(s) were destroyed without a despawn; forgetting them
[nebula] 0 entity object(s) were destroyed without a despawn; forgetting them
[nebula] 0 entity object(s) were destroyed without a despawn; forgetting them
[nebula] 0 entity object(s) were destroyed without a despawn; forgetting them
[nebula] 0 entity object(s) were destroyed without a despawn; forgetting them
[nebula] 0 entity object(s) were destroyed without a despawn; forgetting them
[nebula] 0 entity object(s) were destroyed without a despawn; forgetting them
[nebula] 0 entity object(s) were destroyed without a despawn; forgetting them
[nebula] 0 entity object(s) were destroyed without a despawn; forgetting them
[nebula] 0 entity object(s) were destroyed without a despawn; forgetting them
[nebula] 0 entity object(s) were destroyed without a despawn; forgetting them
[nebula] 0 entity object(s) were destroyed without a despawn; forgetting them
[nebula] 0 entity object(s) were destroyed without a despawn; forgetting them
[nebula] 0 entity object(s) were destroyed without a despawn; forgetting them
[nebula] 0 entity object(s) were destroyed without a despawn; forgetting them
[nebula] 0 entity object(s) were destroyed without a despawn; forgetting them
[nebula] 0 entity object(s) were destroyed without a despawn; forgetting them
[nebula] 0 entity object(s) were destroyed without a despawn; forgetting them
[nebula] 0 entity object(s) were destroyed without a despawn; forgetting them
[nebula] 0 entity object(s) were destroyed without a despawn; forgetting them
[nebula] 0 entity object(s) were destroyed without a despawn; forgetting them
[nebula] 0 entity object(s) were destroyed without a despawn; forgetting them
[nebula] 0 entity object(s) were destroyed without a despawn; forgetting them
[nebula] 0 entity object(s) were destroyed without a despawn; forgetting them
[nebula] 0 entity object(s) were destroyed without a despawn; forgetting them
[nebula] 0 entity object(s) were destroyed without a despawn; forgetting them
[nebula] 0 entity object(s) were destroyed without a despawn; forgetting them
[nebula] 0 entity object(s) were destroyed without a despawn; forgetting them
[nebula] 0 entity object(s) were destroyed without a despawn; forgetting them
[nebula] 0 entity object(s) were destroyed without a despawn; forgetting them
[nebula] 0 entity object(s) were destroyed without a despawn; forgetting them
[nebula] 0 entity object(s) were destroyed without a despawn; forgetting them
[nebula] 0 entity object(s) were destroyed without a despawn; forgetting them
[nebula] 0 entity object(s) were destroyed without a despawn; forgetting them
[nebula] 0 entity object(s) were destroyed without a despawn; forgetting them
[nebula] 0 entity object(s) were destroyed without a despawn; forgetting them
[nebula] 0 entity object(s) were destroyed without a despawn; forgetting them
[nebula] 0 entity object(s) were destroyed without a despawn; forgetting them
[nebula] 0 entity object(s) were destroyed without a despawn; forgetting them
[nebula] 0 entity object(s) were destroyed without a despawn; forgetting them
[nebula] profile 300 ticks/5s 300 frames avg 0.6ms max 0.9ms dup 0 skip 0 gc 33 auth 21 ghosts 0 | poll=0.00 ghosts=0.00 physics.sync=0.00 simulate=0.01 poses=0.03 containers=0.39 band=0.02 publish=0.01 gap=16.10 interest=0.01
[nebula] 0 entity object(s) were destroyed without a despawn; forgetting them
[nebula] 0 entity object(s) were destroyed without a despawn; forgetting them
[nebula] 0 entity object(s) were destroyed without a despawn; forgetting them
[nebula] 0 entity object(s) were destroyed without a despawn; forgetting them
[nebula] 0 entity object(s) were destroyed without a despawn; forgetting them
[nebula] 0 entity object(s) were destroyed without a despawn; forgetting them
[nebula] 0 entity object(s) were destroyed without a despawn; forgetting them
[nebula] 0 entity object(s) were destroyed without a despawn; forgetting them
[nebula] 0 entity object(s) were destroyed without a despawn; forgetting them
[nebula] 0 entity object(s) were destroyed without a despawn; forgetting them
[nebula] 0 entity object(s) were destroyed without a despawn; forgetting them
[nebula] 0 entity object(s) were destroyed without a despawn; forgetting them
[nebula] 0 entity object(s) were destroyed without a despawn; forgetting them
[nebula] 0 entity object(s) were destroyed without a despawn; forgetting them
[nebula] 0 entity object(s) were destroyed without a despawn; forgetting them
[nebula] 0 entity object(s) were destroyed without a despawn; forgetting them
[nebula] 0 entity object(s) were destroyed without a despawn; forgetting them
[nebula] 0 entity object(s) were destroyed without a despawn; forgetting them
[nebula] 0 entity object(s) were destroyed without a despawn; forgetting them
[nebula] 0 entity object(s) were destroyed without a despawn; forgetting them
[nebula] 0 entity object(s) were destroyed without a despawn; forgetting them
[nebula] 0 entity object(s) were destroyed without a despawn; forgetting them
[nebula] 0 entity object(s) were destroyed without a despawn; forgetting them
[nebula] 0 entity object(s) were destroyed without a despawn; forgetting them
[nebula] 0 entity object(s) were destroyed without a despawn; forgetting them
[nebula] 0 entity object(s) were destroyed without a despawn; forgetting them
[nebula] 0 entity object(s) were destroyed without a despawn; forgetting them
[nebula] 0 entity object(s) were destroyed without a despawn; forgetting them
[nebula] 0 entity object(s) were destroyed without a despawn; forgetting them
[nebula] 0 entity object(s) were destroyed without a despawn; forgetting them
[nebula] 0 entity object(s) were destroyed without a despawn; forgetting them
[nebula] 0 entity object(s) were destroyed without a despawn; forgetting them
[nebula] 0 entity object(s) were destroyed without a despawn; forgetting them
[nebula] 0 entity object(s) were destroyed without a despawn; forgetting them
[nebula] 0 entity object(s) were destroyed without a despawn; forgetting them
[nebula] 0 entity object(s) were destroyed without a despawn; forgetting them
[nebula] 0 entity object(s) were destroyed without a despawn; forgetting them
[nebula] 0 entity object(s) were destroyed without a despawn; forgetting them
[nebula] 0 entity object(s) were destroyed without a despawn; forgetting them
[nebula] 0 entity object(s) were destroyed without a despawn; forgetting them
[nebula] 0 entity object(s) were destroyed without a despawn; forgetting them
[nebula] 0 entity object(s) were destroyed without a despawn; forgetting them
[nebula] 0 entity object(s) were destroyed without a despawn; forgetting them
[nebula] 0 entity object(s) were destroyed without a despawn; forgetting them
[nebula] 0 entity object(s) were destroyed without a despawn; forgetting them
[nebula] 0 entity object(s) were destroyed without a despawn; forgetting them
[nebula] 0 entity object(s) were destroyed without a despawn; forgetting them
[nebula] 0 entity object(s) were destroyed without a despawn; forgetting them
[nebula] 0 entity object(s) were destroyed without a despawn; forgetting them
[nebula] 0 entity object(s) were destroyed without a despawn; forgetting them
[nebula] 0 entity object(s) were destroyed without a despawn; forgetting them
[nebula] 0 entity object(s) were destroyed without a despawn; forgetting them
[nebula] 0 entity object(s) were destroyed without a despawn; forgetting them
[nebula] 0 entity object(s) were destroyed without a despawn; forgetting them
[nebula] 0 entity object(s) were destroyed without a despawn; forgetting them
[nebula] 0 entity object(s) were destroyed without a despawn; forgetting them
[nebula] 0 entity object(s) were destroyed without a despawn; forgetting them
[nebula] 0 entity object(s) were destroyed without a despawn; forgetting them
[nebula] 0 entity object(s) were destroyed without a despawn; forgetting them
[nebula] 0 entity object(s) were destroyed without a despawn; forgetting them
[nebula] 0 entity object(s) were destroyed without a despawn; forgetting them
[nebula] 0 entity object(s) were destroyed without a despawn; forgetting them
[nebula] 0 entity object(s) were destroyed without a despawn; forgetting them
[nebula] 0 entity object(s) were destroyed without a despawn; forgetting them
[nebula] 0 entity object(s) were destroyed without a despawn; forgetting them
[nebula] 0 entity object(s) were destroyed without a despawn; forgetting them
[nebula] 0 entity object(s) were destroyed without a despawn; forgetting them
[nebula] 0 entity object(s) were destroyed without a despawn; forgetting them
[nebula] 0 entity object(s) were destroyed without a despawn; forgetting them
[nebula] 0 entity object(s) were destroyed without a despawn; forgetting them
[nebula] 0 entity object(s) were destroyed without a despawn; forgetting them
[nebula] 0 entity object(s) were destroyed without a despawn; forgetting them
[nebula] 0 entity object(s) were destroyed without a despawn; forgetting them
[nebula] 0 entity object(s) were destroyed without a despawn; forgetting them
[nebula] 0 entity object(s) were destroyed without a despawn; forgetting them
[nebula] 0 entity object(s) were destroyed without a despawn; forgetting them
[nebula] 0 entity object(s) were destroyed without a despawn; forgetting them
[nebula] 0 entity object(s) were destroyed without a despawn; forgetting them
[nebula] 0 entity object(s) were destroyed without a despawn; forgetting them
[nebula] 0 entity object(s) were destroyed without a despawn; forgetting them
[nebula] 0 entity object(s) were destroyed without a despawn; forgetting them
[nebula] 0 entity object(s) were destroyed without a despawn; forgetting them
[nebula] 0 entity object(s) were destroyed without a despawn; forgetting them
[nebula] 0 entity object(s) were destroyed without a despawn; forgetting them
[nebula] 0 entity object(s) were destroyed without a despawn; forgetting them
[nebula] 0 entity object(s) were destroyed without a despawn; forgetting them
[nebula] 0 entity object(s) were destroyed without a despawn; forgetting them
[nebula] 0 entity object(s) were destroyed without a despawn; forgetting them
[nebula] 0 entity object(s) were destroyed without a despawn; forgetting them
[nebula] 0 entity object(s) were destroyed without a despawn; forgetting them
[nebula] 0 entity object(s) were destroyed without a despawn; forgetting them
[nebula] 0 entity object(s) were destroyed without a despawn; forgetting them
[nebula] 0 entity object(s) were destroyed without a despawn; forgetting them
[nebula] 0 entity object(s) were destroyed without a despawn; forgetting them
[nebula] 0 entity object(s) were destroyed without a despawn; forgetting them
[nebula] 0 entity object(s) were destroyed without a despawn; forgetting them
[nebula] 0 entity object(s) were destroyed without a despawn; forgetting them
[nebula] 0 entity object(s) were destroyed without a despawn; forgetting them
[nebula] 0 entity object(s) were destroyed without a despawn; forgetting them
[nebula] 0 entity object(s) were destroyed without a despawn; forgetting them
[nebula] 0 entity object(s) were destroyed without a despawn; forgetting them
[nebula] 0 entity object(s) were destroyed without a despawn; forgetting them
[nebula] 0 entity object(s) were destroyed without a despawn; forgetting them
[nebula] 0 entity object(s) were destroyed without a despawn; forgetting them
[nebula] 0 entity object(s) were destroyed without a despawn; forgetting them
[nebula] 0 entity object(s) were destroyed without a despawn; forgetting them
[nebula] 0 entity object(s) were destroyed without a despawn; forgetting them
[nebula] 0 entity object(s) were destroyed without a despawn; forgetting them
[nebula] 0 entity object(s) were destroyed without a despawn; forgetting them
[nebula] 0 entity object(s) were destroyed without a despawn; forgetting them
[nebula] 0 entity object(s) were destroyed without a despawn; forgetting them
[nebula] 0 entity object(s) were destroyed without a despawn; forgetting them
[nebula] 0 entity object(s) were destroyed without a despawn; forgetting them
[nebula] 0 entity object(s) were destroyed without a despawn; forgetting them
[nebula] 0 entity object(s) were destroyed without a despawn; forgetting them
[nebula] 0 entity object(s) were destroyed without a despawn; forgetting them
[nebula] 0 entity object(s) were destroyed without a despawn; forgetting them
[nebula] 0 entity object(s) were destroyed without a despawn; forgetting them
[nebula] 0 entity object(s) were destroyed without a despawn; forgetting them
[nebula] 0 entity object(s) were destroyed without a despawn; forgetting them
[nebula] 0 entity object(s) were destroyed without a despawn; forgetting them
[nebula] 0 entity object(s) were destroyed without a despawn; forgetting them
[nebula] 0 entity object(s) were destroyed without a despawn; forgetting them
[nebula] 0 entity object(s) were destroyed without a despawn; forgetting them
[nebula] 0 entity object(s) were destroyed without a despawn; forgetting them
[nebula] 0 entity object(s) were destroyed without a despawn; forgetting them
[nebula] 0 entity object(s) were destroyed without a despawn; forgetting them
[nebula] 0 entity object(s) were destroyed without a despawn; forgetting them
[nebula] 0 entity object(s) were destroyed without a despawn; forgetting them
[nebula] 0 entity object(s) were destroyed without a despawn; forgetting them
[nebula] 0 entity object(s) were destroyed without a despawn; forgetting them
[nebula] 0 entity object(s) were destroyed without a despawn; forgetting them
[nebula] 0 entity object(s) were destroyed without a despawn; forgetting them
[nebula] 0 entity object(s) were destroyed without a despawn; forgetting them
[nebula] 0 entity object(s) were destroyed without a despawn; forgetting them
[nebula] 0 entity object(s) were destroyed without a despawn; forgetting them
[nebula] 0 entity object(s) were destroyed without a despawn; forgetting them
[nebula] 0 entity object(s) were destroyed without a despawn; forgetting them
[nebula] 0 entity object(s) were destroyed without a despawn; forgetting them
[nebula] 0 entity object(s) were destroyed without a despawn; forgetting them
[nebula] 0 entity object(s) were destroyed without a despawn; forgetting them
[nebula] 0 entity object(s) were destroyed without a despawn; forgetting them
[nebula] 0 entity object(s) were destroyed without a despawn; forgetting them
[nebula] 0 entity object(s) were destroyed without a despawn; forgetting them
[nebula] 0 entity object(s) were destroyed without a despawn; forgetting them
[nebula] 0 entity object(s) were destroyed without a despawn; forgetting them
[nebula] 0 entity object(s) were destroyed without a despawn; forgetting them
[nebula] 0 entity object(s) were destroyed without a despawn; forgetting them
[nebula] 0 entity object(s) were destroyed without a despawn; forgetting them
[nebula] 0 entity object(s) were destroyed without a despawn; forgetting them
[nebula] 0 entity object(s) were destroyed without a despawn; forgetting them
[nebula] 0 entity object(s) were destroyed without a despawn; forgetting them
[nebula] 0 entity object(s) were destroyed without a despawn; forgetting them
[nebula] 0 entity object(s) were destroyed without a despawn; forgetting them
[nebula] 0 entity object(s) were destroyed without a despawn; forgetting them
[nebula] 0 entity object(s) were destroyed without a despawn; forgetting them
[nebula] 0 entity object(s) were destroyed without a despawn; forgetting them
[nebula] 0 entity object(s) were destroyed without a despawn; forgetting them
[nebula] 0 entity object(s) were destroyed without a despawn; forgetting them
[nebula] 0 entity object(s) were destroyed without a despawn; forgetting them
[nebula] 0 entity object(s) were destroyed without a despawn; forgetting them
[nebula] 0 entity object(s) were destroyed without a despawn; forgetting them
[nebula] 0 entity object(s) were destroyed without a despawn; forgetting them
[nebula] 0 entity object(s) were destroyed without a despawn; forgetting them
[nebula] 0 entity object(s) were destroyed without a despawn; forgetting them
[nebula] 0 entity object(s) were destroyed without a despawn; forgetting them
[nebula] 0 entity object(s) were destroyed without a despawn; forgetting them
[nebula] 0 entity object(s) were destroyed without a despawn; forgetting them
[nebula] 0 entity object(s) were destroyed without a despawn; forgetting them
[nebula] 0 entity object(s) were destroyed without a despawn; forgetting them
[nebula] 0 entity object(s) were destroyed without a despawn; forgetting them
[nebula] 0 entity object(s) were destroyed without a despawn; forgetting them
[nebula] 0 entity object(s) were destroyed without a despawn; forgetting them
[nebula] 0 entity object(s) were destroyed without a despawn; forgetting them
[nebula] 0 entity object(s) were destroyed without a despawn; forgetting them
[nebula] 0 entity object(s) were destroyed without a despawn; forgetting them
[nebula] 0 entity object(s) were destroyed without a despawn; forgetting them
[nebula] 0 entity object(s) were destroyed without a despawn; forgetting them
[nebula] 0 entity object(s) were destroyed without a despawn; forgetting them
[nebula] 0 entity object(s) were destroyed without a despawn; forgetting them
[nebula] 0 entity object(s) were destroyed without a despawn; forgetting them
[nebula] 0 entity object(s) were destroyed without a despawn; forgetting them
[nebula] 0 entity object(s) were destroyed without a despawn; forgetting them
[nebula] 0 entity object(s) were destroyed without a despawn; forgetting them
[nebula] 0 entity object(s) were destroyed without a despawn; forgetting them
[nebula] 0 entity object(s) were destroyed without a despawn; forgetting them
[nebula] 0 entity object(s) were destroyed without a despawn; forgetting them
[nebula] 0 entity object(s) were destroyed without a despawn; forgetting them
[nebula] 0 entity object(s) were destroyed without a despawn; forgetting them
[nebula] 0 entity object(s) were destroyed without a despawn; forgetting them
[nebula] 0 entity object(s) were destroyed without a despawn; forgetting them
[nebula] 0 entity object(s) were destroyed without a despawn; forgetting them
[nebula] 0 entity object(s) were destroyed without a despawn; forgetting them
[nebula] 0 entity object(s) were destroyed without a despawn; forgetting them
[nebula] 0 entity object(s) were destroyed without a despawn; forgetting them
[nebula] 0 entity object(s) were destroyed without a despawn; forgetting them
[nebula] 0 entity object(s) were destroyed without a despawn; forgetting them
[nebula] 0 entity object(s) were destroyed without a despawn; forgetting them
[nebula] 0 entity object(s) were destroyed without a despawn; forgetting them
[nebula] 0 entity object(s) were destroyed without a despawn; forgetting them
[nebula] 0 entity object(s) were destroyed without a despawn; forgetting them
[nebula] 0 entity object(s) were destroyed without a despawn; forgetting them
[nebula] 0 entity object(s) were destroyed without a despawn; forgetting them
[nebula] 0 entity object(s) were destroyed without a despawn; forgetting them
[nebula] 0 entity object(s) were destroyed without a despawn; forgetting them
[nebula] 0 entity object(s) were destroyed without a despawn; forgetting them
[nebula] 0 entity object(s) were destroyed without a despawn; forgetting them
[nebula] 0 entity object(s) were destroyed without a despawn; forgetting them
[nebula] 0 entity object(s) were destroyed without a despawn; forgetting them
[nebula] 0 entity object(s) were destroyed without a despawn; forgetting them
[nebula] 0 entity object(s) were destroyed without a despawn; forgetting them
[nebula] 0 entity object(s) were destroyed without a despawn; forgetting them
[nebula] 0 entity object(s) were destroyed without a despawn; forgetting them
[nebula] 0 entity object(s) were destroyed without a despawn; forgetting them
[nebula] 0 entity object(s) were destroyed without a despawn; forgetting them
[nebula] 0 entity object(s) were destroyed without a despawn; forgetting them
[nebula] 0 entity object(s) were destroyed without a despawn; forgetting them
[nebula] 0 entity object(s) were destroyed without a despawn; forgetting them
[nebula] 0 entity object(s) were destroyed without a despawn; forgetting them
[nebula] 0 entity object(s) were destroyed without a despawn; forgetting them
[nebula] 0 entity object(s) were destroyed without a despawn; forgetting them
[nebula] 0 entity object(s) were destroyed without a despawn; forgetting them
[nebula] 0 entity object(s) were destroyed without a despawn; forgetting them
[nebula] 0 entity object(s) were destroyed without a despawn; forgetting them
[nebula] 0 entity object(s) were destroyed without a despawn; forgetting them
[nebula] 0 entity object(s) were destroyed without a despawn; forgetting them
[nebula] 0 entity object(s) were destroyed without a despawn; forgetting them
[nebula] 0 entity object(s) were destroyed without a despawn; forgetting them
[nebula] 0 entity object(s) were destroyed without a despawn; forgetting them
[nebula] 0 entity object(s) were destroyed without a despawn; forgetting them
[nebula] 0 entity object(s) were destroyed without a despawn; forgetting them
[nebula] 0 entity object(s) were destroyed without a despawn; forgetting them
[nebula] 0 entity object(s) were destroyed without a despawn; forgetting them
[nebula] 0 entity object(s) were destroyed without a despawn; forgetting them
[nebula] 0 entity object(s) were destroyed without a despawn; forgetting them
[nebula] 0 entity object(s) were destroyed without a despawn; forgetting them
[nebula] 0 entity object(s) were destroyed without a despawn; forgetting them
[nebula] 0 entity object(s) were destroyed without a despawn; forgetting them
[nebula] 0 entity object(s) were destroyed without a despawn; forgetting them
[nebula] 0 entity object(s) were destroyed without a despawn; forgetting them
[nebula] 0 entity object(s) were destroyed without a despawn; forgetting them
[nebula] 0 entity object(s) were destroyed without a despawn; forgetting them
[nebula] 0 entity object(s) were destroyed without a despawn; forgetting them
[nebula] 0 entity object(s) were destroyed without a despawn; forgetting them
[nebula] 0 entity object(s) were destroyed without a despawn; forgetting them
[nebula] 0 entity object(s) were destroyed without a despawn; forgetting them
[nebula] 0 entity object(s) were destroyed without a despawn; forgetting them
[nebula] 0 entity object(s) were destroyed without a despawn; forgetting them
[nebula] 0 entity object(s) were destroyed without a despawn; forgetting them
[nebula] 0 entity object(s) were destroyed without a despawn; forgetting them
[nebula] 0 entity object(s) were destroyed without a despawn; forgetting them
[nebula] 0 entity object(s) were destroyed without a despawn; forgetting them
[nebula] 0 entity object(s) were destroyed without a despawn; forgetting them
[nebula] 0 entity object(s) were destroyed without a despawn; forgetting them
[nebula] 0 entity object(s) were destroyed without a despawn; forgetting them
[nebula] 0 entity object(s) were destroyed without a despawn; forgetting them
[nebula] 0 entity object(s) were destroyed without a despawn; forgetting them
[nebula] 0 entity object(s) were destroyed without a despawn; forgetting them
[nebula] 0 entity object(s) were destroyed without a despawn; forgetting them
[nebula] 0 entity object(s) were destroyed without a despawn; forgetting them
[nebula] 0 entity object(s) were destroyed without a despawn; forgetting them
[nebula] 0 entity object(s) were destroyed without a despawn; forgetting them
[nebula] 0 entity object(s) were destroyed without a despawn; forgetting them
[nebula] 0 entity object(s) were destroyed without a despawn; forgetting them
[nebula] 0 entity object(s) were destroyed without a despawn; forgetting them
[nebula] 0 entity object(s) were destroyed without a despawn; forgetting them
[nebula] 0 entity object(s) were destroyed without a despawn; forgetting them
[nebula] 0 entity object(s) were destroyed without a despawn; forgetting them
[nebula] 0 entity object(s) were destroyed without a despawn; forgetting them
[nebula] 0 entity object(s) were destroyed without a despawn; forgetting them
[nebula] 0 entity object(s) were destroyed without a despawn; forgetting them
[nebula] 0 entity object(s) were destroyed without a despawn; forgetting them
[nebula] 0 entity object(s) were destroyed without a despawn; forgetting them
[nebula] 0 entity object(s) were destroyed without a despawn; forgetting them
[nebula] 0 entity object(s) were destroyed without a despawn; forgetting them
[nebula] 0 entity object(s) were destroyed without a despawn; forgetting them
[nebula] 0 entity object(s) were destroyed without a despawn; forgetting them
[nebula] 0 entity object(s) were destroyed without a despawn; forgetting them
[nebula] 0 entity object(s) were destroyed without a despawn; forgetting them
[nebula] 0 entity object(s) were destroyed without a despawn; forgetting them
[nebula] 0 entity object(s) were destroyed without a despawn; forgetting them
[nebula] 0 entity object(s) were destroyed without a despawn; forgetting them
[nebula] 0 entity object(s) were destroyed without a despawn; forgetting them
[nebula] 0 entity object(s) were destroyed without a despawn; forgetting them
[nebula] 0 entity object(s) were destroyed without a despawn; forgetting them
[nebula] 0 entity object(s) were destroyed without a despawn; forgetting them
[nebula] 0 entity object(s) were destroyed without a despawn; forgetting them
[nebula] 0 entity object(s) were destroyed without a despawn; forgetting them
[nebula] 0 entity object(s) were destroyed without a despawn; forgetting them
[nebula] 0 entity object(s) were destroyed without a despawn; forgetting them
[nebula] 0 entity object(s) were destroyed without a despawn; forgetting them
[nebula] 0 entity object(s) were destroyed without a despawn; forgetting them
[nebula] 0 entity object(s) were destroyed without a despawn; forgetting them
[nebula] 0 entity object(s) were destroyed without a despawn; forgetting them
[nebula] 0 entity object(s) were destroyed without a despawn; forgetting them
[nebula] 0 entity object(s) were destroyed without a despawn; forgetting them
[nebula] 0 entity object(s) were destroyed without a despawn; forgetting them
[nebula] 0 entity object(s) were destroyed without a despawn; forgetting them
[nebula] 0 entity object(s) were destroyed without a despawn; forgetting them
[nebula] 0 entity object(s) were destroyed without a despawn; forgetting them
[nebula] profile 300 ticks/5s 300 frames avg 0.6ms max 0.9ms dup 0 skip 0 gc 32 auth 21 ghosts 0 | poll=0.00 ghosts=0.00 physics.sync=0.00 simulate=0.01 poses=0.03 containers=0.39 band=0.02 publish=0.01 gap=16.10 interest=0.01
[nebula] 0 entity object(s) were destroyed without a despawn; forgetting them
[nebula] 0 entity object(s) were destroyed without a despawn; forgetting them
[nebula] 0 entity object(s) were destroyed without a despawn; forgetting them
[nebula] 0 entity object(s) were destroyed without a despawn; forgetting them
[nebula] 0 entity object(s) were destroyed without a despawn; forgetting them
[nebula] 0 entity object(s) were destroyed without a despawn; forgetting them
[nebula] 0 entity object(s) were destroyed without a despawn; forgetting them
[nebula] 0 entity object(s) were destroyed without a despawn; forgetting them
[nebula] 0 entity object(s) were destroyed without a despawn; forgetting them
[nebula] 0 entity object(s) were destroyed without a despawn; forgetting them
[nebula] 0 entity object(s) were destroyed without a despawn; forgetting them
[nebula] 0 entity object(s) were destroyed without a despawn; forgetting them
[nebula] 0 entity object(s) were destroyed without a despawn; forgetting them
[nebula] 0 entity object(s) were destroyed without a despawn; forgetting them
[nebula] 0 entity object(s) were destroyed without a despawn; forgetting them
[nebula] 0 entity object(s) were destroyed without a despawn; forgetting them
[nebula] 0 entity object(s) were destroyed without a despawn; forgetting them
[nebula] 0 entity object(s) were destroyed without a despawn; forgetting them
[nebula] 0 entity object(s) were destroyed without a despawn; forgetting them
[nebula] 0 entity object(s) were destroyed without a despawn; forgetting them
[nebula] 0 entity object(s) were destroyed without a despawn; forgetting them
[nebula] 0 entity object(s) were destroyed without a despawn; forgetting them
[nebula] 0 entity object(s) were destroyed without a despawn; forgetting them
[nebula] 0 entity object(s) were destroyed without a despawn; forgetting them
[nebula] 0 entity object(s) were destroyed without a despawn; forgetting them
[nebula] 0 entity object(s) were destroyed without a despawn; forgetting them
[nebula] 0 entity object(s) were destroyed without a despawn; forgetting them
[nebula] 0 entity object(s) were destroyed without a despawn; forgetting them
[nebula] 0 entity object(s) were destroyed without a despawn; forgetting them
[nebula] 0 entity object(s) were destroyed without a despawn; forgetting them
[nebula] 0 entity object(s) were destroyed without a despawn; forgetting them
[nebula] 0 entity object(s) were destroyed without a despawn; forgetting them
[nebula] 0 entity object(s) were destroyed without a despawn; forgetting them
[nebula] 0 entity object(s) were destroyed without a despawn; forgetting them
[nebula] 0 entity object(s) were destroyed without a despawn; forgetting them
[nebula] 0 entity object(s) were destroyed without a despawn; forgetting them
[nebula] 0 entity object(s) were destroyed without a despawn; forgetting them
[nebula] 0 entity object(s) were destroyed without a despawn; forgetting them
[nebula] 0 entity object(s) were destroyed without a despawn; forgetting them
[nebula] 0 entity object(s) were destroyed without a despawn; forgetting them
[nebula] 0 entity object(s) were destroyed without a despawn; forgetting them
[nebula] 0 entity object(s) were destroyed without a despawn; forgetting them
[nebula] 0 entity object(s) were destroyed without a despawn; forgetting them
[nebula] 0 entity object(s) were destroyed without a despawn; forgetting them
[nebula] 0 entity object(s) were destroyed without a despawn; forgetting them
[nebula] 0 entity object(s) were destroyed without a despawn; forgetting them
[nebula] 0 entity object(s) were destroyed without a despawn; forgetting them
[nebula] 0 entity object(s) were destroyed without a despawn; forgetting them
[nebula] 0 entity object(s) were destroyed without a despawn; forgetting them
[nebula] 0 entity object(s) were destroyed without a despawn; forgetting them
[nebula] 0 entity object(s) were destroyed without a despawn; forgetting them
[nebula] 0 entity object(s) were destroyed without a despawn; forgetting them
[nebula] 0 entity object(s) were destroyed without a despawn; forgetting them
[nebula] 0 entity object(s) were destroyed without a despawn; forgetting them
[nebula] 0 entity object(s) were destroyed without a despawn; forgetting them
[nebula] 0 entity object(s) were destroyed without a despawn; forgetting them
[nebula] 0 entity object(s) were destroyed without a despawn; forgetting them
[nebula] 0 entity object(s) were destroyed without a despawn; forgetting them
[nebula] 0 entity object(s) were destroyed without a despawn; forgetting them
[nebula] 0 entity object(s) were destroyed without a despawn; forgetting them
[nebula] 0 entity object(s) were destroyed without a despawn; forgetting them
[nebula] 0 entity object(s) were destroyed without a despawn; forgetting them
[nebula] 0 entity object(s) were destroyed without a despawn; forgetting them
[nebula] 0 entity object(s) were destroyed without a despawn; forgetting them
[nebula] 0 entity object(s) were destroyed without a despawn; forgetting them
[nebula] 0 entity object(s) were destroyed without a despawn; forgetting them
[nebula] 0 entity object(s) were destroyed without a despawn; forgetting them
[nebula] 0 entity object(s) were destroyed without a despawn; forgetting them
[nebula] 0 entity object(s) were destroyed without a despawn; forgetting them
[nebula] 0 entity object(s) were destroyed without a despawn; forgetting them
[nebula] 0 entity object(s) were destroyed without a despawn; forgetting them
[nebula] 0 entity object(s) were destroyed without a despawn; forgetting them
[nebula] 0 entity object(s) were destroyed without a despawn; forgetting them
[nebula] 0 entity object(s) were destroyed without a despawn; forgetting them
[nebula] 0 entity object(s) were destroyed without a despawn; forgetting them
[nebula] 0 entity object(s) were destroyed without a despawn; forgetting them
[nebula] 0 entity object(s) were destroyed without a despawn; forgetting them
[nebula] 0 entity object(s) were destroyed without a despawn; forgetting them
[nebula] 0 entity object(s) were destroyed without a despawn; forgetting them
[nebula] 0 entity object(s) were destroyed without a despawn; forgetting them
[nebula] 0 entity object(s) were destroyed without a despawn; forgetting them
[nebula] 0 entity object(s) were destroyed without a despawn; forgetting them
[nebula] 0 entity object(s) were destroyed without a despawn; forgetting them
[nebula] 0 entity object(s) were destroyed without a despawn; forgetting them
[nebula] 0 entity object(s) were destroyed without a despawn; forgetting them
[nebula] 0 entity object(s) were destroyed without a despawn; forgetting them
[nebula] 0 entity object(s) were destroyed without a despawn; forgetting them
[nebula] 0 entity object(s) were destroyed without a despawn; forgetting them
[nebula] 0 entity object(s) were destroyed without a despawn; forgetting them
[nebula] 0 entity object(s) were destroyed without a despawn; forgetting them
[nebula] 0 entity object(s) were destroyed without a despawn; forgetting them
[nebula] 0 entity object(s) were destroyed without a despawn; forgetting them
[nebula] 0 entity object(s) were destroyed without a despawn; forgetting them
[nebula] 0 entity object(s) were destroyed without a despawn; forgetting them
[nebula] 0 entity object(s) were destroyed without a despawn; forgetting them
[nebula] 0 entity object(s) were destroyed without a despawn; forgetting them
[nebula] 0 entity object(s) were destroyed without a despawn; forgetting them
[nebula] 0 entity object(s) were destroyed without a despawn; forgetting them
[nebula] 0 entity object(s) were destroyed without a despawn; forgetting them
[nebula] 0 entity object(s) were destroyed without a despawn; forgetting them
[nebula] 0 entity object(s) were destroyed without a despawn; forgetting them
[nebula] 0 entity object(s) were destroyed without a despawn; forgetting them
[nebula] 0 entity object(s) were destroyed without a despawn; forgetting them
[nebula] 0 entity object(s) were destroyed without a despawn; forgetting them
[nebula] 0 entity object(s) were destroyed without a despawn; forgetting them
[nebula] 0 entity object(s) were destroyed without a despawn; forgetting them
[nebula] 0 entity object(s) were destroyed without a despawn; forgetting them
[nebula] 0 entity object(s) were destroyed without a despawn; forgetting them
[nebula] 0 entity object(s) were destroyed without a despawn; forgetting them
[nebula] 0 entity object(s) were destroyed without a despawn; forgetting them
[nebula] 0 entity object(s) were destroyed without a despawn; forgetting them
[nebula] 0 entity object(s) were destroyed without a despawn; forgetting them
[nebula] 0 entity object(s) were destroyed without a despawn; forgetting them
[nebula] 0 entity object(s) were destroyed without a despawn; forgetting them
[nebula] 0 entity object(s) were destroyed without a despawn; forgetting them
[nebula] 0 entity object(s) were destroyed without a despawn; forgetting them
[nebula] 0 entity object(s) were destroyed without a despawn; forgetting them
[nebula] 0 entity object(s) were destroyed without a despawn; forgetting them
[nebula] 0 entity object(s) were destroyed without a despawn; forgetting them
[nebula] 0 entity object(s) were destroyed without a despawn; forgetting them
[nebula] 0 entity object(s) were destroyed without a despawn; forgetting them
[nebula] 0 entity object(s) were destroyed without a despawn; forgetting them
[nebula] 0 entity object(s) were destroyed without a despawn; forgetting them
[nebula] 0 entity object(s) were destroyed without a despawn; forgetting them
[nebula] 0 entity object(s) were destroyed without a despawn; forgetting them
[nebula] 0 entity object(s) were destroyed without a despawn; forgetting them
[nebula] 0 entity object(s) were destroyed without a despawn; forgetting them
[nebula] 0 entity object(s) were destroyed without a despawn; forgetting them
[nebula] 0 entity object(s) were destroyed without a despawn; forgetting them
[nebula] 0 entity object(s) were destroyed without a despawn; forgetting them
[nebula] 0 entity object(s) were destroyed without a despawn; forgetting them
[nebula] 0 entity object(s) were destroyed without a despawn; forgetting them
[nebula] 0 entity object(s) were destroyed without a despawn; forgetting them
[nebula] 0 entity object(s) were destroyed without a despawn; forgetting them
[nebula] 0 entity object(s) were destroyed without a despawn; forgetting them
[nebula] 0 entity object(s) were destroyed without a despawn; forgetting them
[nebula] 0 entity object(s) were destroyed without a despawn; forgetting them
[nebula] 0 entity object(s) were destroyed without a despawn; forgetting them
[nebula] 0 entity object(s) were destroyed without a despawn; forgetting them
[nebula] 0 entity object(s) were destroyed without a despawn; forgetting them
[nebula] 0 entity object(s) were destroyed without a despawn; forgetting them
[nebula] 0 entity object(s) were destroyed without a despawn; forgetting them
[nebula] 0 entity object(s) were destroyed without a despawn; forgetting them
[nebula] 0 entity object(s) were destroyed without a despawn; forgetting them
[nebula] 0 entity object(s) were destroyed without a despawn; forgetting them
[nebula] 0 entity object(s) were destroyed without a despawn; forgetting them
[nebula] 0 entity object(s) were destroyed without a despawn; forgetting them
[nebula] 0 entity object(s) were destroyed without a despawn; forgetting them
[nebula] 0 entity object(s) were destroyed without a despawn; forgetting them
[nebula] 0 entity object(s) were destroyed without a despawn; forgetting them
[nebula] 0 entity object(s) were destroyed without a despawn; forgetting them
[nebula] 0 entity object(s) were destroyed without a despawn; forgetting them
[nebula] 0 entity object(s) were destroyed without a despawn; forgetting them
[nebula] 0 entity object(s) were destroyed without a despawn; forgetting them
[nebula] 0 entity object(s) were destroyed without a despawn; forgetting them
[nebula] 0 entity object(s) were destroyed without a despawn; forgetting them
[nebula] 0 entity object(s) were destroyed without a despawn; forgetting them
[nebula] 0 entity object(s) were destroyed without a despawn; forgetting them
[nebula] 0 entity object(s) were destroyed without a despawn; forgetting them
[nebula] 0 entity object(s) were destroyed without a despawn; forgetting them
[nebula] 0 entity object(s) were destroyed without a despawn; forgetting them
[nebula] 0 entity object(s) were destroyed without a despawn; forgetting them
[nebula] 0 entity object(s) were destroyed without a despawn; forgetting them
[nebula] 0 entity object(s) were destroyed without a despawn; forgetting them
[nebula] 0 entity object(s) were destroyed without a despawn; forgetting them
[nebula] 0 entity object(s) were destroyed without a despawn; forgetting them
[nebula] 0 entity object(s) were destroyed without a despawn; forgetting them
[nebula] 0 entity object(s) were destroyed without a despawn; forgetting them
[nebula] 0 entity object(s) were destroyed without a despawn; forgetting them
[nebula] 0 entity object(s) were destroyed without a despawn; forgetting them
[nebula] 0 entity object(s) were destroyed without a despawn; forgetting them
[nebula] 0 entity object(s) were destroyed without a despawn; forgetting them
[nebula] 0 entity object(s) were destroyed without a despawn; forgetting them
[nebula] 0 entity object(s) were destroyed without a despawn; forgetting them
[nebula] 0 entity object(s) were destroyed without a despawn; forgetting them
[nebula] 0 entity object(s) were destroyed without a despawn; forgetting them
[nebula] 0 entity object(s) were destroyed without a despawn; forgetting them
[nebula] 0 entity object(s) were destroyed without a despawn; forgetting them
[nebula] 0 entity object(s) were destroyed without a despawn; forgetting them
[nebula] 0 entity object(s) were destroyed without a despawn; forgetting them
[nebula] 0 entity object(s) were destroyed without a despawn; forgetting them
[nebula] 0 entity object(s) were destroyed without a despawn; forgetting them
[nebula] 0 entity object(s) were destroyed without a despawn; forgetting them
[nebula] 0 entity object(s) were destroyed without a despawn; forgetting them
[nebula] 0 entity object(s) were destroyed without a despawn; forgetting them
[nebula] 0 entity object(s) were destroyed without a despawn; forgetting them
[nebula] 0 entity object(s) were destroyed without a despawn; forgetting them
[nebula] 0 entity object(s) were destroyed without a despawn; forgetting them
[nebula] 0 entity object(s) were destroyed without a despawn; forgetting them
[nebula] 0 entity object(s) were destroyed without a despawn; forgetting them
[nebula] 0 entity object(s) were destroyed without a despawn; forgetting them
[nebula] 0 entity object(s) were destroyed without a despawn; forgetting them
[nebula] 0 entity object(s) were destroyed without a despawn; forgetting them
[nebula] 0 entity object(s) were destroyed without a despawn; forgetting them
[nebula] 0 entity object(s) were destroyed without a despawn; forgetting them
[nebula] 0 entity object(s) were destroyed without a despawn; forgetting them
[nebula] 0 entity object(s) were destroyed without a despawn; forgetting them
[nebula] 0 entity object(s) were destroyed without a despawn; forgetting them
[nebula] 0 entity object(s) were destroyed without a despawn; forgetting them
[nebula] 0 entity object(s) were destroyed without a despawn; forgetting them
[nebula] 0 entity object(s) were destroyed without a despawn; forgetting them
[nebula] 0 entity object(s) were destroyed without a despawn; forgetting them
[nebula] 0 entity object(s) were destroyed without a despawn; forgetting them
[nebula] 0 entity object(s) were destroyed without a despawn; forgetting them
[nebula] 0 entity object(s) were destroyed without a despawn; forgetting them
[nebula] 0 entity object(s) were destroyed without a despawn; forgetting them
[nebula] 0 entity object(s) were destroyed without a despawn; forgetting them
[nebula] 0 entity object(s) were destroyed without a despawn; forgetting them
[nebula] 0 entity object(s) were destroyed without a despawn; forgetting them
[nebula] 0 entity object(s) were destroyed without a despawn; forgetting them
[nebula] 0 entity object(s) were destroyed without a despawn; forgetting them
[nebula] 0 entity object(s) were destroyed without a despawn; forgetting them
[nebula] 0 entity object(s) were destroyed without a despawn; forgetting them
[nebula] 0 entity object(s) were destroyed without a despawn; forgetting them
[nebula] 0 entity object(s) were destroyed without a despawn; forgetting them
[nebula] 0 entity object(s) were destroyed without a despawn; forgetting them
[nebula] 0 entity object(s) were destroyed without a despawn; forgetting them
[nebula] 0 entity object(s) were destroyed without a despawn; forgetting them
[nebula] 0 entity object(s) were destroyed without a despawn; forgetting them
[nebula] 0 entity object(s) were destroyed without a despawn; forgetting them
[nebula] 0 entity object(s) were destroyed without a despawn; forgetting them
[nebula] 0 entity object(s) were destroyed without a despawn; forgetting them
[nebula] 0 entity object(s) were destroyed without a despawn; forgetting them
[nebula] 0 entity object(s) were destroyed without a despawn; forgetting them
[nebula] 0 entity object(s) were destroyed without a despawn; forgetting them
[nebula] 0 entity object(s) were destroyed without a despawn; forgetting them
[nebula] 0 entity object(s) were destroyed without a despawn; forgetting them
[nebula] 0 entity object(s) were destroyed without a despawn; forgetting them
[nebula] 0 entity object(s) were destroyed without a despawn; forgetting them
[nebula] 0 entity object(s) were destroyed without a despawn; forgetting them
[nebula] 0 entity object(s) were destroyed without a despawn; forgetting them
[nebula] 0 entity object(s) were destroyed without a despawn; forgetting them
[nebula] 0 entity object(s) were destroyed without a despawn; forgetting them
[nebula] 0 entity object(s) were destroyed without a despawn; forgetting them
[nebula] 0 entity object(s) were destroyed without a despawn; forgetting them
[nebula] 0 entity object(s) were destroyed without a despawn; forgetting them
[nebula] 0 entity object(s) were destroyed without a despawn; forgetting them
[nebula] 0 entity object(s) were destroyed without a despawn; forgetting them
[nebula] 0 entity object(s) were destroyed without a despawn; forgetting them
[nebula] 0 entity object(s) were destroyed without a despawn; forgetting them
[nebula] 0 entity object(s) were destroyed without a despawn; forgetting them
[nebula] 0 entity object(s) were destroyed without a despawn; forgetting them
[nebula] 0 entity object(s) were destroyed without a despawn; forgetting them
[nebula] 0 entity object(s) were destroyed without a despawn; forgetting them
[nebula] 0 entity object(s) were destroyed without a despawn; forgetting them
[nebula] 0 entity object(s) were destroyed without a despawn; forgetting them
[nebula] 0 entity object(s) were destroyed without a despawn; forgetting them
[nebula] 0 entity object(s) were destroyed without a despawn; forgetting them
[nebula] 0 entity object(s) were destroyed without a despawn; forgetting them
[nebula] 0 entity object(s) were destroyed without a despawn; forgetting them
[nebula] 0 entity object(s) were destroyed without a despawn; forgetting them
[nebula] 0 entity object(s) were destroyed without a despawn; forgetting them
[nebula] 0 entity object(s) were destroyed without a despawn; forgetting them
[nebula] 0 entity object(s) were destroyed without a despawn; forgetting them
[nebula] 0 entity object(s) were destroyed without a despawn; forgetting them
[nebula] 0 entity object(s) were destroyed without a despawn; forgetting them
[nebula] 0 entity object(s) were destroyed without a despawn; forgetting them
[nebula] 0 entity object(s) were destroyed without a despawn; forgetting them
[nebula] 0 entity object(s) were destroyed without a despawn; forgetting them
[nebula] 0 entity object(s) were destroyed without a despawn; forgetting them
[nebula] 0 entity object(s) were destroyed without a despawn; forgetting them
[nebula] 0 entity object(s) were destroyed without a despawn; forgetting them
[nebula] 0 entity object(s) were destroyed without a despawn; forgetting them
[nebula] 0 entity object(s) were destroyed without a despawn; forgetting them
[nebula] 0 entity object(s) were destroyed without a despawn; forgetting them
[nebula] 0 entity object(s) were destroyed without a despawn; forgetting them
[nebula] 0 entity object(s) were destroyed without a despawn; forgetting them
[nebula] 0 entity object(s) were destroyed without a despawn; forgetting them
[nebula] 0 entity object(s) were destroyed without a despawn; forgetting them
[nebula] 0 entity object(s) were destroyed without a despawn; forgetting them
[nebula] 0 entity object(s) were destroyed without a despawn; forgetting them
[nebula] 0 entity object(s) were destroyed without a despawn; forgetting them
[nebula] 0 entity object(s) were destroyed without a despawn; forgetting them
[nebula] 0 entity object(s) were destroyed without a despawn; forgetting them
[nebula] 0 entity object(s) were destroyed without a despawn; forgetting them
[nebula] 0 entity object(s) were destroyed without a despawn; forgetting them
[nebula] 0 entity object(s) were destroyed without a despawn; forgetting them
[nebula] 0 entity object(s) were destroyed without a despawn; forgetting them
[nebula] 0 entity object(s) were destroyed without a despawn; forgetting them
[nebula] 0 entity object(s) were destroyed without a despawn; forgetting them
[nebula] 0 entity object(s) were destroyed without a despawn; forgetting them
[nebula] 0 entity object(s) were destroyed without a despawn; forgetting them
[nebula] 0 entity object(s) were destroyed without a despawn; forgetting them
[nebula] 0 entity object(s) were destroyed without a despawn; forgetting them
[nebula] 0 entity object(s) were destroyed without a despawn; forgetting them
[nebula] 0 entity object(s) were destroyed without a despawn; forgetting them
[nebula] 0 entity object(s) were destroyed without a despawn; forgetting them
[nebula] 0 entity object(s) were destroyed without a despawn; forgetting them
[nebula] 0 entity object(s) were destroyed without a despawn; forgetting them
[nebula] 0 entity object(s) were destroyed without a despawn; forgetting them
[nebula] 0 entity object(s) were destroyed without a despawn; forgetting them
[nebula] 0 entity object(s) were destroyed without a despawn; forgetting them
[nebula] 0 entity object(s) were destroyed without a despawn; forgetting them
[nebula] 0 entity object(s) were destroyed without a despawn; forgetting them
[nebula] 0 entity object(s) were destroyed without a despawn; forgetting them
[nebula] 0 entity object(s) were destroyed without a despawn; forgetting them
[nebula] 0 entity object(s) were destroyed without a despawn; forgetting them
[nebula] 0 entity object(s) were destroyed without a despawn; forgetting them
[nebula] 0 entity object(s) were destroyed without a despawn; forgetting them
[nebula] 0 entity object(s) were destroyed without a despawn; forgetting them
[nebula] profile 300 ticks/5s 300 frames avg 0.6ms max 0.9ms dup 0 skip 0 gc 38 auth 21 ghosts 0 | poll=0.00 ghosts=0.00 physics.sync=0.00 simulate=0.01 poses=0.03 containers=0.38 band=0.02 publish=0.01 gap=16.11 interest=0.01
[nebula] 0 entity object(s) were destroyed without a despawn; forgetting them
[nebula] 0 entity object(s) were destroyed without a despawn; forgetting them
[nebula] 0 entity object(s) were destroyed without a despawn; forgetting them
[nebula] 0 entity object(s) were destroyed without a despawn; forgetting them
[nebula] 0 entity object(s) were destroyed without a despawn; forgetting them
[nebula] 0 entity object(s) were destroyed without a despawn; forgetting them
[nebula] 0 entity object(s) were destroyed without a despawn; forgetting them
[nebula] 0 entity object(s) were destroyed without a despawn; forgetting them
[nebula] 0 entity object(s) were destroyed without a despawn; forgetting them
[nebula] 0 entity object(s) were destroyed without a despawn; forgetting them
[nebula] 0 entity object(s) were destroyed without a despawn; forgetting them
[nebula] 0 entity object(s) were destroyed without a despawn; forgetting them
[nebula] 0 entity object(s) were destroyed without a despawn; forgetting them
[nebula] 0 entity object(s) were destroyed without a despawn; forgetting them
[nebula] 0 entity object(s) were destroyed without a despawn; forgetting them
[nebula] 0 entity object(s) were destroyed without a despawn; forgetting them
[nebula] 0 entity object(s) were destroyed without a despawn; forgetting them
[nebula] 0 entity object(s) were destroyed without a despawn; forgetting them
[nebula] 0 entity object(s) were destroyed without a despawn; forgetting them
[nebula] 0 entity object(s) were destroyed without a despawn; forgetting them
[nebula] 0 entity object(s) were destroyed without a despawn; forgetting them
[nebula] 0 entity object(s) were destroyed without a despawn; forgetting them
[nebula] 0 entity object(s) were destroyed without a despawn; forgetting them
[nebula] 0 entity object(s) were destroyed without a despawn; forgetting them
[nebula] 0 entity object(s) were destroyed without a despawn; forgetting them
[nebula] 0 entity object(s) were destroyed without a despawn; forgetting them
[nebula] 0 entity object(s) were destroyed without a despawn; forgetting them
[nebula] 0 entity object(s) were destroyed without a despawn; forgetting them
[nebula] 0 entity object(s) were destroyed without a despawn; forgetting them
[nebula] 0 entity object(s) were destroyed without a despawn; forgetting them
[nebula] 0 entity object(s) were destroyed without a despawn; forgetting them
[nebula] 0 entity object(s) were destroyed without a despawn; forgetting them
[nebula] 0 entity object(s) were destroyed without a despawn; forgetting them
[nebula] 0 entity object(s) were destroyed without a despawn; forgetting them
[nebula] 0 entity object(s) were destroyed without a despawn; forgetting them
[nebula] 0 entity object(s) were destroyed without a despawn; forgetting them
[nebula] 0 entity object(s) were destroyed without a despawn; forgetting them
[nebula] 0 entity object(s) were destroyed without a despawn; forgetting them
[nebula] 0 entity object(s) were destroyed without a despawn; forgetting them
[nebula] 0 entity object(s) were destroyed without a despawn; forgetting them
[nebula] 0 entity object(s) were destroyed without a despawn; forgetting them
[nebula] 0 entity object(s) were destroyed without a despawn; forgetting them
[nebula] 0 entity object(s) were destroyed without a despawn; forgetting them
[nebula] 0 entity object(s) were destroyed without a despawn; forgetting them
[nebula] 0 entity object(s) were destroyed without a despawn; forgetting them
[nebula] 0 entity object(s) were destroyed without a despawn; forgetting them
[nebula] 0 entity object(s) were destroyed without a despawn; forgetting them
[nebula] 0 entity object(s) were destroyed without a despawn; forgetting them
[nebula] 0 entity object(s) were destroyed without a despawn; forgetting them
[nebula] 0 entity object(s) were destroyed without a despawn; forgetting them
[nebula] 0 entity object(s) were destroyed without a despawn; forgetting them
[nebula] 0 entity object(s) were destroyed without a despawn; forgetting them
[nebula] 0 entity object(s) were destroyed without a despawn; forgetting them
[nebula] 0 entity object(s) were destroyed without a despawn; forgetting them
[nebula] 0 entity object(s) were destroyed without a despawn; forgetting them
[nebula] 0 entity object(s) were destroyed without a despawn; forgetting them
[nebula] 0 entity object(s) were destroyed without a despawn; forgetting them
[nebula] 0 entity object(s) were destroyed without a despawn; forgetting them
[nebula] 0 entity object(s) were destroyed without a despawn; forgetting them
[nebula] 0 entity object(s) were destroyed without a despawn; forgetting them
[nebula] 0 entity object(s) were destroyed without a despawn; forgetting them
[nebula] 0 entity object(s) were destroyed without a despawn; forgetting them
[nebula] 0 entity object(s) were destroyed without a despawn; forgetting them
[nebula] 0 entity object(s) were destroyed without a despawn; forgetting them
[nebula] 0 entity object(s) were destroyed without a despawn; forgetting them
[nebula] 0 entity object(s) were destroyed without a despawn; forgetting them
[nebula] 0 entity object(s) were destroyed without a despawn; forgetting them
[nebula] 0 entity object(s) were destroyed without a despawn; forgetting them
[nebula] 0 entity object(s) were destroyed without a despawn; forgetting them
[nebula] 0 entity object(s) were destroyed without a despawn; forgetting them
[nebula] 0 entity object(s) were destroyed without a despawn; forgetting them
[nebula] 0 entity object(s) were destroyed without a despawn; forgetting them
[nebula] 0 entity object(s) were destroyed without a despawn; forgetting them
[nebula] 0 entity object(s) were destroyed without a despawn; forgetting them
[nebula] 0 entity object(s) were destroyed without a despawn; forgetting them
[nebula] 0 entity object(s) were destroyed without a despawn; forgetting them
[nebula] 0 entity object(s) were destroyed without a despawn; forgetting them
[nebula] 0 entity object(s) were destroyed without a despawn; forgetting them
[nebula] 0 entity object(s) were destroyed without a despawn; forgetting them
[nebula] 0 entity object(s) were destroyed without a despawn; forgetting them
[nebula] 0 entity object(s) were destroyed without a despawn; forgetting them
[nebula] 0 entity object(s) were destroyed without a despawn; forgetting them
[nebula] 0 entity object(s) were destroyed without a despawn; forgetting them
[nebula] 0 entity object(s) were destroyed without a despawn; forgetting them
[nebula] 0 entity object(s) were destroyed without a despawn; forgetting them
[nebula] 0 entity object(s) were destroyed without a despawn; forgetting them
[nebula] 0 entity object(s) were destroyed without a despawn; forgetting them
[nebula] 0 entity object(s) were destroyed without a despawn; forgetting them
[nebula] 0 entity object(s) were destroyed without a despawn; forgetting them
[nebula] 0 entity object(s) were destroyed without a despawn; forgetting them
[nebula] 0 entity object(s) were destroyed without a despawn; forgetting them
[nebula] 0 entity object(s) were destroyed without a despawn; forgetting them
[nebula] 0 entity object(s) were destroyed without a despawn; forgetting them
[nebula] 0 entity object(s) were destroyed without a despawn; forgetting them
[nebula] 0 entity object(s) were destroyed without a despawn; forgetting them
[nebula] 0 entity object(s) were destroyed without a despawn; forgetting them
[nebula] 0 entity object(s) were destroyed without a despawn; forgetting them
[nebula] 0 entity object(s) were destroyed without a despawn; forgetting them
[nebula] 0 entity object(s) were destroyed without a despawn; forgetting them
[nebula] 0 entity object(s) were destroyed without a despawn; forgetting them
[nebula] 0 entity object(s) were destroyed without a despawn; forgetting them
[nebula] 0 entity object(s) were destroyed without a despawn; forgetting them
[nebula] 0 entity object(s) were destroyed without a despawn; forgetting them
[nebula] 0 entity object(s) were destroyed without a despawn; forgetting them
[nebula] 0 entity object(s) were destroyed without a despawn; forgetting them
[nebula] 0 entity object(s) were destroyed without a despawn; forgetting them
[nebula] 0 entity object(s) were destroyed without a despawn; forgetting them
[nebula] 0 entity object(s) were destroyed without a despawn; forgetting them
[nebula] 0 entity object(s) were destroyed without a despawn; forgetting them
[nebula] 0 entity object(s) were destroyed without a despawn; forgetting them
[nebula] 0 entity object(s) were destroyed without a despawn; forgetting them
[nebula] 0 entity object(s) were destroyed without a despawn; forgetting them
[nebula] 0 entity object(s) were destroyed without a despawn; forgetting them
[nebula] 0 entity object(s) were destroyed without a despawn; forgetting them
[nebula] 0 entity object(s) were destroyed without a despawn; forgetting them
[nebula] 0 entity object(s) were destroyed without a despawn; forgetting them
[nebula] 0 entity object(s) were destroyed without a despawn; forgetting them
[nebula] 0 entity object(s) were destroyed without a despawn; forgetting them
[nebula] 0 entity object(s) were destroyed without a despawn; forgetting them
[nebula] 0 entity object(s) were destroyed without a despawn; forgetting them
[nebula] 0 entity object(s) were destroyed without a despawn; forgetting them
[nebula] 0 entity object(s) were destroyed without a despawn; forgetting them
[nebula] 0 entity object(s) were destroyed without a despawn; forgetting them
[nebula] 0 entity object(s) were destroyed without a despawn; forgetting them
[nebula] 0 entity object(s) were destroyed without a despawn; forgetting them
[nebula] 0 entity object(s) were destroyed without a despawn; forgetting them
[nebula] 0 entity object(s) were destroyed without a despawn; forgetting them
[nebula] 0 entity object(s) were destroyed without a despawn; forgetting them
[nebula] 0 entity object(s) were destroyed without a despawn; forgetting them
[nebula] 0 entity object(s) were destroyed without a despawn; forgetting them
[nebula] 0 entity object(s) were destroyed without a despawn; forgetting them
[nebula] 0 entity object(s) were destroyed without a despawn; forgetting them
[nebula] 0 entity object(s) were destroyed without a despawn; forgetting them
[nebula] 0 entity object(s) were destroyed without a despawn; forgetting them
[nebula] 0 entity object(s) were destroyed without a despawn; forgetting them
[nebula] 0 entity object(s) were destroyed without a despawn; forgetting them
[nebula] 0 entity object(s) were destroyed without a despawn; forgetting them
[nebula] 0 entity object(s) were destroyed without a despawn; forgetting them
[nebula] 0 entity object(s) were destroyed without a despawn; forgetting them
[nebula] 0 entity object(s) were destroyed without a despawn; forgetting them
[nebula] 0 entity object(s) were destroyed without a despawn; forgetting them
[nebula] 0 entity object(s) were destroyed without a despawn; forgetting them
[nebula] 0 entity object(s) were destroyed without a despawn; forgetting them
[nebula] 0 entity object(s) were destroyed without a despawn; forgetting them
[nebula] 0 entity object(s) were destroyed without a despawn; forgetting them
[nebula] 0 entity object(s) were destroyed without a despawn; forgetting them
[nebula] 0 entity object(s) were destroyed without a despawn; forgetting them
[nebula] 0 entity object(s) were destroyed without a despawn; forgetting them
[nebula] 0 entity object(s) were destroyed without a despawn; forgetting them
[nebula] 0 entity object(s) were destroyed without a despawn; forgetting them
[nebula] 0 entity object(s) were destroyed without a despawn; forgetting them
[nebula] 0 entity object(s) were destroyed without a despawn; forgetting them
[nebula] 0 entity object(s) were destroyed without a despawn; forgetting them
[nebula] 0 entity object(s) were destroyed without a despawn; forgetting them
[nebula] 0 entity object(s) were destroyed without a despawn; forgetting them
[nebula] 0 entity object(s) were destroyed without a despawn; forgetting them
[nebula] 0 entity object(s) were destroyed without a despawn; forgetting them
[nebula] 0 entity object(s) were destroyed without a despawn; forgetting them
[nebula] 0 entity object(s) were destroyed without a despawn; forgetting them
[nebula] 0 entity object(s) were destroyed without a despawn; forgetting them
[nebula] 0 entity object(s) were destroyed without a despawn; forgetting them
[nebula] 0 entity object(s) were destroyed without a despawn; forgetting them
[nebula] 0 entity object(s) were destroyed without a despawn; forgetting them
[nebula] 0 entity object(s) were destroyed without a despawn; forgetting them
[nebula] 0 entity object(s) were destroyed without a despawn; forgetting them
[nebula] 0 entity object(s) were destroyed without a despawn; forgetting them
[nebula] 0 entity object(s) were destroyed without a despawn; forgetting them
[nebula] 0 entity object(s) were destroyed without a despawn; forgetting them
[nebula] 0 entity object(s) were destroyed without a despawn; forgetting them
[nebula] 0 entity object(s) were destroyed without a despawn; forgetting them
[nebula] 0 entity object(s) were destroyed without a despawn; forgetting them
[nebula] 0 entity object(s) were destroyed without a despawn; forgetting them
[nebula] 0 entity object(s) were destroyed without a despawn; forgetting them
[nebula] 0 entity object(s) were destroyed without a despawn; forgetting them
[nebula] 0 entity object(s) were destroyed without a despawn; forgetting them
[nebula] 0 entity object(s) were destroyed without a despawn; forgetting them
[nebula] 0 entity object(s) were destroyed without a despawn; forgetting them
[nebula] 0 entity object(s) were destroyed without a despawn; forgetting them
[nebula] 0 entity object(s) were destroyed without a despawn; forgetting them
[nebula] 0 entity object(s) were destroyed without a despawn; forgetting them
[nebula] 0 entity object(s) were destroyed without a despawn; forgetting them
[nebula] 0 entity object(s) were destroyed without a despawn; forgetting them
[nebula] 0 entity object(s) were destroyed without a despawn; forgetting them
[nebula] 0 entity object(s) were destroyed without a despawn; forgetting them
[nebula] 0 entity object(s) were destroyed without a despawn; forgetting them
[nebula] 0 entity object(s) were destroyed without a despawn; forgetting them
[nebula] 0 entity object(s) were destroyed without a despawn; forgetting them
[nebula] 0 entity object(s) were destroyed without a despawn; forgetting them
[nebula] 0 entity object(s) were destroyed without a despawn; forgetting them
[nebula] 0 entity object(s) were destroyed without a despawn; forgetting them
[nebula] 0 entity object(s) were destroyed without a despawn; forgetting them
[nebula] 0 entity object(s) were destroyed without a despawn; forgetting them
[nebula] 0 entity object(s) were destroyed without a despawn; forgetting them
[nebula] 0 entity object(s) were destroyed without a despawn; forgetting them
[nebula] 0 entity object(s) were destroyed without a despawn; forgetting them
[nebula] 0 entity object(s) were destroyed without a despawn; forgetting them
[nebula] 0 entity object(s) were destroyed without a despawn; forgetting them
[nebula] 0 entity object(s) were destroyed without a despawn; forgetting them
[nebula] 0 entity object(s) were destroyed without a despawn; forgetting them
[nebula] 0 entity object(s) were destroyed without a despawn; forgetting them
[nebula] 0 entity object(s) were destroyed without a despawn; forgetting them
[nebula] 0 entity object(s) were destroyed without a despawn; forgetting them
[nebula] 0 entity object(s) were destroyed without a despawn; forgetting them
[nebula] 0 entity object(s) were destroyed without a despawn; forgetting them
[nebula] 0 entity object(s) were destroyed without a despawn; forgetting them
[nebula] 0 entity object(s) were destroyed without a despawn; forgetting them
[nebula] 0 entity object(s) were destroyed without a despawn; forgetting them
[nebula] 0 entity object(s) were destroyed without a despawn; forgetting them
[nebula] 0 entity object(s) were destroyed without a despawn; forgetting them
[nebula] 0 entity object(s) were destroyed without a despawn; forgetting them
[nebula] 0 entity object(s) were destroyed without a despawn; forgetting them
[nebula] 0 entity object(s) were destroyed without a despawn; forgetting them
[nebula] 0 entity object(s) were destroyed without a despawn; forgetting them
[nebula] 0 entity object(s) were destroyed without a despawn; forgetting them
[nebula] 0 entity object(s) were destroyed without a despawn; forgetting them
[nebula] 0 entity object(s) were destroyed without a despawn; forgetting them
[nebula] 0 entity object(s) were destroyed without a despawn; forgetting them
[nebula] 0 entity object(s) were destroyed without a despawn; forgetting them
[nebula] 0 entity object(s) were destroyed without a despawn; forgetting them
[nebula] 0 entity object(s) were destroyed without a despawn; forgetting them
[nebula] 0 entity object(s) were destroyed without a despawn; forgetting them
[nebula] 0 entity object(s) were destroyed without a despawn; forgetting them
[nebula] 0 entity object(s) were destroyed without a despawn; forgetting them
[nebula] 0 entity object(s) were destroyed without a despawn; forgetting them
[nebula] 0 entity object(s) were destroyed without a despawn; forgetting them
[nebula] 0 entity object(s) were destroyed without a despawn; forgetting them
[nebula] 0 entity object(s) were destroyed without a despawn; forgetting them
[nebula] 0 entity object(s) were destroyed without a despawn; forgetting them
[nebula] 0 entity object(s) were destroyed without a despawn; forgetting them
[nebula] 0 entity object(s) were destroyed without a despawn; forgetting them
[nebula] 0 entity object(s) were destroyed without a despawn; forgetting them
[nebula] 0 entity object(s) were destroyed without a despawn; forgetting them
[nebula] 0 entity object(s) were destroyed without a despawn; forgetting them
[nebula] 0 entity object(s) were destroyed without a despawn; forgetting them
[nebula] 0 entity object(s) were destroyed without a despawn; forgetting them
[nebula] 0 entity object(s) were destroyed without a despawn; forgetting them
[nebula] 0 entity object(s) were destroyed without a despawn; forgetting them
[nebula] 0 entity object(s) were destroyed without a despawn; forgetting them
[nebula] 0 entity object(s) were destroyed without a despawn; forgetting them
[nebula] 0 entity object(s) were destroyed without a despawn; forgetting them
[nebula] 0 entity object(s) were destroyed without a despawn; forgetting them
[nebula] 0 entity object(s) were destroyed without a despawn; forgetting them
[nebula] 0 entity object(s) were destroyed without a despawn; forgetting them
[nebula] 0 entity object(s) were destroyed without a despawn; forgetting them
[nebula] 0 entity object(s) were destroyed without a despawn; forgetting them
[nebula] 0 entity object(s) were destroyed without a despawn; forgetting them
[nebula] 0 entity object(s) were destroyed without a despawn; forgetting them
[nebula] 0 entity object(s) were destroyed without a despawn; forgetting them
[nebula] 0 entity object(s) were destroyed without a despawn; forgetting them
[nebula] 0 entity object(s) were destroyed without a despawn; forgetting them
[nebula] 0 entity object(s) were destroyed without a despawn; forgetting them
[nebula] 0 entity object(s) were destroyed without a despawn; forgetting them
[nebula] 0 entity object(s) were destroyed without a despawn; forgetting them
[nebula] 0 entity object(s) were destroyed without a despawn; forgetting them
[nebula] 0 entity object(s) were destroyed without a despawn; forgetting them
[nebula] 0 entity object(s) were destroyed without a despawn; forgetting them
[nebula] 0 entity object(s) were destroyed without a despawn; forgetting them
[nebula] 0 entity object(s) were destroyed without a despawn; forgetting them
[nebula] 0 entity object(s) were destroyed without a despawn; forgetting them
[nebula] 0 entity object(s) were destroyed without a despawn; forgetting them
[nebula] 0 entity object(s) were destroyed without a despawn; forgetting them
[nebula] 0 entity object(s) were destroyed without a despawn; forgetting them
[nebula] 0 entity object(s) were destroyed without a despawn; forgetting them
[nebula] 0 entity object(s) were destroyed without a despawn; forgetting them
[nebula] 0 entity object(s) were destroyed without a despawn; forgetting them
[nebula] 0 entity object(s) were destroyed without a despawn; forgetting them
[nebula] 0 entity object(s) were destroyed without a despawn; forgetting them
[nebula] 0 entity object(s) were destroyed without a despawn; forgetting them
[nebula] 0 entity object(s) were destroyed without a despawn; forgetting them
[nebula] 0 entity object(s) were destroyed without a despawn; forgetting them
[nebula] 0 entity object(s) were destroyed without a despawn; forgetting them
[nebula] 0 entity object(s) were destroyed without a despawn; forgetting them
[nebula] 0 entity object(s) were destroyed without a despawn; forgetting them
[nebula] 0 entity object(s) were destroyed without a despawn; forgetting them
[nebula] 0 entity object(s) were destroyed without a despawn; forgetting them
[nebula] 0 entity object(s) were destroyed without a despawn; forgetting them
[nebula] 0 entity object(s) were destroyed without a despawn; forgetting them
[nebula] 0 entity object(s) were destroyed without a despawn; forgetting them
[nebula] 0 entity object(s) were destroyed without a despawn; forgetting them
[nebula] 0 entity object(s) were destroyed without a despawn; forgetting them
[nebula] 0 entity object(s) were destroyed without a despawn; forgetting them
[nebula] 0 entity object(s) were destroyed without a despawn; forgetting them
[nebula] 0 entity object(s) were destroyed without a despawn; forgetting them
[nebula] 0 entity object(s) were destroyed without a despawn; forgetting them
[nebula] 0 entity object(s) were destroyed without a despawn; forgetting them
[nebula] 0 entity object(s) were destroyed without a despawn; forgetting them
[nebula] 0 entity object(s) were destroyed without a despawn; forgetting them
[nebula] 0 entity object(s) were destroyed without a despawn; forgetting them
[nebula] 0 entity object(s) were destroyed without a despawn; forgetting them
[nebula] 0 entity object(s) were destroyed without a despawn; forgetting them
[nebula] 0 entity object(s) were destroyed without a despawn; forgetting them
[nebula] 0 entity object(s) were destroyed without a despawn; forgetting them
[nebula] 0 entity object(s) were destroyed without a despawn; forgetting them
[nebula] 0 entity object(s) were destroyed without a despawn; forgetting them
[nebula] 0 entity object(s) were destroyed without a despawn; forgetting them
[nebula] 0 entity object(s) were destroyed without a despawn; forgetting them
[nebula] 0 entity object(s) were destroyed without a despawn; forgetting them
[nebula] 0 entity object(s) were destroyed without a despawn; forgetting them
[nebula] 0 entity object(s) were destroyed without a despawn; forgetting them
[nebula] 0 entity object(s) were destroyed without a despawn; forgetting them
[nebula] profile 300 ticks/5s 300 frames avg 0.6ms max 0.9ms dup 0 skip 0 gc 31 auth 21 ghosts 0 | poll=0.00 ghosts=0.00 physics.sync=0.00 simulate=0.01 poses=0.03 containers=0.38 band=0.02 publish=0.01 gap=16.10 interest=0.01
[nebula] 0 entity object(s) were destroyed without a despawn; forgetting them
[nebula] 0 entity object(s) were destroyed without a despawn; forgetting them
[nebula] 0 entity object(s) were destroyed without a despawn; forgetting them
[nebula] 0 entity object(s) were destroyed without a despawn; forgetting them
[nebula] 0 entity object(s) were destroyed without a despawn; forgetting them
[nebula] 0 entity object(s) were destroyed without a despawn; forgetting them
[nebula] 0 entity object(s) were destroyed without a despawn; forgetting them
[nebula] 0 entity object(s) were destroyed without a despawn; forgetting them
[nebula] 0 entity object(s) were destroyed without a despawn; forgetting them
[nebula] 0 entity object(s) were destroyed without a despawn; forgetting them
[nebula] 0 entity object(s) were destroyed without a despawn; forgetting them
[nebula] 0 entity object(s) were destroyed without a despawn; forgetting them
[nebula] 0 entity object(s) were destroyed without a despawn; forgetting them
[nebula] 0 entity object(s) were destroyed without a despawn; forgetting them
[nebula] 0 entity object(s) were destroyed without a despawn; forgetting them
[nebula] 0 entity object(s) were destroyed without a despawn; forgetting them
[nebula] 0 entity object(s) were destroyed without a despawn; forgetting them
[nebula] 0 entity object(s) were destroyed without a despawn; forgetting them
[nebula] 0 entity object(s) were destroyed without a despawn; forgetting them
[nebula] 0 entity object(s) were destroyed without a despawn; forgetting them
[nebula] 0 entity object(s) were destroyed without a despawn; forgetting them
[nebula] 0 entity object(s) were destroyed without a despawn; forgetting them
[nebula] 0 entity object(s) were destroyed without a despawn; forgetting them
[nebula] 0 entity object(s) were destroyed without a despawn; forgetting them
[nebula] 0 entity object(s) were destroyed without a despawn; forgetting them
[nebula] 0 entity object(s) were destroyed without a despawn; forgetting them
[nebula] 0 entity object(s) were destroyed without a despawn; forgetting them
[nebula] 0 entity object(s) were destroyed without a despawn; forgetting them
[nebula] 0 entity object(s) were destroyed without a despawn; forgetting them
[nebula] 0 entity object(s) were destroyed without a despawn; forgetting them
[nebula] 0 entity object(s) were destroyed without a despawn; forgetting them
[nebula] 0 entity object(s) were destroyed without a despawn; forgetting them
[nebula] 0 entity object(s) were destroyed without a despawn; forgetting them
[nebula] 0 entity object(s) were destroyed without a despawn; forgetting them
[nebula] 0 entity object(s) were destroyed without a despawn; forgetting them
[nebula] 0 entity object(s) were destroyed without a despawn; forgetting them
[nebula] 0 entity object(s) were destroyed without a despawn; forgetting them
[nebula] 0 entity object(s) were destroyed without a despawn; forgetting them
[nebula] 0 entity object(s) were destroyed without a despawn; forgetting them
[nebula] 0 entity object(s) were destroyed without a despawn; forgetting them
[nebula] 0 entity object(s) were destroyed without a despawn; forgetting them
[nebula] 0 entity object(s) were destroyed without a despawn; forgetting them
[nebula] 0 entity object(s) were destroyed without a despawn; forgetting them
[nebula] 0 entity object(s) were destroyed without a despawn; forgetting them
[nebula] 0 entity object(s) were destroyed without a despawn; forgetting them
[nebula] 0 entity object(s) were destroyed without a despawn; forgetting them
[nebula] 0 entity object(s) were destroyed without a despawn; forgetting them
[nebula] 0 entity object(s) were destroyed without a despawn; forgetting them
[nebula] 0 entity object(s) were destroyed without a despawn; forgetting them
[nebula] 0 entity object(s) were destroyed without a despawn; forgetting them
[nebula] 0 entity object(s) were destroyed without a despawn; forgetting them
[nebula] 0 entity object(s) were destroyed without a despawn; forgetting them
[nebula] 0 entity object(s) were destroyed without a despawn; forgetting them
[nebula] 0 entity object(s) were destroyed without a despawn; forgetting them
[nebula] 0 entity object(s) were destroyed without a despawn; forgetting them
[nebula] 0 entity object(s) were destroyed without a despawn; forgetting them
[nebula] 0 entity object(s) were destroyed without a despawn; forgetting them
[nebula] 0 entity object(s) were destroyed without a despawn; forgetting them
[nebula] 0 entity object(s) were destroyed without a despawn; forgetting them
[nebula] 0 entity object(s) were destroyed without a despawn; forgetting them
[nebula] 0 entity object(s) were destroyed without a despawn; forgetting them
[nebula] 0 entity object(s) were destroyed without a despawn; forgetting them
[nebula] 0 entity object(s) were destroyed without a despawn; forgetting them
[nebula] 0 entity object(s) were destroyed without a despawn; forgetting them
[nebula] 0 entity object(s) were destroyed without a despawn; forgetting them
[nebula] 0 entity object(s) were destroyed without a despawn; forgetting them
[nebula] 0 entity object(s) were destroyed without a despawn; forgetting them
[nebula] 0 entity object(s) were destroyed without a despawn; forgetting them
[nebula] 0 entity object(s) were destroyed without a despawn; forgetting them
[nebula] 0 entity object(s) were destroyed without a despawn; forgetting them
[nebula] 0 entity object(s) were destroyed without a despawn; forgetting them
[nebula] 0 entity object(s) were destroyed without a despawn; forgetting them
[nebula] 0 entity object(s) were destroyed without a despawn; forgetting them
[nebula] 0 entity object(s) were destroyed without a despawn; forgetting them
[nebula] 0 entity object(s) were destroyed without a despawn; forgetting them
[nebula] handover OUT Prop(Clone)#281474976710658(e3,rt_9223358842715242499,ghost) -> w1 (epoch 3, tick 1365044011)
[nebula] handover OUT Prop(Clone)#281474976710659(e3,rt_9223358842715242499,ghost) -> w1 (epoch 3, tick 1365044011)
[nebula] 0 entity object(s) were destroyed without a despawn; forgetting them
[nebula] ghost Prop(Clone)#1125899906842641(e2,rt_17592186044419,auth) -> w4
[nebula] handover IN  Prop(Clone)#1125899906842641(e2,rt_17592186044419,auth) <- w4 (epoch 2, tick 1365044012)
[nebula] ghost Player(Clone)#844424930131969(e7,rt_30786325577728,auth) -> w4
[nebula] handover IN  Player(Clone)#844424930131969(e7,rt_30786325577728,auth) <- w4 (epoch 7, tick 1365044012)
[nebula] ghost Prop(Clone)#1125899906842642(e2,rt_17592186044419,auth) -> w4
[nebula] handover IN  Prop(Clone)#1125899906842642(e2,rt_17592186044419,auth) <- w4 (epoch 2, tick 1365044012)
[nebula] ghost Prop(Clone)#1125899906842643(e2,rt_17592186044419,auth) -> w4
[nebula] handover IN  Prop(Clone)#1125899906842643(e2,rt_17592186044419,auth) <- w4 (epoch 2, tick 1365044012)
[nebula] ghost Prop(Clone)#1125899906842644(e2,rt_21990232555523,auth) -> w4
[nebula] handover IN  Prop(Clone)#1125899906842644(e2,rt_21990232555523,auth) <- w4 (epoch 2, tick 1365044012)
[nebula] ghost Prop(Clone)#1125899906842645(e2,rt_21990232555523,auth) -> w4
[nebula] handover IN  Prop(Clone)#1125899906842645(e2,rt_21990232555523,auth) <- w4 (epoch 2, tick 1365044012)
[nebula] ghost Prop(Clone)#1125899906842646(e2,rt_21990232555523,auth) -> w4
[nebula] handover IN  Prop(Clone)#1125899906842646(e2,rt_21990232555523,auth) <- w4 (epoch 2, tick 1365044012)
[nebula] ghost Prop(Clone)#1125899906842647(e2,rt_21990232555523,auth) -> w4
[nebula] handover IN  Prop(Clone)#1125899906842647(e2,rt_21990232555523,auth) <- w4 (epoch 2, tick 1365044012)
[nebula] 0 entity object(s) were destroyed without a despawn; forgetting them
[nebula] 0 entity object(s) were destroyed without a despawn; forgetting them
[nebula] 0 entity object(s) were destroyed without a despawn; forgetting them
[nebula] 0 entity object(s) were destroyed without a despawn; forgetting them
[nebula] 0 entity object(s) were destroyed without a despawn; forgetting them
[nebula] 0 entity object(s) were destroyed without a despawn; forgetting them
[nebula] 0 entity object(s) were destroyed without a despawn; forgetting them
[nebula] 0 entity object(s) were destroyed without a despawn; forgetting them
[nebula] 0 entity object(s) were destroyed without a despawn; forgetting them
[nebula] 0 entity object(s) were destroyed without a despawn; forgetting them
[nebula] 0 entity object(s) were destroyed without a despawn; forgetting them
[nebula] 0 entity object(s) were destroyed without a despawn; forgetting them
[nebula] 0 entity object(s) were destroyed without a despawn; forgetting them
[nebula] 0 entity object(s) were destroyed without a despawn; forgetting them
[nebula] 0 entity object(s) were destroyed without a despawn; forgetting them
[nebula] 0 entity object(s) were destroyed without a despawn; forgetting them
[nebula] 0 entity object(s) were destroyed without a despawn; forgetting them
[nebula] 0 entity object(s) were destroyed without a despawn; forgetting them
[nebula] 0 entity object(s) were destroyed without a despawn; forgetting them
[nebula] 0 entity object(s) were destroyed without a despawn; forgetting them
[nebula] 0 entity object(s) were destroyed without a despawn; forgetting them
[nebula] 0 entity object(s) were destroyed without a despawn; forgetting them
[nebula] 0 entity object(s) were destroyed without a despawn; forgetting them
[nebula] 0 entity object(s) were destroyed without a despawn; forgetting them
[nebula] 0 entity object(s) were destroyed without a despawn; forgetting them
[nebula] 0 entity object(s) were destroyed without a despawn; forgetting them
[nebula] 0 entity object(s) were destroyed without a despawn; forgetting them
[nebula] 0 entity object(s) were destroyed without a despawn; forgetting them
[nebula] 0 entity object(s) were destroyed without a despawn; forgetting them
[nebula] 0 entity object(s) were destroyed without a despawn; forgetting them
[nebula] 0 entity object(s) were destroyed without a despawn; forgetting them
[nebula] 0 entity object(s) were destroyed without a despawn; forgetting them
[nebula] 0 entity object(s) were destroyed without a despawn; forgetting them
[nebula] 0 entity object(s) were destroyed without a despawn; forgetting them
[nebula] 0 entity object(s) were destroyed without a despawn; forgetting them
[nebula] 0 entity object(s) were destroyed without a despawn; forgetting them
[nebula] 0 entity object(s) were destroyed without a despawn; forgetting them
[nebula] 0 entity object(s) were destroyed without a despawn; forgetting them
[nebula] 0 entity object(s) were destroyed without a despawn; forgetting them
[nebula] 0 entity object(s) were destroyed without a despawn; forgetting them
[nebula] 0 entity object(s) were destroyed without a despawn; forgetting them
[nebula] 0 entity object(s) were destroyed without a despawn; forgetting them
[nebula] 0 entity object(s) were destroyed without a despawn; forgetting them
[nebula] 0 entity object(s) were destroyed without a despawn; forgetting them
[nebula] 0 entity object(s) were destroyed without a despawn; forgetting them
[nebula] 0 entity object(s) were destroyed without a despawn; forgetting them
[nebula] 0 entity object(s) were destroyed without a despawn; forgetting them
[nebula] 0 entity object(s) were destroyed without a despawn; forgetting them
[nebula] 0 entity object(s) were destroyed without a despawn; forgetting them
[nebula] 0 entity object(s) were destroyed without a despawn; forgetting them
[nebula] 0 entity object(s) were destroyed without a despawn; forgetting them
[nebula] 0 entity object(s) were destroyed without a despawn; forgetting them
[nebula] 0 entity object(s) were destroyed without a despawn; forgetting them
[nebula] 0 entity object(s) were destroyed without a despawn; forgetting them
[nebula] 0 entity object(s) were destroyed without a despawn; forgetting them
[nebula] 0 entity object(s) were destroyed without a despawn; forgetting them
[nebula] 0 entity object(s) were destroyed without a despawn; forgetting them
[nebula] 0 entity object(s) were destroyed without a despawn; forgetting them
[nebula] 0 entity object(s) were destroyed without a despawn; forgetting them
[nebula] 0 entity object(s) were destroyed without a despawn; forgetting them
[nebula] 0 entity object(s) were destroyed without a despawn; forgetting them
[nebula] 0 entity object(s) were destroyed without a despawn; forgetting them
[nebula] 0 entity object(s) were destroyed without a despawn; forgetting them
[nebula] 0 entity object(s) were destroyed without a despawn; forgetting them
[nebula] 0 entity object(s) were destroyed without a despawn; forgetting them
[nebula] 0 entity object(s) were destroyed without a despawn; forgetting them
[nebula] 0 entity object(s) were destroyed without a despawn; forgetting them
[nebula] 0 entity object(s) were destroyed without a despawn; forgetting them
[nebula] 0 entity object(s) were destroyed without a despawn; forgetting them
[nebula] 0 entity object(s) were destroyed without a despawn; forgetting them
[nebula] 0 entity object(s) were destroyed without a despawn; forgetting them
[nebula] 0 entity object(s) were destroyed without a despawn; forgetting them
[nebula] 0 entity object(s) were destroyed without a despawn; forgetting them
[nebula] 0 entity object(s) were destroyed without a despawn; forgetting them
[nebula] 0 entity object(s) were destroyed without a despawn; forgetting them
[nebula] 0 entity object(s) were destroyed without a despawn; forgetting them
[nebula] 0 entity object(s) were destroyed without a despawn; forgetting them
[nebula] 0 entity object(s) were destroyed without a despawn; forgetting them
[nebula] 0 entity object(s) were destroyed without a despawn; forgetting them
[nebula] 0 entity object(s) were destroyed without a despawn; forgetting them
[nebula] 0 entity object(s) were destroyed without a despawn; forgetting them
[nebula] 0 entity object(s) were destroyed without a despawn; forgetting them
[nebula] 0 entity object(s) were destroyed without a despawn; forgetting them
[nebula] 0 entity object(s) were destroyed without a despawn; forgetting them
[nebula] 0 entity object(s) were destroyed without a despawn; forgetting them
[nebula] 0 entity object(s) were destroyed without a despawn; forgetting them
[nebula] 0 entity object(s) were destroyed without a despawn; forgetting them
[nebula] 0 entity object(s) were destroyed without a despawn; forgetting them
[nebula] 0 entity object(s) were destroyed without a despawn; forgetting them
[nebula] 0 entity object(s) were destroyed without a despawn; forgetting them
[nebula] 0 entity object(s) were destroyed without a despawn; forgetting them
[nebula] 0 entity object(s) were destroyed without a despawn; forgetting them
[nebula] 0 entity object(s) were destroyed without a despawn; forgetting them
[nebula] 0 entity object(s) were destroyed without a despawn; forgetting them
[nebula] 0 entity object(s) were destroyed without a despawn; forgetting them
[nebula] 0 entity object(s) were destroyed without a despawn; forgetting them
[nebula] 0 entity object(s) were destroyed without a despawn; forgetting them
[nebula] 0 entity object(s) were destroyed without a despawn; forgetting them
[nebula] 0 entity object(s) were destroyed without a despawn; forgetting them
[nebula] 0 entity object(s) were destroyed without a despawn; forgetting them
[nebula] 0 entity object(s) were destroyed without a despawn; forgetting them
[nebula] 0 entity object(s) were destroyed without a despawn; forgetting them
[nebula] 0 entity object(s) were destroyed without a despawn; forgetting them
[nebula] 0 entity object(s) were destroyed without a despawn; forgetting them
[nebula] 0 entity object(s) were destroyed without a despawn; forgetting them
[nebula] 0 entity object(s) were destroyed without a despawn; forgetting them
[nebula] 0 entity object(s) were destroyed without a despawn; forgetting them
[nebula] 0 entity object(s) were destroyed without a despawn; forgetting them
[nebula] 0 entity object(s) were destroyed without a despawn; forgetting them
[nebula] 0 entity object(s) were destroyed without a despawn; forgetting them
[nebula] 0 entity object(s) were destroyed without a despawn; forgetting them
[nebula] 0 entity object(s) were destroyed without a despawn; forgetting them
[nebula] 0 entity object(s) were destroyed without a despawn; forgetting them
[nebula] 0 entity object(s) were destroyed without a despawn; forgetting them
[nebula] 0 entity object(s) were destroyed without a despawn; forgetting them
[nebula] 0 entity object(s) were destroyed without a despawn; forgetting them
[nebula] 0 entity object(s) were destroyed without a despawn; forgetting them
[nebula] 0 entity object(s) were destroyed without a despawn; forgetting them
[nebula] 0 entity object(s) were destroyed without a despawn; forgetting them
[nebula] 0 entity object(s) were destroyed without a despawn; forgetting them
[nebula] 0 entity object(s) were destroyed without a despawn; forgetting them
[nebula] 0 entity object(s) were destroyed without a despawn; forgetting them
[nebula] 0 entity object(s) were destroyed without a despawn; forgetting them
[nebula] 0 entity object(s) were destroyed without a despawn; forgetting them
[nebula] 0 entity object(s) were destroyed without a despawn; forgetting them
[nebula] 0 entity object(s) were destroyed without a despawn; forgetting them
[nebula] 0 entity object(s) were destroyed without a despawn; forgetting them
[nebula] 0 entity object(s) were destroyed without a despawn; forgetting them
[nebula] 0 entity object(s) were destroyed without a despawn; forgetting them
[nebula] 0 entity object(s) were destroyed without a despawn; forgetting them
[nebula] 0 entity object(s) were destroyed without a despawn; forgetting them
[nebula] 0 entity object(s) were destroyed without a despawn; forgetting them
[nebula] 0 entity object(s) were destroyed without a despawn; forgetting them
[nebula] 0 entity object(s) were destroyed without a despawn; forgetting them
[nebula] 0 entity object(s) were destroyed without a despawn; forgetting them
[nebula] 0 entity object(s) were destroyed without a despawn; forgetting them
[nebula] 0 entity object(s) were destroyed without a despawn; forgetting them
[nebula] 0 entity object(s) were destroyed without a despawn; forgetting them
[nebula] 0 entity object(s) were destroyed without a despawn; forgetting them
[nebula] 0 entity object(s) were destroyed without a despawn; forgetting them
[nebula] 0 entity object(s) were destroyed without a despawn; forgetting them
[nebula] 0 entity object(s) were destroyed without a despawn; forgetting them
[nebula] 0 entity object(s) were destroyed without a despawn; forgetting them
[nebula] 0 entity object(s) were destroyed without a despawn; forgetting them
[nebula] 0 entity object(s) were destroyed without a despawn; forgetting them
[nebula] 0 entity object(s) were destroyed without a despawn; forgetting them
[nebula] 0 entity object(s) were destroyed without a despawn; forgetting them
[nebula] 0 entity object(s) were destroyed without a despawn; forgetting them
[nebula] 0 entity object(s) were destroyed without a despawn; forgetting them
[nebula] 0 entity object(s) were destroyed without a despawn; forgetting them
[nebula] 0 entity object(s) were destroyed without a despawn; forgetting them
[nebula] 0 entity object(s) were destroyed without a despawn; forgetting them
[nebula] 0 entity object(s) were destroyed without a despawn; forgetting them
[nebula] 0 entity object(s) were destroyed without a despawn; forgetting them
[nebula] 0 entity object(s) were destroyed without a despawn; forgetting them
[nebula] 0 entity object(s) were destroyed without a despawn; forgetting them
[nebula] 0 entity object(s) were destroyed without a despawn; forgetting them
[nebula] 0 entity object(s) were destroyed without a despawn; forgetting them
[nebula] 0 entity object(s) were destroyed without a despawn; forgetting them
[nebula] 0 entity object(s) were destroyed without a despawn; forgetting them
[nebula] 0 entity object(s) were destroyed without a despawn; forgetting them
[nebula] 0 entity object(s) were destroyed without a despawn; forgetting them
[nebula] 0 entity object(s) were destroyed without a despawn; forgetting them
[nebula] 0 entity object(s) were destroyed without a despawn; forgetting them
[nebula] 0 entity object(s) were destroyed without a despawn; forgetting them
[nebula] 0 entity object(s) were destroyed without a despawn; forgetting them
[nebula] 0 entity object(s) were destroyed without a despawn; forgetting them
[nebula] 0 entity object(s) were destroyed without a despawn; forgetting them
[nebula] 0 entity object(s) were destroyed without a despawn; forgetting them
[nebula] 0 entity object(s) were destroyed without a despawn; forgetting them
[nebula] 0 entity object(s) were destroyed without a despawn; forgetting them
[nebula] 0 entity object(s) were destroyed without a despawn; forgetting them
[nebula] 0 entity object(s) were destroyed without a despawn; forgetting them
[nebula] 0 entity object(s) were destroyed without a despawn; forgetting them
[nebula] 0 entity object(s) were destroyed without a despawn; forgetting them
[nebula] 0 entity object(s) were destroyed without a despawn; forgetting them
[nebula] 0 entity object(s) were destroyed without a despawn; forgetting them
[nebula] 0 entity object(s) were destroyed without a despawn; forgetting them
[nebula] 0 entity object(s) were destroyed without a despawn; forgetting them
[nebula] 0 entity object(s) were destroyed without a despawn; forgetting them
[nebula] 0 entity object(s) were destroyed without a despawn; forgetting them
[nebula] 0 entity object(s) were destroyed without a despawn; forgetting them
[nebula] 0 entity object(s) were destroyed without a despawn; forgetting them
[nebula] 0 entity object(s) were destroyed without a despawn; forgetting them
[nebula] 0 entity object(s) were destroyed without a despawn; forgetting them
[nebula] 0 entity object(s) were destroyed without a despawn; forgetting them
[nebula] 0 entity object(s) were destroyed without a despawn; forgetting them
[nebula] 0 entity object(s) were destroyed without a despawn; forgetting them
[nebula] 0 entity object(s) were destroyed without a despawn; forgetting them
[nebula] 0 entity object(s) were destroyed without a despawn; forgetting them
[nebula] 0 entity object(s) were destroyed without a despawn; forgetting them
[nebula] 0 entity object(s) were destroyed without a despawn; forgetting them
[nebula] 0 entity object(s) were destroyed without a despawn; forgetting them
[nebula] 0 entity object(s) were destroyed without a despawn; forgetting them
[nebula] 0 entity object(s) were destroyed without a despawn; forgetting them
[nebula] 0 entity object(s) were destroyed without a despawn; forgetting them
[nebula] 0 entity object(s) were destroyed without a despawn; forgetting them
[nebula] 0 entity object(s) were destroyed without a despawn; forgetting them
[nebula] 0 entity object(s) were destroyed without a despawn; forgetting them
[nebula] 0 entity object(s) were destroyed without a despawn; forgetting them
[nebula] 0 entity object(s) were destroyed without a despawn; forgetting them
[nebula] 0 entity object(s) were destroyed without a despawn; forgetting them
[nebula] 0 entity object(s) were destroyed without a despawn; forgetting them
[nebula] 0 entity object(s) were destroyed without a despawn; forgetting them
[nebula] 0 entity object(s) were destroyed without a despawn; forgetting them
[nebula] 0 entity object(s) were destroyed without a despawn; forgetting them
[nebula] 0 entity object(s) were destroyed without a despawn; forgetting them
[nebula] 0 entity object(s) were destroyed without a despawn; forgetting them
[nebula] 0 entity object(s) were destroyed without a despawn; forgetting them
[nebula] 0 entity object(s) were destroyed without a despawn; forgetting them
[nebula] 0 entity object(s) were destroyed without a despawn; forgetting them
[nebula] 0 entity object(s) were destroyed without a despawn; forgetting them
[nebula] 0 entity object(s) were destroyed without a despawn; forgetting them
[nebula] 0 entity object(s) were destroyed without a despawn; forgetting them
[nebula] 0 entity object(s) were destroyed without a despawn; forgetting them
[nebula] 0 entity object(s) were destroyed without a despawn; forgetting them
[nebula] 0 entity object(s) were destroyed without a despawn; forgetting them
[nebula] 0 entity object(s) were destroyed without a despawn; forgetting them
[nebula] 0 entity object(s) were destroyed without a despawn; forgetting them
[nebula] 0 entity object(s) were destroyed without a despawn; forgetting them
[nebula] 0 entity object(s) were destroyed without a despawn; forgetting them
[nebula] 0 entity object(s) were destroyed without a despawn; forgetting them
[nebula] 0 entity object(s) were destroyed without a despawn; forgetting them
[nebula] 0 entity object(s) were destroyed without a despawn; forgetting them
[nebula] profile 300 ticks/5s 300 frames avg 0.7ms max 1.1ms dup 1 skip 0 gc 38 auth 27 ghosts 1 | poll=0.00 ghosts=0.00 physics.sync=0.00 simulate=0.01 poses=0.04 containers=0.49 band=0.02 publish=0.01 gap=15.98 interest=0.01
[nebula] 0 entity object(s) were destroyed without a despawn; forgetting them
[nebula] 0 entity object(s) were destroyed without a despawn; forgetting them
[nebula] 0 entity object(s) were destroyed without a despawn; forgetting them
[nebula] 0 entity object(s) were destroyed without a despawn; forgetting them
[nebula] 0 entity object(s) were destroyed without a despawn; forgetting them
[nebula] 0 entity object(s) were destroyed without a despawn; forgetting them
[nebula] 0 entity object(s) were destroyed without a despawn; forgetting them
[nebula] 0 entity object(s) were destroyed without a despawn; forgetting them
[nebula] 0 entity object(s) were destroyed without a despawn; forgetting them
[nebula] 0 entity object(s) were destroyed without a despawn; forgetting them
[nebula] 0 entity object(s) were destroyed without a despawn; forgetting them
[nebula] 0 entity object(s) were destroyed without a despawn; forgetting them
[nebula] 0 entity object(s) were destroyed without a despawn; forgetting them
[nebula] 0 entity object(s) were destroyed without a despawn; forgetting them
[nebula] 0 entity object(s) were destroyed without a despawn; forgetting them
[nebula] 0 entity object(s) were destroyed without a despawn; forgetting them
[nebula] 0 entity object(s) were destroyed without a despawn; forgetting them
[nebula] 0 entity object(s) were destroyed without a despawn; forgetting them
[nebula] 0 entity object(s) were destroyed without a despawn; forgetting them
[nebula] 0 entity object(s) were destroyed without a despawn; forgetting them
[nebula] 0 entity object(s) were destroyed without a despawn; forgetting them
[nebula] 0 entity object(s) were destroyed without a despawn; forgetting them
[nebula] 0 entity object(s) were destroyed without a despawn; forgetting them
[nebula] 0 entity object(s) were destroyed without a despawn; forgetting them
[nebula] 0 entity object(s) were destroyed without a despawn; forgetting them
[nebula] 0 entity object(s) were destroyed without a despawn; forgetting them
[nebula] 0 entity object(s) were destroyed without a despawn; forgetting them
[nebula] 0 entity object(s) were destroyed without a despawn; forgetting them
[nebula] 0 entity object(s) were destroyed without a despawn; forgetting them
[nebula] 0 entity object(s) were destroyed without a despawn; forgetting them
[nebula] 0 entity object(s) were destroyed without a despawn; forgetting them
[nebula] 0 entity object(s) were destroyed without a despawn; forgetting them
[nebula] 0 entity object(s) were destroyed without a despawn; forgetting them
[nebula] 0 entity object(s) were destroyed without a despawn; forgetting them
[nebula] 0 entity object(s) were destroyed without a despawn; forgetting them
[nebula] 0 entity object(s) were destroyed without a despawn; forgetting them
[nebula] 0 entity object(s) were destroyed without a despawn; forgetting them
[nebula] 0 entity object(s) were destroyed without a despawn; forgetting them
[nebula] 0 entity object(s) were destroyed without a despawn; forgetting them
[nebula] 0 entity object(s) were destroyed without a despawn; forgetting them
[nebula] 0 entity object(s) were destroyed without a despawn; forgetting them
[nebula] 0 entity object(s) were destroyed without a despawn; forgetting them
[nebula] 0 entity object(s) were destroyed without a despawn; forgetting them
[nebula] 0 entity object(s) were destroyed without a despawn; forgetting them
[nebula] 0 entity object(s) were destroyed without a despawn; forgetting them
[nebula] 0 entity object(s) were destroyed without a despawn; forgetting them
[nebula] 0 entity object(s) were destroyed without a despawn; forgetting them
[nebula] 0 entity object(s) were destroyed without a despawn; forgetting them
[nebula] 0 entity object(s) were destroyed without a despawn; forgetting them
[nebula] 0 entity object(s) were destroyed without a despawn; forgetting them
[nebula] 0 entity object(s) were destroyed without a despawn; forgetting them
[nebula] 0 entity object(s) were destroyed without a despawn; forgetting them
[nebula] 0 entity object(s) were destroyed without a despawn; forgetting them
[nebula] 0 entity object(s) were destroyed without a despawn; forgetting them
[nebula] 0 entity object(s) were destroyed without a despawn; forgetting them
[nebula] 0 entity object(s) were destroyed without a despawn; forgetting them
[nebula] 0 entity object(s) were destroyed without a despawn; forgetting them
[nebula] 0 entity object(s) were destroyed without a despawn; forgetting them
[nebula] 0 entity object(s) were destroyed without a despawn; forgetting them
[nebula] 0 entity object(s) were destroyed without a despawn; forgetting them
[nebula] 0 entity object(s) were destroyed without a despawn; forgetting them
[nebula] 0 entity object(s) were destroyed without a despawn; forgetting them
[nebula] 0 entity object(s) were destroyed without a despawn; forgetting them
[nebula] 0 entity object(s) were destroyed without a despawn; forgetting them
[nebula] ghost Player(Clone)#844424930131969(e7,rt_30786325577728,auth) -> w4
[nebula] 0 entity object(s) were destroyed without a despawn; forgetting them
[nebula] 0 entity object(s) were destroyed without a despawn; forgetting them
[nebula] 0 entity object(s) were destroyed without a despawn; forgetting them
[nebula] 0 entity object(s) were destroyed without a despawn; forgetting them
[nebula] 0 entity object(s) were destroyed without a despawn; forgetting them
[nebula] 0 entity object(s) were destroyed without a despawn; forgetting them
[nebula] 0 entity object(s) were destroyed without a despawn; forgetting them
[nebula] 0 entity object(s) were destroyed without a despawn; forgetting them
[nebula] 0 entity object(s) were destroyed without a despawn; forgetting them
[nebula] 0 entity object(s) were destroyed without a despawn; forgetting them
[nebula] 0 entity object(s) were destroyed without a despawn; forgetting them
[nebula] 0 entity object(s) were destroyed without a despawn; forgetting them
[nebula] 0 entity object(s) were destroyed without a despawn; forgetting them
[nebula] 0 entity object(s) were destroyed without a despawn; forgetting them
[nebula] 0 entity object(s) were destroyed without a despawn; forgetting them
[nebula] 0 entity object(s) were destroyed without a despawn; forgetting them
[nebula] 0 entity object(s) were destroyed without a despawn; forgetting them
[nebula] 0 entity object(s) were destroyed without a despawn; forgetting them
[nebula] 0 entity object(s) were destroyed without a despawn; forgetting them
[nebula] 0 entity object(s) were destroyed without a despawn; forgetting them
[nebula] 0 entity object(s) were destroyed without a despawn; forgetting them
[nebula] 0 entity object(s) were destroyed without a despawn; forgetting them
[nebula] 0 entity object(s) were destroyed without a despawn; forgetting them
[nebula] 0 entity object(s) were destroyed without a despawn; forgetting them
[nebula] 0 entity object(s) were destroyed without a despawn; forgetting them
[nebula] 0 entity object(s) were destroyed without a despawn; forgetting them
[nebula] 0 entity object(s) were destroyed without a despawn; forgetting them
[nebula] 0 entity object(s) were destroyed without a despawn; forgetting them
[nebula] 0 entity object(s) were destroyed without a despawn; forgetting them
[nebula] 0 entity object(s) were destroyed without a despawn; forgetting them
[nebula] 0 entity object(s) were destroyed without a despawn; forgetting them
[nebula] 0 entity object(s) were destroyed without a despawn; forgetting them
[nebula] 0 entity object(s) were destroyed without a despawn; forgetting them
[nebula] 0 entity object(s) were destroyed without a despawn; forgetting them
[nebula] 0 entity object(s) were destroyed without a despawn; forgetting them
[nebula] 0 entity object(s) were destroyed without a despawn; forgetting them
[nebula] 0 entity object(s) were destroyed without a despawn; forgetting them
[nebula] 0 entity object(s) were destroyed without a despawn; forgetting them
[nebula] 0 entity object(s) were destroyed without a despawn; forgetting them
[nebula] 0 entity object(s) were destroyed without a despawn; forgetting them
[nebula] 0 entity object(s) were destroyed without a despawn; forgetting them
[nebula] 0 entity object(s) were destroyed without a despawn; forgetting them
[nebula] 0 entity object(s) were destroyed without a despawn; forgetting them
[nebula] 0 entity object(s) were destroyed without a despawn; forgetting them
[nebula] handover OUT Player(Clone)#844424930131969(e8,rt_35184372088832,ghost) -> w4 (epoch 8, tick 1365044344)
[nebula] 0 entity object(s) were destroyed without a despawn; forgetting them
[nebula] 0 entity object(s) were destroyed without a despawn; forgetting them
[nebula] 0 entity object(s) were destroyed without a despawn; forgetting them
[nebula] 0 entity object(s) were destroyed without a despawn; forgetting them
[nebula] 0 entity object(s) were destroyed without a despawn; forgetting them
[nebula] 0 entity object(s) were destroyed without a despawn; forgetting them
[nebula] 0 entity object(s) were destroyed without a despawn; forgetting them
[nebula] 0 entity object(s) were destroyed without a despawn; forgetting them
[nebula] 0 entity object(s) were destroyed without a despawn; forgetting them
[nebula] 0 entity object(s) were destroyed without a despawn; forgetting them
[nebula] 0 entity object(s) were destroyed without a despawn; forgetting them
[nebula] 0 entity object(s) were destroyed without a despawn; forgetting them
[nebula] 0 entity object(s) were destroyed without a despawn; forgetting them
[nebula] 0 entity object(s) were destroyed without a despawn; forgetting them
[nebula] 0 entity object(s) were destroyed without a despawn; forgetting them
[nebula] 0 entity object(s) were destroyed without a despawn; forgetting them
[nebula] 0 entity object(s) were destroyed without a despawn; forgetting them
[nebula] 0 entity object(s) were destroyed without a despawn; forgetting them
[nebula] 0 entity object(s) were destroyed without a despawn; forgetting them
[nebula] 0 entity object(s) were destroyed without a despawn; forgetting them
[nebula] 0 entity object(s) were destroyed without a despawn; forgetting them
[nebula] 0 entity object(s) were destroyed without a despawn; forgetting them
[nebula] 0 entity object(s) were destroyed without a despawn; forgetting them
[nebula] 0 entity object(s) were destroyed without a despawn; forgetting them
[nebula] 0 entity object(s) were destroyed without a despawn; forgetting them
[nebula] 0 entity object(s) were destroyed without a despawn; forgetting them
[nebula] 0 entity object(s) were destroyed without a despawn; forgetting them
[nebula] 0 entity object(s) were destroyed without a despawn; forgetting them
[nebula] 0 entity object(s) were destroyed without a despawn; forgetting them
[nebula] 0 entity object(s) were destroyed without a despawn; forgetting them
[nebula] 0 entity object(s) were destroyed without a despawn; forgetting them
[nebula] 0 entity object(s) were destroyed without a despawn; forgetting them
[nebula] 0 entity object(s) were destroyed without a despawn; forgetting them
[nebula] 0 entity object(s) were destroyed without a despawn; forgetting them
[nebula] 0 entity object(s) were destroyed without a despawn; forgetting them
[nebula] 0 entity object(s) were destroyed without a despawn; forgetting them
[nebula] 0 entity object(s) were destroyed without a despawn; forgetting them
[nebula] 0 entity object(s) were destroyed without a despawn; forgetting them
[nebula] 0 entity object(s) were destroyed without a despawn; forgetting them
[nebula] 0 entity object(s) were destroyed without a despawn; forgetting them
[nebula] 0 entity object(s) were destroyed without a despawn; forgetting them
[nebula] 0 entity object(s) were destroyed without a despawn; forgetting them
[nebula] 0 entity object(s) were destroyed without a despawn; forgetting them
[nebula] 0 entity object(s) were destroyed without a despawn; forgetting them
[nebula] 0 entity object(s) were destroyed without a despawn; forgetting them
[nebula] 0 entity object(s) were destroyed without a despawn; forgetting them
[nebula] 0 entity object(s) were destroyed without a despawn; forgetting them
[nebula] 0 entity object(s) were destroyed without a despawn; forgetting them
[nebula] 0 entity object(s) were destroyed without a despawn; forgetting them
[nebula] 0 entity object(s) were destroyed without a despawn; forgetting them
[nebula] 0 entity object(s) were destroyed without a despawn; forgetting them
[nebula] 0 entity object(s) were destroyed without a despawn; forgetting them
[nebula] 0 entity object(s) were destroyed without a despawn; forgetting them
[nebula] 0 entity object(s) were destroyed without a despawn; forgetting them
[nebula] 0 entity object(s) were destroyed without a despawn; forgetting them
[nebula] 0 entity object(s) were destroyed without a despawn; forgetting them
[nebula] 0 entity object(s) were destroyed without a despawn; forgetting them
[nebula] 0 entity object(s) were destroyed without a despawn; forgetting them
[nebula] 0 entity object(s) were destroyed without a despawn; forgetting them
[nebula] 0 entity object(s) were destroyed without a despawn; forgetting them
[nebula] 0 entity object(s) were destroyed without a despawn; forgetting them
[nebula] 0 entity object(s) were destroyed without a despawn; forgetting them
[nebula] 0 entity object(s) were destroyed without a despawn; forgetting them
[nebula] 0 entity object(s) were destroyed without a despawn; forgetting them
[nebula] 0 entity object(s) were destroyed without a despawn; forgetting them
[nebula] 0 entity object(s) were destroyed without a despawn; forgetting them
[nebula] 0 entity object(s) were destroyed without a despawn; forgetting them
[nebula] 0 entity object(s) were destroyed without a despawn; forgetting them
[nebula] 0 entity object(s) were destroyed without a despawn; forgetting them
[nebula] 0 entity object(s) were destroyed without a despawn; forgetting them
[nebula] 0 entity object(s) were destroyed without a despawn; forgetting them
[nebula] 0 entity object(s) were destroyed without a despawn; forgetting them
[nebula] 0 entity object(s) were destroyed without a despawn; forgetting them
[nebula] 0 entity object(s) were destroyed without a despawn; forgetting them
[nebula] 0 entity object(s) were destroyed without a despawn; forgetting them
[nebula] 0 entity object(s) were destroyed without a despawn; forgetting them
[nebula] 0 entity object(s) were destroyed without a despawn; forgetting them
[nebula] 0 entity object(s) were destroyed without a despawn; forgetting them
[nebula] 0 entity object(s) were destroyed without a despawn; forgetting them
[nebula] 0 entity object(s) were destroyed without a despawn; forgetting them
[nebula] 0 entity object(s) were destroyed without a despawn; forgetting them
[nebula] 0 entity object(s) were destroyed without a despawn; forgetting them
[nebula] 0 entity object(s) were destroyed without a despawn; forgetting them
[nebula] 0 entity object(s) were destroyed without a despawn; forgetting them
[nebula] 0 entity object(s) were destroyed without a despawn; forgetting them
[nebula] 0 entity object(s) were destroyed without a despawn; forgetting them
[nebula] 0 entity object(s) were destroyed without a despawn; forgetting them
[nebula] 0 entity object(s) were destroyed without a despawn; forgetting them
[nebula] 0 entity object(s) were destroyed without a despawn; forgetting them
[nebula] 0 entity object(s) were destroyed without a despawn; forgetting them
[nebula] 0 entity object(s) were destroyed without a despawn; forgetting them
[nebula] 0 entity object(s) were destroyed without a despawn; forgetting them
[nebula] 0 entity object(s) were destroyed without a despawn; forgetting them
[nebula] 0 entity object(s) were destroyed without a despawn; forgetting them
[nebula] 0 entity object(s) were destroyed without a despawn; forgetting them
[nebula] 0 entity object(s) were destroyed without a despawn; forgetting them
[nebula] 0 entity object(s) were destroyed without a despawn; forgetting them
[nebula] 0 entity object(s) were destroyed without a despawn; forgetting them
[nebula] 0 entity object(s) were destroyed without a despawn; forgetting them
[nebula] 0 entity object(s) were destroyed without a despawn; forgetting them
[nebula] 0 entity object(s) were destroyed without a despawn; forgetting them
[nebula] 0 entity object(s) were destroyed without a despawn; forgetting them
[nebula] 0 entity object(s) were destroyed without a despawn; forgetting them
[nebula] 0 entity object(s) were destroyed without a despawn; forgetting them
[nebula] 0 entity object(s) were destroyed without a despawn; forgetting them
[nebula] 0 entity object(s) were destroyed without a despawn; forgetting them
[nebula] 0 entity object(s) were destroyed without a despawn; forgetting them
[nebula] 0 entity object(s) were destroyed without a despawn; forgetting them
[nebula] 0 entity object(s) were destroyed without a despawn; forgetting them
[nebula] 0 entity object(s) were destroyed without a despawn; forgetting them
[nebula] 0 entity object(s) were destroyed without a despawn; forgetting them
[nebula] 0 entity object(s) were destroyed without a despawn; forgetting them
[nebula] 0 entity object(s) were destroyed without a despawn; forgetting them
[nebula] 0 entity object(s) were destroyed without a despawn; forgetting them
[nebula] 0 entity object(s) were destroyed without a despawn; forgetting them
[nebula] 0 entity object(s) were destroyed without a despawn; forgetting them
[nebula] 0 entity object(s) were destroyed without a despawn; forgetting them
[nebula] 0 entity object(s) were destroyed without a despawn; forgetting them
[nebula] 0 entity object(s) were destroyed without a despawn; forgetting them
[nebula] 0 entity object(s) were destroyed without a despawn; forgetting them
[nebula] 0 entity object(s) were destroyed without a despawn; forgetting them
[nebula] 0 entity object(s) were destroyed without a despawn; forgetting them
[nebula] 0 entity object(s) were destroyed without a despawn; forgetting them
[nebula] 0 entity object(s) were destroyed without a despawn; forgetting them
[nebula] 0 entity object(s) were destroyed without a despawn; forgetting them
[nebula] 0 entity object(s) were destroyed without a despawn; forgetting them
[nebula] 0 entity object(s) were destroyed without a despawn; forgetting them
[nebula] 0 entity object(s) were destroyed without a despawn; forgetting them
[nebula] 0 entity object(s) were destroyed without a despawn; forgetting them
[nebula] 0 entity object(s) were destroyed without a despawn; forgetting them
[nebula] 0 entity object(s) were destroyed without a despawn; forgetting them
[nebula] 0 entity object(s) were destroyed without a despawn; forgetting them
[nebula] 0 entity object(s) were destroyed without a despawn; forgetting them
[nebula] 0 entity object(s) were destroyed without a despawn; forgetting them
[nebula] 0 entity object(s) were destroyed without a despawn; forgetting them
[nebula] 0 entity object(s) were destroyed without a despawn; forgetting them
[nebula] 0 entity object(s) were destroyed without a despawn; forgetting them
[nebula] 0 entity object(s) were destroyed without a despawn; forgetting them
[nebula] 0 entity object(s) were destroyed without a despawn; forgetting them
[nebula] 0 entity object(s) were destroyed without a despawn; forgetting them
[nebula] 0 entity object(s) were destroyed without a despawn; forgetting them
[nebula] 0 entity object(s) were destroyed without a despawn; forgetting them
[nebula] 0 entity object(s) were destroyed without a despawn; forgetting them
[nebula] 0 entity object(s) were destroyed without a despawn; forgetting them
[nebula] 0 entity object(s) were destroyed without a despawn; forgetting them
[nebula] 0 entity object(s) were destroyed without a despawn; forgetting them
[nebula] 0 entity object(s) were destroyed without a despawn; forgetting them
[nebula] 0 entity object(s) were destroyed without a despawn; forgetting them
[nebula] 0 entity object(s) were destroyed without a despawn; forgetting them
[nebula] 0 entity object(s) were destroyed without a despawn; forgetting them
[nebula] 0 entity object(s) were destroyed without a despawn; forgetting them
[nebula] 0 entity object(s) were destroyed without a despawn; forgetting them
[nebula] 0 entity object(s) were destroyed without a despawn; forgetting them
[nebula] 0 entity object(s) were destroyed without a despawn; forgetting them
[nebula] 0 entity object(s) were destroyed without a despawn; forgetting them
[nebula] 0 entity object(s) were destroyed without a despawn; forgetting them
[nebula] 0 entity object(s) were destroyed without a despawn; forgetting them
[nebula] 0 entity object(s) were destroyed without a despawn; forgetting them
[nebula] 0 entity object(s) were destroyed without a despawn; forgetting them
[nebula] 0 entity object(s) were destroyed without a despawn; forgetting them
[nebula] 0 entity object(s) were destroyed without a despawn; forgetting them
[nebula] 0 entity object(s) were destroyed without a despawn; forgetting them
[nebula] 0 entity object(s) were destroyed without a despawn; forgetting them
[nebula] 0 entity object(s) were destroyed without a despawn; forgetting them
[nebula] 0 entity object(s) were destroyed without a despawn; forgetting them
[nebula] 0 entity object(s) were destroyed without a despawn; forgetting them
[nebula] 0 entity object(s) were destroyed without a despawn; forgetting them
[nebula] 0 entity object(s) were destroyed without a despawn; forgetting them
[nebula] 0 entity object(s) were destroyed without a despawn; forgetting them
[nebula] 0 entity object(s) were destroyed without a despawn; forgetting them
[nebula] 0 entity object(s) were destroyed without a despawn; forgetting them
[nebula] 0 entity object(s) were destroyed without a despawn; forgetting them
[nebula] 0 entity object(s) were destroyed without a despawn; forgetting them
[nebula] 0 entity object(s) were destroyed without a despawn; forgetting them
[nebula] 0 entity object(s) were destroyed without a despawn; forgetting them
[nebula] 0 entity object(s) were destroyed without a despawn; forgetting them
[nebula] 0 entity object(s) were destroyed without a despawn; forgetting them
[nebula] 0 entity object(s) were destroyed without a despawn; forgetting them
[nebula] 0 entity object(s) were destroyed without a despawn; forgetting them
[nebula] 0 entity object(s) were destroyed without a despawn; forgetting them
[nebula] 0 entity object(s) were destroyed without a despawn; forgetting them
[nebula] 0 entity object(s) were destroyed without a despawn; forgetting them
[nebula] 0 entity object(s) were destroyed without a despawn; forgetting them
[nebula] 0 entity object(s) were destroyed without a despawn; forgetting them
[nebula] 0 entity object(s) were destroyed without a despawn; forgetting them
[nebula] 0 entity object(s) were destroyed without a despawn; forgetting them
[nebula] 0 entity object(s) were destroyed without a despawn; forgetting them
[nebula] 0 entity object(s) were destroyed without a despawn; forgetting them
[nebula] 0 entity object(s) were destroyed without a despawn; forgetting them
[nebula] 0 entity object(s) were destroyed without a despawn; forgetting them
[nebula] 0 entity object(s) were destroyed without a despawn; forgetting them
[nebula] 0 entity object(s) were destroyed without a despawn; forgetting them
[nebula] profile 300 ticks/5s 300 frames avg 0.7ms max 1.3ms dup 0 skip 0 gc 45 auth 26 ghosts 1 | poll=0.00 ghosts=0.00 physics.sync=0.00 simulate=0.01 poses=0.04 containers=0.53 band=0.02 publish=0.01 gap=15.94 interest=0.01
[nebula] 0 entity object(s) were destroyed without a despawn; forgetting them
[nebula] 0 entity object(s) were destroyed without a despawn; forgetting them
[nebula] 0 entity object(s) were destroyed without a despawn; forgetting them
[nebula] 0 entity object(s) were destroyed without a despawn; forgetting them
[nebula] 0 entity object(s) were destroyed without a despawn; forgetting them
[nebula] 0 entity object(s) were destroyed without a despawn; forgetting them
[nebula] 0 entity object(s) were destroyed without a despawn; forgetting them
[nebula] 0 entity object(s) were destroyed without a despawn; forgetting them
[nebula] 0 entity object(s) were destroyed without a despawn; forgetting them
[nebula] 0 entity object(s) were destroyed without a despawn; forgetting them
[nebula] 0 entity object(s) were destroyed without a despawn; forgetting them
[nebula] 0 entity object(s) were destroyed without a despawn; forgetting them
[nebula] 0 entity object(s) were destroyed without a despawn; forgetting them
[nebula] 0 entity object(s) were destroyed without a despawn; forgetting them
[nebula] 0 entity object(s) were destroyed without a despawn; forgetting them
[nebula] 0 entity object(s) were destroyed without a despawn; forgetting them
[nebula] 0 entity object(s) were destroyed without a despawn; forgetting them
[nebula] 0 entity object(s) were destroyed without a despawn; forgetting them
[nebula] 0 entity object(s) were destroyed without a despawn; forgetting them
[nebula] 0 entity object(s) were destroyed without a despawn; forgetting them
[nebula] 0 entity object(s) were destroyed without a despawn; forgetting them
[nebula] 0 entity object(s) were destroyed without a despawn; forgetting them
[nebula] 0 entity object(s) were destroyed without a despawn; forgetting them
[nebula] 0 entity object(s) were destroyed without a despawn; forgetting them
[nebula] 0 entity object(s) were destroyed without a despawn; forgetting them
[nebula] 0 entity object(s) were destroyed without a despawn; forgetting them
[nebula] 0 entity object(s) were destroyed without a despawn; forgetting them
[nebula] 0 entity object(s) were destroyed without a despawn; forgetting them
[nebula] 0 entity object(s) were destroyed without a despawn; forgetting them
[nebula] 0 entity object(s) were destroyed without a despawn; forgetting them
[nebula] 0 entity object(s) were destroyed without a despawn; forgetting them
[nebula] 0 entity object(s) were destroyed without a despawn; forgetting them
[nebula] 0 entity object(s) were destroyed without a despawn; forgetting them
[nebula] 0 entity object(s) were destroyed without a despawn; forgetting them
[nebula] 0 entity object(s) were destroyed without a despawn; forgetting them
[nebula] 0 entity object(s) were destroyed without a despawn; forgetting them
[nebula] 0 entity object(s) were destroyed without a despawn; forgetting them
[nebula] 0 entity object(s) were destroyed without a despawn; forgetting them
[nebula] 0 entity object(s) were destroyed without a despawn; forgetting them
[nebula] 0 entity object(s) were destroyed without a despawn; forgetting them
[nebula] 0 entity object(s) were destroyed without a despawn; forgetting them
[nebula] 0 entity object(s) were destroyed without a despawn; forgetting them
[nebula] 0 entity object(s) were destroyed without a despawn; forgetting them
[nebula] 0 entity object(s) were destroyed without a despawn; forgetting them
[nebula] 0 entity object(s) were destroyed without a despawn; forgetting them
[nebula] 0 entity object(s) were destroyed without a despawn; forgetting them
[nebula] 0 entity object(s) were destroyed without a despawn; forgetting them
[nebula] 0 entity object(s) were destroyed without a despawn; forgetting them
[nebula] 0 entity object(s) were destroyed without a despawn; forgetting them
[nebula] 0 entity object(s) were destroyed without a despawn; forgetting them
[nebula] 0 entity object(s) were destroyed without a despawn; forgetting them
[nebula] 0 entity object(s) were destroyed without a despawn; forgetting them
[nebula] 0 entity object(s) were destroyed without a despawn; forgetting them
[nebula] 0 entity object(s) were destroyed without a despawn; forgetting them
[nebula] 0 entity object(s) were destroyed without a despawn; forgetting them
[nebula] 0 entity object(s) were destroyed without a despawn; forgetting them
[nebula] 0 entity object(s) were destroyed without a despawn; forgetting them
[nebula] 0 entity object(s) were destroyed without a despawn; forgetting them
[nebula] 0 entity object(s) were destroyed without a despawn; forgetting them
[nebula] 0 entity object(s) were destroyed without a despawn; forgetting them
[nebula] 0 entity object(s) were destroyed without a despawn; forgetting them
[nebula] 0 entity object(s) were destroyed without a despawn; forgetting them
[nebula] 0 entity object(s) were destroyed without a despawn; forgetting them
[nebula] 0 entity object(s) were destroyed without a despawn; forgetting them
[nebula] 0 entity object(s) were destroyed without a despawn; forgetting them
[nebula] 0 entity object(s) were destroyed without a despawn; forgetting them
[nebula] 0 entity object(s) were destroyed without a despawn; forgetting them
[nebula] 0 entity object(s) were destroyed without a despawn; forgetting them
[nebula] 0 entity object(s) were destroyed without a despawn; forgetting them
[nebula] 0 entity object(s) were destroyed without a despawn; forgetting them
[nebula] 0 entity object(s) were destroyed without a despawn; forgetting them
[nebula] 0 entity object(s) were destroyed without a despawn; forgetting them
[nebula] 0 entity object(s) were destroyed without a despawn; forgetting them
[nebula] 0 entity object(s) were destroyed without a despawn; forgetting them
[nebula] 0 entity object(s) were destroyed without a despawn; forgetting them
[nebula] 0 entity object(s) were destroyed without a despawn; forgetting them
[nebula] 0 entity object(s) were destroyed without a despawn; forgetting them
[nebula] 0 entity object(s) were destroyed without a despawn; forgetting them
[nebula] 0 entity object(s) were destroyed without a despawn; forgetting them
[nebula] 0 entity object(s) were destroyed without a despawn; forgetting them
[nebula] 0 entity object(s) were destroyed without a despawn; forgetting them
[nebula] 0 entity object(s) were destroyed without a despawn; forgetting them
[nebula] 0 entity object(s) were destroyed without a despawn; forgetting them
[nebula] 0 entity object(s) were destroyed without a despawn; forgetting them
[nebula] 0 entity object(s) were destroyed without a despawn; forgetting them
[nebula] 0 entity object(s) were destroyed without a despawn; forgetting them
[nebula] 0 entity object(s) were destroyed without a despawn; forgetting them
[nebula] 0 entity object(s) were destroyed without a despawn; forgetting them
[nebula] 0 entity object(s) were destroyed without a despawn; forgetting them
[nebula] 0 entity object(s) were destroyed without a despawn; forgetting them
[nebula] 0 entity object(s) were destroyed without a despawn; forgetting them
[nebula] 0 entity object(s) were destroyed without a despawn; forgetting them
[nebula] 0 entity object(s) were destroyed without a despawn; forgetting them
[nebula] 0 entity object(s) were destroyed without a despawn; forgetting them
[nebula] 0 entity object(s) were destroyed without a despawn; forgetting them
[nebula] 0 entity object(s) were destroyed without a despawn; forgetting them
[nebula] 0 entity object(s) were destroyed without a despawn; forgetting them
[nebula] 0 entity object(s) were destroyed without a despawn; forgetting them
[nebula] 0 entity object(s) were destroyed without a despawn; forgetting them
[nebula] 0 entity object(s) were destroyed without a despawn; forgetting them
[nebula] 0 entity object(s) were destroyed without a despawn; forgetting them
[nebula] 0 entity object(s) were destroyed without a despawn; forgetting them
[nebula] 0 entity object(s) were destroyed without a despawn; forgetting them
[nebula] 0 entity object(s) were destroyed without a despawn; forgetting them
[nebula] 0 entity object(s) were destroyed without a despawn; forgetting them
[nebula] 0 entity object(s) were destroyed without a despawn; forgetting them
[nebula] 0 entity object(s) were destroyed without a despawn; forgetting them
[nebula] 0 entity object(s) were destroyed without a despawn; forgetting them
[nebula] 0 entity object(s) were destroyed without a despawn; forgetting them
[nebula] 0 entity object(s) were destroyed without a despawn; forgetting them
[nebula] 0 entity object(s) were destroyed without a despawn; forgetting them
[nebula] 0 entity object(s) were destroyed without a despawn; forgetting them
[nebula] 0 entity object(s) were destroyed without a despawn; forgetting them
[nebula] 0 entity object(s) were destroyed without a despawn; forgetting them
[nebula] 0 entity object(s) were destroyed without a despawn; forgetting them
[nebula] 0 entity object(s) were destroyed without a despawn; forgetting them
[nebula] 0 entity object(s) were destroyed without a despawn; forgetting them
[nebula] 0 entity object(s) were destroyed without a despawn; forgetting them
[nebula] 0 entity object(s) were destroyed without a despawn; forgetting them
[nebula] 0 entity object(s) were destroyed without a despawn; forgetting them
[nebula] 0 entity object(s) were destroyed without a despawn; forgetting them
[nebula] 0 entity object(s) were destroyed without a despawn; forgetting them
[nebula] 0 entity object(s) were destroyed without a despawn; forgetting them
[nebula] 0 entity object(s) were destroyed without a despawn; forgetting them
[nebula] 0 entity object(s) were destroyed without a despawn; forgetting them
[nebula] 0 entity object(s) were destroyed without a despawn; forgetting them
[nebula] 0 entity object(s) were destroyed without a despawn; forgetting them
[nebula] 0 entity object(s) were destroyed without a despawn; forgetting them
[nebula] 0 entity object(s) were destroyed without a despawn; forgetting them
[nebula] 0 entity object(s) were destroyed without a despawn; forgetting them
[nebula] 0 entity object(s) were destroyed without a despawn; forgetting them
[nebula] 0 entity object(s) were destroyed without a despawn; forgetting them
[nebula] 0 entity object(s) were destroyed without a despawn; forgetting them
[nebula] 0 entity object(s) were destroyed without a despawn; forgetting them
[nebula] 0 entity object(s) were destroyed without a despawn; forgetting them
[nebula] 0 entity object(s) were destroyed without a despawn; forgetting them
[nebula] 0 entity object(s) were destroyed without a despawn; forgetting them
[nebula] 0 entity object(s) were destroyed without a despawn; forgetting them
[nebula] 0 entity object(s) were destroyed without a despawn; forgetting them
[nebula] 0 entity object(s) were destroyed without a despawn; forgetting them
[nebula] 0 entity object(s) were destroyed without a despawn; forgetting them
[nebula] 0 entity object(s) were destroyed without a despawn; forgetting them
[nebula] 0 entity object(s) were destroyed without a despawn; forgetting them
[nebula] 0 entity object(s) were destroyed without a despawn; forgetting them
[nebula] 0 entity object(s) were destroyed without a despawn; forgetting them
[nebula] 0 entity object(s) were destroyed without a despawn; forgetting them
[nebula] 0 entity object(s) were destroyed without a despawn; forgetting them
[nebula] 0 entity object(s) were destroyed without a despawn; forgetting them
[nebula] 0 entity object(s) were destroyed without a despawn; forgetting them
[nebula] 0 entity object(s) were destroyed without a despawn; forgetting them
[nebula] 0 entity object(s) were destroyed without a despawn; forgetting them
[nebula] 0 entity object(s) were destroyed without a despawn; forgetting them
[nebula] 0 entity object(s) were destroyed without a despawn; forgetting them
[nebula] 0 entity object(s) were destroyed without a despawn; forgetting them
[nebula] 0 entity object(s) were destroyed without a despawn; forgetting them
[nebula] 0 entity object(s) were destroyed without a despawn; forgetting them
[nebula] 0 entity object(s) were destroyed without a despawn; forgetting them
[nebula] 0 entity object(s) were destroyed without a despawn; forgetting them
[nebula] 0 entity object(s) were destroyed without a despawn; forgetting them
[nebula] 0 entity object(s) were destroyed without a despawn; forgetting them
[nebula] 0 entity object(s) were destroyed without a despawn; forgetting them
[nebula] 0 entity object(s) were destroyed without a despawn; forgetting them
[nebula] 0 entity object(s) were destroyed without a despawn; forgetting them
[nebula] 0 entity object(s) were destroyed without a despawn; forgetting them
[nebula] 0 entity object(s) were destroyed without a despawn; forgetting them
[nebula] 0 entity object(s) were destroyed without a despawn; forgetting them
[nebula] 0 entity object(s) were destroyed without a despawn; forgetting them
[nebula] 0 entity object(s) were destroyed without a despawn; forgetting them
[nebula] 0 entity object(s) were destroyed without a despawn; forgetting them
[nebula] 0 entity object(s) were destroyed without a despawn; forgetting them
[nebula] 0 entity object(s) were destroyed without a despawn; forgetting them
[nebula] 0 entity object(s) were destroyed without a despawn; forgetting them
[nebula] 0 entity object(s) were destroyed without a despawn; forgetting them
[nebula] 0 entity object(s) were destroyed without a despawn; forgetting them
[nebula] 0 entity object(s) were destroyed without a despawn; forgetting them
[nebula] 0 entity object(s) were destroyed without a despawn; forgetting them
[nebula] 0 entity object(s) were destroyed without a despawn; forgetting them
[nebula] 0 entity object(s) were destroyed without a despawn; forgetting them
[nebula] 0 entity object(s) were destroyed without a despawn; forgetting them
[nebula] 0 entity object(s) were destroyed without a despawn; forgetting them
[nebula] 0 entity object(s) were destroyed without a despawn; forgetting them
[nebula] 0 entity object(s) were destroyed without a despawn; forgetting them
[nebula] 0 entity object(s) were destroyed without a despawn; forgetting them
[nebula] 0 entity object(s) were destroyed without a despawn; forgetting them
[nebula] 0 entity object(s) were destroyed without a despawn; forgetting them
[nebula] 0 entity object(s) were destroyed without a despawn; forgetting them
[nebula] 0 entity object(s) were destroyed without a despawn; forgetting them
[nebula] 0 entity object(s) were destroyed without a despawn; forgetting them
[nebula] 0 entity object(s) were destroyed without a despawn; forgetting them
[nebula] 0 entity object(s) were destroyed without a despawn; forgetting them
[nebula] 0 entity object(s) were destroyed without a despawn; forgetting them
[nebula] 0 entity object(s) were destroyed without a despawn; forgetting them
[nebula] 0 entity object(s) were destroyed without a despawn; forgetting them
[nebula] 0 entity object(s) were destroyed without a despawn; forgetting them
[nebula] 0 entity object(s) were destroyed without a despawn; forgetting them
[nebula] 0 entity object(s) were destroyed without a despawn; forgetting them
[nebula] 0 entity object(s) were destroyed without a despawn; forgetting them
[nebula] 0 entity object(s) were destroyed without a despawn; forgetting them
[nebula] 0 entity object(s) were destroyed without a despawn; forgetting them
[nebula] 0 entity object(s) were destroyed without a despawn; forgetting them
[nebula] 0 entity object(s) were destroyed without a despawn; forgetting them
[nebula] 0 entity object(s) were destroyed without a despawn; forgetting them
[nebula] 0 entity object(s) were destroyed without a despawn; forgetting them
[nebula] 0 entity object(s) were destroyed without a despawn; forgetting them
[nebula] 0 entity object(s) were destroyed without a despawn; forgetting them
[nebula] 0 entity object(s) were destroyed without a despawn; forgetting them
[nebula] 0 entity object(s) were destroyed without a despawn; forgetting them
[nebula] 0 entity object(s) were destroyed without a despawn; forgetting them
[nebula] 0 entity object(s) were destroyed without a despawn; forgetting them
[nebula] 0 entity object(s) were destroyed without a despawn; forgetting them
[nebula] 0 entity object(s) were destroyed without a despawn; forgetting them
[nebula] 0 entity object(s) were destroyed without a despawn; forgetting them
[nebula] 0 entity object(s) were destroyed without a despawn; forgetting them
[nebula] 0 entity object(s) were destroyed without a despawn; forgetting them
[nebula] 0 entity object(s) were destroyed without a despawn; forgetting them
[nebula] 0 entity object(s) were destroyed without a despawn; forgetting them
[nebula] 0 entity object(s) were destroyed without a despawn; forgetting them
[nebula] 0 entity object(s) were destroyed without a despawn; forgetting them
[nebula] 0 entity object(s) were destroyed without a despawn; forgetting them
[nebula] 0 entity object(s) were destroyed without a despawn; forgetting them
[nebula] 0 entity object(s) were destroyed without a despawn; forgetting them
[nebula] 0 entity object(s) were destroyed without a despawn; forgetting them
[nebula] 0 entity object(s) were destroyed without a despawn; forgetting them
[nebula] 0 entity object(s) were destroyed without a despawn; forgetting them
[nebula] 0 entity object(s) were destroyed without a despawn; forgetting them
[nebula] 0 entity object(s) were destroyed without a despawn; forgetting them
[nebula] 0 entity object(s) were destroyed without a despawn; forgetting them
[nebula] 0 entity object(s) were destroyed without a despawn; forgetting them
[nebula] 0 entity object(s) were destroyed without a despawn; forgetting them
[nebula] 0 entity object(s) were destroyed without a despawn; forgetting them
[nebula] 0 entity object(s) were destroyed without a despawn; forgetting them
[nebula] 0 entity object(s) were destroyed without a despawn; forgetting them
[nebula] 0 entity object(s) were destroyed without a despawn; forgetting them
[nebula] 0 entity object(s) were destroyed without a despawn; forgetting them
[nebula] 0 entity object(s) were destroyed without a despawn; forgetting them
[nebula] 0 entity object(s) were destroyed without a despawn; forgetting them
[nebula] 0 entity object(s) were destroyed without a despawn; forgetting them
[nebula] 0 entity object(s) were destroyed without a despawn; forgetting them
[nebula] 0 entity object(s) were destroyed without a despawn; forgetting them
[nebula] 0 entity object(s) were destroyed without a despawn; forgetting them
[nebula] 0 entity object(s) were destroyed without a despawn; forgetting them
[nebula] 0 entity object(s) were destroyed without a despawn; forgetting them
[nebula] 0 entity object(s) were destroyed without a despawn; forgetting them
[nebula] 0 entity object(s) were destroyed without a despawn; forgetting them
[nebula] 0 entity object(s) were destroyed without a despawn; forgetting them
[nebula] 0 entity object(s) were destroyed without a despawn; forgetting them
[nebula] 0 entity object(s) were destroyed without a despawn; forgetting them
[nebula] 0 entity object(s) were destroyed without a despawn; forgetting them
[nebula] 0 entity object(s) were destroyed without a despawn; forgetting them
[nebula] 0 entity object(s) were destroyed without a despawn; forgetting them
[nebula] 0 entity object(s) were destroyed without a despawn; forgetting them
[nebula] 0 entity object(s) were destroyed without a despawn; forgetting them
[nebula] 0 entity object(s) were destroyed without a despawn; forgetting them
[nebula] 0 entity object(s) were destroyed without a despawn; forgetting them
[nebula] 0 entity object(s) were destroyed without a despawn; forgetting them
[nebula] 0 entity object(s) were destroyed without a despawn; forgetting them
[nebula] 0 entity object(s) were destroyed without a despawn; forgetting them
[nebula] 0 entity object(s) were destroyed without a despawn; forgetting them
[nebula] 0 entity object(s) were destroyed without a despawn; forgetting them
[nebula] 0 entity object(s) were destroyed without a despawn; forgetting them
[nebula] 0 entity object(s) were destroyed without a despawn; forgetting them
[nebula] 0 entity object(s) were destroyed without a despawn; forgetting them
[nebula] 0 entity object(s) were destroyed without a despawn; forgetting them
[nebula] 0 entity object(s) were destroyed without a despawn; forgetting them
[nebula] 0 entity object(s) were destroyed without a despawn; forgetting them
[nebula] 0 entity object(s) were destroyed without a despawn; forgetting them
[nebula] 0 entity object(s) were destroyed without a despawn; forgetting them
[nebula] 0 entity object(s) were destroyed without a despawn; forgetting them
[nebula] 0 entity object(s) were destroyed without a despawn; forgetting them
[nebula] 0 entity object(s) were destroyed without a despawn; forgetting them
[nebula] 0 entity object(s) were destroyed without a despawn; forgetting them
[nebula] 0 entity object(s) were destroyed without a despawn; forgetting them
[nebula] 0 entity object(s) were destroyed without a despawn; forgetting them
[nebula] 0 entity object(s) were destroyed without a despawn; forgetting them
[nebula] 0 entity object(s) were destroyed without a despawn; forgetting them
[nebula] 0 entity object(s) were destroyed without a despawn; forgetting them
[nebula] 0 entity object(s) were destroyed without a despawn; forgetting them
[nebula] 0 entity object(s) were destroyed without a despawn; forgetting them
[nebula] 0 entity object(s) were destroyed without a despawn; forgetting them
[nebula] 0 entity object(s) were destroyed without a despawn; forgetting them
[nebula] 0 entity object(s) were destroyed without a despawn; forgetting them
[nebula] 0 entity object(s) were destroyed without a despawn; forgetting them
[nebula] 0 entity object(s) were destroyed without a despawn; forgetting them
[nebula] 0 entity object(s) were destroyed without a despawn; forgetting them
[nebula] 0 entity object(s) were destroyed without a despawn; forgetting them
[nebula] 0 entity object(s) were destroyed without a despawn; forgetting them
[nebula] 0 entity object(s) were destroyed without a despawn; forgetting them
[nebula] 0 entity object(s) were destroyed without a despawn; forgetting them
[nebula] 0 entity object(s) were destroyed without a despawn; forgetting them
[nebula] 0 entity object(s) were destroyed without a despawn; forgetting them
[nebula] 0 entity object(s) were destroyed without a despawn; forgetting them
[nebula] 0 entity object(s) were destroyed without a despawn; forgetting them
[nebula] 0 entity object(s) were destroyed without a despawn; forgetting them
[nebula] 0 entity object(s) were destroyed without a despawn; forgetting them
[nebula] 0 entity object(s) were destroyed without a despawn; forgetting them
[nebula] 0 entity object(s) were destroyed without a despawn; forgetting them
[nebula] 0 entity object(s) were destroyed without a despawn; forgetting them
[nebula] 0 entity object(s) were destroyed without a despawn; forgetting them
[nebula] 0 entity object(s) were destroyed without a despawn; forgetting them
[nebula] 0 entity object(s) were destroyed without a despawn; forgetting them
[nebula] profile 300 ticks/5s 300 frames avg 0.7ms max 1.1ms dup 0 skip 0 gc 38 auth 26 ghosts 1 | poll=0.00 ghosts=0.00 physics.sync=0.00 simulate=0.01 poses=0.04 containers=0.51 band=0.02 publish=0.01 gap=15.96 interest=0.01
[nebula] 0 entity object(s) were destroyed without a despawn; forgetting them
[nebula] 0 entity object(s) were destroyed without a despawn; forgetting them
[nebula] 0 entity object(s) were destroyed without a despawn; forgetting them
[nebula] 0 entity object(s) were destroyed without a despawn; forgetting them
[nebula] 0 entity object(s) were destroyed without a despawn; forgetting them
[nebula] 0 entity object(s) were destroyed without a despawn; forgetting them
[nebula] 0 entity object(s) were destroyed without a despawn; forgetting them
[nebula] 0 entity object(s) were destroyed without a despawn; forgetting them
[nebula] 0 entity object(s) were destroyed without a despawn; forgetting them
[nebula] 0 entity object(s) were destroyed without a despawn; forgetting them
[nebula] 0 entity object(s) were destroyed without a despawn; forgetting them
[nebula] 0 entity object(s) were destroyed without a despawn; forgetting them
[nebula] 0 entity object(s) were destroyed without a despawn; forgetting them
[nebula] 0 entity object(s) were destroyed without a despawn; forgetting them
[nebula] 0 entity object(s) were destroyed without a despawn; forgetting them
[nebula] 0 entity object(s) were destroyed without a despawn; forgetting them
[nebula] 0 entity object(s) were destroyed without a despawn; forgetting them
[nebula] 0 entity object(s) were destroyed without a despawn; forgetting them
[nebula] 0 entity object(s) were destroyed without a despawn; forgetting them
[nebula] 0 entity object(s) were destroyed without a despawn; forgetting them
[nebula] 0 entity object(s) were destroyed without a despawn; forgetting them
[nebula] 0 entity object(s) were destroyed without a despawn; forgetting them
[nebula] 0 entity object(s) were destroyed without a despawn; forgetting them
[nebula] 0 entity object(s) were destroyed without a despawn; forgetting them
[nebula] 0 entity object(s) were destroyed without a despawn; forgetting them
[nebula] 0 entity object(s) were destroyed without a despawn; forgetting them
[nebula] 0 entity object(s) were destroyed without a despawn; forgetting them
[nebula] 0 entity object(s) were destroyed without a despawn; forgetting them
[nebula] 0 entity object(s) were destroyed without a despawn; forgetting them
[nebula] 0 entity object(s) were destroyed without a despawn; forgetting them
[nebula] 0 entity object(s) were destroyed without a despawn; forgetting them
[nebula] 0 entity object(s) were destroyed without a despawn; forgetting them
[nebula] 0 entity object(s) were destroyed without a despawn; forgetting them
[nebula] 0 entity object(s) were destroyed without a despawn; forgetting them
[nebula] 0 entity object(s) were destroyed without a despawn; forgetting them
[nebula] 0 entity object(s) were destroyed without a despawn; forgetting them
[nebula] 0 entity object(s) were destroyed without a despawn; forgetting them
[nebula] 0 entity object(s) were destroyed without a despawn; forgetting them
[nebula] 0 entity object(s) were destroyed without a despawn; forgetting them
[nebula] 0 entity object(s) were destroyed without a despawn; forgetting them
[nebula] 0 entity object(s) were destroyed without a despawn; forgetting them
[nebula] 0 entity object(s) were destroyed without a despawn; forgetting them
[nebula] 0 entity object(s) were destroyed without a despawn; forgetting them
[nebula] 0 entity object(s) were destroyed without a despawn; forgetting them
[nebula] 0 entity object(s) were destroyed without a despawn; forgetting them
[nebula] 0 entity object(s) were destroyed without a despawn; forgetting them
[nebula] 0 entity object(s) were destroyed without a despawn; forgetting them
[nebula] 0 entity object(s) were destroyed without a despawn; forgetting them
[nebula] 0 entity object(s) were destroyed without a despawn; forgetting them
[nebula] 0 entity object(s) were destroyed without a despawn; forgetting them
[nebula] 0 entity object(s) were destroyed without a despawn; forgetting them
[nebula] 0 entity object(s) were destroyed without a despawn; forgetting them
[nebula] 0 entity object(s) were destroyed without a despawn; forgetting them
[nebula] 0 entity object(s) were destroyed without a despawn; forgetting them
[nebula] 0 entity object(s) were destroyed without a despawn; forgetting them
[nebula] 0 entity object(s) were destroyed without a despawn; forgetting them
[nebula] 0 entity object(s) were destroyed without a despawn; forgetting them
[nebula] 0 entity object(s) were destroyed without a despawn; forgetting them
[nebula] 0 entity object(s) were destroyed without a despawn; forgetting them
[nebula] 0 entity object(s) were destroyed without a despawn; forgetting them
[nebula] 0 entity object(s) were destroyed without a despawn; forgetting them
[nebula] 0 entity object(s) were destroyed without a despawn; forgetting them
[nebula] 0 entity object(s) were destroyed without a despawn; forgetting them
[nebula] 0 entity object(s) were destroyed without a despawn; forgetting them
[nebula] 0 entity object(s) were destroyed without a despawn; forgetting them
[nebula] 0 entity object(s) were destroyed without a despawn; forgetting them
[nebula] 0 entity object(s) were destroyed without a despawn; forgetting them
[nebula] 0 entity object(s) were destroyed without a despawn; forgetting them
[nebula] 0 entity object(s) were destroyed without a despawn; forgetting them
[nebula] 0 entity object(s) were destroyed without a despawn; forgetting them
[nebula] 0 entity object(s) were destroyed without a despawn; forgetting them
[nebula] 0 entity object(s) were destroyed without a despawn; forgetting them
[nebula] 0 entity object(s) were destroyed without a despawn; forgetting them
[nebula] 0 entity object(s) were destroyed without a despawn; forgetting them
[nebula] 0 entity object(s) were destroyed without a despawn; forgetting them
[nebula] 0 entity object(s) were destroyed without a despawn; forgetting them
[nebula] 0 entity object(s) were destroyed without a despawn; forgetting them
[nebula] 0 entity object(s) were destroyed without a despawn; forgetting them
[nebula] 0 entity object(s) were destroyed without a despawn; forgetting them
[nebula] 0 entity object(s) were destroyed without a despawn; forgetting them
[nebula] 0 entity object(s) were destroyed without a despawn; forgetting them
[nebula] 0 entity object(s) were destroyed without a despawn; forgetting them
[nebula] 0 entity object(s) were destroyed without a despawn; forgetting them
[nebula] 0 entity object(s) were destroyed without a despawn; forgetting them
[nebula] 0 entity object(s) were destroyed without a despawn; forgetting them
[nebula] 0 entity object(s) were destroyed without a despawn; forgetting them
[nebula] 0 entity object(s) were destroyed without a despawn; forgetting them
[nebula] 0 entity object(s) were destroyed without a despawn; forgetting them
[nebula] 0 entity object(s) were destroyed without a despawn; forgetting them
[nebula] 0 entity object(s) were destroyed without a despawn; forgetting them
[nebula] 0 entity object(s) were destroyed without a despawn; forgetting them
[nebula] 0 entity object(s) were destroyed without a despawn; forgetting them
[nebula] 0 entity object(s) were destroyed without a despawn; forgetting them
[nebula] 0 entity object(s) were destroyed without a despawn; forgetting them
[nebula] 0 entity object(s) were destroyed without a despawn; forgetting them
[nebula] 0 entity object(s) were destroyed without a despawn; forgetting them
[nebula] 0 entity object(s) were destroyed without a despawn; forgetting them
[nebula] 0 entity object(s) were destroyed without a despawn; forgetting them
[nebula] 0 entity object(s) were destroyed without a despawn; forgetting them
[nebula] 0 entity object(s) were destroyed without a despawn; forgetting them
[nebula] 0 entity object(s) were destroyed without a despawn; forgetting them
[nebula] 0 entity object(s) were destroyed without a despawn; forgetting them
[nebula] 0 entity object(s) were destroyed without a despawn; forgetting them
[nebula] 0 entity object(s) were destroyed without a despawn; forgetting them
[nebula] 0 entity object(s) were destroyed without a despawn; forgetting them
[nebula] 0 entity object(s) were destroyed without a despawn; forgetting them
[nebula] 0 entity object(s) were destroyed without a despawn; forgetting them
[nebula] 0 entity object(s) were destroyed without a despawn; forgetting them
[nebula] 0 entity object(s) were destroyed without a despawn; forgetting them
[nebula] 0 entity object(s) were destroyed without a despawn; forgetting them
[nebula] 0 entity object(s) were destroyed without a despawn; forgetting them
[nebula] 0 entity object(s) were destroyed without a despawn; forgetting them
[nebula] 0 entity object(s) were destroyed without a despawn; forgetting them
[nebula] 0 entity object(s) were destroyed without a despawn; forgetting them
[nebula] 0 entity object(s) were destroyed without a despawn; forgetting them
[nebula] 0 entity object(s) were destroyed without a despawn; forgetting them
[nebula] 0 entity object(s) were destroyed without a despawn; forgetting them
[nebula] 0 entity object(s) were destroyed without a despawn; forgetting them
[nebula] 0 entity object(s) were destroyed without a despawn; forgetting them
[nebula] 0 entity object(s) were destroyed without a despawn; forgetting them
[nebula] 0 entity object(s) were destroyed without a despawn; forgetting them
[nebula] 0 entity object(s) were destroyed without a despawn; forgetting them
[nebula] 0 entity object(s) were destroyed without a despawn; forgetting them
[nebula] 0 entity object(s) were destroyed without a despawn; forgetting them
[nebula] 0 entity object(s) were destroyed without a despawn; forgetting them
[nebula] 0 entity object(s) were destroyed without a despawn; forgetting them
[nebula] 0 entity object(s) were destroyed without a despawn; forgetting them
[nebula] 0 entity object(s) were destroyed without a despawn; forgetting them
[nebula] 0 entity object(s) were destroyed without a despawn; forgetting them
[nebula] 0 entity object(s) were destroyed without a despawn; forgetting them
[nebula] 0 entity object(s) were destroyed without a despawn; forgetting them
[nebula] 0 entity object(s) were destroyed without a despawn; forgetting them
[nebula] 0 entity object(s) were destroyed without a despawn; forgetting them
[nebula] 0 entity object(s) were destroyed without a despawn; forgetting them
[nebula] 0 entity object(s) were destroyed without a despawn; forgetting them
[nebula] 0 entity object(s) were destroyed without a despawn; forgetting them
[nebula] 0 entity object(s) were destroyed without a despawn; forgetting them
[nebula] 0 entity object(s) were destroyed without a despawn; forgetting them
[nebula] 0 entity object(s) were destroyed without a despawn; forgetting them
[nebula] 0 entity object(s) were destroyed without a despawn; forgetting them
[nebula] 0 entity object(s) were destroyed without a despawn; forgetting them
[nebula] 0 entity object(s) were destroyed without a despawn; forgetting them
[nebula] 0 entity object(s) were destroyed without a despawn; forgetting them
[nebula] 0 entity object(s) were destroyed without a despawn; forgetting them
[nebula] 0 entity object(s) were destroyed without a despawn; forgetting them
[nebula] 0 entity object(s) were destroyed without a despawn; forgetting them
[nebula] 0 entity object(s) were destroyed without a despawn; forgetting them
[nebula] 0 entity object(s) were destroyed without a despawn; forgetting them
[nebula] 0 entity object(s) were destroyed without a despawn; forgetting them
[nebula] 0 entity object(s) were destroyed without a despawn; forgetting them
[nebula] 0 entity object(s) were destroyed without a despawn; forgetting them
[nebula] 0 entity object(s) were destroyed without a despawn; forgetting them
[nebula] 0 entity object(s) were destroyed without a despawn; forgetting them
[nebula] 0 entity object(s) were destroyed without a despawn; forgetting them
[nebula] 0 entity object(s) were destroyed without a despawn; forgetting them
[nebula] 0 entity object(s) were destroyed without a despawn; forgetting them
[nebula] 0 entity object(s) were destroyed without a despawn; forgetting them
[nebula] 0 entity object(s) were destroyed without a despawn; forgetting them
[nebula] 0 entity object(s) were destroyed without a despawn; forgetting them
[nebula] 0 entity object(s) were destroyed without a despawn; forgetting them
[nebula] 0 entity object(s) were destroyed without a despawn; forgetting them
[nebula] 0 entity object(s) were destroyed without a despawn; forgetting them
[nebula] 0 entity object(s) were destroyed without a despawn; forgetting them
[nebula] 0 entity object(s) were destroyed without a despawn; forgetting them
[nebula] 0 entity object(s) were destroyed without a despawn; forgetting them
[nebula] 0 entity object(s) were destroyed without a despawn; forgetting them
[nebula] 0 entity object(s) were destroyed without a despawn; forgetting them
[nebula] 0 entity object(s) were destroyed without a despawn; forgetting them
[nebula] 0 entity object(s) were destroyed without a despawn; forgetting them
[nebula] 0 entity object(s) were destroyed without a despawn; forgetting them
[nebula] 0 entity object(s) were destroyed without a despawn; forgetting them
[nebula] 0 entity object(s) were destroyed without a despawn; forgetting them
[nebula] 0 entity object(s) were destroyed without a despawn; forgetting them
[nebula] 0 entity object(s) were destroyed without a despawn; forgetting them
[nebula] 0 entity object(s) were destroyed without a despawn; forgetting them
[nebula] 0 entity object(s) were destroyed without a despawn; forgetting them
[nebula] 0 entity object(s) were destroyed without a despawn; forgetting them
[nebula] 0 entity object(s) were destroyed without a despawn; forgetting them
[nebula] 0 entity object(s) were destroyed without a despawn; forgetting them
[nebula] 0 entity object(s) were destroyed without a despawn; forgetting them
[nebula] 0 entity object(s) were destroyed without a despawn; forgetting them
[nebula] 0 entity object(s) were destroyed without a despawn; forgetting them
[nebula] 0 entity object(s) were destroyed without a despawn; forgetting them
[nebula] 0 entity object(s) were destroyed without a despawn; forgetting them
[nebula] 0 entity object(s) were destroyed without a despawn; forgetting them
[nebula] 0 entity object(s) were destroyed without a despawn; forgetting them
[nebula] 0 entity object(s) were destroyed without a despawn; forgetting them
[nebula] 0 entity object(s) were destroyed without a despawn; forgetting them
[nebula] 0 entity object(s) were destroyed without a despawn; forgetting them
[nebula] 0 entity object(s) were destroyed without a despawn; forgetting them
[nebula] 0 entity object(s) were destroyed without a despawn; forgetting them
[nebula] 0 entity object(s) were destroyed without a despawn; forgetting them
[nebula] 0 entity object(s) were destroyed without a despawn; forgetting them
[nebula] 0 entity object(s) were destroyed without a despawn; forgetting them
[nebula] 0 entity object(s) were destroyed without a despawn; forgetting them
[nebula] 0 entity object(s) were destroyed without a despawn; forgetting them
[nebula] 0 entity object(s) were destroyed without a despawn; forgetting them
[nebula] 0 entity object(s) were destroyed without a despawn; forgetting them
[nebula] 0 entity object(s) were destroyed without a despawn; forgetting them
[nebula] 0 entity object(s) were destroyed without a despawn; forgetting them
[nebula] 0 entity object(s) were destroyed without a despawn; forgetting them
[nebula] 0 entity object(s) were destroyed without a despawn; forgetting them
[nebula] 0 entity object(s) were destroyed without a despawn; forgetting them
[nebula] 0 entity object(s) were destroyed without a despawn; forgetting them
[nebula] 0 entity object(s) were destroyed without a despawn; forgetting them
[nebula] 0 entity object(s) were destroyed without a despawn; forgetting them
[nebula] 0 entity object(s) were destroyed without a despawn; forgetting them
[nebula] 0 entity object(s) were destroyed without a despawn; forgetting them
[nebula] 0 entity object(s) were destroyed without a despawn; forgetting them
[nebula] 0 entity object(s) were destroyed without a despawn; forgetting them
[nebula] 0 entity object(s) were destroyed without a despawn; forgetting them
[nebula] 0 entity object(s) were destroyed without a despawn; forgetting them
[nebula] 0 entity object(s) were destroyed without a despawn; forgetting them
[nebula] 0 entity object(s) were destroyed without a despawn; forgetting them
[nebula] 0 entity object(s) were destroyed without a despawn; forgetting them
[nebula] 0 entity object(s) were destroyed without a despawn; forgetting them
[nebula] 0 entity object(s) were destroyed without a despawn; forgetting them
[nebula] 0 entity object(s) were destroyed without a despawn; forgetting them
[nebula] 0 entity object(s) were destroyed without a despawn; forgetting them
[nebula] 0 entity object(s) were destroyed without a despawn; forgetting them
[nebula] 0 entity object(s) were destroyed without a despawn; forgetting them
[nebula] 0 entity object(s) were destroyed without a despawn; forgetting them
[nebula] 0 entity object(s) were destroyed without a despawn; forgetting them
[nebula] 0 entity object(s) were destroyed without a despawn; forgetting them
[nebula] 0 entity object(s) were destroyed without a despawn; forgetting them
[nebula] 0 entity object(s) were destroyed without a despawn; forgetting them
[nebula] 0 entity object(s) were destroyed without a despawn; forgetting them
[nebula] 0 entity object(s) were destroyed without a despawn; forgetting them
[nebula] 0 entity object(s) were destroyed without a despawn; forgetting them
[nebula] 0 entity object(s) were destroyed without a despawn; forgetting them
[nebula] 0 entity object(s) were destroyed without a despawn; forgetting them
[nebula] 0 entity object(s) were destroyed without a despawn; forgetting them
[nebula] 0 entity object(s) were destroyed without a despawn; forgetting them
[nebula] 0 entity object(s) were destroyed without a despawn; forgetting them
[nebula] 0 entity object(s) were destroyed without a despawn; forgetting them
[nebula] 0 entity object(s) were destroyed without a despawn; forgetting them
[nebula] 0 entity object(s) were destroyed without a despawn; forgetting them
[nebula] 0 entity object(s) were destroyed without a despawn; forgetting them
[nebula] 0 entity object(s) were destroyed without a despawn; forgetting them
[nebula] 0 entity object(s) were destroyed without a despawn; forgetting them
[nebula] 0 entity object(s) were destroyed without a despawn; forgetting them
[nebula] 0 entity object(s) were destroyed without a despawn; forgetting them
[nebula] 0 entity object(s) were destroyed without a despawn; forgetting them
[nebula] 0 entity object(s) were destroyed without a despawn; forgetting them
[nebula] 0 entity object(s) were destroyed without a despawn; forgetting them
[nebula] 0 entity object(s) were destroyed without a despawn; forgetting them
[nebula] 0 entity object(s) were destroyed without a despawn; forgetting them
[nebula] 0 entity object(s) were destroyed without a despawn; forgetting them
[nebula] 0 entity object(s) were destroyed without a despawn; forgetting them
[nebula] 0 entity object(s) were destroyed without a despawn; forgetting them
[nebula] 0 entity object(s) were destroyed without a despawn; forgetting them
[nebula] 0 entity object(s) were destroyed without a despawn; forgetting them
[nebula] 0 entity object(s) were destroyed without a despawn; forgetting them
[nebula] 0 entity object(s) were destroyed without a despawn; forgetting them
[nebula] 0 entity object(s) were destroyed without a despawn; forgetting them
[nebula] 0 entity object(s) were destroyed without a despawn; forgetting them
[nebula] 0 entity object(s) were destroyed without a despawn; forgetting them
[nebula] 0 entity object(s) were destroyed without a despawn; forgetting them
[nebula] 0 entity object(s) were destroyed without a despawn; forgetting them
[nebula] 0 entity object(s) were destroyed without a despawn; forgetting them
[nebula] 0 entity object(s) were destroyed without a despawn; forgetting them
[nebula] 0 entity object(s) were destroyed without a despawn; forgetting them
[nebula] 0 entity object(s) were destroyed without a despawn; forgetting them
[nebula] 0 entity object(s) were destroyed without a despawn; forgetting them
[nebula] 0 entity object(s) were destroyed without a despawn; forgetting them
[nebula] 0 entity object(s) were destroyed without a despawn; forgetting them
[nebula] 0 entity object(s) were destroyed without a despawn; forgetting them
[nebula] 0 entity object(s) were destroyed without a despawn; forgetting them
[nebula] 0 entity object(s) were destroyed without a despawn; forgetting them
[nebula] 0 entity object(s) were destroyed without a despawn; forgetting them
[nebula] 0 entity object(s) were destroyed without a despawn; forgetting them
[nebula] 0 entity object(s) were destroyed without a despawn; forgetting them
[nebula] 0 entity object(s) were destroyed without a despawn; forgetting them
[nebula] 0 entity object(s) were destroyed without a despawn; forgetting them
[nebula] 0 entity object(s) were destroyed without a despawn; forgetting them
[nebula] 0 entity object(s) were destroyed without a despawn; forgetting them
[nebula] 0 entity object(s) were destroyed without a despawn; forgetting them
[nebula] 0 entity object(s) were destroyed without a despawn; forgetting them
[nebula] 0 entity object(s) were destroyed without a despawn; forgetting them
[nebula] 0 entity object(s) were destroyed without a despawn; forgetting them
[nebula] 0 entity object(s) were destroyed without a despawn; forgetting them
[nebula] 0 entity object(s) were destroyed without a despawn; forgetting them
[nebula] 0 entity object(s) were destroyed without a despawn; forgetting them
[nebula] 0 entity object(s) were destroyed without a despawn; forgetting them
[nebula] 0 entity object(s) were destroyed without a despawn; forgetting them
[nebula] 0 entity object(s) were destroyed without a despawn; forgetting them
[nebula] 0 entity object(s) were destroyed without a despawn; forgetting them
[nebula] 0 entity object(s) were destroyed without a despawn; forgetting them
[nebula] 0 entity object(s) were destroyed without a despawn; forgetting them
[nebula] 0 entity object(s) were destroyed without a despawn; forgetting them
[nebula] 0 entity object(s) were destroyed without a despawn; forgetting them
[nebula] 0 entity object(s) were destroyed without a despawn; forgetting them
[nebula] 0 entity object(s) were destroyed without a despawn; forgetting them
[nebula] 0 entity object(s) were destroyed without a despawn; forgetting them
[nebula] 0 entity object(s) were destroyed without a despawn; forgetting them
[nebula] 0 entity object(s) were destroyed without a despawn; forgetting them
[nebula] 0 entity object(s) were destroyed without a despawn; forgetting them
[nebula] 0 entity object(s) were destroyed without a despawn; forgetting them
[nebula] 0 entity object(s) were destroyed without a despawn; forgetting them
[nebula] 0 entity object(s) were destroyed without a despawn; forgetting them
[nebula] profile 300 ticks/5s 300 frames avg 0.7ms max 1.2ms dup 0 skip 0 gc 36 auth 26 ghosts 1 | poll=0.00 ghosts=0.00 physics.sync=0.00 simulate=0.01 poses=0.04 containers=0.50 band=0.02 publish=0.01 gap=15.95 interest=0.01
[nebula] 0 entity object(s) were destroyed without a despawn; forgetting them
[nebula] 0 entity object(s) were destroyed without a despawn; forgetting them
[nebula] 0 entity object(s) were destroyed without a despawn; forgetting them
[nebula] 0 entity object(s) were destroyed without a despawn; forgetting them
[nebula] 0 entity object(s) were destroyed without a despawn; forgetting them
[nebula] 0 entity object(s) were destroyed without a despawn; forgetting them
[nebula] 0 entity object(s) were destroyed without a despawn; forgetting them
[nebula] 0 entity object(s) were destroyed without a despawn; forgetting them
[nebula] 0 entity object(s) were destroyed without a despawn; forgetting them
[nebula] 0 entity object(s) were destroyed without a despawn; forgetting them
[nebula] 0 entity object(s) were destroyed without a despawn; forgetting them
[nebula] 0 entity object(s) were destroyed without a despawn; forgetting them
[nebula] 0 entity object(s) were destroyed without a despawn; forgetting them
[nebula] 0 entity object(s) were destroyed without a despawn; forgetting them
[nebula] 0 entity object(s) were destroyed without a despawn; forgetting them
[nebula] 0 entity object(s) were destroyed without a despawn; forgetting them
[nebula] 0 entity object(s) were destroyed without a despawn; forgetting them
[nebula] 0 entity object(s) were destroyed without a despawn; forgetting them
[nebula] 0 entity object(s) were destroyed without a despawn; forgetting them
[nebula] 0 entity object(s) were destroyed without a despawn; forgetting them
[nebula] 0 entity object(s) were destroyed without a despawn; forgetting them
[nebula] 0 entity object(s) were destroyed without a despawn; forgetting them
[nebula] 0 entity object(s) were destroyed without a despawn; forgetting them
[nebula] 0 entity object(s) were destroyed without a despawn; forgetting them
[nebula] 0 entity object(s) were destroyed without a despawn; forgetting them
[nebula] 0 entity object(s) were destroyed without a despawn; forgetting them
[nebula] 0 entity object(s) were destroyed without a despawn; forgetting them
[nebula] 0 entity object(s) were destroyed without a despawn; forgetting them
[nebula] 0 entity object(s) were destroyed without a despawn; forgetting them
[nebula] 0 entity object(s) were destroyed without a despawn; forgetting them
[nebula] 0 entity object(s) were destroyed without a despawn; forgetting them
[nebula] 0 entity object(s) were destroyed without a despawn; forgetting them
[nebula] 0 entity object(s) were destroyed without a despawn; forgetting them
[nebula] 0 entity object(s) were destroyed without a despawn; forgetting them
[nebula] 0 entity object(s) were destroyed without a despawn; forgetting them
[nebula] 0 entity object(s) were destroyed without a despawn; forgetting them
[nebula] 0 entity object(s) were destroyed without a despawn; forgetting them
[nebula] 0 entity object(s) were destroyed without a despawn; forgetting them
[nebula] 0 entity object(s) were destroyed without a despawn; forgetting them
[nebula] 0 entity object(s) were destroyed without a despawn; forgetting them
[nebula] 0 entity object(s) were destroyed without a despawn; forgetting them
[nebula] 0 entity object(s) were destroyed without a despawn; forgetting them
[nebula] 0 entity object(s) were destroyed without a despawn; forgetting them
[nebula] 0 entity object(s) were destroyed without a despawn; forgetting them
[nebula] 0 entity object(s) were destroyed without a despawn; forgetting them
[nebula] 0 entity object(s) were destroyed without a despawn; forgetting them
[nebula] 0 entity object(s) were destroyed without a despawn; forgetting them
[nebula] 0 entity object(s) were destroyed without a despawn; forgetting them
[nebula] 0 entity object(s) were destroyed without a despawn; forgetting them
[nebula] 0 entity object(s) were destroyed without a despawn; forgetting them
[nebula] 0 entity object(s) were destroyed without a despawn; forgetting them
[nebula] 0 entity object(s) were destroyed without a despawn; forgetting them
[nebula] 0 entity object(s) were destroyed without a despawn; forgetting them
[nebula] 0 entity object(s) were destroyed without a despawn; forgetting them
[nebula] 0 entity object(s) were destroyed without a despawn; forgetting them
[nebula] 0 entity object(s) were destroyed without a despawn; forgetting them
[nebula] 0 entity object(s) were destroyed without a despawn; forgetting them
[nebula] 0 entity object(s) were destroyed without a despawn; forgetting them
[nebula] 0 entity object(s) were destroyed without a despawn; forgetting them
[nebula] 0 entity object(s) were destroyed without a despawn; forgetting them
[nebula] 0 entity object(s) were destroyed without a despawn; forgetting them
[nebula] 0 entity object(s) were destroyed without a despawn; forgetting them
[nebula] 0 entity object(s) were destroyed without a despawn; forgetting them
[nebula] 0 entity object(s) were destroyed without a despawn; forgetting them
[nebula] 0 entity object(s) were destroyed without a despawn; forgetting them
[nebula] 0 entity object(s) were destroyed without a despawn; forgetting them
[nebula] 0 entity object(s) were destroyed without a despawn; forgetting them
[nebula] 0 entity object(s) were destroyed without a despawn; forgetting them
[nebula] 0 entity object(s) were destroyed without a despawn; forgetting them
[nebula] 0 entity object(s) were destroyed without a despawn; forgetting them
[nebula] 0 entity object(s) were destroyed without a despawn; forgetting them
[nebula] 0 entity object(s) were destroyed without a despawn; forgetting them
[nebula] 0 entity object(s) were destroyed without a despawn; forgetting them
[nebula] 0 entity object(s) were destroyed without a despawn; forgetting them
[nebula] 0 entity object(s) were destroyed without a despawn; forgetting them
[nebula] 0 entity object(s) were destroyed without a despawn; forgetting them
[nebula] 0 entity object(s) were destroyed without a despawn; forgetting them
[nebula] 0 entity object(s) were destroyed without a despawn; forgetting them
[nebula] 0 entity object(s) were destroyed without a despawn; forgetting them
[nebula] 0 entity object(s) were destroyed without a despawn; forgetting them
[nebula] 0 entity object(s) were destroyed without a despawn; forgetting them
[nebula] 0 entity object(s) were destroyed without a despawn; forgetting them
[nebula] 0 entity object(s) were destroyed without a despawn; forgetting them
[nebula] 0 entity object(s) were destroyed without a despawn; forgetting them
[nebula] 0 entity object(s) were destroyed without a despawn; forgetting them
[nebula] 0 entity object(s) were destroyed without a despawn; forgetting them
[nebula] 0 entity object(s) were destroyed without a despawn; forgetting them
[nebula] 0 entity object(s) were destroyed without a despawn; forgetting them
[nebula] 0 entity object(s) were destroyed without a despawn; forgetting them
[nebula] 0 entity object(s) were destroyed without a despawn; forgetting them
[nebula] 0 entity object(s) were destroyed without a despawn; forgetting them
[nebula] 0 entity object(s) were destroyed without a despawn; forgetting them
[nebula] 0 entity object(s) were destroyed without a despawn; forgetting them
[nebula] 0 entity object(s) were destroyed without a despawn; forgetting them
[nebula] 0 entity object(s) were destroyed without a despawn; forgetting them
[nebula] 0 entity object(s) were destroyed without a despawn; forgetting them
[nebula] 0 entity object(s) were destroyed without a despawn; forgetting them
[nebula] 0 entity object(s) were destroyed without a despawn; forgetting them
[nebula] 0 entity object(s) were destroyed without a despawn; forgetting them
[nebula] 0 entity object(s) were destroyed without a despawn; forgetting them
[nebula] 0 entity object(s) were destroyed without a despawn; forgetting them
[nebula] 0 entity object(s) were destroyed without a despawn; forgetting them
[nebula] 0 entity object(s) were destroyed without a despawn; forgetting them
[nebula] 0 entity object(s) were destroyed without a despawn; forgetting them
[nebula] 0 entity object(s) were destroyed without a despawn; forgetting them
[nebula] 0 entity object(s) were destroyed without a despawn; forgetting them
[nebula] 0 entity object(s) were destroyed without a despawn; forgetting them
[nebula] 0 entity object(s) were destroyed without a despawn; forgetting them
[nebula] 0 entity object(s) were destroyed without a despawn; forgetting them
[nebula] 0 entity object(s) were destroyed without a despawn; forgetting them
[nebula] 0 entity object(s) were destroyed without a despawn; forgetting them
[nebula] 0 entity object(s) were destroyed without a despawn; forgetting them
[nebula] 0 entity object(s) were destroyed without a despawn; forgetting them
[nebula] 0 entity object(s) were destroyed without a despawn; forgetting them
[nebula] 0 entity object(s) were destroyed without a despawn; forgetting them
[nebula] 0 entity object(s) were destroyed without a despawn; forgetting them
[nebula] 0 entity object(s) were destroyed without a despawn; forgetting them
[nebula] 0 entity object(s) were destroyed without a despawn; forgetting them
[nebula] 0 entity object(s) were destroyed without a despawn; forgetting them
[nebula] 0 entity object(s) were destroyed without a despawn; forgetting them
[nebula] 0 entity object(s) were destroyed without a despawn; forgetting them
[nebula] 0 entity object(s) were destroyed without a despawn; forgetting them
[nebula] 0 entity object(s) were destroyed without a despawn; forgetting them
[nebula] 0 entity object(s) were destroyed without a despawn; forgetting them
[nebula] 0 entity object(s) were destroyed without a despawn; forgetting them
[nebula] 0 entity object(s) were destroyed without a despawn; forgetting them
[nebula] 0 entity object(s) were destroyed without a despawn; forgetting them
[nebula] 0 entity object(s) were destroyed without a despawn; forgetting them
[nebula] 0 entity object(s) were destroyed without a despawn; forgetting them
[nebula] 0 entity object(s) were destroyed without a despawn; forgetting them
[nebula] 0 entity object(s) were destroyed without a despawn; forgetting them
[nebula] 0 entity object(s) were destroyed without a despawn; forgetting them
[nebula] 0 entity object(s) were destroyed without a despawn; forgetting them
[nebula] 0 entity object(s) were destroyed without a despawn; forgetting them
[nebula] 0 entity object(s) were destroyed without a despawn; forgetting them
[nebula] 0 entity object(s) were destroyed without a despawn; forgetting them
[nebula] 0 entity object(s) were destroyed without a despawn; forgetting them
[nebula] 0 entity object(s) were destroyed without a despawn; forgetting them
[nebula] 0 entity object(s) were destroyed without a despawn; forgetting them
[nebula] 0 entity object(s) were destroyed without a despawn; forgetting them
[nebula] 0 entity object(s) were destroyed without a despawn; forgetting them
[nebula] 0 entity object(s) were destroyed without a despawn; forgetting them
[nebula] 0 entity object(s) were destroyed without a despawn; forgetting them
[nebula] 0 entity object(s) were destroyed without a despawn; forgetting them
[nebula] 0 entity object(s) were destroyed without a despawn; forgetting them
[nebula] 0 entity object(s) were destroyed without a despawn; forgetting them
[nebula] 0 entity object(s) were destroyed without a despawn; forgetting them
[nebula] 0 entity object(s) were destroyed without a despawn; forgetting them
[nebula] 0 entity object(s) were destroyed without a despawn; forgetting them
[nebula] 0 entity object(s) were destroyed without a despawn; forgetting them
[nebula] 0 entity object(s) were destroyed without a despawn; forgetting them
[nebula] 0 entity object(s) were destroyed without a despawn; forgetting them
[nebula] 0 entity object(s) were destroyed without a despawn; forgetting them
[nebula] 0 entity object(s) were destroyed without a despawn; forgetting them
[nebula] 0 entity object(s) were destroyed without a despawn; forgetting them
[nebula] 0 entity object(s) were destroyed without a despawn; forgetting them
[nebula] 0 entity object(s) were destroyed without a despawn; forgetting them
[nebula] 0 entity object(s) were destroyed without a despawn; forgetting them
[nebula] 0 entity object(s) were destroyed without a despawn; forgetting them
[nebula] 0 entity object(s) were destroyed without a despawn; forgetting them
[nebula] 0 entity object(s) were destroyed without a despawn; forgetting them
[nebula] 0 entity object(s) were destroyed without a despawn; forgetting them
[nebula] 0 entity object(s) were destroyed without a despawn; forgetting them
[nebula] 0 entity object(s) were destroyed without a despawn; forgetting them
[nebula] 0 entity object(s) were destroyed without a despawn; forgetting them
[nebula] 0 entity object(s) were destroyed without a despawn; forgetting them
[nebula] 0 entity object(s) were destroyed without a despawn; forgetting them
[nebula] 0 entity object(s) were destroyed without a despawn; forgetting them
[nebula] 0 entity object(s) were destroyed without a despawn; forgetting them
[nebula] 0 entity object(s) were destroyed without a despawn; forgetting them
[nebula] 0 entity object(s) were destroyed without a despawn; forgetting them
[nebula] 0 entity object(s) were destroyed without a despawn; forgetting them
[nebula] 0 entity object(s) were destroyed without a despawn; forgetting them
[nebula] 0 entity object(s) were destroyed without a despawn; forgetting them
[nebula] 0 entity object(s) were destroyed without a despawn; forgetting them
[nebula] 0 entity object(s) were destroyed without a despawn; forgetting them
[nebula] 0 entity object(s) were destroyed without a despawn; forgetting them
[nebula] 0 entity object(s) were destroyed without a despawn; forgetting them
[nebula] 0 entity object(s) were destroyed without a despawn; forgetting them
[nebula] 0 entity object(s) were destroyed without a despawn; forgetting them
[nebula] 0 entity object(s) were destroyed without a despawn; forgetting them
[nebula] 0 entity object(s) were destroyed without a despawn; forgetting them
[nebula] 0 entity object(s) were destroyed without a despawn; forgetting them
[nebula] 0 entity object(s) were destroyed without a despawn; forgetting them
[nebula] 0 entity object(s) were destroyed without a despawn; forgetting them
[nebula] 0 entity object(s) were destroyed without a despawn; forgetting them
[nebula] 0 entity object(s) were destroyed without a despawn; forgetting them
[nebula] 0 entity object(s) were destroyed without a despawn; forgetting them
[nebula] 0 entity object(s) were destroyed without a despawn; forgetting them
[nebula] 0 entity object(s) were destroyed without a despawn; forgetting them
[nebula] 0 entity object(s) were destroyed without a despawn; forgetting them
[nebula] 0 entity object(s) were destroyed without a despawn; forgetting them
[nebula] 0 entity object(s) were destroyed without a despawn; forgetting them
[nebula] 0 entity object(s) were destroyed without a despawn; forgetting them
[nebula] 0 entity object(s) were destroyed without a despawn; forgetting them
[nebula] 0 entity object(s) were destroyed without a despawn; forgetting them
[nebula] 0 entity object(s) were destroyed without a despawn; forgetting them
[nebula] 0 entity object(s) were destroyed without a despawn; forgetting them
[nebula] 0 entity object(s) were destroyed without a despawn; forgetting them
[nebula] 0 entity object(s) were destroyed without a despawn; forgetting them
[nebula] 0 entity object(s) were destroyed without a despawn; forgetting them
[nebula] 0 entity object(s) were destroyed without a despawn; forgetting them
[nebula] 0 entity object(s) were destroyed without a despawn; forgetting them
[nebula] 0 entity object(s) were destroyed without a despawn; forgetting them
[nebula] 0 entity object(s) were destroyed without a despawn; forgetting them
[nebula] 0 entity object(s) were destroyed without a despawn; forgetting them
[nebula] 0 entity object(s) were destroyed without a despawn; forgetting them
[nebula] 0 entity object(s) were destroyed without a despawn; forgetting them
[nebula] 0 entity object(s) were destroyed without a despawn; forgetting them
[nebula] 0 entity object(s) were destroyed without a despawn; forgetting them
[nebula] 0 entity object(s) were destroyed without a despawn; forgetting them
[nebula] 0 entity object(s) were destroyed without a despawn; forgetting them
[nebula] 0 entity object(s) were destroyed without a despawn; forgetting them
[nebula] 0 entity object(s) were destroyed without a despawn; forgetting them
[nebula] 0 entity object(s) were destroyed without a despawn; forgetting them
[nebula] 0 entity object(s) were destroyed without a despawn; forgetting them
[nebula] 0 entity object(s) were destroyed without a despawn; forgetting them
[nebula] 0 entity object(s) were destroyed without a despawn; forgetting them
[nebula] 0 entity object(s) were destroyed without a despawn; forgetting them
[nebula] 0 entity object(s) were destroyed without a despawn; forgetting them
[nebula] 0 entity object(s) were destroyed without a despawn; forgetting them
[nebula] 0 entity object(s) were destroyed without a despawn; forgetting them
[nebula] 0 entity object(s) were destroyed without a despawn; forgetting them
[nebula] 0 entity object(s) were destroyed without a despawn; forgetting them
[nebula] 0 entity object(s) were destroyed without a despawn; forgetting them
[nebula] 0 entity object(s) were destroyed without a despawn; forgetting them
[nebula] 0 entity object(s) were destroyed without a despawn; forgetting them
[nebula] 0 entity object(s) were destroyed without a despawn; forgetting them
[nebula] 0 entity object(s) were destroyed without a despawn; forgetting them
[nebula] 0 entity object(s) were destroyed without a despawn; forgetting them
[nebula] 0 entity object(s) were destroyed without a despawn; forgetting them
[nebula] 0 entity object(s) were destroyed without a despawn; forgetting them
[nebula] 0 entity object(s) were destroyed without a despawn; forgetting them
[nebula] 0 entity object(s) were destroyed without a despawn; forgetting them
[nebula] 0 entity object(s) were destroyed without a despawn; forgetting them
[nebula] 0 entity object(s) were destroyed without a despawn; forgetting them
[nebula] 0 entity object(s) were destroyed without a despawn; forgetting them
[nebula] 0 entity object(s) were destroyed without a despawn; forgetting them
[nebula] 0 entity object(s) were destroyed without a despawn; forgetting them
[nebula] 0 entity object(s) were destroyed without a despawn; forgetting them
[nebula] 0 entity object(s) were destroyed without a despawn; forgetting them
[nebula] 0 entity object(s) were destroyed without a despawn; forgetting them
[nebula] 0 entity object(s) were destroyed without a despawn; forgetting them
[nebula] 0 entity object(s) were destroyed without a despawn; forgetting them
[nebula] 0 entity object(s) were destroyed without a despawn; forgetting them
[nebula] 0 entity object(s) were destroyed without a despawn; forgetting them
[nebula] 0 entity object(s) were destroyed without a despawn; forgetting them
[nebula] 0 entity object(s) were destroyed without a despawn; forgetting them
[nebula] 0 entity object(s) were destroyed without a despawn; forgetting them
[nebula] 0 entity object(s) were destroyed without a despawn; forgetting them
[nebula] 0 entity object(s) were destroyed without a despawn; forgetting them
[nebula] 0 entity object(s) were destroyed without a despawn; forgetting them
[nebula] 0 entity object(s) were destroyed without a despawn; forgetting them
[nebula] 0 entity object(s) were destroyed without a despawn; forgetting them
[nebula] 0 entity object(s) were destroyed without a despawn; forgetting them
[nebula] 0 entity object(s) were destroyed without a despawn; forgetting them
[nebula] 0 entity object(s) were destroyed without a despawn; forgetting them
[nebula] 0 entity object(s) were destroyed without a despawn; forgetting them
[nebula] 0 entity object(s) were destroyed without a despawn; forgetting them
[nebula] 0 entity object(s) were destroyed without a despawn; forgetting them
[nebula] 0 entity object(s) were destroyed without a despawn; forgetting them
[nebula] 0 entity object(s) were destroyed without a despawn; forgetting them
[nebula] 0 entity object(s) were destroyed without a despawn; forgetting them
[nebula] 0 entity object(s) were destroyed without a despawn; forgetting them
[nebula] 0 entity object(s) were destroyed without a despawn; forgetting them
[nebula] 0 entity object(s) were destroyed without a despawn; forgetting them
[nebula] 0 entity object(s) were destroyed without a despawn; forgetting them
[nebula] 0 entity object(s) were destroyed without a despawn; forgetting them
[nebula] 0 entity object(s) were destroyed without a despawn; forgetting them
[nebula] 0 entity object(s) were destroyed without a despawn; forgetting them
[nebula] 0 entity object(s) were destroyed without a despawn; forgetting them
[nebula] 0 entity object(s) were destroyed without a despawn; forgetting them
[nebula] 0 entity object(s) were destroyed without a despawn; forgetting them
[nebula] 0 entity object(s) were destroyed without a despawn; forgetting them
[nebula] 0 entity object(s) were destroyed without a despawn; forgetting them
[nebula] 0 entity object(s) were destroyed without a despawn; forgetting them
[nebula] 0 entity object(s) were destroyed without a despawn; forgetting them
[nebula] 0 entity object(s) were destroyed without a despawn; forgetting them
[nebula] 0 entity object(s) were destroyed without a despawn; forgetting them
[nebula] 0 entity object(s) were destroyed without a despawn; forgetting them
[nebula] 0 entity object(s) were destroyed without a despawn; forgetting them
[nebula] 0 entity object(s) were destroyed without a despawn; forgetting them
[nebula] 0 entity object(s) were destroyed without a despawn; forgetting them
[nebula] 0 entity object(s) were destroyed without a despawn; forgetting them
[nebula] 0 entity object(s) were destroyed without a despawn; forgetting them
[nebula] 0 entity object(s) were destroyed without a despawn; forgetting them
[nebula] 0 entity object(s) were destroyed without a despawn; forgetting them
[nebula] 0 entity object(s) were destroyed without a despawn; forgetting them
[nebula] 0 entity object(s) were destroyed without a despawn; forgetting them
[nebula] 0 entity object(s) were destroyed without a despawn; forgetting them
[nebula] 0 entity object(s) were destroyed without a despawn; forgetting them
[nebula] 0 entity object(s) were destroyed without a despawn; forgetting them
[nebula] 0 entity object(s) were destroyed without a despawn; forgetting them
[nebula] 0 entity object(s) were destroyed without a despawn; forgetting them
[nebula] 0 entity object(s) were destroyed without a despawn; forgetting them
[nebula] 0 entity object(s) were destroyed without a despawn; forgetting them
[nebula] 0 entity object(s) were destroyed without a despawn; forgetting them
[nebula] 0 entity object(s) were destroyed without a despawn; forgetting them
[nebula] 0 entity object(s) were destroyed without a despawn; forgetting them
[nebula] 0 entity object(s) were destroyed without a despawn; forgetting them
[nebula] profile 300 ticks/5s 300 frames avg 0.7ms max 1.2ms dup 0 skip 0 gc 51 auth 26 ghosts 1 | poll=0.00 ghosts=0.00 physics.sync=0.00 simulate=0.01 poses=0.04 containers=0.49 band=0.02 publish=0.01 gap=15.97 interest=0.01
[nebula] 0 entity object(s) were destroyed without a despawn; forgetting them
[nebula] 0 entity object(s) were destroyed without a despawn; forgetting them
[nebula] 0 entity object(s) were destroyed without a despawn; forgetting them
[nebula] 0 entity object(s) were destroyed without a despawn; forgetting them
[nebula] 0 entity object(s) were destroyed without a despawn; forgetting them
[nebula] 0 entity object(s) were destroyed without a despawn; forgetting them
[nebula] 0 entity object(s) were destroyed without a despawn; forgetting them
[nebula] 0 entity object(s) were destroyed without a despawn; forgetting them
[nebula] 0 entity object(s) were destroyed without a despawn; forgetting them
[nebula] 0 entity object(s) were destroyed without a despawn; forgetting them
[nebula] 0 entity object(s) were destroyed without a despawn; forgetting them
[nebula] 0 entity object(s) were destroyed without a despawn; forgetting them
[nebula] 0 entity object(s) were destroyed without a despawn; forgetting them
[nebula] 0 entity object(s) were destroyed without a despawn; forgetting them
[nebula] 0 entity object(s) were destroyed without a despawn; forgetting them
[nebula] 0 entity object(s) were destroyed without a despawn; forgetting them
[nebula] 0 entity object(s) were destroyed without a despawn; forgetting them
[nebula] 0 entity object(s) were destroyed without a despawn; forgetting them
[nebula] 0 entity object(s) were destroyed without a despawn; forgetting them
[nebula] 0 entity object(s) were destroyed without a despawn; forgetting them
[nebula] 0 entity object(s) were destroyed without a despawn; forgetting them
[nebula] 0 entity object(s) were destroyed without a despawn; forgetting them
[nebula] 0 entity object(s) were destroyed without a despawn; forgetting them
[nebula] 0 entity object(s) were destroyed without a despawn; forgetting them
[nebula] 0 entity object(s) were destroyed without a despawn; forgetting them
[nebula] 0 entity object(s) were destroyed without a despawn; forgetting them
[nebula] 0 entity object(s) were destroyed without a despawn; forgetting them
[nebula] 0 entity object(s) were destroyed without a despawn; forgetting them
[nebula] 0 entity object(s) were destroyed without a despawn; forgetting them
[nebula] 0 entity object(s) were destroyed without a despawn; forgetting them
[nebula] 0 entity object(s) were destroyed without a despawn; forgetting them
[nebula] 0 entity object(s) were destroyed without a despawn; forgetting them
[nebula] 0 entity object(s) were destroyed without a despawn; forgetting them
[nebula] 0 entity object(s) were destroyed without a despawn; forgetting them
[nebula] 0 entity object(s) were destroyed without a despawn; forgetting them
[nebula] 0 entity object(s) were destroyed without a despawn; forgetting them
[nebula] 0 entity object(s) were destroyed without a despawn; forgetting them
[nebula] 0 entity object(s) were destroyed without a despawn; forgetting them
[nebula] 0 entity object(s) were destroyed without a despawn; forgetting them
[nebula] 0 entity object(s) were destroyed without a despawn; forgetting them
[nebula] 0 entity object(s) were destroyed without a despawn; forgetting them
[nebula] 0 entity object(s) were destroyed without a despawn; forgetting them
[nebula] 0 entity object(s) were destroyed without a despawn; forgetting them
[nebula] 0 entity object(s) were destroyed without a despawn; forgetting them
[nebula] 0 entity object(s) were destroyed without a despawn; forgetting them
[nebula] 0 entity object(s) were destroyed without a despawn; forgetting them
[nebula] 0 entity object(s) were destroyed without a despawn; forgetting them
[nebula] 0 entity object(s) were destroyed without a despawn; forgetting them
[nebula] 0 entity object(s) were destroyed without a despawn; forgetting them
[nebula] 0 entity object(s) were destroyed without a despawn; forgetting them
[nebula] 0 entity object(s) were destroyed without a despawn; forgetting them
[nebula] 0 entity object(s) were destroyed without a despawn; forgetting them
[nebula] 0 entity object(s) were destroyed without a despawn; forgetting them
[nebula] 0 entity object(s) were destroyed without a despawn; forgetting them
[nebula] 0 entity object(s) were destroyed without a despawn; forgetting them
[nebula] 0 entity object(s) were destroyed without a despawn; forgetting them
[nebula] 0 entity object(s) were destroyed without a despawn; forgetting them
[nebula] 0 entity object(s) were destroyed without a despawn; forgetting them
[nebula] 0 entity object(s) were destroyed without a despawn; forgetting them
[nebula] 0 entity object(s) were destroyed without a despawn; forgetting them
[nebula] 0 entity object(s) were destroyed without a despawn; forgetting them
[nebula] 0 entity object(s) were destroyed without a despawn; forgetting them
[nebula] 0 entity object(s) were destroyed without a despawn; forgetting them
[nebula] 0 entity object(s) were destroyed without a despawn; forgetting them
[nebula] 0 entity object(s) were destroyed without a despawn; forgetting them
[nebula] 0 entity object(s) were destroyed without a despawn; forgetting them
[nebula] 0 entity object(s) were destroyed without a despawn; forgetting them
[nebula] 0 entity object(s) were destroyed without a despawn; forgetting them
[nebula] 0 entity object(s) were destroyed without a despawn; forgetting them
[nebula] 0 entity object(s) were destroyed without a despawn; forgetting them
[nebula] 0 entity object(s) were destroyed without a despawn; forgetting them
[nebula] 0 entity object(s) were destroyed without a despawn; forgetting them
[nebula] 0 entity object(s) were destroyed without a despawn; forgetting them
[nebula] 0 entity object(s) were destroyed without a despawn; forgetting them
[nebula] 0 entity object(s) were destroyed without a despawn; forgetting them
[nebula] 0 entity object(s) were destroyed without a despawn; forgetting them
[nebula] 0 entity object(s) were destroyed without a despawn; forgetting them
[nebula] 0 entity object(s) were destroyed without a despawn; forgetting them
[nebula] 0 entity object(s) were destroyed without a despawn; forgetting them
[nebula] 0 entity object(s) were destroyed without a despawn; forgetting them
[nebula] 0 entity object(s) were destroyed without a despawn; forgetting them
[nebula] 0 entity object(s) were destroyed without a despawn; forgetting them
[nebula] 0 entity object(s) were destroyed without a despawn; forgetting them
[nebula] 0 entity object(s) were destroyed without a despawn; forgetting them
[nebula] 0 entity object(s) were destroyed without a despawn; forgetting them
[nebula] 0 entity object(s) were destroyed without a despawn; forgetting them
[nebula] 0 entity object(s) were destroyed without a despawn; forgetting them
[nebula] 0 entity object(s) were destroyed without a despawn; forgetting them
[nebula] 0 entity object(s) were destroyed without a despawn; forgetting them
[nebula] 0 entity object(s) were destroyed without a despawn; forgetting them
[nebula] 0 entity object(s) were destroyed without a despawn; forgetting them
[nebula] 0 entity object(s) were destroyed without a despawn; forgetting them
[nebula] 0 entity object(s) were destroyed without a despawn; forgetting them
[nebula] 0 entity object(s) were destroyed without a despawn; forgetting them
[nebula] 0 entity object(s) were destroyed without a despawn; forgetting them
[nebula] 0 entity object(s) were destroyed without a despawn; forgetting them
[nebula] 0 entity object(s) were destroyed without a despawn; forgetting them
[nebula] 0 entity object(s) were destroyed without a despawn; forgetting them
[nebula] 0 entity object(s) were destroyed without a despawn; forgetting them
[nebula] 0 entity object(s) were destroyed without a despawn; forgetting them
[nebula] 0 entity object(s) were destroyed without a despawn; forgetting them
[nebula] 0 entity object(s) were destroyed without a despawn; forgetting them
[nebula] 0 entity object(s) were destroyed without a despawn; forgetting them
[nebula] 0 entity object(s) were destroyed without a despawn; forgetting them
[nebula] 0 entity object(s) were destroyed without a despawn; forgetting them
[nebula] 0 entity object(s) were destroyed without a despawn; forgetting them
[nebula] 0 entity object(s) were destroyed without a despawn; forgetting them
[nebula] 0 entity object(s) were destroyed without a despawn; forgetting them
[nebula] 0 entity object(s) were destroyed without a despawn; forgetting them
[nebula] 0 entity object(s) were destroyed without a despawn; forgetting them
[nebula] 0 entity object(s) were destroyed without a despawn; forgetting them
[nebula] 0 entity object(s) were destroyed without a despawn; forgetting them
[nebula] 0 entity object(s) were destroyed without a despawn; forgetting them
[nebula] 0 entity object(s) were destroyed without a despawn; forgetting them
[nebula] 0 entity object(s) were destroyed without a despawn; forgetting them
[nebula] 0 entity object(s) were destroyed without a despawn; forgetting them
[nebula] 0 entity object(s) were destroyed without a despawn; forgetting them
[nebula] 0 entity object(s) were destroyed without a despawn; forgetting them
[nebula] 0 entity object(s) were destroyed without a despawn; forgetting them
[nebula] 0 entity object(s) were destroyed without a despawn; forgetting them
[nebula] 0 entity object(s) were destroyed without a despawn; forgetting them
[nebula] 0 entity object(s) were destroyed without a despawn; forgetting them
[nebula] 0 entity object(s) were destroyed without a despawn; forgetting them
[nebula] 0 entity object(s) were destroyed without a despawn; forgetting them
[nebula] 0 entity object(s) were destroyed without a despawn; forgetting them
[nebula] 0 entity object(s) were destroyed without a despawn; forgetting them
[nebula] 0 entity object(s) were destroyed without a despawn; forgetting them
[nebula] 0 entity object(s) were destroyed without a despawn; forgetting them
[nebula] 0 entity object(s) were destroyed without a despawn; forgetting them
[nebula] 0 entity object(s) were destroyed without a despawn; forgetting them
[nebula] 0 entity object(s) were destroyed without a despawn; forgetting them
[nebula] 0 entity object(s) were destroyed without a despawn; forgetting them
[nebula] 0 entity object(s) were destroyed without a despawn; forgetting them
[nebula] 0 entity object(s) were destroyed without a despawn; forgetting them
[nebula] 0 entity object(s) were destroyed without a despawn; forgetting them
[nebula] 0 entity object(s) were destroyed without a despawn; forgetting them
[nebula] 0 entity object(s) were destroyed without a despawn; forgetting them
[nebula] 0 entity object(s) were destroyed without a despawn; forgetting them
[nebula] 0 entity object(s) were destroyed without a despawn; forgetting them
[nebula] 0 entity object(s) were destroyed without a despawn; forgetting them
[nebula] 0 entity object(s) were destroyed without a despawn; forgetting them
[nebula] 0 entity object(s) were destroyed without a despawn; forgetting them
[nebula] 0 entity object(s) were destroyed without a despawn; forgetting them
[nebula] 0 entity object(s) were destroyed without a despawn; forgetting them
[nebula] 0 entity object(s) were destroyed without a despawn; forgetting them
[nebula] 0 entity object(s) were destroyed without a despawn; forgetting them
[nebula] 0 entity object(s) were destroyed without a despawn; forgetting them
[nebula] 0 entity object(s) were destroyed without a despawn; forgetting them
[nebula] 0 entity object(s) were destroyed without a despawn; forgetting them
[nebula] 0 entity object(s) were destroyed without a despawn; forgetting them
[nebula] 0 entity object(s) were destroyed without a despawn; forgetting them
[nebula] 0 entity object(s) were destroyed without a despawn; forgetting them
[nebula] 0 entity object(s) were destroyed without a despawn; forgetting them
[nebula] 0 entity object(s) were destroyed without a despawn; forgetting them
[nebula] 0 entity object(s) were destroyed without a despawn; forgetting them
[nebula] 0 entity object(s) were destroyed without a despawn; forgetting them
[nebula] 0 entity object(s) were destroyed without a despawn; forgetting them
[nebula] 0 entity object(s) were destroyed without a despawn; forgetting them
[nebula] 0 entity object(s) were destroyed without a despawn; forgetting them
[nebula] 0 entity object(s) were destroyed without a despawn; forgetting them
[nebula] 0 entity object(s) were destroyed without a despawn; forgetting them
[nebula] 0 entity object(s) were destroyed without a despawn; forgetting them
[nebula] 0 entity object(s) were destroyed without a despawn; forgetting them
[nebula] 0 entity object(s) were destroyed without a despawn; forgetting them
[nebula] 0 entity object(s) were destroyed without a despawn; forgetting them
[nebula] 0 entity object(s) were destroyed without a despawn; forgetting them
[nebula] 0 entity object(s) were destroyed without a despawn; forgetting them
[nebula] 0 entity object(s) were destroyed without a despawn; forgetting them
[nebula] 0 entity object(s) were destroyed without a despawn; forgetting them
[nebula] 0 entity object(s) were destroyed without a despawn; forgetting them
[nebula] 0 entity object(s) were destroyed without a despawn; forgetting them
[nebula] 0 entity object(s) were destroyed without a despawn; forgetting them
[nebula] 0 entity object(s) were destroyed without a despawn; forgetting them
[nebula] 0 entity object(s) were destroyed without a despawn; forgetting them
[nebula] 0 entity object(s) were destroyed without a despawn; forgetting them
[nebula] 0 entity object(s) were destroyed without a despawn; forgetting them
[nebula] 0 entity object(s) were destroyed without a despawn; forgetting them
[nebula] 0 entity object(s) were destroyed without a despawn; forgetting them
[nebula] 0 entity object(s) were destroyed without a despawn; forgetting them
[nebula] 0 entity object(s) were destroyed without a despawn; forgetting them
[nebula] 0 entity object(s) were destroyed without a despawn; forgetting them
[nebula] 0 entity object(s) were destroyed without a despawn; forgetting them
[nebula] 0 entity object(s) were destroyed without a despawn; forgetting them
[nebula] 0 entity object(s) were destroyed without a despawn; forgetting them
[nebula] 0 entity object(s) were destroyed without a despawn; forgetting them
[nebula] 0 entity object(s) were destroyed without a despawn; forgetting them
[nebula] 0 entity object(s) were destroyed without a despawn; forgetting them
[nebula] 0 entity object(s) were destroyed without a despawn; forgetting them
[nebula] 0 entity object(s) were destroyed without a despawn; forgetting them
[nebula] 0 entity object(s) were destroyed without a despawn; forgetting them
[nebula] 0 entity object(s) were destroyed without a despawn; forgetting them
[nebula] 0 entity object(s) were destroyed without a despawn; forgetting them
[nebula] 0 entity object(s) were destroyed without a despawn; forgetting them
[nebula] 0 entity object(s) were destroyed without a despawn; forgetting them
[nebula] 0 entity object(s) were destroyed without a despawn; forgetting them
[nebula] 0 entity object(s) were destroyed without a despawn; forgetting them
[nebula] 0 entity object(s) were destroyed without a despawn; forgetting them
[nebula] 0 entity object(s) were destroyed without a despawn; forgetting them
[nebula] 0 entity object(s) were destroyed without a despawn; forgetting them
[nebula] 0 entity object(s) were destroyed without a despawn; forgetting them
[nebula] 0 entity object(s) were destroyed without a despawn; forgetting them
[nebula] 0 entity object(s) were destroyed without a despawn; forgetting them
[nebula] 0 entity object(s) were destroyed without a despawn; forgetting them
[nebula] 0 entity object(s) were destroyed without a despawn; forgetting them
[nebula] 0 entity object(s) were destroyed without a despawn; forgetting them
[nebula] 0 entity object(s) were destroyed without a despawn; forgetting them
[nebula] 0 entity object(s) were destroyed without a despawn; forgetting them
[nebula] 0 entity object(s) were destroyed without a despawn; forgetting them
[nebula] 0 entity object(s) were destroyed without a despawn; forgetting them
[nebula] 0 entity object(s) were destroyed without a despawn; forgetting them
[nebula] 0 entity object(s) were destroyed without a despawn; forgetting them
[nebula] 0 entity object(s) were destroyed without a despawn; forgetting them
[nebula] 0 entity object(s) were destroyed without a despawn; forgetting them
[nebula] 0 entity object(s) were destroyed without a despawn; forgetting them
[nebula] 0 entity object(s) were destroyed without a despawn; forgetting them
[nebula] 0 entity object(s) were destroyed without a despawn; forgetting them
[nebula] 0 entity object(s) were destroyed without a despawn; forgetting them
[nebula] 0 entity object(s) were destroyed without a despawn; forgetting them
[nebula] 0 entity object(s) were destroyed without a despawn; forgetting them
[nebula] 0 entity object(s) were destroyed without a despawn; forgetting them
[nebula] 0 entity object(s) were destroyed without a despawn; forgetting them
[nebula] 0 entity object(s) were destroyed without a despawn; forgetting them
[nebula] 0 entity object(s) were destroyed without a despawn; forgetting them
[nebula] 0 entity object(s) were destroyed without a despawn; forgetting them
[nebula] 0 entity object(s) were destroyed without a despawn; forgetting them
[nebula] 0 entity object(s) were destroyed without a despawn; forgetting them
[nebula] 0 entity object(s) were destroyed without a despawn; forgetting them
[nebula] 0 entity object(s) were destroyed without a despawn; forgetting them
[nebula] 0 entity object(s) were destroyed without a despawn; forgetting them
[nebula] 0 entity object(s) were destroyed without a despawn; forgetting them
[nebula] 0 entity object(s) were destroyed without a despawn; forgetting them
[nebula] 0 entity object(s) were destroyed without a despawn; forgetting them
[nebula] 0 entity object(s) were destroyed without a despawn; forgetting them
[nebula] 0 entity object(s) were destroyed without a despawn; forgetting them
[nebula] 0 entity object(s) were destroyed without a despawn; forgetting them
[nebula] 0 entity object(s) were destroyed without a despawn; forgetting them
[nebula] 0 entity object(s) were destroyed without a despawn; forgetting them
[nebula] 0 entity object(s) were destroyed without a despawn; forgetting them
[nebula] 0 entity object(s) were destroyed without a despawn; forgetting them
[nebula] 0 entity object(s) were destroyed without a despawn; forgetting them
[nebula] 0 entity object(s) were destroyed without a despawn; forgetting them
[nebula] 0 entity object(s) were destroyed without a despawn; forgetting them
[nebula] 0 entity object(s) were destroyed without a despawn; forgetting them
[nebula] 0 entity object(s) were destroyed without a despawn; forgetting them
[nebula] 0 entity object(s) were destroyed without a despawn; forgetting them
[nebula] 0 entity object(s) were destroyed without a despawn; forgetting them
[nebula] 0 entity object(s) were destroyed without a despawn; forgetting them
[nebula] 0 entity object(s) were destroyed without a despawn; forgetting them
[nebula] 0 entity object(s) were destroyed without a despawn; forgetting them
[nebula] 0 entity object(s) were destroyed without a despawn; forgetting them
[nebula] 0 entity object(s) were destroyed without a despawn; forgetting them
[nebula] 0 entity object(s) were destroyed without a despawn; forgetting them
[nebula] 0 entity object(s) were destroyed without a despawn; forgetting them
[nebula] 0 entity object(s) were destroyed without a despawn; forgetting them
[nebula] 0 entity object(s) were destroyed without a despawn; forgetting them
[nebula] 0 entity object(s) were destroyed without a despawn; forgetting them
[nebula] 0 entity object(s) were destroyed without a despawn; forgetting them
[nebula] 0 entity object(s) were destroyed without a despawn; forgetting them
[nebula] 0 entity object(s) were destroyed without a despawn; forgetting them
[nebula] 0 entity object(s) were destroyed without a despawn; forgetting them
[nebula] 0 entity object(s) were destroyed without a despawn; forgetting them
[nebula] 0 entity object(s) were destroyed without a despawn; forgetting them
[nebula] 0 entity object(s) were destroyed without a despawn; forgetting them
[nebula] 0 entity object(s) were destroyed without a despawn; forgetting them
[nebula] 0 entity object(s) were destroyed without a despawn; forgetting them
[nebula] 0 entity object(s) were destroyed without a despawn; forgetting them
[nebula] 0 entity object(s) were destroyed without a despawn; forgetting them
[nebula] 0 entity object(s) were destroyed without a despawn; forgetting them
[nebula] 0 entity object(s) were destroyed without a despawn; forgetting them
[nebula] 0 entity object(s) were destroyed without a despawn; forgetting them
[nebula] 0 entity object(s) were destroyed without a despawn; forgetting them
[nebula] 0 entity object(s) were destroyed without a despawn; forgetting them
[nebula] 0 entity object(s) were destroyed without a despawn; forgetting them
[nebula] 0 entity object(s) were destroyed without a despawn; forgetting them
[nebula] 0 entity object(s) were destroyed without a despawn; forgetting them
[nebula] 0 entity object(s) were destroyed without a despawn; forgetting them
[nebula] 0 entity object(s) were destroyed without a despawn; forgetting them
[nebula] 0 entity object(s) were destroyed without a despawn; forgetting them
[nebula] 0 entity object(s) were destroyed without a despawn; forgetting them
[nebula] 0 entity object(s) were destroyed without a despawn; forgetting them
[nebula] 0 entity object(s) were destroyed without a despawn; forgetting them
[nebula] 0 entity object(s) were destroyed without a despawn; forgetting them
[nebula] 0 entity object(s) were destroyed without a despawn; forgetting them
[nebula] 0 entity object(s) were destroyed without a despawn; forgetting them
[nebula] 0 entity object(s) were destroyed without a despawn; forgetting them
[nebula] 0 entity object(s) were destroyed without a despawn; forgetting them
[nebula] 0 entity object(s) were destroyed without a despawn; forgetting them
[nebula] 0 entity object(s) were destroyed without a despawn; forgetting them
[nebula] 0 entity object(s) were destroyed without a despawn; forgetting them
[nebula] 0 entity object(s) were destroyed without a despawn; forgetting them
[nebula] 0 entity object(s) were destroyed without a despawn; forgetting them
[nebula] 0 entity object(s) were destroyed without a despawn; forgetting them
[nebula] 0 entity object(s) were destroyed without a despawn; forgetting them
[nebula] 0 entity object(s) were destroyed without a despawn; forgetting them
[nebula] 0 entity object(s) were destroyed without a despawn; forgetting them
[nebula] 0 entity object(s) were destroyed without a despawn; forgetting them
[nebula] 0 entity object(s) were destroyed without a despawn; forgetting them
[nebula] 0 entity object(s) were destroyed without a despawn; forgetting them
[nebula] 0 entity object(s) were destroyed without a despawn; forgetting them
[nebula] 0 entity object(s) were destroyed without a despawn; forgetting them
[nebula] profile 300 ticks/5s 300 frames avg 0.7ms max 1.1ms dup 0 skip 0 gc 37 auth 26 ghosts 1 | poll=0.00 ghosts=0.00 physics.sync=0.00 simulate=0.01 poses=0.04 containers=0.49 band=0.02 publish=0.01 gap=15.96 interest=0.01
[nebula] 0 entity object(s) were destroyed without a despawn; forgetting them
[nebula] 0 entity object(s) were destroyed without a despawn; forgetting them
[nebula] 0 entity object(s) were destroyed without a despawn; forgetting them
[nebula] 0 entity object(s) were destroyed without a despawn; forgetting them
[nebula] 0 entity object(s) were destroyed without a despawn; forgetting them
[nebula] 0 entity object(s) were destroyed without a despawn; forgetting them
[nebula] 0 entity object(s) were destroyed without a despawn; forgetting them
[nebula] 0 entity object(s) were destroyed without a despawn; forgetting them
[nebula] 0 entity object(s) were destroyed without a despawn; forgetting them
[nebula] 0 entity object(s) were destroyed without a despawn; forgetting them
[nebula] 0 entity object(s) were destroyed without a despawn; forgetting them
[nebula] 0 entity object(s) were destroyed without a despawn; forgetting them
[nebula] 0 entity object(s) were destroyed without a despawn; forgetting them
[nebula] 0 entity object(s) were destroyed without a despawn; forgetting them
[nebula] 0 entity object(s) were destroyed without a despawn; forgetting them
[nebula] 0 entity object(s) were destroyed without a despawn; forgetting them
[nebula] 0 entity object(s) were destroyed without a despawn; forgetting them
[nebula] 0 entity object(s) were destroyed without a despawn; forgetting them
[nebula] 0 entity object(s) were destroyed without a despawn; forgetting them
[nebula] 0 entity object(s) were destroyed without a despawn; forgetting them
[nebula] 0 entity object(s) were destroyed without a despawn; forgetting them
[nebula] 0 entity object(s) were destroyed without a despawn; forgetting them
[nebula] 0 entity object(s) were destroyed without a despawn; forgetting them
[nebula] 0 entity object(s) were destroyed without a despawn; forgetting them
[nebula] 0 entity object(s) were destroyed without a despawn; forgetting them
[nebula] 0 entity object(s) were destroyed without a despawn; forgetting them
[nebula] 0 entity object(s) were destroyed without a despawn; forgetting them
[nebula] 0 entity object(s) were destroyed without a despawn; forgetting them
[nebula] 0 entity object(s) were destroyed without a despawn; forgetting them
[nebula] 0 entity object(s) were destroyed without a despawn; forgetting them
[nebula] 0 entity object(s) were destroyed without a despawn; forgetting them
[nebula] 0 entity object(s) were destroyed without a despawn; forgetting them
[nebula] 0 entity object(s) were destroyed without a despawn; forgetting them
[nebula] 0 entity object(s) were destroyed without a despawn; forgetting them
[nebula] 0 entity object(s) were destroyed without a despawn; forgetting them
[nebula] 0 entity object(s) were destroyed without a despawn; forgetting them
[nebula] 0 entity object(s) were destroyed without a despawn; forgetting them
[nebula] 0 entity object(s) were destroyed without a despawn; forgetting them
[nebula] 0 entity object(s) were destroyed without a despawn; forgetting them
[nebula] 0 entity object(s) were destroyed without a despawn; forgetting them
[nebula] 0 entity object(s) were destroyed without a despawn; forgetting them
[nebula] 0 entity object(s) were destroyed without a despawn; forgetting them
[nebula] 0 entity object(s) were destroyed without a despawn; forgetting them
[nebula] 0 entity object(s) were destroyed without a despawn; forgetting them
[nebula] 0 entity object(s) were destroyed without a despawn; forgetting them
[nebula] 0 entity object(s) were destroyed without a despawn; forgetting them
[nebula] 0 entity object(s) were destroyed without a despawn; forgetting them
[nebula] 0 entity object(s) were destroyed without a despawn; forgetting them
[nebula] 0 entity object(s) were destroyed without a despawn; forgetting them
[nebula] 0 entity object(s) were destroyed without a despawn; forgetting them
[nebula] 0 entity object(s) were destroyed without a despawn; forgetting them
[nebula] 0 entity object(s) were destroyed without a despawn; forgetting them
[nebula] 0 entity object(s) were destroyed without a despawn; forgetting them
[nebula] 0 entity object(s) were destroyed without a despawn; forgetting them
[nebula] 0 entity object(s) were destroyed without a despawn; forgetting them
[nebula] 0 entity object(s) were destroyed without a despawn; forgetting them
[nebula] 0 entity object(s) were destroyed without a despawn; forgetting them
[nebula] 0 entity object(s) were destroyed without a despawn; forgetting them
[nebula] 0 entity object(s) were destroyed without a despawn; forgetting them
[nebula] 0 entity object(s) were destroyed without a despawn; forgetting them
[nebula] 0 entity object(s) were destroyed without a despawn; forgetting them
[nebula] 0 entity object(s) were destroyed without a despawn; forgetting them
[nebula] 0 entity object(s) were destroyed without a despawn; forgetting them
[nebula] 0 entity object(s) were destroyed without a despawn; forgetting them
[nebula] 0 entity object(s) were destroyed without a despawn; forgetting them
[nebula] 0 entity object(s) were destroyed without a despawn; forgetting them
[nebula] 0 entity object(s) were destroyed without a despawn; forgetting them
[nebula] 0 entity object(s) were destroyed without a despawn; forgetting them
[nebula] 0 entity object(s) were destroyed without a despawn; forgetting them
[nebula] 0 entity object(s) were destroyed without a despawn; forgetting them
[nebula] 0 entity object(s) were destroyed without a despawn; forgetting them
[nebula] 0 entity object(s) were destroyed without a despawn; forgetting them
[nebula] 0 entity object(s) were destroyed without a despawn; forgetting them
[nebula] 0 entity object(s) were destroyed without a despawn; forgetting them
[nebula] 0 entity object(s) were destroyed without a despawn; forgetting them
[nebula] 0 entity object(s) were destroyed without a despawn; forgetting them
[nebula] 0 entity object(s) were destroyed without a despawn; forgetting them
[nebula] 0 entity object(s) were destroyed without a despawn; forgetting them
[nebula] 0 entity object(s) were destroyed without a despawn; forgetting them
[nebula] 0 entity object(s) were destroyed without a despawn; forgetting them
[nebula] 0 entity object(s) were destroyed without a despawn; forgetting them
[nebula] 0 entity object(s) were destroyed without a despawn; forgetting them
[nebula] 0 entity object(s) were destroyed without a despawn; forgetting them
[nebula] 0 entity object(s) were destroyed without a despawn; forgetting them
[nebula] 0 entity object(s) were destroyed without a despawn; forgetting them
[nebula] 0 entity object(s) were destroyed without a despawn; forgetting them
[nebula] 0 entity object(s) were destroyed without a despawn; forgetting them
[nebula] 0 entity object(s) were destroyed without a despawn; forgetting them
[nebula] 0 entity object(s) were destroyed without a despawn; forgetting them
[nebula] 0 entity object(s) were destroyed without a despawn; forgetting them
[nebula] 0 entity object(s) were destroyed without a despawn; forgetting them
[nebula] 0 entity object(s) were destroyed without a despawn; forgetting them
[nebula] 0 entity object(s) were destroyed without a despawn; forgetting them
[nebula] 0 entity object(s) were destroyed without a despawn; forgetting them
[nebula] 0 entity object(s) were destroyed without a despawn; forgetting them
[nebula] 0 entity object(s) were destroyed without a despawn; forgetting them
[nebula] 0 entity object(s) were destroyed without a despawn; forgetting them
[nebula] 0 entity object(s) were destroyed without a despawn; forgetting them
[nebula] 0 entity object(s) were destroyed without a despawn; forgetting them
[nebula] 0 entity object(s) were destroyed without a despawn; forgetting them
[nebula] 0 entity object(s) were destroyed without a despawn; forgetting them
[nebula] 0 entity object(s) were destroyed without a despawn; forgetting them
[nebula] 0 entity object(s) were destroyed without a despawn; forgetting them
[nebula] 0 entity object(s) were destroyed without a despawn; forgetting them
[nebula] 0 entity object(s) were destroyed without a despawn; forgetting them
[nebula] 0 entity object(s) were destroyed without a despawn; forgetting them
[nebula] 0 entity object(s) were destroyed without a despawn; forgetting them
[nebula] 0 entity object(s) were destroyed without a despawn; forgetting them
[nebula] 0 entity object(s) were destroyed without a despawn; forgetting them
[nebula] 0 entity object(s) were destroyed without a despawn; forgetting them
[nebula] 0 entity object(s) were destroyed without a despawn; forgetting them
[nebula] 0 entity object(s) were destroyed without a despawn; forgetting them
[nebula] 0 entity object(s) were destroyed without a despawn; forgetting them
[nebula] 0 entity object(s) were destroyed without a despawn; forgetting them
[nebula] 0 entity object(s) were destroyed without a despawn; forgetting them
[nebula] 0 entity object(s) were destroyed without a despawn; forgetting them
[nebula] 0 entity object(s) were destroyed without a despawn; forgetting them
[nebula] 0 entity object(s) were destroyed without a despawn; forgetting them
[nebula] 0 entity object(s) were destroyed without a despawn; forgetting them
[nebula] 0 entity object(s) were destroyed without a despawn; forgetting them
[nebula] 0 entity object(s) were destroyed without a despawn; forgetting them
[nebula] 0 entity object(s) were destroyed without a despawn; forgetting them
[nebula] 0 entity object(s) were destroyed without a despawn; forgetting them
[nebula] 0 entity object(s) were destroyed without a despawn; forgetting them
[nebula] 0 entity object(s) were destroyed without a despawn; forgetting them
[nebula] 0 entity object(s) were destroyed without a despawn; forgetting them
[nebula] 0 entity object(s) were destroyed without a despawn; forgetting them
[nebula] 0 entity object(s) were destroyed without a despawn; forgetting them
[nebula] 0 entity object(s) were destroyed without a despawn; forgetting them
[nebula] 0 entity object(s) were destroyed without a despawn; forgetting them
[nebula] 0 entity object(s) were destroyed without a despawn; forgetting them
[nebula] 0 entity object(s) were destroyed without a despawn; forgetting them
[nebula] 0 entity object(s) were destroyed without a despawn; forgetting them
[nebula] 0 entity object(s) were destroyed without a despawn; forgetting them
[nebula] 0 entity object(s) were destroyed without a despawn; forgetting them
[nebula] 0 entity object(s) were destroyed without a despawn; forgetting them
[nebula] 0 entity object(s) were destroyed without a despawn; forgetting them
[nebula] 0 entity object(s) were destroyed without a despawn; forgetting them
[nebula] 0 entity object(s) were destroyed without a despawn; forgetting them
[nebula] 0 entity object(s) were destroyed without a despawn; forgetting them
[nebula] 0 entity object(s) were destroyed without a despawn; forgetting them
[nebula] 0 entity object(s) were destroyed without a despawn; forgetting them
[nebula] 0 entity object(s) were destroyed without a despawn; forgetting them
[nebula] 0 entity object(s) were destroyed without a despawn; forgetting them
[nebula] 0 entity object(s) were destroyed without a despawn; forgetting them
[nebula] 0 entity object(s) were destroyed without a despawn; forgetting them
[nebula] 0 entity object(s) were destroyed without a despawn; forgetting them
[nebula] 0 entity object(s) were destroyed without a despawn; forgetting them
[nebula] 0 entity object(s) were destroyed without a despawn; forgetting them
[nebula] 0 entity object(s) were destroyed without a despawn; forgetting them
[nebula] 0 entity object(s) were destroyed without a despawn; forgetting them
[nebula] 0 entity object(s) were destroyed without a despawn; forgetting them
[nebula] 0 entity object(s) were destroyed without a despawn; forgetting them
[nebula] 0 entity object(s) were destroyed without a despawn; forgetting them
[nebula] 0 entity object(s) were destroyed without a despawn; forgetting them
[nebula] 0 entity object(s) were destroyed without a despawn; forgetting them
[nebula] 0 entity object(s) were destroyed without a despawn; forgetting them
[nebula] 0 entity object(s) were destroyed without a despawn; forgetting them
[nebula] 0 entity object(s) were destroyed without a despawn; forgetting them
[nebula] 0 entity object(s) were destroyed without a despawn; forgetting them
[nebula] 0 entity object(s) were destroyed without a despawn; forgetting them
[nebula] 0 entity object(s) were destroyed without a despawn; forgetting them
[nebula] 0 entity object(s) were destroyed without a despawn; forgetting them
[nebula] 0 entity object(s) were destroyed without a despawn; forgetting them
[nebula] 0 entity object(s) were destroyed without a despawn; forgetting them
[nebula] 0 entity object(s) were destroyed without a despawn; forgetting them
[nebula] 0 entity object(s) were destroyed without a despawn; forgetting them
[nebula] 0 entity object(s) were destroyed without a despawn; forgetting them
[nebula] 0 entity object(s) were destroyed without a despawn; forgetting them
[nebula] 0 entity object(s) were destroyed without a despawn; forgetting them
[nebula] 0 entity object(s) were destroyed without a despawn; forgetting them
[nebula] 0 entity object(s) were destroyed without a despawn; forgetting them
[nebula] 0 entity object(s) were destroyed without a despawn; forgetting them
[nebula] 0 entity object(s) were destroyed without a despawn; forgetting them
[nebula] 0 entity object(s) were destroyed without a despawn; forgetting them
[nebula] 0 entity object(s) were destroyed without a despawn; forgetting them
[nebula] 0 entity object(s) were destroyed without a despawn; forgetting them
[nebula] 0 entity object(s) were destroyed without a despawn; forgetting them
[nebula] 0 entity object(s) were destroyed without a despawn; forgetting them
[nebula] 0 entity object(s) were destroyed without a despawn; forgetting them
[nebula] 0 entity object(s) were destroyed without a despawn; forgetting them
[nebula] 0 entity object(s) were destroyed without a despawn; forgetting them
[nebula] 0 entity object(s) were destroyed without a despawn; forgetting them
[nebula] 0 entity object(s) were destroyed without a despawn; forgetting them
[nebula] 0 entity object(s) were destroyed without a despawn; forgetting them
[nebula] 0 entity object(s) were destroyed without a despawn; forgetting them
[nebula] 0 entity object(s) were destroyed without a despawn; forgetting them
[nebula] 0 entity object(s) were destroyed without a despawn; forgetting them
[nebula] 0 entity object(s) were destroyed without a despawn; forgetting them
[nebula] 0 entity object(s) were destroyed without a despawn; forgetting them
[nebula] 0 entity object(s) were destroyed without a despawn; forgetting them
[nebula] 0 entity object(s) were destroyed without a despawn; forgetting them
[nebula] 0 entity object(s) were destroyed without a despawn; forgetting them
[nebula] 0 entity object(s) were destroyed without a despawn; forgetting them
[nebula] 0 entity object(s) were destroyed without a despawn; forgetting them
[nebula] 0 entity object(s) were destroyed without a despawn; forgetting them
[nebula] 0 entity object(s) were destroyed without a despawn; forgetting them
[nebula] 0 entity object(s) were destroyed without a despawn; forgetting them
[nebula] 0 entity object(s) were destroyed without a despawn; forgetting them
[nebula] 0 entity object(s) were destroyed without a despawn; forgetting them
[nebula] 0 entity object(s) were destroyed without a despawn; forgetting them
[nebula] 0 entity object(s) were destroyed without a despawn; forgetting them
[nebula] 0 entity object(s) were destroyed without a despawn; forgetting them
[nebula] 0 entity object(s) were destroyed without a despawn; forgetting them
[nebula] 0 entity object(s) were destroyed without a despawn; forgetting them
[nebula] 0 entity object(s) were destroyed without a despawn; forgetting them
[nebula] 0 entity object(s) were destroyed without a despawn; forgetting them
[nebula] 0 entity object(s) were destroyed without a despawn; forgetting them
[nebula] 0 entity object(s) were destroyed without a despawn; forgetting them
[nebula] 0 entity object(s) were destroyed without a despawn; forgetting them
[nebula] 0 entity object(s) were destroyed without a despawn; forgetting them
[nebula] 0 entity object(s) were destroyed without a despawn; forgetting them
[nebula] 0 entity object(s) were destroyed without a despawn; forgetting them
[nebula] 0 entity object(s) were destroyed without a despawn; forgetting them
[nebula] 0 entity object(s) were destroyed without a despawn; forgetting them
[nebula] 0 entity object(s) were destroyed without a despawn; forgetting them
[nebula] 0 entity object(s) were destroyed without a despawn; forgetting them
[nebula] 0 entity object(s) were destroyed without a despawn; forgetting them
[nebula] 0 entity object(s) were destroyed without a despawn; forgetting them
[nebula] 0 entity object(s) were destroyed without a despawn; forgetting them
[nebula] 0 entity object(s) were destroyed without a despawn; forgetting them
[nebula] 0 entity object(s) were destroyed without a despawn; forgetting them
[nebula] 0 entity object(s) were destroyed without a despawn; forgetting them
[nebula] 0 entity object(s) were destroyed without a despawn; forgetting them
[nebula] 0 entity object(s) were destroyed without a despawn; forgetting them
[nebula] 0 entity object(s) were destroyed without a despawn; forgetting them
[nebula] 0 entity object(s) were destroyed without a despawn; forgetting them
[nebula] 0 entity object(s) were destroyed without a despawn; forgetting them
[nebula] 0 entity object(s) were destroyed without a despawn; forgetting them
[nebula] 0 entity object(s) were destroyed without a despawn; forgetting them
[nebula] 0 entity object(s) were destroyed without a despawn; forgetting them
[nebula] 0 entity object(s) were destroyed without a despawn; forgetting them
[nebula] 0 entity object(s) were destroyed without a despawn; forgetting them
[nebula] 0 entity object(s) were destroyed without a despawn; forgetting them
[nebula] 0 entity object(s) were destroyed without a despawn; forgetting them
[nebula] 0 entity object(s) were destroyed without a despawn; forgetting them
[nebula] 0 entity object(s) were destroyed without a despawn; forgetting them
[nebula] 0 entity object(s) were destroyed without a despawn; forgetting them
[nebula] 0 entity object(s) were destroyed without a despawn; forgetting them
[nebula] 0 entity object(s) were destroyed without a despawn; forgetting them
[nebula] 0 entity object(s) were destroyed without a despawn; forgetting them
[nebula] 0 entity object(s) were destroyed without a despawn; forgetting them
[nebula] 0 entity object(s) were destroyed without a despawn; forgetting them
[nebula] 0 entity object(s) were destroyed without a despawn; forgetting them
[nebula] 0 entity object(s) were destroyed without a despawn; forgetting them
[nebula] 0 entity object(s) were destroyed without a despawn; forgetting them
[nebula] 0 entity object(s) were destroyed without a despawn; forgetting them
[nebula] 0 entity object(s) were destroyed without a despawn; forgetting them
[nebula] 0 entity object(s) were destroyed without a despawn; forgetting them
[nebula] 0 entity object(s) were destroyed without a despawn; forgetting them
[nebula] 0 entity object(s) were destroyed without a despawn; forgetting them
[nebula] 0 entity object(s) were destroyed without a despawn; forgetting them
[nebula] 0 entity object(s) were destroyed without a despawn; forgetting them
[nebula] 0 entity object(s) were destroyed without a despawn; forgetting them
[nebula] 0 entity object(s) were destroyed without a despawn; forgetting them
[nebula] 0 entity object(s) were destroyed without a despawn; forgetting them
[nebula] 0 entity object(s) were destroyed without a despawn; forgetting them
[nebula] 0 entity object(s) were destroyed without a despawn; forgetting them
[nebula] 0 entity object(s) were destroyed without a despawn; forgetting them
[nebula] 0 entity object(s) were destroyed without a despawn; forgetting them
[nebula] 0 entity object(s) were destroyed without a despawn; forgetting them
[nebula] 0 entity object(s) were destroyed without a despawn; forgetting them
[nebula] 0 entity object(s) were destroyed without a despawn; forgetting them
[nebula] handover OUT Prop(Clone)#281474976710660(e3,rt_9223363240761753603,ghost) -> w1 (epoch 3, tick 1365045999)
[nebula] handover OUT Prop(Clone)#281474976710661(e3,rt_9223363240761753603,ghost) -> w1 (epoch 3, tick 1365045999)
[nebula] handover OUT Prop(Clone)#281474976710663(e3,rt_9223363240761753603,ghost) -> w1 (epoch 3, tick 1365045999)
[nebula] handover OUT Prop(Clone)#281474976710666(e3,rt_9223367638808264707,ghost) -> w1 (epoch 3, tick 1365045999)
[nebula] 0 entity object(s) were destroyed without a despawn; forgetting them
[nebula] ghost Prop(Clone)#1125899906842648(e2,rt_26388279066627,auth) -> w4
[nebula] handover IN  Prop(Clone)#1125899906842648(e2,rt_26388279066627,auth) <- w4 (epoch 2, tick 1365046000)
[nebula] ghost Prop(Clone)#1125899906842649(e2,rt_26388279066627,auth) -> w4
[nebula] handover IN  Prop(Clone)#1125899906842649(e2,rt_26388279066627,auth) <- w4 (epoch 2, tick 1365046000)
[nebula] ghost Prop(Clone)#1125899906842650(e2,rt_26388279066627,auth) -> w4
[nebula] handover IN  Prop(Clone)#1125899906842650(e2,rt_26388279066627,auth) <- w4 (epoch 2, tick 1365046000)
[nebula] ghost Prop(Clone)#1125899906842651(e2,rt_26388279066627,auth) -> w4
[nebula] handover IN  Prop(Clone)#1125899906842651(e2,rt_26388279066627,auth) <- w4 (epoch 2, tick 1365046000)
[nebula] ghost Prop(Clone)#1125899906842652(e2,rt_30786325577731,auth) -> w4
[nebula] handover IN  Prop(Clone)#1125899906842652(e2,rt_30786325577731,auth) <- w4 (epoch 2, tick 1365046000)
[nebula] ghost Prop(Clone)#1125899906842653(e2,rt_30786325577731,auth) -> w4
[nebula] handover IN  Prop(Clone)#1125899906842653(e2,rt_30786325577731,auth) <- w4 (epoch 2, tick 1365046000)
[nebula] ghost Prop(Clone)#1125899906842654(e2,rt_30786325577731,auth) -> w4
[nebula] handover IN  Prop(Clone)#1125899906842654(e2,rt_30786325577731,auth) <- w4 (epoch 2, tick 1365046000)
[nebula] 0 entity object(s) were destroyed without a despawn; forgetting them
[nebula] 0 entity object(s) were destroyed without a despawn; forgetting them
[nebula] 0 entity object(s) were destroyed without a despawn; forgetting them
[nebula] 0 entity object(s) were destroyed without a despawn; forgetting them
[nebula] 0 entity object(s) were destroyed without a despawn; forgetting them
[nebula] 0 entity object(s) were destroyed without a despawn; forgetting them
[nebula] 0 entity object(s) were destroyed without a despawn; forgetting them
[nebula] 0 entity object(s) were destroyed without a despawn; forgetting them
[nebula] 0 entity object(s) were destroyed without a despawn; forgetting them
[nebula] 0 entity object(s) were destroyed without a despawn; forgetting them
[nebula] 0 entity object(s) were destroyed without a despawn; forgetting them
[nebula] 0 entity object(s) were destroyed without a despawn; forgetting them
[nebula] 0 entity object(s) were destroyed without a despawn; forgetting them
[nebula] 0 entity object(s) were destroyed without a despawn; forgetting them
[nebula] 0 entity object(s) were destroyed without a despawn; forgetting them
[nebula] 0 entity object(s) were destroyed without a despawn; forgetting them
[nebula] 0 entity object(s) were destroyed without a despawn; forgetting them
[nebula] 0 entity object(s) were destroyed without a despawn; forgetting them
[nebula] 0 entity object(s) were destroyed without a despawn; forgetting them
[nebula] 0 entity object(s) were destroyed without a despawn; forgetting them
[nebula] 0 entity object(s) were destroyed without a despawn; forgetting them
[nebula] 0 entity object(s) were destroyed without a despawn; forgetting them
[nebula] 0 entity object(s) were destroyed without a despawn; forgetting them
[nebula] 0 entity object(s) were destroyed without a despawn; forgetting them
[nebula] 0 entity object(s) were destroyed without a despawn; forgetting them
[nebula] 0 entity object(s) were destroyed without a despawn; forgetting them
[nebula] 0 entity object(s) were destroyed without a despawn; forgetting them
[nebula] 0 entity object(s) were destroyed without a despawn; forgetting them
[nebula] 0 entity object(s) were destroyed without a despawn; forgetting them
[nebula] 0 entity object(s) were destroyed without a despawn; forgetting them
[nebula] 0 entity object(s) were destroyed without a despawn; forgetting them
[nebula] 0 entity object(s) were destroyed without a despawn; forgetting them
[nebula] 0 entity object(s) were destroyed without a despawn; forgetting them
[nebula] 0 entity object(s) were destroyed without a despawn; forgetting them
[nebula] 0 entity object(s) were destroyed without a despawn; forgetting them
[nebula] 0 entity object(s) were destroyed without a despawn; forgetting them
[nebula] profile 300 ticks/5s 300 frames avg 0.7ms max 2.2ms dup 0 skip 0 gc 45 auth 29 ghosts 5 | poll=0.00 ghosts=0.00 physics.sync=0.00 simulate=0.01 poses=0.04 containers=0.51 band=0.02 publish=0.01 gap=15.94 interest=0.01
[nebula] 0 entity object(s) were destroyed without a despawn; forgetting them
[nebula] 0 entity object(s) were destroyed without a despawn; forgetting them
[nebula] 0 entity object(s) were destroyed without a despawn; forgetting them
[nebula] 0 entity object(s) were destroyed without a despawn; forgetting them
[nebula] 0 entity object(s) were destroyed without a despawn; forgetting them
[nebula] 0 entity object(s) were destroyed without a despawn; forgetting them
[nebula] 0 entity object(s) were destroyed without a despawn; forgetting them
[nebula] 0 entity object(s) were destroyed without a despawn; forgetting them
[nebula] 0 entity object(s) were destroyed without a despawn; forgetting them
[nebula] 0 entity object(s) were destroyed without a despawn; forgetting them
[nebula] 0 entity object(s) were destroyed without a despawn; forgetting them
[nebula] 0 entity object(s) were destroyed without a despawn; forgetting them
[nebula] 0 entity object(s) were destroyed without a despawn; forgetting them
[nebula] 0 entity object(s) were destroyed without a despawn; forgetting them
[nebula] 0 entity object(s) were destroyed without a despawn; forgetting them
[nebula] 0 entity object(s) were destroyed without a despawn; forgetting them
[nebula] 0 entity object(s) were destroyed without a despawn; forgetting them
[nebula] 0 entity object(s) were destroyed without a despawn; forgetting them
[nebula] 0 entity object(s) were destroyed without a despawn; forgetting them
[nebula] 0 entity object(s) were destroyed without a despawn; forgetting them
[nebula] 0 entity object(s) were destroyed without a despawn; forgetting them
[nebula] 0 entity object(s) were destroyed without a despawn; forgetting them
[nebula] 0 entity object(s) were destroyed without a despawn; forgetting them
[nebula] 0 entity object(s) were destroyed without a despawn; forgetting them
[nebula] 0 entity object(s) were destroyed without a despawn; forgetting them
[nebula] 0 entity object(s) were destroyed without a despawn; forgetting them
[nebula] 0 entity object(s) were destroyed without a despawn; forgetting them
[nebula] 0 entity object(s) were destroyed without a despawn; forgetting them
[nebula] 0 entity object(s) were destroyed without a despawn; forgetting them
[nebula] 0 entity object(s) were destroyed without a despawn; forgetting them
[nebula] 0 entity object(s) were destroyed without a despawn; forgetting them
[nebula] 0 entity object(s) were destroyed without a despawn; forgetting them
[nebula] 0 entity object(s) were destroyed without a despawn; forgetting them
[nebula] 0 entity object(s) were destroyed without a despawn; forgetting them
[nebula] 0 entity object(s) were destroyed without a despawn; forgetting them
[nebula] 0 entity object(s) were destroyed without a despawn; forgetting them
[nebula] 0 entity object(s) were destroyed without a despawn; forgetting them
[nebula] 0 entity object(s) were destroyed without a despawn; forgetting them
[nebula] 0 entity object(s) were destroyed without a despawn; forgetting them
[nebula] 0 entity object(s) were destroyed without a despawn; forgetting them
[nebula] 0 entity object(s) were destroyed without a despawn; forgetting them
[nebula] 0 entity object(s) were destroyed without a despawn; forgetting them
[nebula] 0 entity object(s) were destroyed without a despawn; forgetting them
[nebula] 0 entity object(s) were destroyed without a despawn; forgetting them
[nebula] 0 entity object(s) were destroyed without a despawn; forgetting them
[nebula] 0 entity object(s) were destroyed without a despawn; forgetting them
[nebula] 0 entity object(s) were destroyed without a despawn; forgetting them
[nebula] 0 entity object(s) were destroyed without a despawn; forgetting them
[nebula] 0 entity object(s) were destroyed without a despawn; forgetting them
[nebula] 0 entity object(s) were destroyed without a despawn; forgetting them
[nebula] 0 entity object(s) were destroyed without a despawn; forgetting them
[nebula] 0 entity object(s) were destroyed without a despawn; forgetting them
[nebula] 0 entity object(s) were destroyed without a despawn; forgetting them
[nebula] 0 entity object(s) were destroyed without a despawn; forgetting them
[nebula] 0 entity object(s) were destroyed without a despawn; forgetting them
[nebula] 0 entity object(s) were destroyed without a despawn; forgetting them
[nebula] 0 entity object(s) were destroyed without a despawn; forgetting them
[nebula] 0 entity object(s) were destroyed without a despawn; forgetting them
[nebula] 0 entity object(s) were destroyed without a despawn; forgetting them
[nebula] 0 entity object(s) were destroyed without a despawn; forgetting them
[nebula] 0 entity object(s) were destroyed without a despawn; forgetting them
[nebula] 0 entity object(s) were destroyed without a despawn; forgetting them
[nebula] 0 entity object(s) were destroyed without a despawn; forgetting them
[nebula] 0 entity object(s) were destroyed without a despawn; forgetting them
[nebula] 0 entity object(s) were destroyed without a despawn; forgetting them
[nebula] 0 entity object(s) were destroyed without a despawn; forgetting them
[nebula] 0 entity object(s) were destroyed without a despawn; forgetting them
[nebula] 0 entity object(s) were destroyed without a despawn; forgetting them
[nebula] 0 entity object(s) were destroyed without a despawn; forgetting them
[nebula] 0 entity object(s) were destroyed without a despawn; forgetting them
[nebula] 0 entity object(s) were destroyed without a despawn; forgetting them
[nebula] 0 entity object(s) were destroyed without a despawn; forgetting them
[nebula] 0 entity object(s) were destroyed without a despawn; forgetting them
[nebula] 0 entity object(s) were destroyed without a despawn; forgetting them
[nebula] 0 entity object(s) were destroyed without a despawn; forgetting them
[nebula] 0 entity object(s) were destroyed without a despawn; forgetting them
[nebula] 0 entity object(s) were destroyed without a despawn; forgetting them
[nebula] 0 entity object(s) were destroyed without a despawn; forgetting them
[nebula] 0 entity object(s) were destroyed without a despawn; forgetting them
[nebula] 0 entity object(s) were destroyed without a despawn; forgetting them
[nebula] 0 entity object(s) were destroyed without a despawn; forgetting them
[nebula] 0 entity object(s) were destroyed without a despawn; forgetting them
[nebula] 0 entity object(s) were destroyed without a despawn; forgetting them
[nebula] 0 entity object(s) were destroyed without a despawn; forgetting them
[nebula] 0 entity object(s) were destroyed without a despawn; forgetting them
[nebula] 0 entity object(s) were destroyed without a despawn; forgetting them
[nebula] 0 entity object(s) were destroyed without a despawn; forgetting them
[nebula] 0 entity object(s) were destroyed without a despawn; forgetting them
[nebula] 0 entity object(s) were destroyed without a despawn; forgetting them
[nebula] 0 entity object(s) were destroyed without a despawn; forgetting them
[nebula] 0 entity object(s) were destroyed without a despawn; forgetting them
[nebula] 0 entity object(s) were destroyed without a despawn; forgetting them
[nebula] 0 entity object(s) were destroyed without a despawn; forgetting them
[nebula] 0 entity object(s) were destroyed without a despawn; forgetting them
[nebula] 0 entity object(s) were destroyed without a despawn; forgetting them
[nebula] 0 entity object(s) were destroyed without a despawn; forgetting them
[nebula] 0 entity object(s) were destroyed without a despawn; forgetting them
[nebula] 0 entity object(s) were destroyed without a despawn; forgetting them
[nebula] 0 entity object(s) were destroyed without a despawn; forgetting them
[nebula] 0 entity object(s) were destroyed without a despawn; forgetting them
[nebula] 0 entity object(s) were destroyed without a despawn; forgetting them
[nebula] 0 entity object(s) were destroyed without a despawn; forgetting them
[nebula] 0 entity object(s) were destroyed without a despawn; forgetting them
[nebula] 0 entity object(s) were destroyed without a despawn; forgetting them
[nebula] 0 entity object(s) were destroyed without a despawn; forgetting them
[nebula] 0 entity object(s) were destroyed without a despawn; forgetting them
[nebula] 0 entity object(s) were destroyed without a despawn; forgetting them
[nebula] 0 entity object(s) were destroyed without a despawn; forgetting them
[nebula] 0 entity object(s) were destroyed without a despawn; forgetting them
[nebula] 0 entity object(s) were destroyed without a despawn; forgetting them
[nebula] 0 entity object(s) were destroyed without a despawn; forgetting them
[nebula] 0 entity object(s) were destroyed without a despawn; forgetting them
[nebula] 0 entity object(s) were destroyed without a despawn; forgetting them
[nebula] 0 entity object(s) were destroyed without a despawn; forgetting them
[nebula] 0 entity object(s) were destroyed without a despawn; forgetting them
[nebula] 0 entity object(s) were destroyed without a despawn; forgetting them
[nebula] 0 entity object(s) were destroyed without a despawn; forgetting them
[nebula] 0 entity object(s) were destroyed without a despawn; forgetting them
[nebula] 0 entity object(s) were destroyed without a despawn; forgetting them
[nebula] 0 entity object(s) were destroyed without a despawn; forgetting them
[nebula] 0 entity object(s) were destroyed without a despawn; forgetting them
[nebula] 0 entity object(s) were destroyed without a despawn; forgetting them
[nebula] 0 entity object(s) were destroyed without a despawn; forgetting them
[nebula] 0 entity object(s) were destroyed without a despawn; forgetting them
[nebula] 0 entity object(s) were destroyed without a despawn; forgetting them
[nebula] 0 entity object(s) were destroyed without a despawn; forgetting them
[nebula] 0 entity object(s) were destroyed without a despawn; forgetting them
[nebula] 0 entity object(s) were destroyed without a despawn; forgetting them
[nebula] 0 entity object(s) were destroyed without a despawn; forgetting them
[nebula] 0 entity object(s) were destroyed without a despawn; forgetting them
[nebula] 0 entity object(s) were destroyed without a despawn; forgetting them
[nebula] 0 entity object(s) were destroyed without a despawn; forgetting them
[nebula] 0 entity object(s) were destroyed without a despawn; forgetting them
[nebula] 0 entity object(s) were destroyed without a despawn; forgetting them
[nebula] 0 entity object(s) were destroyed without a despawn; forgetting them
[nebula] 0 entity object(s) were destroyed without a despawn; forgetting them
[nebula] 0 entity object(s) were destroyed without a despawn; forgetting them
[nebula] 0 entity object(s) were destroyed without a despawn; forgetting them
[nebula] 0 entity object(s) were destroyed without a despawn; forgetting them
[nebula] 0 entity object(s) were destroyed without a despawn; forgetting them
[nebula] 0 entity object(s) were destroyed without a despawn; forgetting them
[nebula] 0 entity object(s) were destroyed without a despawn; forgetting them
[nebula] 0 entity object(s) were destroyed without a despawn; forgetting them
[nebula] 0 entity object(s) were destroyed without a despawn; forgetting them
[nebula] 0 entity object(s) were destroyed without a despawn; forgetting them
[nebula] 0 entity object(s) were destroyed without a despawn; forgetting them
[nebula] 0 entity object(s) were destroyed without a despawn; forgetting them
[nebula] 0 entity object(s) were destroyed without a despawn; forgetting them
[nebula] 0 entity object(s) were destroyed without a despawn; forgetting them
[nebula] 0 entity object(s) were destroyed without a despawn; forgetting them
[nebula] 0 entity object(s) were destroyed without a despawn; forgetting them
[nebula] 0 entity object(s) were destroyed without a despawn; forgetting them
[nebula] 0 entity object(s) were destroyed without a despawn; forgetting them
[nebula] 0 entity object(s) were destroyed without a despawn; forgetting them
[nebula] 0 entity object(s) were destroyed without a despawn; forgetting them
[nebula] 0 entity object(s) were destroyed without a despawn; forgetting them
[nebula] 0 entity object(s) were destroyed without a despawn; forgetting them
[nebula] 0 entity object(s) were destroyed without a despawn; forgetting them
[nebula] 0 entity object(s) were destroyed without a despawn; forgetting them
[nebula] 0 entity object(s) were destroyed without a despawn; forgetting them
[nebula] 0 entity object(s) were destroyed without a despawn; forgetting them
[nebula] 0 entity object(s) were destroyed without a despawn; forgetting them
[nebula] 0 entity object(s) were destroyed without a despawn; forgetting them
[nebula] 0 entity object(s) were destroyed without a despawn; forgetting them
[nebula] 0 entity object(s) were destroyed without a despawn; forgetting them
[nebula] 0 entity object(s) were destroyed without a despawn; forgetting them
[nebula] 0 entity object(s) were destroyed without a despawn; forgetting them
[nebula] 0 entity object(s) were destroyed without a despawn; forgetting them
[nebula] 0 entity object(s) were destroyed without a despawn; forgetting them
[nebula] 0 entity object(s) were destroyed without a despawn; forgetting them
[nebula] 0 entity object(s) were destroyed without a despawn; forgetting them
[nebula] 0 entity object(s) were destroyed without a despawn; forgetting them
[nebula] 0 entity object(s) were destroyed without a despawn; forgetting them
[nebula] 0 entity object(s) were destroyed without a despawn; forgetting them
[nebula] 0 entity object(s) were destroyed without a despawn; forgetting them
[nebula] 0 entity object(s) were destroyed without a despawn; forgetting them
[nebula] 0 entity object(s) were destroyed without a despawn; forgetting them
[nebula] 0 entity object(s) were destroyed without a despawn; forgetting them
[nebula] 0 entity object(s) were destroyed without a despawn; forgetting them
[nebula] 0 entity object(s) were destroyed without a despawn; forgetting them
[nebula] 0 entity object(s) were destroyed without a despawn; forgetting them
[nebula] 0 entity object(s) were destroyed without a despawn; forgetting them
[nebula] 0 entity object(s) were destroyed without a despawn; forgetting them
[nebula] 0 entity object(s) were destroyed without a despawn; forgetting them
[nebula] 0 entity object(s) were destroyed without a despawn; forgetting them
[nebula] 0 entity object(s) were destroyed without a despawn; forgetting them
[nebula] 0 entity object(s) were destroyed without a despawn; forgetting them
[nebula] 0 entity object(s) were destroyed without a despawn; forgetting them
[nebula] 0 entity object(s) were destroyed without a despawn; forgetting them
[nebula] 0 entity object(s) were destroyed without a despawn; forgetting them
[nebula] 0 entity object(s) were destroyed without a despawn; forgetting them
[nebula] 0 entity object(s) were destroyed without a despawn; forgetting them
[nebula] 0 entity object(s) were destroyed without a despawn; forgetting them
[nebula] 0 entity object(s) were destroyed without a despawn; forgetting them
[nebula] 0 entity object(s) were destroyed without a despawn; forgetting them
[nebula] 0 entity object(s) were destroyed without a despawn; forgetting them
[nebula] 0 entity object(s) were destroyed without a despawn; forgetting them
[nebula] 0 entity object(s) were destroyed without a despawn; forgetting them
[nebula] 0 entity object(s) were destroyed without a despawn; forgetting them
[nebula] 0 entity object(s) were destroyed without a despawn; forgetting them
[nebula] 0 entity object(s) were destroyed without a despawn; forgetting them
[nebula] 0 entity object(s) were destroyed without a despawn; forgetting them
[nebula] 0 entity object(s) were destroyed without a despawn; forgetting them
[nebula] 0 entity object(s) were destroyed without a despawn; forgetting them
[nebula] 0 entity object(s) were destroyed without a despawn; forgetting them
[nebula] 0 entity object(s) were destroyed without a despawn; forgetting them
[nebula] 0 entity object(s) were destroyed without a despawn; forgetting them
[nebula] 0 entity object(s) were destroyed without a despawn; forgetting them
[nebula] 0 entity object(s) were destroyed without a despawn; forgetting them
[nebula] 0 entity object(s) were destroyed without a despawn; forgetting them
[nebula] 0 entity object(s) were destroyed without a despawn; forgetting them
[nebula] 0 entity object(s) were destroyed without a despawn; forgetting them
[nebula] 0 entity object(s) were destroyed without a despawn; forgetting them
[nebula] 0 entity object(s) were destroyed without a despawn; forgetting them
[nebula] 0 entity object(s) were destroyed without a despawn; forgetting them
[nebula] 0 entity object(s) were destroyed without a despawn; forgetting them
[nebula] 0 entity object(s) were destroyed without a despawn; forgetting them
[nebula] 0 entity object(s) were destroyed without a despawn; forgetting them
[nebula] 0 entity object(s) were destroyed without a despawn; forgetting them
[nebula] 0 entity object(s) were destroyed without a despawn; forgetting them
[nebula] 0 entity object(s) were destroyed without a despawn; forgetting them
[nebula] 0 entity object(s) were destroyed without a despawn; forgetting them
[nebula] 0 entity object(s) were destroyed without a despawn; forgetting them
[nebula] 0 entity object(s) were destroyed without a despawn; forgetting them
[nebula] 0 entity object(s) were destroyed without a despawn; forgetting them
[nebula] 0 entity object(s) were destroyed without a despawn; forgetting them
[nebula] 0 entity object(s) were destroyed without a despawn; forgetting them
[nebula] 0 entity object(s) were destroyed without a despawn; forgetting them
[nebula] 0 entity object(s) were destroyed without a despawn; forgetting them
[nebula] 0 entity object(s) were destroyed without a despawn; forgetting them
[nebula] 0 entity object(s) were destroyed without a despawn; forgetting them
[nebula] 0 entity object(s) were destroyed without a despawn; forgetting them
[nebula] 0 entity object(s) were destroyed without a despawn; forgetting them
[nebula] 0 entity object(s) were destroyed without a despawn; forgetting them
[nebula] 0 entity object(s) were destroyed without a despawn; forgetting them
[nebula] 0 entity object(s) were destroyed without a despawn; forgetting them
[nebula] 0 entity object(s) were destroyed without a despawn; forgetting them
[nebula] 0 entity object(s) were destroyed without a despawn; forgetting them
[nebula] 0 entity object(s) were destroyed without a despawn; forgetting them
[nebula] 0 entity object(s) were destroyed without a despawn; forgetting them
[nebula] 0 entity object(s) were destroyed without a despawn; forgetting them
[nebula] 0 entity object(s) were destroyed without a despawn; forgetting them
[nebula] 0 entity object(s) were destroyed without a despawn; forgetting them
[nebula] 0 entity object(s) were destroyed without a despawn; forgetting them
[nebula] 0 entity object(s) were destroyed without a despawn; forgetting them
[nebula] 0 entity object(s) were destroyed without a despawn; forgetting them
[nebula] 0 entity object(s) were destroyed without a despawn; forgetting them
[nebula] 0 entity object(s) were destroyed without a despawn; forgetting them
[nebula] 0 entity object(s) were destroyed without a despawn; forgetting them
[nebula] 0 entity object(s) were destroyed without a despawn; forgetting them
[nebula] 0 entity object(s) were destroyed without a despawn; forgetting them
[nebula] 0 entity object(s) were destroyed without a despawn; forgetting them
[nebula] 0 entity object(s) were destroyed without a despawn; forgetting them
[nebula] 0 entity object(s) were destroyed without a despawn; forgetting them
[nebula] 0 entity object(s) were destroyed without a despawn; forgetting them
[nebula] 0 entity object(s) were destroyed without a despawn; forgetting them
[nebula] 0 entity object(s) were destroyed without a despawn; forgetting them
[nebula] 0 entity object(s) were destroyed without a despawn; forgetting them
[nebula] 0 entity object(s) were destroyed without a despawn; forgetting them
[nebula] 0 entity object(s) were destroyed without a despawn; forgetting them
[nebula] 0 entity object(s) were destroyed without a despawn; forgetting them
[nebula] 0 entity object(s) were destroyed without a despawn; forgetting them
[nebula] 0 entity object(s) were destroyed without a despawn; forgetting them
[nebula] 0 entity object(s) were destroyed without a despawn; forgetting them
[nebula] 0 entity object(s) were destroyed without a despawn; forgetting them
[nebula] 0 entity object(s) were destroyed without a despawn; forgetting them
[nebula] 0 entity object(s) were destroyed without a despawn; forgetting them
[nebula] 0 entity object(s) were destroyed without a despawn; forgetting them
[nebula] 0 entity object(s) were destroyed without a despawn; forgetting them
[nebula] 0 entity object(s) were destroyed without a despawn; forgetting them
[nebula] 0 entity object(s) were destroyed without a despawn; forgetting them
[nebula] 0 entity object(s) were destroyed without a despawn; forgetting them
[nebula] 0 entity object(s) were destroyed without a despawn; forgetting them
[nebula] 0 entity object(s) were destroyed without a despawn; forgetting them
[nebula] 0 entity object(s) were destroyed without a despawn; forgetting them
[nebula] 0 entity object(s) were destroyed without a despawn; forgetting them
[nebula] 0 entity object(s) were destroyed without a despawn; forgetting them
[nebula] 0 entity object(s) were destroyed without a despawn; forgetting them
[nebula] 0 entity object(s) were destroyed without a despawn; forgetting them
[nebula] 0 entity object(s) were destroyed without a despawn; forgetting them
[nebula] 0 entity object(s) were destroyed without a despawn; forgetting them
[nebula] 0 entity object(s) were destroyed without a despawn; forgetting them
[nebula] 0 entity object(s) were destroyed without a despawn; forgetting them
[nebula] 0 entity object(s) were destroyed without a despawn; forgetting them
[nebula] 0 entity object(s) were destroyed without a despawn; forgetting them
[nebula] 0 entity object(s) were destroyed without a despawn; forgetting them
[nebula] 0 entity object(s) were destroyed without a despawn; forgetting them
[nebula] 0 entity object(s) were destroyed without a despawn; forgetting them
[nebula] 0 entity object(s) were destroyed without a despawn; forgetting them
[nebula] 0 entity object(s) were destroyed without a despawn; forgetting them
[nebula] 0 entity object(s) were destroyed without a despawn; forgetting them
[nebula] 0 entity object(s) were destroyed without a despawn; forgetting them
[nebula] 0 entity object(s) were destroyed without a despawn; forgetting them
[nebula] 0 entity object(s) were destroyed without a despawn; forgetting them
[nebula] 0 entity object(s) were destroyed without a despawn; forgetting them
[nebula] 0 entity object(s) were destroyed without a despawn; forgetting them
[nebula] 0 entity object(s) were destroyed without a despawn; forgetting them
[nebula] 0 entity object(s) were destroyed without a despawn; forgetting them
[nebula] 0 entity object(s) were destroyed without a despawn; forgetting them
[nebula] 0 entity object(s) were destroyed without a despawn; forgetting them
[nebula] profile 300 ticks/5s 300 frames avg 0.8ms max 1.3ms dup 0 skip 0 gc 53 auth 29 ghosts 0 | poll=0.00 ghosts=0.00 physics.sync=0.00 simulate=0.01 poses=0.04 containers=0.58 band=0.02 publish=0.01 gap=15.87 interest=0.01
[nebula] 0 entity object(s) were destroyed without a despawn; forgetting them
[nebula] 0 entity object(s) were destroyed without a despawn; forgetting them
[nebula] 0 entity object(s) were destroyed without a despawn; forgetting them
[nebula] 0 entity object(s) were destroyed without a despawn; forgetting them
[nebula] 0 entity object(s) were destroyed without a despawn; forgetting them
[nebula] 0 entity object(s) were destroyed without a despawn; forgetting them
[nebula] 0 entity object(s) were destroyed without a despawn; forgetting them
[nebula] 0 entity object(s) were destroyed without a despawn; forgetting them
[nebula] 0 entity object(s) were destroyed without a despawn; forgetting them
[nebula] 0 entity object(s) were destroyed without a despawn; forgetting them
[nebula] 0 entity object(s) were destroyed without a despawn; forgetting them
[nebula] 0 entity object(s) were destroyed without a despawn; forgetting them
[nebula] 0 entity object(s) were destroyed without a despawn; forgetting them
[nebula] 0 entity object(s) were destroyed without a despawn; forgetting them
[nebula] 0 entity object(s) were destroyed without a despawn; forgetting them
[nebula] 0 entity object(s) were destroyed without a despawn; forgetting them
[nebula] 0 entity object(s) were destroyed without a despawn; forgetting them
[nebula] 0 entity object(s) were destroyed without a despawn; forgetting them
[nebula] 0 entity object(s) were destroyed without a despawn; forgetting them
[nebula] 0 entity object(s) were destroyed without a despawn; forgetting them
[nebula] 0 entity object(s) were destroyed without a despawn; forgetting them
[nebula] 0 entity object(s) were destroyed without a despawn; forgetting them
[nebula] 0 entity object(s) were destroyed without a despawn; forgetting them
[nebula] 0 entity object(s) were destroyed without a despawn; forgetting them
[nebula] 0 entity object(s) were destroyed without a despawn; forgetting them
[nebula] 0 entity object(s) were destroyed without a despawn; forgetting them
[nebula] 0 entity object(s) were destroyed without a despawn; forgetting them
[nebula] 0 entity object(s) were destroyed without a despawn; forgetting them
[nebula] 0 entity object(s) were destroyed without a despawn; forgetting them
[nebula] 0 entity object(s) were destroyed without a despawn; forgetting them
[nebula] 0 entity object(s) were destroyed without a despawn; forgetting them
[nebula] 0 entity object(s) were destroyed without a despawn; forgetting them
[nebula] 0 entity object(s) were destroyed without a despawn; forgetting them
[nebula] 0 entity object(s) were destroyed without a despawn; forgetting them
[nebula] 0 entity object(s) were destroyed without a despawn; forgetting them
[nebula] 0 entity object(s) were destroyed without a despawn; forgetting them
[nebula] 0 entity object(s) were destroyed without a despawn; forgetting them
[nebula] 0 entity object(s) were destroyed without a despawn; forgetting them
[nebula] 0 entity object(s) were destroyed without a despawn; forgetting them
[nebula] 0 entity object(s) were destroyed without a despawn; forgetting them
[nebula] 0 entity object(s) were destroyed without a despawn; forgetting them
[nebula] 0 entity object(s) were destroyed without a despawn; forgetting them
[nebula] 0 entity object(s) were destroyed without a despawn; forgetting them
[nebula] 0 entity object(s) were destroyed without a despawn; forgetting them
[nebula] 0 entity object(s) were destroyed without a despawn; forgetting them
[nebula] 0 entity object(s) were destroyed without a despawn; forgetting them
[nebula] 0 entity object(s) were destroyed without a despawn; forgetting them
[nebula] 0 entity object(s) were destroyed without a despawn; forgetting them
[nebula] 0 entity object(s) were destroyed without a despawn; forgetting them
[nebula] 0 entity object(s) were destroyed without a despawn; forgetting them
[nebula] 0 entity object(s) were destroyed without a despawn; forgetting them
[nebula] 0 entity object(s) were destroyed without a despawn; forgetting them
[nebula] 0 entity object(s) were destroyed without a despawn; forgetting them
[nebula] 0 entity object(s) were destroyed without a despawn; forgetting them
[nebula] 0 entity object(s) were destroyed without a despawn; forgetting them
[nebula] 0 entity object(s) were destroyed without a despawn; forgetting them
[nebula] 0 entity object(s) were destroyed without a despawn; forgetting them
[nebula] 0 entity object(s) were destroyed without a despawn; forgetting them
[nebula] 0 entity object(s) were destroyed without a despawn; forgetting them
[nebula] 0 entity object(s) were destroyed without a despawn; forgetting them
[nebula] 0 entity object(s) were destroyed without a despawn; forgetting them
[nebula] 0 entity object(s) were destroyed without a despawn; forgetting them
[nebula] 0 entity object(s) were destroyed without a despawn; forgetting them
[nebula] 0 entity object(s) were destroyed without a despawn; forgetting them
[nebula] 0 entity object(s) were destroyed without a despawn; forgetting them
[nebula] 0 entity object(s) were destroyed without a despawn; forgetting them
[nebula] 0 entity object(s) were destroyed without a despawn; forgetting them
[nebula] 0 entity object(s) were destroyed without a despawn; forgetting them
[nebula] 0 entity object(s) were destroyed without a despawn; forgetting them
[nebula] 0 entity object(s) were destroyed without a despawn; forgetting them
[nebula] 0 entity object(s) were destroyed without a despawn; forgetting them
[nebula] 0 entity object(s) were destroyed without a despawn; forgetting them
[nebula] 0 entity object(s) were destroyed without a despawn; forgetting them
[nebula] 0 entity object(s) were destroyed without a despawn; forgetting them
[nebula] 0 entity object(s) were destroyed without a despawn; forgetting them
[nebula] 0 entity object(s) were destroyed without a despawn; forgetting them
[nebula] 0 entity object(s) were destroyed without a despawn; forgetting them
[nebula] 0 entity object(s) were destroyed without a despawn; forgetting them
[nebula] 0 entity object(s) were destroyed without a despawn; forgetting them
[nebula] 0 entity object(s) were destroyed without a despawn; forgetting them
[nebula] 0 entity object(s) were destroyed without a despawn; forgetting them
[nebula] 0 entity object(s) were destroyed without a despawn; forgetting them
[nebula] 0 entity object(s) were destroyed without a despawn; forgetting them
[nebula] 0 entity object(s) were destroyed without a despawn; forgetting them
[nebula] 0 entity object(s) were destroyed without a despawn; forgetting them
[nebula] 0 entity object(s) were destroyed without a despawn; forgetting them
[nebula] 0 entity object(s) were destroyed without a despawn; forgetting them
[nebula] 0 entity object(s) were destroyed without a despawn; forgetting them
[nebula] 0 entity object(s) were destroyed without a despawn; forgetting them
[nebula] 0 entity object(s) were destroyed without a despawn; forgetting them
[nebula] 0 entity object(s) were destroyed without a despawn; forgetting them
[nebula] 0 entity object(s) were destroyed without a despawn; forgetting them
[nebula] 0 entity object(s) were destroyed without a despawn; forgetting them
[nebula] 0 entity object(s) were destroyed without a despawn; forgetting them
[nebula] 0 entity object(s) were destroyed without a despawn; forgetting them
[nebula] 0 entity object(s) were destroyed without a despawn; forgetting them
[nebula] 0 entity object(s) were destroyed without a despawn; forgetting them
[nebula] 0 entity object(s) were destroyed without a despawn; forgetting them
[nebula] 0 entity object(s) were destroyed without a despawn; forgetting them
[nebula] 0 entity object(s) were destroyed without a despawn; forgetting them
[nebula] 0 entity object(s) were destroyed without a despawn; forgetting them
[nebula] 0 entity object(s) were destroyed without a despawn; forgetting them
[nebula] 0 entity object(s) were destroyed without a despawn; forgetting them
[nebula] 0 entity object(s) were destroyed without a despawn; forgetting them
[nebula] 0 entity object(s) were destroyed without a despawn; forgetting them
[nebula] 0 entity object(s) were destroyed without a despawn; forgetting them
[nebula] 0 entity object(s) were destroyed without a despawn; forgetting them
[nebula] 0 entity object(s) were destroyed without a despawn; forgetting them
[nebula] 0 entity object(s) were destroyed without a despawn; forgetting them
[nebula] 0 entity object(s) were destroyed without a despawn; forgetting them
[nebula] 0 entity object(s) were destroyed without a despawn; forgetting them
[nebula] 0 entity object(s) were destroyed without a despawn; forgetting them
[nebula] 0 entity object(s) were destroyed without a despawn; forgetting them
[nebula] 0 entity object(s) were destroyed without a despawn; forgetting them
[nebula] 0 entity object(s) were destroyed without a despawn; forgetting them
[nebula] 0 entity object(s) were destroyed without a despawn; forgetting them
[nebula] 0 entity object(s) were destroyed without a despawn; forgetting them
[nebula] 0 entity object(s) were destroyed without a despawn; forgetting them
[nebula] 0 entity object(s) were destroyed without a despawn; forgetting them
[nebula] 0 entity object(s) were destroyed without a despawn; forgetting them
[nebula] 0 entity object(s) were destroyed without a despawn; forgetting them
[nebula] 0 entity object(s) were destroyed without a despawn; forgetting them
[nebula] 0 entity object(s) were destroyed without a despawn; forgetting them
[nebula] 0 entity object(s) were destroyed without a despawn; forgetting them
[nebula] 0 entity object(s) were destroyed without a despawn; forgetting them
[nebula] 0 entity object(s) were destroyed without a despawn; forgetting them
[nebula] 0 entity object(s) were destroyed without a despawn; forgetting them
[nebula] 0 entity object(s) were destroyed without a despawn; forgetting them
[nebula] 0 entity object(s) were destroyed without a despawn; forgetting them
[nebula] 0 entity object(s) were destroyed without a despawn; forgetting them
[nebula] 0 entity object(s) were destroyed without a despawn; forgetting them
[nebula] 0 entity object(s) were destroyed without a despawn; forgetting them
[nebula] 0 entity object(s) were destroyed without a despawn; forgetting them
[nebula] 0 entity object(s) were destroyed without a despawn; forgetting them
[nebula] 0 entity object(s) were destroyed without a despawn; forgetting them
[nebula] 0 entity object(s) were destroyed without a despawn; forgetting them
[nebula] 0 entity object(s) were destroyed without a despawn; forgetting them
[nebula] 0 entity object(s) were destroyed without a despawn; forgetting them
[nebula] 0 entity object(s) were destroyed without a despawn; forgetting them
[nebula] 0 entity object(s) were destroyed without a despawn; forgetting them
[nebula] 0 entity object(s) were destroyed without a despawn; forgetting them
[nebula] 0 entity object(s) were destroyed without a despawn; forgetting them
[nebula] 0 entity object(s) were destroyed without a despawn; forgetting them
[nebula] 0 entity object(s) were destroyed without a despawn; forgetting them
[nebula] 0 entity object(s) were destroyed without a despawn; forgetting them
[nebula] 0 entity object(s) were destroyed without a despawn; forgetting them
[nebula] 0 entity object(s) were destroyed without a despawn; forgetting them
[nebula] 0 entity object(s) were destroyed without a despawn; forgetting them
[nebula] 0 entity object(s) were destroyed without a despawn; forgetting them
[nebula] 0 entity object(s) were destroyed without a despawn; forgetting them
[nebula] 0 entity object(s) were destroyed without a despawn; forgetting them
[nebula] 0 entity object(s) were destroyed without a despawn; forgetting them
[nebula] 0 entity object(s) were destroyed without a despawn; forgetting them
[nebula] 0 entity object(s) were destroyed without a despawn; forgetting them
[nebula] 0 entity object(s) were destroyed without a despawn; forgetting them
[nebula] 0 entity object(s) were destroyed without a despawn; forgetting them
[nebula] 0 entity object(s) were destroyed without a despawn; forgetting them
[nebula] 0 entity object(s) were destroyed without a despawn; forgetting them
[nebula] 0 entity object(s) were destroyed without a despawn; forgetting them
[nebula] 0 entity object(s) were destroyed without a despawn; forgetting them
[nebula] 0 entity object(s) were destroyed without a despawn; forgetting them
[nebula] 0 entity object(s) were destroyed without a despawn; forgetting them
[nebula] 0 entity object(s) were destroyed without a despawn; forgetting them
[nebula] 0 entity object(s) were destroyed without a despawn; forgetting them
[nebula] 0 entity object(s) were destroyed without a despawn; forgetting them
[nebula] 0 entity object(s) were destroyed without a despawn; forgetting them
[nebula] 0 entity object(s) were destroyed without a despawn; forgetting them
[nebula] 0 entity object(s) were destroyed without a despawn; forgetting them
[nebula] 0 entity object(s) were destroyed without a despawn; forgetting them
[nebula] 0 entity object(s) were destroyed without a despawn; forgetting them
[nebula] 0 entity object(s) were destroyed without a despawn; forgetting them
[nebula] 0 entity object(s) were destroyed without a despawn; forgetting them
[nebula] 0 entity object(s) were destroyed without a despawn; forgetting them
[nebula] 0 entity object(s) were destroyed without a despawn; forgetting them
[nebula] 0 entity object(s) were destroyed without a despawn; forgetting them
[nebula] 0 entity object(s) were destroyed without a despawn; forgetting them
[nebula] 0 entity object(s) were destroyed without a despawn; forgetting them
[nebula] 0 entity object(s) were destroyed without a despawn; forgetting them
[nebula] 0 entity object(s) were destroyed without a despawn; forgetting them
[nebula] 0 entity object(s) were destroyed without a despawn; forgetting them
[nebula] 0 entity object(s) were destroyed without a despawn; forgetting them
[nebula] 0 entity object(s) were destroyed without a despawn; forgetting them
[nebula] 0 entity object(s) were destroyed without a despawn; forgetting them
[nebula] 0 entity object(s) were destroyed without a despawn; forgetting them
[nebula] 0 entity object(s) were destroyed without a despawn; forgetting them
[nebula] 0 entity object(s) were destroyed without a despawn; forgetting them
[nebula] 0 entity object(s) were destroyed without a despawn; forgetting them
[nebula] 0 entity object(s) were destroyed without a despawn; forgetting them
[nebula] 0 entity object(s) were destroyed without a despawn; forgetting them
[nebula] 0 entity object(s) were destroyed without a despawn; forgetting them
[nebula] 0 entity object(s) were destroyed without a despawn; forgetting them
[nebula] 0 entity object(s) were destroyed without a despawn; forgetting them
[nebula] 0 entity object(s) were destroyed without a despawn; forgetting them
[nebula] 0 entity object(s) were destroyed without a despawn; forgetting them
[nebula] 0 entity object(s) were destroyed without a despawn; forgetting them
[nebula] 0 entity object(s) were destroyed without a despawn; forgetting them
[nebula] 0 entity object(s) were destroyed without a despawn; forgetting them
[nebula] 0 entity object(s) were destroyed without a despawn; forgetting them
[nebula] 0 entity object(s) were destroyed without a despawn; forgetting them
[nebula] 0 entity object(s) were destroyed without a despawn; forgetting them
[nebula] 0 entity object(s) were destroyed without a despawn; forgetting them
[nebula] 0 entity object(s) were destroyed without a despawn; forgetting them
[nebula] 0 entity object(s) were destroyed without a despawn; forgetting them
[nebula] 0 entity object(s) were destroyed without a despawn; forgetting them
[nebula] 0 entity object(s) were destroyed without a despawn; forgetting them
[nebula] 0 entity object(s) were destroyed without a despawn; forgetting them
[nebula] 0 entity object(s) were destroyed without a despawn; forgetting them
[nebula] 0 entity object(s) were destroyed without a despawn; forgetting them
[nebula] 0 entity object(s) were destroyed without a despawn; forgetting them
[nebula] 0 entity object(s) were destroyed without a despawn; forgetting them
[nebula] 0 entity object(s) were destroyed without a despawn; forgetting them
[nebula] 0 entity object(s) were destroyed without a despawn; forgetting them
[nebula] 0 entity object(s) were destroyed without a despawn; forgetting them
[nebula] 0 entity object(s) were destroyed without a despawn; forgetting them
[nebula] 0 entity object(s) were destroyed without a despawn; forgetting them
[nebula] 0 entity object(s) were destroyed without a despawn; forgetting them
[nebula] 0 entity object(s) were destroyed without a despawn; forgetting them
[nebula] 0 entity object(s) were destroyed without a despawn; forgetting them
[nebula] 0 entity object(s) were destroyed without a despawn; forgetting them
[nebula] 0 entity object(s) were destroyed without a despawn; forgetting them
[nebula] 0 entity object(s) were destroyed without a despawn; forgetting them
[nebula] 0 entity object(s) were destroyed without a despawn; forgetting them
[nebula] 0 entity object(s) were destroyed without a despawn; forgetting them
[nebula] 0 entity object(s) were destroyed without a despawn; forgetting them
[nebula] 0 entity object(s) were destroyed without a despawn; forgetting them
[nebula] 0 entity object(s) were destroyed without a despawn; forgetting them
[nebula] 0 entity object(s) were destroyed without a despawn; forgetting them
[nebula] 0 entity object(s) were destroyed without a despawn; forgetting them
[nebula] 0 entity object(s) were destroyed without a despawn; forgetting them
[nebula] 0 entity object(s) were destroyed without a despawn; forgetting them
[nebula] 0 entity object(s) were destroyed without a despawn; forgetting them
[nebula] 0 entity object(s) were destroyed without a despawn; forgetting them
[nebula] 0 entity object(s) were destroyed without a despawn; forgetting them
[nebula] 0 entity object(s) were destroyed without a despawn; forgetting them
[nebula] 0 entity object(s) were destroyed without a despawn; forgetting them
[nebula] 0 entity object(s) were destroyed without a despawn; forgetting them
[nebula] 0 entity object(s) were destroyed without a despawn; forgetting them
[nebula] 0 entity object(s) were destroyed without a despawn; forgetting them
[nebula] 0 entity object(s) were destroyed without a despawn; forgetting them
[nebula] 0 entity object(s) were destroyed without a despawn; forgetting them
[nebula] 0 entity object(s) were destroyed without a despawn; forgetting them
[nebula] 0 entity object(s) were destroyed without a despawn; forgetting them
[nebula] 0 entity object(s) were destroyed without a despawn; forgetting them
[nebula] 0 entity object(s) were destroyed without a despawn; forgetting them
[nebula] 0 entity object(s) were destroyed without a despawn; forgetting them
[nebula] 0 entity object(s) were destroyed without a despawn; forgetting them
[nebula] 0 entity object(s) were destroyed without a despawn; forgetting them
[nebula] 0 entity object(s) were destroyed without a despawn; forgetting them
[nebula] 0 entity object(s) were destroyed without a despawn; forgetting them
[nebula] 0 entity object(s) were destroyed without a despawn; forgetting them
[nebula] 0 entity object(s) were destroyed without a despawn; forgetting them
[nebula] 0 entity object(s) were destroyed without a despawn; forgetting them
[nebula] 0 entity object(s) were destroyed without a despawn; forgetting them
[nebula] 0 entity object(s) were destroyed without a despawn; forgetting them
[nebula] 0 entity object(s) were destroyed without a despawn; forgetting them
[nebula] 0 entity object(s) were destroyed without a despawn; forgetting them
[nebula] 0 entity object(s) were destroyed without a despawn; forgetting them
[nebula] 0 entity object(s) were destroyed without a despawn; forgetting them
[nebula] 0 entity object(s) were destroyed without a despawn; forgetting them
[nebula] 0 entity object(s) were destroyed without a despawn; forgetting them
[nebula] 0 entity object(s) were destroyed without a despawn; forgetting them
[nebula] 0 entity object(s) were destroyed without a despawn; forgetting them
[nebula] 0 entity object(s) were destroyed without a despawn; forgetting them
[nebula] 0 entity object(s) were destroyed without a despawn; forgetting them
[nebula] 0 entity object(s) were destroyed without a despawn; forgetting them
[nebula] 0 entity object(s) were destroyed without a despawn; forgetting them
[nebula] 0 entity object(s) were destroyed without a despawn; forgetting them
[nebula] 0 entity object(s) were destroyed without a despawn; forgetting them
[nebula] 0 entity object(s) were destroyed without a despawn; forgetting them
[nebula] 0 entity object(s) were destroyed without a despawn; forgetting them
[nebula] 0 entity object(s) were destroyed without a despawn; forgetting them
[nebula] 0 entity object(s) were destroyed without a despawn; forgetting them
[nebula] 0 entity object(s) were destroyed without a despawn; forgetting them
[nebula] 0 entity object(s) were destroyed without a despawn; forgetting them
[nebula] 0 entity object(s) were destroyed without a despawn; forgetting them
[nebula] 0 entity object(s) were destroyed without a despawn; forgetting them
[nebula] 0 entity object(s) were destroyed without a despawn; forgetting them
[nebula] 0 entity object(s) were destroyed without a despawn; forgetting them
[nebula] 0 entity object(s) were destroyed without a despawn; forgetting them
[nebula] 0 entity object(s) were destroyed without a despawn; forgetting them
[nebula] 0 entity object(s) were destroyed without a despawn; forgetting them
[nebula] 0 entity object(s) were destroyed without a despawn; forgetting them
[nebula] 0 entity object(s) were destroyed without a despawn; forgetting them
[nebula] 0 entity object(s) were destroyed without a despawn; forgetting them
[nebula] 0 entity object(s) were destroyed without a despawn; forgetting them
[nebula] 0 entity object(s) were destroyed without a despawn; forgetting them
[nebula] 0 entity object(s) were destroyed without a despawn; forgetting them
[nebula] 0 entity object(s) were destroyed without a despawn; forgetting them
[nebula] 0 entity object(s) were destroyed without a despawn; forgetting them
[nebula] 0 entity object(s) were destroyed without a despawn; forgetting them
[nebula] 0 entity object(s) were destroyed without a despawn; forgetting them
[nebula] 0 entity object(s) were destroyed without a despawn; forgetting them
[nebula] 0 entity object(s) were destroyed without a despawn; forgetting them
[nebula] 0 entity object(s) were destroyed without a despawn; forgetting them
[nebula] 0 entity object(s) were destroyed without a despawn; forgetting them
[nebula] 0 entity object(s) were destroyed without a despawn; forgetting them
[nebula] 0 entity object(s) were destroyed without a despawn; forgetting them
[nebula] 0 entity object(s) were destroyed without a despawn; forgetting them
[nebula] 0 entity object(s) were destroyed without a despawn; forgetting them
[nebula] 0 entity object(s) were destroyed without a despawn; forgetting them
[nebula] profile 300 ticks/5s 300 frames avg 0.8ms max 1.2ms dup 0 skip 0 gc 37 auth 29 ghosts 0 | poll=0.00 ghosts=0.00 physics.sync=0.00 simulate=0.01 poses=0.04 containers=0.58 band=0.02 publish=0.01 gap=15.89 interest=0.01
[nebula] 0 entity object(s) were destroyed without a despawn; forgetting them
[nebula] 0 entity object(s) were destroyed without a despawn; forgetting them
[nebula] 0 entity object(s) were destroyed without a despawn; forgetting them
[nebula] 0 entity object(s) were destroyed without a despawn; forgetting them
[nebula] 0 entity object(s) were destroyed without a despawn; forgetting them
[nebula] 0 entity object(s) were destroyed without a despawn; forgetting them
[nebula] 0 entity object(s) were destroyed without a despawn; forgetting them
[nebula] 0 entity object(s) were destroyed without a despawn; forgetting them
[nebula] 0 entity object(s) were destroyed without a despawn; forgetting them
[nebula] 0 entity object(s) were destroyed without a despawn; forgetting them
[nebula] 0 entity object(s) were destroyed without a despawn; forgetting them
[nebula] 0 entity object(s) were destroyed without a despawn; forgetting them
[nebula] 0 entity object(s) were destroyed without a despawn; forgetting them
[nebula] 0 entity object(s) were destroyed without a despawn; forgetting them
[nebula] 0 entity object(s) were destroyed without a despawn; forgetting them
[nebula] 0 entity object(s) were destroyed without a despawn; forgetting them
[nebula] 0 entity object(s) were destroyed without a despawn; forgetting them
[nebula] 0 entity object(s) were destroyed without a despawn; forgetting them
[nebula] 0 entity object(s) were destroyed without a despawn; forgetting them
[nebula] 0 entity object(s) were destroyed without a despawn; forgetting them
[nebula] 0 entity object(s) were destroyed without a despawn; forgetting them
[nebula] 0 entity object(s) were destroyed without a despawn; forgetting them
[nebula] 0 entity object(s) were destroyed without a despawn; forgetting them
[nebula] 0 entity object(s) were destroyed without a despawn; forgetting them
[nebula] 0 entity object(s) were destroyed without a despawn; forgetting them
[nebula] 0 entity object(s) were destroyed without a despawn; forgetting them
[nebula] 0 entity object(s) were destroyed without a despawn; forgetting them
[nebula] 0 entity object(s) were destroyed without a despawn; forgetting them
[nebula] 0 entity object(s) were destroyed without a despawn; forgetting them
[nebula] 0 entity object(s) were destroyed without a despawn; forgetting them
[nebula] 0 entity object(s) were destroyed without a despawn; forgetting them
[nebula] 0 entity object(s) were destroyed without a despawn; forgetting them
[nebula] 0 entity object(s) were destroyed without a despawn; forgetting them
[nebula] 0 entity object(s) were destroyed without a despawn; forgetting them
[nebula] 0 entity object(s) were destroyed without a despawn; forgetting them
[nebula] 0 entity object(s) were destroyed without a despawn; forgetting them
[nebula] 0 entity object(s) were destroyed without a despawn; forgetting them
[nebula] 0 entity object(s) were destroyed without a despawn; forgetting them
[nebula] 0 entity object(s) were destroyed without a despawn; forgetting them
[nebula] 0 entity object(s) were destroyed without a despawn; forgetting them
[nebula] 0 entity object(s) were destroyed without a despawn; forgetting them
[nebula] 0 entity object(s) were destroyed without a despawn; forgetting them
[nebula] 0 entity object(s) were destroyed without a despawn; forgetting them
[nebula] 0 entity object(s) were destroyed without a despawn; forgetting them
[nebula] 0 entity object(s) were destroyed without a despawn; forgetting them
[nebula] 0 entity object(s) were destroyed without a despawn; forgetting them
[nebula] 0 entity object(s) were destroyed without a despawn; forgetting them
[nebula] 0 entity object(s) were destroyed without a despawn; forgetting them
[nebula] 0 entity object(s) were destroyed without a despawn; forgetting them
[nebula] 0 entity object(s) were destroyed without a despawn; forgetting them
[nebula] 0 entity object(s) were destroyed without a despawn; forgetting them
[nebula] 0 entity object(s) were destroyed without a despawn; forgetting them
[nebula] 0 entity object(s) were destroyed without a despawn; forgetting them
[nebula] 0 entity object(s) were destroyed without a despawn; forgetting them
[nebula] 0 entity object(s) were destroyed without a despawn; forgetting them
[nebula] 0 entity object(s) were destroyed without a despawn; forgetting them
[nebula] 0 entity object(s) were destroyed without a despawn; forgetting them
[nebula] 0 entity object(s) were destroyed without a despawn; forgetting them
[nebula] 0 entity object(s) were destroyed without a despawn; forgetting them
[nebula] 0 entity object(s) were destroyed without a despawn; forgetting them
[nebula] 0 entity object(s) were destroyed without a despawn; forgetting them
[nebula] 0 entity object(s) were destroyed without a despawn; forgetting them
[nebula] 0 entity object(s) were destroyed without a despawn; forgetting them
[nebula] 0 entity object(s) were destroyed without a despawn; forgetting them
[nebula] 0 entity object(s) were destroyed without a despawn; forgetting them
[nebula] 0 entity object(s) were destroyed without a despawn; forgetting them
[nebula] 0 entity object(s) were destroyed without a despawn; forgetting them
[nebula] 0 entity object(s) were destroyed without a despawn; forgetting them
[nebula] 0 entity object(s) were destroyed without a despawn; forgetting them
[nebula] 0 entity object(s) were destroyed without a despawn; forgetting them
[nebula] 0 entity object(s) were destroyed without a despawn; forgetting them
[nebula] 0 entity object(s) were destroyed without a despawn; forgetting them
[nebula] 0 entity object(s) were destroyed without a despawn; forgetting them
[nebula] 0 entity object(s) were destroyed without a despawn; forgetting them
[nebula] 0 entity object(s) were destroyed without a despawn; forgetting them
[nebula] 0 entity object(s) were destroyed without a despawn; forgetting them
[nebula] 0 entity object(s) were destroyed without a despawn; forgetting them
[nebula] 0 entity object(s) were destroyed without a despawn; forgetting them
[nebula] 0 entity object(s) were destroyed without a despawn; forgetting them
[nebula] 0 entity object(s) were destroyed without a despawn; forgetting them
[nebula] 0 entity object(s) were destroyed without a despawn; forgetting them
[nebula] 0 entity object(s) were destroyed without a despawn; forgetting them
[nebula] 0 entity object(s) were destroyed without a despawn; forgetting them
[nebula] 0 entity object(s) were destroyed without a despawn; forgetting them
[nebula] 0 entity object(s) were destroyed without a despawn; forgetting them
[nebula] 0 entity object(s) were destroyed without a despawn; forgetting them
[nebula] 0 entity object(s) were destroyed without a despawn; forgetting them
[nebula] 0 entity object(s) were destroyed without a despawn; forgetting them
[nebula] 0 entity object(s) were destroyed without a despawn; forgetting them
[nebula] 0 entity object(s) were destroyed without a despawn; forgetting them
[nebula] 0 entity object(s) were destroyed without a despawn; forgetting them
[nebula] 0 entity object(s) were destroyed without a despawn; forgetting them
[nebula] 0 entity object(s) were destroyed without a despawn; forgetting them
[nebula] 0 entity object(s) were destroyed without a despawn; forgetting them
[nebula] 0 entity object(s) were destroyed without a despawn; forgetting them
[nebula] 0 entity object(s) were destroyed without a despawn; forgetting them
[nebula] 0 entity object(s) were destroyed without a despawn; forgetting them
[nebula] 0 entity object(s) were destroyed without a despawn; forgetting them
[nebula] 0 entity object(s) were destroyed without a despawn; forgetting them
[nebula] 0 entity object(s) were destroyed without a despawn; forgetting them
[nebula] 0 entity object(s) were destroyed without a despawn; forgetting them
[nebula] 0 entity object(s) were destroyed without a despawn; forgetting them
[nebula] 0 entity object(s) were destroyed without a despawn; forgetting them
[nebula] 0 entity object(s) were destroyed without a despawn; forgetting them
[nebula] 0 entity object(s) were destroyed without a despawn; forgetting them
[nebula] 0 entity object(s) were destroyed without a despawn; forgetting them
[nebula] 0 entity object(s) were destroyed without a despawn; forgetting them
[nebula] 0 entity object(s) were destroyed without a despawn; forgetting them
[nebula] 0 entity object(s) were destroyed without a despawn; forgetting them
[nebula] 0 entity object(s) were destroyed without a despawn; forgetting them
[nebula] 0 entity object(s) were destroyed without a despawn; forgetting them
[nebula] 0 entity object(s) were destroyed without a despawn; forgetting them
[nebula] 0 entity object(s) were destroyed without a despawn; forgetting them
[nebula] 0 entity object(s) were destroyed without a despawn; forgetting them
[nebula] 0 entity object(s) were destroyed without a despawn; forgetting them
[nebula] 0 entity object(s) were destroyed without a despawn; forgetting them
[nebula] 0 entity object(s) were destroyed without a despawn; forgetting them
[nebula] 0 entity object(s) were destroyed without a despawn; forgetting them
[nebula] 0 entity object(s) were destroyed without a despawn; forgetting them
[nebula] 0 entity object(s) were destroyed without a despawn; forgetting them
[nebula] 0 entity object(s) were destroyed without a despawn; forgetting them
[nebula] 0 entity object(s) were destroyed without a despawn; forgetting them
[nebula] 0 entity object(s) were destroyed without a despawn; forgetting them
[nebula] 0 entity object(s) were destroyed without a despawn; forgetting them
[nebula] 0 entity object(s) were destroyed without a despawn; forgetting them
[nebula] 0 entity object(s) were destroyed without a despawn; forgetting them
[nebula] 0 entity object(s) were destroyed without a despawn; forgetting them
[nebula] 0 entity object(s) were destroyed without a despawn; forgetting them
[nebula] 0 entity object(s) were destroyed without a despawn; forgetting them
[nebula] 0 entity object(s) were destroyed without a despawn; forgetting them
[nebula] 0 entity object(s) were destroyed without a despawn; forgetting them
[nebula] 0 entity object(s) were destroyed without a despawn; forgetting them
[nebula] 0 entity object(s) were destroyed without a despawn; forgetting them
[nebula] 0 entity object(s) were destroyed without a despawn; forgetting them
[nebula] 0 entity object(s) were destroyed without a despawn; forgetting them
[nebula] 0 entity object(s) were destroyed without a despawn; forgetting them
[nebula] 0 entity object(s) were destroyed without a despawn; forgetting them
[nebula] 0 entity object(s) were destroyed without a despawn; forgetting them
[nebula] 0 entity object(s) were destroyed without a despawn; forgetting them
[nebula] 0 entity object(s) were destroyed without a despawn; forgetting them
[nebula] 0 entity object(s) were destroyed without a despawn; forgetting them
[nebula] 0 entity object(s) were destroyed without a despawn; forgetting them
[nebula] 0 entity object(s) were destroyed without a despawn; forgetting them
[nebula] 0 entity object(s) were destroyed without a despawn; forgetting them
[nebula] 0 entity object(s) were destroyed without a despawn; forgetting them
[nebula] 0 entity object(s) were destroyed without a despawn; forgetting them
[nebula] 0 entity object(s) were destroyed without a despawn; forgetting them
[nebula] 0 entity object(s) were destroyed without a despawn; forgetting them
[nebula] 0 entity object(s) were destroyed without a despawn; forgetting them
[nebula] 0 entity object(s) were destroyed without a despawn; forgetting them
[nebula] 0 entity object(s) were destroyed without a despawn; forgetting them
[nebula] 0 entity object(s) were destroyed without a despawn; forgetting them
[nebula] 0 entity object(s) were destroyed without a despawn; forgetting them
[nebula] 0 entity object(s) were destroyed without a despawn; forgetting them
[nebula] 0 entity object(s) were destroyed without a despawn; forgetting them
[nebula] 0 entity object(s) were destroyed without a despawn; forgetting them
[nebula] 0 entity object(s) were destroyed without a despawn; forgetting them
[nebula] 0 entity object(s) were destroyed without a despawn; forgetting them
[nebula] 0 entity object(s) were destroyed without a despawn; forgetting them
[nebula] 0 entity object(s) were destroyed without a despawn; forgetting them
[nebula] 0 entity object(s) were destroyed without a despawn; forgetting them
[nebula] 0 entity object(s) were destroyed without a despawn; forgetting them
[nebula] 0 entity object(s) were destroyed without a despawn; forgetting them
[nebula] 0 entity object(s) were destroyed without a despawn; forgetting them
[nebula] 0 entity object(s) were destroyed without a despawn; forgetting them
[nebula] 0 entity object(s) were destroyed without a despawn; forgetting them
[nebula] 0 entity object(s) were destroyed without a despawn; forgetting them
[nebula] 0 entity object(s) were destroyed without a despawn; forgetting them
[nebula] 0 entity object(s) were destroyed without a despawn; forgetting them
[nebula] 0 entity object(s) were destroyed without a despawn; forgetting them
[nebula] 0 entity object(s) were destroyed without a despawn; forgetting them
[nebula] 0 entity object(s) were destroyed without a despawn; forgetting them
[nebula] 0 entity object(s) were destroyed without a despawn; forgetting them
[nebula] 0 entity object(s) were destroyed without a despawn; forgetting them
[nebula] 0 entity object(s) were destroyed without a despawn; forgetting them
[nebula] 0 entity object(s) were destroyed without a despawn; forgetting them
[nebula] 0 entity object(s) were destroyed without a despawn; forgetting them
[nebula] 0 entity object(s) were destroyed without a despawn; forgetting them
[nebula] 0 entity object(s) were destroyed without a despawn; forgetting them
[nebula] 0 entity object(s) were destroyed without a despawn; forgetting them
[nebula] 0 entity object(s) were destroyed without a despawn; forgetting them
[nebula] 0 entity object(s) were destroyed without a despawn; forgetting them
[nebula] 0 entity object(s) were destroyed without a despawn; forgetting them
[nebula] 0 entity object(s) were destroyed without a despawn; forgetting them
[nebula] 0 entity object(s) were destroyed without a despawn; forgetting them
[nebula] 0 entity object(s) were destroyed without a despawn; forgetting them
[nebula] 0 entity object(s) were destroyed without a despawn; forgetting them
[nebula] 0 entity object(s) were destroyed without a despawn; forgetting them
[nebula] 0 entity object(s) were destroyed without a despawn; forgetting them
[nebula] 0 entity object(s) were destroyed without a despawn; forgetting them
[nebula] 0 entity object(s) were destroyed without a despawn; forgetting them
[nebula] 0 entity object(s) were destroyed without a despawn; forgetting them
[nebula] 0 entity object(s) were destroyed without a despawn; forgetting them
[nebula] 0 entity object(s) were destroyed without a despawn; forgetting them
[nebula] 0 entity object(s) were destroyed without a despawn; forgetting them
[nebula] 0 entity object(s) were destroyed without a despawn; forgetting them
[nebula] 0 entity object(s) were destroyed without a despawn; forgetting them
[nebula] 0 entity object(s) were destroyed without a despawn; forgetting them
[nebula] 0 entity object(s) were destroyed without a despawn; forgetting them
[nebula] 0 entity object(s) were destroyed without a despawn; forgetting them
[nebula] 0 entity object(s) were destroyed without a despawn; forgetting them
[nebula] 0 entity object(s) were destroyed without a despawn; forgetting them
[nebula] 0 entity object(s) were destroyed without a despawn; forgetting them
[nebula] 0 entity object(s) were destroyed without a despawn; forgetting them
[nebula] 0 entity object(s) were destroyed without a despawn; forgetting them
[nebula] 0 entity object(s) were destroyed without a despawn; forgetting them
[nebula] 0 entity object(s) were destroyed without a despawn; forgetting them
[nebula] 0 entity object(s) were destroyed without a despawn; forgetting them
[nebula] 0 entity object(s) were destroyed without a despawn; forgetting them
[nebula] 0 entity object(s) were destroyed without a despawn; forgetting them
[nebula] 0 entity object(s) were destroyed without a despawn; forgetting them
[nebula] 0 entity object(s) were destroyed without a despawn; forgetting them
[nebula] 0 entity object(s) were destroyed without a despawn; forgetting them
[nebula] 0 entity object(s) were destroyed without a despawn; forgetting them
[nebula] 0 entity object(s) were destroyed without a despawn; forgetting them
[nebula] 0 entity object(s) were destroyed without a despawn; forgetting them
[nebula] 0 entity object(s) were destroyed without a despawn; forgetting them
[nebula] 0 entity object(s) were destroyed without a despawn; forgetting them
[nebula] 0 entity object(s) were destroyed without a despawn; forgetting them
[nebula] 0 entity object(s) were destroyed without a despawn; forgetting them
[nebula] 0 entity object(s) were destroyed without a despawn; forgetting them
[nebula] 0 entity object(s) were destroyed without a despawn; forgetting them
[nebula] 0 entity object(s) were destroyed without a despawn; forgetting them
[nebula] 0 entity object(s) were destroyed without a despawn; forgetting them
[nebula] 0 entity object(s) were destroyed without a despawn; forgetting them
[nebula] 0 entity object(s) were destroyed without a despawn; forgetting them
[nebula] 0 entity object(s) were destroyed without a despawn; forgetting them
[nebula] 0 entity object(s) were destroyed without a despawn; forgetting them
[nebula] 0 entity object(s) were destroyed without a despawn; forgetting them
[nebula] 0 entity object(s) were destroyed without a despawn; forgetting them
[nebula] 0 entity object(s) were destroyed without a despawn; forgetting them
[nebula] 0 entity object(s) were destroyed without a despawn; forgetting them
[nebula] 0 entity object(s) were destroyed without a despawn; forgetting them
[nebula] 0 entity object(s) were destroyed without a despawn; forgetting them
[nebula] 0 entity object(s) were destroyed without a despawn; forgetting them
[nebula] 0 entity object(s) were destroyed without a despawn; forgetting them
[nebula] 0 entity object(s) were destroyed without a despawn; forgetting them
[nebula] 0 entity object(s) were destroyed without a despawn; forgetting them
[nebula] 0 entity object(s) were destroyed without a despawn; forgetting them
[nebula] 0 entity object(s) were destroyed without a despawn; forgetting them
[nebula] 0 entity object(s) were destroyed without a despawn; forgetting them
[nebula] 0 entity object(s) were destroyed without a despawn; forgetting them
[nebula] 0 entity object(s) were destroyed without a despawn; forgetting them
[nebula] 0 entity object(s) were destroyed without a despawn; forgetting them
[nebula] 0 entity object(s) were destroyed without a despawn; forgetting them
[nebula] 0 entity object(s) were destroyed without a despawn; forgetting them
[nebula] 0 entity object(s) were destroyed without a despawn; forgetting them
[nebula] 0 entity object(s) were destroyed without a despawn; forgetting them
[nebula] 0 entity object(s) were destroyed without a despawn; forgetting them
[nebula] 0 entity object(s) were destroyed without a despawn; forgetting them
[nebula] 0 entity object(s) were destroyed without a despawn; forgetting them
[nebula] 0 entity object(s) were destroyed without a despawn; forgetting them
[nebula] 0 entity object(s) were destroyed without a despawn; forgetting them
[nebula] 0 entity object(s) were destroyed without a despawn; forgetting them
[nebula] 0 entity object(s) were destroyed without a despawn; forgetting them
[nebula] 0 entity object(s) were destroyed without a despawn; forgetting them
[nebula] 0 entity object(s) were destroyed without a despawn; forgetting them
[nebula] 0 entity object(s) were destroyed without a despawn; forgetting them
[nebula] 0 entity object(s) were destroyed without a despawn; forgetting them
[nebula] 0 entity object(s) were destroyed without a despawn; forgetting them
[nebula] 0 entity object(s) were destroyed without a despawn; forgetting them
[nebula] 0 entity object(s) were destroyed without a despawn; forgetting them
[nebula] 0 entity object(s) were destroyed without a despawn; forgetting them
[nebula] 0 entity object(s) were destroyed without a despawn; forgetting them
[nebula] 0 entity object(s) were destroyed without a despawn; forgetting them
[nebula] 0 entity object(s) were destroyed without a despawn; forgetting them
[nebula] 0 entity object(s) were destroyed without a despawn; forgetting them
[nebula] 0 entity object(s) were destroyed without a despawn; forgetting them
[nebula] 0 entity object(s) were destroyed without a despawn; forgetting them
[nebula] 0 entity object(s) were destroyed without a despawn; forgetting them
[nebula] 0 entity object(s) were destroyed without a despawn; forgetting them
[nebula] 0 entity object(s) were destroyed without a despawn; forgetting them
[nebula] 0 entity object(s) were destroyed without a despawn; forgetting them
[nebula] 0 entity object(s) were destroyed without a despawn; forgetting them
[nebula] 0 entity object(s) were destroyed without a despawn; forgetting them
[nebula] 0 entity object(s) were destroyed without a despawn; forgetting them
[nebula] 0 entity object(s) were destroyed without a despawn; forgetting them
[nebula] 0 entity object(s) were destroyed without a despawn; forgetting them
[nebula] 0 entity object(s) were destroyed without a despawn; forgetting them
[nebula] 0 entity object(s) were destroyed without a despawn; forgetting them
[nebula] 0 entity object(s) were destroyed without a despawn; forgetting them
[nebula] 0 entity object(s) were destroyed without a despawn; forgetting them
[nebula] 0 entity object(s) were destroyed without a despawn; forgetting them
[nebula] 0 entity object(s) were destroyed without a despawn; forgetting them
[nebula] 0 entity object(s) were destroyed without a despawn; forgetting them
[nebula] 0 entity object(s) were destroyed without a despawn; forgetting them
[nebula] 0 entity object(s) were destroyed without a despawn; forgetting them
[nebula] 0 entity object(s) were destroyed without a despawn; forgetting them
[nebula] 0 entity object(s) were destroyed without a despawn; forgetting them
[nebula] 0 entity object(s) were destroyed without a despawn; forgetting them
[nebula] 0 entity object(s) were destroyed without a despawn; forgetting them
[nebula] 0 entity object(s) were destroyed without a despawn; forgetting them
[nebula] 0 entity object(s) were destroyed without a despawn; forgetting them
[nebula] 0 entity object(s) were destroyed without a despawn; forgetting them
[nebula] 0 entity object(s) were destroyed without a despawn; forgetting them
[nebula] 0 entity object(s) were destroyed without a despawn; forgetting them
[nebula] 0 entity object(s) were destroyed without a despawn; forgetting them
[nebula] 0 entity object(s) were destroyed without a despawn; forgetting them
[nebula] 0 entity object(s) were destroyed without a despawn; forgetting them
[nebula] 0 entity object(s) were destroyed without a despawn; forgetting them
[nebula] profile 300 ticks/5s 300 frames avg 0.8ms max 1.3ms dup 0 skip 0 gc 43 auth 29 ghosts 0 | poll=0.00 ghosts=0.00 physics.sync=0.00 simulate=0.01 poses=0.04 containers=0.57 band=0.02 publish=0.01 gap=15.88 interest=0.01
[nebula] 0 entity object(s) were destroyed without a despawn; forgetting them
[nebula] 0 entity object(s) were destroyed without a despawn; forgetting them
[nebula] 0 entity object(s) were destroyed without a despawn; forgetting them
[nebula] 0 entity object(s) were destroyed without a despawn; forgetting them
[nebula] 0 entity object(s) were destroyed without a despawn; forgetting them
[nebula] 0 entity object(s) were destroyed without a despawn; forgetting them
[nebula] 0 entity object(s) were destroyed without a despawn; forgetting them
[nebula] 0 entity object(s) were destroyed without a despawn; forgetting them
[nebula] 0 entity object(s) were destroyed without a despawn; forgetting them
[nebula] 0 entity object(s) were destroyed without a despawn; forgetting them
[nebula] 0 entity object(s) were destroyed without a despawn; forgetting them
[nebula] 0 entity object(s) were destroyed without a despawn; forgetting them
[nebula] 0 entity object(s) were destroyed without a despawn; forgetting them
[nebula] 0 entity object(s) were destroyed without a despawn; forgetting them
[nebula] 0 entity object(s) were destroyed without a despawn; forgetting them
[nebula] 0 entity object(s) were destroyed without a despawn; forgetting them
[nebula] 0 entity object(s) were destroyed without a despawn; forgetting them
[nebula] 0 entity object(s) were destroyed without a despawn; forgetting them
[nebula] 0 entity object(s) were destroyed without a despawn; forgetting them
[nebula] 0 entity object(s) were destroyed without a despawn; forgetting them
[nebula] 0 entity object(s) were destroyed without a despawn; forgetting them
[nebula] 0 entity object(s) were destroyed without a despawn; forgetting them
[nebula] 0 entity object(s) were destroyed without a despawn; forgetting them
[nebula] 0 entity object(s) were destroyed without a despawn; forgetting them
[nebula] 0 entity object(s) were destroyed without a despawn; forgetting them
[nebula] 0 entity object(s) were destroyed without a despawn; forgetting them
[nebula] 0 entity object(s) were destroyed without a despawn; forgetting them
[nebula] 0 entity object(s) were destroyed without a despawn; forgetting them
[nebula] 0 entity object(s) were destroyed without a despawn; forgetting them
[nebula] 0 entity object(s) were destroyed without a despawn; forgetting them
[nebula] 0 entity object(s) were destroyed without a despawn; forgetting them
[nebula] 0 entity object(s) were destroyed without a despawn; forgetting them
[nebula] 0 entity object(s) were destroyed without a despawn; forgetting them
[nebula] 0 entity object(s) were destroyed without a despawn; forgetting them
[nebula] 0 entity object(s) were destroyed without a despawn; forgetting them
[nebula] 0 entity object(s) were destroyed without a despawn; forgetting them
[nebula] 0 entity object(s) were destroyed without a despawn; forgetting them
[nebula] 0 entity object(s) were destroyed without a despawn; forgetting them
[nebula] 0 entity object(s) were destroyed without a despawn; forgetting them
[nebula] 0 entity object(s) were destroyed without a despawn; forgetting them
[nebula] 0 entity object(s) were destroyed without a despawn; forgetting them
[nebula] 0 entity object(s) were destroyed without a despawn; forgetting them
[nebula] 0 entity object(s) were destroyed without a despawn; forgetting them
[nebula] 0 entity object(s) were destroyed without a despawn; forgetting them
[nebula] 0 entity object(s) were destroyed without a despawn; forgetting them
[nebula] 0 entity object(s) were destroyed without a despawn; forgetting them
[nebula] 0 entity object(s) were destroyed without a despawn; forgetting them
[nebula] 0 entity object(s) were destroyed without a despawn; forgetting them
[nebula] 0 entity object(s) were destroyed without a despawn; forgetting them
[nebula] 0 entity object(s) were destroyed without a despawn; forgetting them
[nebula] 0 entity object(s) were destroyed without a despawn; forgetting them
[nebula] 0 entity object(s) were destroyed without a despawn; forgetting them
[nebula] 0 entity object(s) were destroyed without a despawn; forgetting them
[nebula] 0 entity object(s) were destroyed without a despawn; forgetting them
[nebula] 0 entity object(s) were destroyed without a despawn; forgetting them
[nebula] 0 entity object(s) were destroyed without a despawn; forgetting them
[nebula] 0 entity object(s) were destroyed without a despawn; forgetting them
[nebula] 0 entity object(s) were destroyed without a despawn; forgetting them
[nebula] 0 entity object(s) were destroyed without a despawn; forgetting them
[nebula] 0 entity object(s) were destroyed without a despawn; forgetting them
[nebula] 0 entity object(s) were destroyed without a despawn; forgetting them
[nebula] 0 entity object(s) were destroyed without a despawn; forgetting them
[nebula] 0 entity object(s) were destroyed without a despawn; forgetting them
[nebula] 0 entity object(s) were destroyed without a despawn; forgetting them
[nebula] 0 entity object(s) were destroyed without a despawn; forgetting them
[nebula] 0 entity object(s) were destroyed without a despawn; forgetting them
[nebula] 0 entity object(s) were destroyed without a despawn; forgetting them
[nebula] 0 entity object(s) were destroyed without a despawn; forgetting them
[nebula] 0 entity object(s) were destroyed without a despawn; forgetting them
[nebula] 0 entity object(s) were destroyed without a despawn; forgetting them
[nebula] 0 entity object(s) were destroyed without a despawn; forgetting them
[nebula] 0 entity object(s) were destroyed without a despawn; forgetting them
[nebula] 0 entity object(s) were destroyed without a despawn; forgetting them
[nebula] 0 entity object(s) were destroyed without a despawn; forgetting them
[nebula] 0 entity object(s) were destroyed without a despawn; forgetting them
[nebula] 0 entity object(s) were destroyed without a despawn; forgetting them
[nebula] 0 entity object(s) were destroyed without a despawn; forgetting them
[nebula] 0 entity object(s) were destroyed without a despawn; forgetting them
[nebula] 0 entity object(s) were destroyed without a despawn; forgetting them
[nebula] 0 entity object(s) were destroyed without a despawn; forgetting them
[nebula] 0 entity object(s) were destroyed without a despawn; forgetting them
[nebula] 0 entity object(s) were destroyed without a despawn; forgetting them
[nebula] 0 entity object(s) were destroyed without a despawn; forgetting them
[nebula] 0 entity object(s) were destroyed without a despawn; forgetting them
[nebula] 0 entity object(s) were destroyed without a despawn; forgetting them
[nebula] 0 entity object(s) were destroyed without a despawn; forgetting them
[nebula] 0 entity object(s) were destroyed without a despawn; forgetting them
[nebula] 0 entity object(s) were destroyed without a despawn; forgetting them
[nebula] 0 entity object(s) were destroyed without a despawn; forgetting them
[nebula] 0 entity object(s) were destroyed without a despawn; forgetting them
[nebula] 0 entity object(s) were destroyed without a despawn; forgetting them
[nebula] 0 entity object(s) were destroyed without a despawn; forgetting them
[nebula] 0 entity object(s) were destroyed without a despawn; forgetting them
[nebula] 0 entity object(s) were destroyed without a despawn; forgetting them
[nebula] 0 entity object(s) were destroyed without a despawn; forgetting them
[nebula] 0 entity object(s) were destroyed without a despawn; forgetting them
[nebula] 0 entity object(s) were destroyed without a despawn; forgetting them
[nebula] 0 entity object(s) were destroyed without a despawn; forgetting them
[nebula] 0 entity object(s) were destroyed without a despawn; forgetting them
[nebula] 0 entity object(s) were destroyed without a despawn; forgetting them
[nebula] 0 entity object(s) were destroyed without a despawn; forgetting them
[nebula] 0 entity object(s) were destroyed without a despawn; forgetting them
[nebula] 0 entity object(s) were destroyed without a despawn; forgetting them
[nebula] 0 entity object(s) were destroyed without a despawn; forgetting them
[nebula] 0 entity object(s) were destroyed without a despawn; forgetting them
[nebula] 0 entity object(s) were destroyed without a despawn; forgetting them
[nebula] 0 entity object(s) were destroyed without a despawn; forgetting them
[nebula] 0 entity object(s) were destroyed without a despawn; forgetting them
[nebula] 0 entity object(s) were destroyed without a despawn; forgetting them
[nebula] 0 entity object(s) were destroyed without a despawn; forgetting them
[nebula] 0 entity object(s) were destroyed without a despawn; forgetting them
[nebula] 0 entity object(s) were destroyed without a despawn; forgetting them
[nebula] 0 entity object(s) were destroyed without a despawn; forgetting them
[nebula] 0 entity object(s) were destroyed without a despawn; forgetting them
[nebula] 0 entity object(s) were destroyed without a despawn; forgetting them
[nebula] 0 entity object(s) were destroyed without a despawn; forgetting them
[nebula] 0 entity object(s) were destroyed without a despawn; forgetting them
[nebula] 0 entity object(s) were destroyed without a despawn; forgetting them
[nebula] 0 entity object(s) were destroyed without a despawn; forgetting them
[nebula] 0 entity object(s) were destroyed without a despawn; forgetting them
[nebula] 0 entity object(s) were destroyed without a despawn; forgetting them
[nebula] 0 entity object(s) were destroyed without a despawn; forgetting them
[nebula] 0 entity object(s) were destroyed without a despawn; forgetting them
[nebula] 0 entity object(s) were destroyed without a despawn; forgetting them
[nebula] 0 entity object(s) were destroyed without a despawn; forgetting them
[nebula] 0 entity object(s) were destroyed without a despawn; forgetting them
[nebula] 0 entity object(s) were destroyed without a despawn; forgetting them
[nebula] 0 entity object(s) were destroyed without a despawn; forgetting them
[nebula] 0 entity object(s) were destroyed without a despawn; forgetting them
[nebula] 0 entity object(s) were destroyed without a despawn; forgetting them
[nebula] 0 entity object(s) were destroyed without a despawn; forgetting them
[nebula] 0 entity object(s) were destroyed without a despawn; forgetting them
[nebula] 0 entity object(s) were destroyed without a despawn; forgetting them
[nebula] 0 entity object(s) were destroyed without a despawn; forgetting them
[nebula] 0 entity object(s) were destroyed without a despawn; forgetting them
[nebula] 0 entity object(s) were destroyed without a despawn; forgetting them
[nebula] 0 entity object(s) were destroyed without a despawn; forgetting them
[nebula] 0 entity object(s) were destroyed without a despawn; forgetting them
[nebula] 0 entity object(s) were destroyed without a despawn; forgetting them
[nebula] 0 entity object(s) were destroyed without a despawn; forgetting them
[nebula] 0 entity object(s) were destroyed without a despawn; forgetting them
[nebula] 0 entity object(s) were destroyed without a despawn; forgetting them
[nebula] 0 entity object(s) were destroyed without a despawn; forgetting them
[nebula] 0 entity object(s) were destroyed without a despawn; forgetting them
[nebula] 0 entity object(s) were destroyed without a despawn; forgetting them
[nebula] 0 entity object(s) were destroyed without a despawn; forgetting them
[nebula] 0 entity object(s) were destroyed without a despawn; forgetting them
[nebula] 0 entity object(s) were destroyed without a despawn; forgetting them
[nebula] 0 entity object(s) were destroyed without a despawn; forgetting them
[nebula] 0 entity object(s) were destroyed without a despawn; forgetting them
[nebula] 0 entity object(s) were destroyed without a despawn; forgetting them
[nebula] 0 entity object(s) were destroyed without a despawn; forgetting them
[nebula] 0 entity object(s) were destroyed without a despawn; forgetting them
[nebula] 0 entity object(s) were destroyed without a despawn; forgetting them
[nebula] 0 entity object(s) were destroyed without a despawn; forgetting them
[nebula] 0 entity object(s) were destroyed without a despawn; forgetting them
[nebula] 0 entity object(s) were destroyed without a despawn; forgetting them
[nebula] 0 entity object(s) were destroyed without a despawn; forgetting them
[nebula] 0 entity object(s) were destroyed without a despawn; forgetting them
[nebula] 0 entity object(s) were destroyed without a despawn; forgetting them
[nebula] 0 entity object(s) were destroyed without a despawn; forgetting them
[nebula] 0 entity object(s) were destroyed without a despawn; forgetting them
[nebula] 0 entity object(s) were destroyed without a despawn; forgetting them
[nebula] 0 entity object(s) were destroyed without a despawn; forgetting them
[nebula] 0 entity object(s) were destroyed without a despawn; forgetting them
[nebula] 0 entity object(s) were destroyed without a despawn; forgetting them
[nebula] 0 entity object(s) were destroyed without a despawn; forgetting them
[nebula] 0 entity object(s) were destroyed without a despawn; forgetting them
[nebula] 0 entity object(s) were destroyed without a despawn; forgetting them
[nebula] 0 entity object(s) were destroyed without a despawn; forgetting them
[nebula] 0 entity object(s) were destroyed without a despawn; forgetting them
[nebula] 0 entity object(s) were destroyed without a despawn; forgetting them
[nebula] 0 entity object(s) were destroyed without a despawn; forgetting them
[nebula] 0 entity object(s) were destroyed without a despawn; forgetting them
[nebula] 0 entity object(s) were destroyed without a despawn; forgetting them
[nebula] 0 entity object(s) were destroyed without a despawn; forgetting them
[nebula] 0 entity object(s) were destroyed without a despawn; forgetting them
[nebula] 0 entity object(s) were destroyed without a despawn; forgetting them
[nebula] 0 entity object(s) were destroyed without a despawn; forgetting them
[nebula] 0 entity object(s) were destroyed without a despawn; forgetting them
[nebula] 0 entity object(s) were destroyed without a despawn; forgetting them
[nebula] 0 entity object(s) were destroyed without a despawn; forgetting them
[nebula] 0 entity object(s) were destroyed without a despawn; forgetting them
[nebula] 0 entity object(s) were destroyed without a despawn; forgetting them
[nebula] 0 entity object(s) were destroyed without a despawn; forgetting them
[nebula] 0 entity object(s) were destroyed without a despawn; forgetting them
[nebula] 0 entity object(s) were destroyed without a despawn; forgetting them
[nebula] 0 entity object(s) were destroyed without a despawn; forgetting them
[nebula] 0 entity object(s) were destroyed without a despawn; forgetting them
[nebula] 0 entity object(s) were destroyed without a despawn; forgetting them
[nebula] 0 entity object(s) were destroyed without a despawn; forgetting them
[nebula] 0 entity object(s) were destroyed without a despawn; forgetting them
[nebula] 0 entity object(s) were destroyed without a despawn; forgetting them
[nebula] 0 entity object(s) were destroyed without a despawn; forgetting them
[nebula] 0 entity object(s) were destroyed without a despawn; forgetting them
[nebula] 0 entity object(s) were destroyed without a despawn; forgetting them
[nebula] 0 entity object(s) were destroyed without a despawn; forgetting them
[nebula] 0 entity object(s) were destroyed without a despawn; forgetting them
[nebula] 0 entity object(s) were destroyed without a despawn; forgetting them
[nebula] 0 entity object(s) were destroyed without a despawn; forgetting them
[nebula] 0 entity object(s) were destroyed without a despawn; forgetting them
[nebula] 0 entity object(s) were destroyed without a despawn; forgetting them
[nebula] 0 entity object(s) were destroyed without a despawn; forgetting them
[nebula] 0 entity object(s) were destroyed without a despawn; forgetting them
[nebula] 0 entity object(s) were destroyed without a despawn; forgetting them
[nebula] 0 entity object(s) were destroyed without a despawn; forgetting them
[nebula] 0 entity object(s) were destroyed without a despawn; forgetting them
[nebula] 0 entity object(s) were destroyed without a despawn; forgetting them
[nebula] 0 entity object(s) were destroyed without a despawn; forgetting them
[nebula] 0 entity object(s) were destroyed without a despawn; forgetting them
[nebula] 0 entity object(s) were destroyed without a despawn; forgetting them
[nebula] 0 entity object(s) were destroyed without a despawn; forgetting them
[nebula] 0 entity object(s) were destroyed without a despawn; forgetting them
[nebula] 0 entity object(s) were destroyed without a despawn; forgetting them
[nebula] 0 entity object(s) were destroyed without a despawn; forgetting them
[nebula] 0 entity object(s) were destroyed without a despawn; forgetting them
[nebula] 0 entity object(s) were destroyed without a despawn; forgetting them
[nebula] 0 entity object(s) were destroyed without a despawn; forgetting them
[nebula] 0 entity object(s) were destroyed without a despawn; forgetting them
[nebula] 0 entity object(s) were destroyed without a despawn; forgetting them
[nebula] 0 entity object(s) were destroyed without a despawn; forgetting them
[nebula] 0 entity object(s) were destroyed without a despawn; forgetting them
[nebula] 0 entity object(s) were destroyed without a despawn; forgetting them
[nebula] 0 entity object(s) were destroyed without a despawn; forgetting them
[nebula] 0 entity object(s) were destroyed without a despawn; forgetting them
[nebula] 0 entity object(s) were destroyed without a despawn; forgetting them
[nebula] 0 entity object(s) were destroyed without a despawn; forgetting them
[nebula] 0 entity object(s) were destroyed without a despawn; forgetting them
[nebula] 0 entity object(s) were destroyed without a despawn; forgetting them
[nebula] 0 entity object(s) were destroyed without a despawn; forgetting them
[nebula] 0 entity object(s) were destroyed without a despawn; forgetting them
[nebula] 0 entity object(s) were destroyed without a despawn; forgetting them
[nebula] 0 entity object(s) were destroyed without a despawn; forgetting them
[nebula] 0 entity object(s) were destroyed without a despawn; forgetting them
[nebula] 0 entity object(s) were destroyed without a despawn; forgetting them
[nebula] 0 entity object(s) were destroyed without a despawn; forgetting them
[nebula] 0 entity object(s) were destroyed without a despawn; forgetting them
[nebula] 0 entity object(s) were destroyed without a despawn; forgetting them
[nebula] 0 entity object(s) were destroyed without a despawn; forgetting them
[nebula] 0 entity object(s) were destroyed without a despawn; forgetting them
[nebula] 0 entity object(s) were destroyed without a despawn; forgetting them
[nebula] 0 entity object(s) were destroyed without a despawn; forgetting them
[nebula] 0 entity object(s) were destroyed without a despawn; forgetting them
[nebula] 0 entity object(s) were destroyed without a despawn; forgetting them
[nebula] 0 entity object(s) were destroyed without a despawn; forgetting them
[nebula] 0 entity object(s) were destroyed without a despawn; forgetting them
[nebula] 0 entity object(s) were destroyed without a despawn; forgetting them
[nebula] 0 entity object(s) were destroyed without a despawn; forgetting them
[nebula] 0 entity object(s) were destroyed without a despawn; forgetting them
[nebula] 0 entity object(s) were destroyed without a despawn; forgetting them
[nebula] 0 entity object(s) were destroyed without a despawn; forgetting them
[nebula] 0 entity object(s) were destroyed without a despawn; forgetting them
[nebula] 0 entity object(s) were destroyed without a despawn; forgetting them
[nebula] 0 entity object(s) were destroyed without a despawn; forgetting them
[nebula] 0 entity object(s) were destroyed without a despawn; forgetting them
[nebula] 0 entity object(s) were destroyed without a despawn; forgetting them
[nebula] 0 entity object(s) were destroyed without a despawn; forgetting them
[nebula] 0 entity object(s) were destroyed without a despawn; forgetting them
[nebula] 0 entity object(s) were destroyed without a despawn; forgetting them
[nebula] 0 entity object(s) were destroyed without a despawn; forgetting them
[nebula] 0 entity object(s) were destroyed without a despawn; forgetting them
[nebula] 0 entity object(s) were destroyed without a despawn; forgetting them
[nebula] 0 entity object(s) were destroyed without a despawn; forgetting them
[nebula] 0 entity object(s) were destroyed without a despawn; forgetting them
[nebula] 0 entity object(s) were destroyed without a despawn; forgetting them
[nebula] 0 entity object(s) were destroyed without a despawn; forgetting them
[nebula] 0 entity object(s) were destroyed without a despawn; forgetting them
[nebula] 0 entity object(s) were destroyed without a despawn; forgetting them
[nebula] 0 entity object(s) were destroyed without a despawn; forgetting them
[nebula] 0 entity object(s) were destroyed without a despawn; forgetting them
[nebula] 0 entity object(s) were destroyed without a despawn; forgetting them
[nebula] 0 entity object(s) were destroyed without a despawn; forgetting them
[nebula] 0 entity object(s) were destroyed without a despawn; forgetting them
[nebula] 0 entity object(s) were destroyed without a despawn; forgetting them
[nebula] 0 entity object(s) were destroyed without a despawn; forgetting them
[nebula] 0 entity object(s) were destroyed without a despawn; forgetting them
[nebula] 0 entity object(s) were destroyed without a despawn; forgetting them
[nebula] 0 entity object(s) were destroyed without a despawn; forgetting them
[nebula] 0 entity object(s) were destroyed without a despawn; forgetting them
[nebula] 0 entity object(s) were destroyed without a despawn; forgetting them
[nebula] 0 entity object(s) were destroyed without a despawn; forgetting them
[nebula] 0 entity object(s) were destroyed without a despawn; forgetting them
[nebula] 0 entity object(s) were destroyed without a despawn; forgetting them
[nebula] 0 entity object(s) were destroyed without a despawn; forgetting them
[nebula] 0 entity object(s) were destroyed without a despawn; forgetting them
[nebula] 0 entity object(s) were destroyed without a despawn; forgetting them
[nebula] 0 entity object(s) were destroyed without a despawn; forgetting them
[nebula] 0 entity object(s) were destroyed without a despawn; forgetting them
[nebula] 0 entity object(s) were destroyed without a despawn; forgetting them
[nebula] 0 entity object(s) were destroyed without a despawn; forgetting them
[nebula] 0 entity object(s) were destroyed without a despawn; forgetting them
[nebula] 0 entity object(s) were destroyed without a despawn; forgetting them
[nebula] 0 entity object(s) were destroyed without a despawn; forgetting them
[nebula] 0 entity object(s) were destroyed without a despawn; forgetting them
[nebula] 0 entity object(s) were destroyed without a despawn; forgetting them
[nebula] 0 entity object(s) were destroyed without a despawn; forgetting them
[nebula] 0 entity object(s) were destroyed without a despawn; forgetting them
[nebula] 0 entity object(s) were destroyed without a despawn; forgetting them
[nebula] 0 entity object(s) were destroyed without a despawn; forgetting them
[nebula] 0 entity object(s) were destroyed without a despawn; forgetting them
[nebula] profile 300 ticks/5s 300 frames avg 0.8ms max 1.2ms dup 0 skip 0 gc 54 auth 29 ghosts 0 | poll=0.00 ghosts=0.00 physics.sync=0.00 simulate=0.01 poses=0.04 containers=0.56 band=0.02 publish=0.01 gap=15.89 interest=0.01
[nebula] 0 entity object(s) were destroyed without a despawn; forgetting them
[nebula] 0 entity object(s) were destroyed without a despawn; forgetting them
[nebula] 0 entity object(s) were destroyed without a despawn; forgetting them
[nebula] 0 entity object(s) were destroyed without a despawn; forgetting them
[nebula] 0 entity object(s) were destroyed without a despawn; forgetting them
[nebula] 0 entity object(s) were destroyed without a despawn; forgetting them
[nebula] 0 entity object(s) were destroyed without a despawn; forgetting them
[nebula] 0 entity object(s) were destroyed without a despawn; forgetting them
[nebula] 0 entity object(s) were destroyed without a despawn; forgetting them
[nebula] 0 entity object(s) were destroyed without a despawn; forgetting them
[nebula] 0 entity object(s) were destroyed without a despawn; forgetting them
[nebula] 0 entity object(s) were destroyed without a despawn; forgetting them
[nebula] 0 entity object(s) were destroyed without a despawn; forgetting them
[nebula] 0 entity object(s) were destroyed without a despawn; forgetting them
[nebula] 0 entity object(s) were destroyed without a despawn; forgetting them
[nebula] 0 entity object(s) were destroyed without a despawn; forgetting them
[nebula] 0 entity object(s) were destroyed without a despawn; forgetting them
[nebula] 0 entity object(s) were destroyed without a despawn; forgetting them
[nebula] 0 entity object(s) were destroyed without a despawn; forgetting them
[nebula] 0 entity object(s) were destroyed without a despawn; forgetting them
[nebula] 0 entity object(s) were destroyed without a despawn; forgetting them
[nebula] 0 entity object(s) were destroyed without a despawn; forgetting them
[nebula] 0 entity object(s) were destroyed without a despawn; forgetting them
[nebula] 0 entity object(s) were destroyed without a despawn; forgetting them
[nebula] 0 entity object(s) were destroyed without a despawn; forgetting them
[nebula] 0 entity object(s) were destroyed without a despawn; forgetting them
[nebula] 0 entity object(s) were destroyed without a despawn; forgetting them
[nebula] 0 entity object(s) were destroyed without a despawn; forgetting them
[nebula] 0 entity object(s) were destroyed without a despawn; forgetting them
[nebula] 0 entity object(s) were destroyed without a despawn; forgetting them
[nebula] 0 entity object(s) were destroyed without a despawn; forgetting them
[nebula] 0 entity object(s) were destroyed without a despawn; forgetting them
[nebula] 0 entity object(s) were destroyed without a despawn; forgetting them
[nebula] 0 entity object(s) were destroyed without a despawn; forgetting them
[nebula] 0 entity object(s) were destroyed without a despawn; forgetting them
[nebula] 0 entity object(s) were destroyed without a despawn; forgetting them
[nebula] 0 entity object(s) were destroyed without a despawn; forgetting them
[nebula] 0 entity object(s) were destroyed without a despawn; forgetting them
[nebula] 0 entity object(s) were destroyed without a despawn; forgetting them
[nebula] 0 entity object(s) were destroyed without a despawn; forgetting them
[nebula] 0 entity object(s) were destroyed without a despawn; forgetting them
[nebula] 0 entity object(s) were destroyed without a despawn; forgetting them
[nebula] 0 entity object(s) were destroyed without a despawn; forgetting them
[nebula] 0 entity object(s) were destroyed without a despawn; forgetting them
[nebula] 0 entity object(s) were destroyed without a despawn; forgetting them
[nebula] 0 entity object(s) were destroyed without a despawn; forgetting them
[nebula] 0 entity object(s) were destroyed without a despawn; forgetting them
[nebula] 0 entity object(s) were destroyed without a despawn; forgetting them
[nebula] 0 entity object(s) were destroyed without a despawn; forgetting them
[nebula] 0 entity object(s) were destroyed without a despawn; forgetting them
[nebula] 0 entity object(s) were destroyed without a despawn; forgetting them
[nebula] 0 entity object(s) were destroyed without a despawn; forgetting them
[nebula] 0 entity object(s) were destroyed without a despawn; forgetting them
[nebula] 0 entity object(s) were destroyed without a despawn; forgetting them
[nebula] 0 entity object(s) were destroyed without a despawn; forgetting them
[nebula] 0 entity object(s) were destroyed without a despawn; forgetting them
[nebula] 0 entity object(s) were destroyed without a despawn; forgetting them
[nebula] 0 entity object(s) were destroyed without a despawn; forgetting them
[nebula] 0 entity object(s) were destroyed without a despawn; forgetting them
[nebula] 0 entity object(s) were destroyed without a despawn; forgetting them
[nebula] 0 entity object(s) were destroyed without a despawn; forgetting them
[nebula] 0 entity object(s) were destroyed without a despawn; forgetting them
[nebula] 0 entity object(s) were destroyed without a despawn; forgetting them
[nebula] 0 entity object(s) were destroyed without a despawn; forgetting them
[nebula] 0 entity object(s) were destroyed without a despawn; forgetting them
[nebula] 0 entity object(s) were destroyed without a despawn; forgetting them
[nebula] 0 entity object(s) were destroyed without a despawn; forgetting them
[nebula] 0 entity object(s) were destroyed without a despawn; forgetting them
[nebula] 0 entity object(s) were destroyed without a despawn; forgetting them
[nebula] 0 entity object(s) were destroyed without a despawn; forgetting them
[nebula] 0 entity object(s) were destroyed without a despawn; forgetting them
[nebula] 0 entity object(s) were destroyed without a despawn; forgetting them
[nebula] 0 entity object(s) were destroyed without a despawn; forgetting them
[nebula] 0 entity object(s) were destroyed without a despawn; forgetting them
[nebula] 0 entity object(s) were destroyed without a despawn; forgetting them
[nebula] 0 entity object(s) were destroyed without a despawn; forgetting them
[nebula] 0 entity object(s) were destroyed without a despawn; forgetting them
[nebula] 0 entity object(s) were destroyed without a despawn; forgetting them
[nebula] 0 entity object(s) were destroyed without a despawn; forgetting them
[nebula] 0 entity object(s) were destroyed without a despawn; forgetting them
[nebula] 0 entity object(s) were destroyed without a despawn; forgetting them
[nebula] 0 entity object(s) were destroyed without a despawn; forgetting them
[nebula] 0 entity object(s) were destroyed without a despawn; forgetting them
[nebula] 0 entity object(s) were destroyed without a despawn; forgetting them
[nebula] 0 entity object(s) were destroyed without a despawn; forgetting them
[nebula] 0 entity object(s) were destroyed without a despawn; forgetting them
[nebula] 0 entity object(s) were destroyed without a despawn; forgetting them
[nebula] 0 entity object(s) were destroyed without a despawn; forgetting them
[nebula] 0 entity object(s) were destroyed without a despawn; forgetting them
[nebula] 0 entity object(s) were destroyed without a despawn; forgetting them
[nebula] 0 entity object(s) were destroyed without a despawn; forgetting them
[nebula] 0 entity object(s) were destroyed without a despawn; forgetting them
[nebula] 0 entity object(s) were destroyed without a despawn; forgetting them
[nebula] 0 entity object(s) were destroyed without a despawn; forgetting them
[nebula] 0 entity object(s) were destroyed without a despawn; forgetting them
[nebula] 0 entity object(s) were destroyed without a despawn; forgetting them
[nebula] 0 entity object(s) were destroyed without a despawn; forgetting them
[nebula] 0 entity object(s) were destroyed without a despawn; forgetting them
[nebula] 0 entity object(s) were destroyed without a despawn; forgetting them
[nebula] 0 entity object(s) were destroyed without a despawn; forgetting them
[nebula] 0 entity object(s) were destroyed without a despawn; forgetting them
[nebula] 0 entity object(s) were destroyed without a despawn; forgetting them
[nebula] 0 entity object(s) were destroyed without a despawn; forgetting them
[nebula] 0 entity object(s) were destroyed without a despawn; forgetting them
[nebula] 0 entity object(s) were destroyed without a despawn; forgetting them
[nebula] 0 entity object(s) were destroyed without a despawn; forgetting them
[nebula] 0 entity object(s) were destroyed without a despawn; forgetting them
[nebula] 0 entity object(s) were destroyed without a despawn; forgetting them
[nebula] 0 entity object(s) were destroyed without a despawn; forgetting them
[nebula] 0 entity object(s) were destroyed without a despawn; forgetting them
[nebula] 0 entity object(s) were destroyed without a despawn; forgetting them
[nebula] 0 entity object(s) were destroyed without a despawn; forgetting them
[nebula] 0 entity object(s) were destroyed without a despawn; forgetting them
[nebula] 0 entity object(s) were destroyed without a despawn; forgetting them
[nebula] 0 entity object(s) were destroyed without a despawn; forgetting them
[nebula] 0 entity object(s) were destroyed without a despawn; forgetting them
[nebula] 0 entity object(s) were destroyed without a despawn; forgetting them
[nebula] 0 entity object(s) were destroyed without a despawn; forgetting them
[nebula] 0 entity object(s) were destroyed without a despawn; forgetting them
[nebula] 0 entity object(s) were destroyed without a despawn; forgetting them
[nebula] 0 entity object(s) were destroyed without a despawn; forgetting them
[nebula] 0 entity object(s) were destroyed without a despawn; forgetting them
[nebula] 0 entity object(s) were destroyed without a despawn; forgetting them
[nebula] 0 entity object(s) were destroyed without a despawn; forgetting them
[nebula] 0 entity object(s) were destroyed without a despawn; forgetting them
[nebula] 0 entity object(s) were destroyed without a despawn; forgetting them
[nebula] 0 entity object(s) were destroyed without a despawn; forgetting them
[nebula] 0 entity object(s) were destroyed without a despawn; forgetting them
[nebula] 0 entity object(s) were destroyed without a despawn; forgetting them
[nebula] 0 entity object(s) were destroyed without a despawn; forgetting them
[nebula] 0 entity object(s) were destroyed without a despawn; forgetting them
[nebula] 0 entity object(s) were destroyed without a despawn; forgetting them
[nebula] 0 entity object(s) were destroyed without a despawn; forgetting them
[nebula] 0 entity object(s) were destroyed without a despawn; forgetting them
[nebula] 0 entity object(s) were destroyed without a despawn; forgetting them
[nebula] 0 entity object(s) were destroyed without a despawn; forgetting them
[nebula] 0 entity object(s) were destroyed without a despawn; forgetting them
[nebula] 0 entity object(s) were destroyed without a despawn; forgetting them
[nebula] 0 entity object(s) were destroyed without a despawn; forgetting them
[nebula] 0 entity object(s) were destroyed without a despawn; forgetting them
[nebula] 0 entity object(s) were destroyed without a despawn; forgetting them
[nebula] 0 entity object(s) were destroyed without a despawn; forgetting them
[nebula] 0 entity object(s) were destroyed without a despawn; forgetting them
[nebula] 0 entity object(s) were destroyed without a despawn; forgetting them
[nebula] 0 entity object(s) were destroyed without a despawn; forgetting them
[nebula] 0 entity object(s) were destroyed without a despawn; forgetting them
[nebula] 0 entity object(s) were destroyed without a despawn; forgetting them
[nebula] 0 entity object(s) were destroyed without a despawn; forgetting them
[nebula] 0 entity object(s) were destroyed without a despawn; forgetting them
[nebula] 0 entity object(s) were destroyed without a despawn; forgetting them
[nebula] 0 entity object(s) were destroyed without a despawn; forgetting them
[nebula] 0 entity object(s) were destroyed without a despawn; forgetting them
[nebula] 0 entity object(s) were destroyed without a despawn; forgetting them
[nebula] 0 entity object(s) were destroyed without a despawn; forgetting them
[nebula] 0 entity object(s) were destroyed without a despawn; forgetting them
[nebula] 0 entity object(s) were destroyed without a despawn; forgetting them
[nebula] 0 entity object(s) were destroyed without a despawn; forgetting them
[nebula] 0 entity object(s) were destroyed without a despawn; forgetting them
[nebula] 0 entity object(s) were destroyed without a despawn; forgetting them
[nebula] 0 entity object(s) were destroyed without a despawn; forgetting them
[nebula] 0 entity object(s) were destroyed without a despawn; forgetting them
[nebula] 0 entity object(s) were destroyed without a despawn; forgetting them
[nebula] 0 entity object(s) were destroyed without a despawn; forgetting them
[nebula] 0 entity object(s) were destroyed without a despawn; forgetting them
[nebula] 0 entity object(s) were destroyed without a despawn; forgetting them
[nebula] 0 entity object(s) were destroyed without a despawn; forgetting them
[nebula] 0 entity object(s) were destroyed without a despawn; forgetting them
[nebula] 0 entity object(s) were destroyed without a despawn; forgetting them
[nebula] 0 entity object(s) were destroyed without a despawn; forgetting them
[nebula] 0 entity object(s) were destroyed without a despawn; forgetting them
[nebula] 0 entity object(s) were destroyed without a despawn; forgetting them
[nebula] 0 entity object(s) were destroyed without a despawn; forgetting them
[nebula] 0 entity object(s) were destroyed without a despawn; forgetting them
[nebula] 0 entity object(s) were destroyed without a despawn; forgetting them
[nebula] 0 entity object(s) were destroyed without a despawn; forgetting them
[nebula] 0 entity object(s) were destroyed without a despawn; forgetting them
[nebula] 0 entity object(s) were destroyed without a despawn; forgetting them
[nebula] 0 entity object(s) were destroyed without a despawn; forgetting them
[nebula] 0 entity object(s) were destroyed without a despawn; forgetting them
[nebula] 0 entity object(s) were destroyed without a despawn; forgetting them
[nebula] 0 entity object(s) were destroyed without a despawn; forgetting them
[nebula] 0 entity object(s) were destroyed without a despawn; forgetting them
[nebula] 0 entity object(s) were destroyed without a despawn; forgetting them
[nebula] 0 entity object(s) were destroyed without a despawn; forgetting them
[nebula] 0 entity object(s) were destroyed without a despawn; forgetting them
[nebula] 0 entity object(s) were destroyed without a despawn; forgetting them
[nebula] 0 entity object(s) were destroyed without a despawn; forgetting them
[nebula] 0 entity object(s) were destroyed without a despawn; forgetting them
[nebula] 0 entity object(s) were destroyed without a despawn; forgetting them
[nebula] 0 entity object(s) were destroyed without a despawn; forgetting them
[nebula] 0 entity object(s) were destroyed without a despawn; forgetting them
[nebula] 0 entity object(s) were destroyed without a despawn; forgetting them
[nebula] 0 entity object(s) were destroyed without a despawn; forgetting them
[nebula] 0 entity object(s) were destroyed without a despawn; forgetting them
[nebula] 0 entity object(s) were destroyed without a despawn; forgetting them
[nebula] 0 entity object(s) were destroyed without a despawn; forgetting them
[nebula] 0 entity object(s) were destroyed without a despawn; forgetting them
[nebula] 0 entity object(s) were destroyed without a despawn; forgetting them
[nebula] 0 entity object(s) were destroyed without a despawn; forgetting them
[nebula] 0 entity object(s) were destroyed without a despawn; forgetting them
[nebula] 0 entity object(s) were destroyed without a despawn; forgetting them
[nebula] 0 entity object(s) were destroyed without a despawn; forgetting them
[nebula] 0 entity object(s) were destroyed without a despawn; forgetting them
[nebula] 0 entity object(s) were destroyed without a despawn; forgetting them
[nebula] 0 entity object(s) were destroyed without a despawn; forgetting them
[nebula] 0 entity object(s) were destroyed without a despawn; forgetting them
[nebula] 0 entity object(s) were destroyed without a despawn; forgetting them
[nebula] 0 entity object(s) were destroyed without a despawn; forgetting them
[nebula] 0 entity object(s) were destroyed without a despawn; forgetting them
[nebula] 0 entity object(s) were destroyed without a despawn; forgetting them
[nebula] 0 entity object(s) were destroyed without a despawn; forgetting them
[nebula] 0 entity object(s) were destroyed without a despawn; forgetting them
[nebula] 0 entity object(s) were destroyed without a despawn; forgetting them
[nebula] 0 entity object(s) were destroyed without a despawn; forgetting them
[nebula] 0 entity object(s) were destroyed without a despawn; forgetting them
[nebula] 0 entity object(s) were destroyed without a despawn; forgetting them
[nebula] 0 entity object(s) were destroyed without a despawn; forgetting them
[nebula] 0 entity object(s) were destroyed without a despawn; forgetting them
[nebula] 0 entity object(s) were destroyed without a despawn; forgetting them
[nebula] 0 entity object(s) were destroyed without a despawn; forgetting them
[nebula] 0 entity object(s) were destroyed without a despawn; forgetting them
[nebula] 0 entity object(s) were destroyed without a despawn; forgetting them
[nebula] 0 entity object(s) were destroyed without a despawn; forgetting them
[nebula] 0 entity object(s) were destroyed without a despawn; forgetting them
[nebula] 0 entity object(s) were destroyed without a despawn; forgetting them
[nebula] 0 entity object(s) were destroyed without a despawn; forgetting them
[nebula] 0 entity object(s) were destroyed without a despawn; forgetting them
[nebula] 0 entity object(s) were destroyed without a despawn; forgetting them
[nebula] 0 entity object(s) were destroyed without a despawn; forgetting them
[nebula] 0 entity object(s) were destroyed without a despawn; forgetting them
[nebula] 0 entity object(s) were destroyed without a despawn; forgetting them
[nebula] 0 entity object(s) were destroyed without a despawn; forgetting them
[nebula] 0 entity object(s) were destroyed without a despawn; forgetting them
[nebula] 0 entity object(s) were destroyed without a despawn; forgetting them
[nebula] 0 entity object(s) were destroyed without a despawn; forgetting them
[nebula] 0 entity object(s) were destroyed without a despawn; forgetting them
[nebula] 0 entity object(s) were destroyed without a despawn; forgetting them
[nebula] 0 entity object(s) were destroyed without a despawn; forgetting them
[nebula] 0 entity object(s) were destroyed without a despawn; forgetting them
[nebula] 0 entity object(s) were destroyed without a despawn; forgetting them
[nebula] 0 entity object(s) were destroyed without a despawn; forgetting them
[nebula] 0 entity object(s) were destroyed without a despawn; forgetting them
[nebula] 0 entity object(s) were destroyed without a despawn; forgetting them
[nebula] 0 entity object(s) were destroyed without a despawn; forgetting them
[nebula] 0 entity object(s) were destroyed without a despawn; forgetting them
[nebula] 0 entity object(s) were destroyed without a despawn; forgetting them
[nebula] 0 entity object(s) were destroyed without a despawn; forgetting them
[nebula] 0 entity object(s) were destroyed without a despawn; forgetting them
[nebula] 0 entity object(s) were destroyed without a despawn; forgetting them
[nebula] 0 entity object(s) were destroyed without a despawn; forgetting them
[nebula] 0 entity object(s) were destroyed without a despawn; forgetting them
[nebula] 0 entity object(s) were destroyed without a despawn; forgetting them
[nebula] 0 entity object(s) were destroyed without a despawn; forgetting them
[nebula] 0 entity object(s) were destroyed without a despawn; forgetting them
[nebula] 0 entity object(s) were destroyed without a despawn; forgetting them
[nebula] 0 entity object(s) were destroyed without a despawn; forgetting them
[nebula] 0 entity object(s) were destroyed without a despawn; forgetting them
[nebula] 0 entity object(s) were destroyed without a despawn; forgetting them
[nebula] 0 entity object(s) were destroyed without a despawn; forgetting them
[nebula] 0 entity object(s) were destroyed without a despawn; forgetting them
[nebula] 0 entity object(s) were destroyed without a despawn; forgetting them
[nebula] 0 entity object(s) were destroyed without a despawn; forgetting them
[nebula] 0 entity object(s) were destroyed without a despawn; forgetting them
[nebula] 0 entity object(s) were destroyed without a despawn; forgetting them
[nebula] 0 entity object(s) were destroyed without a despawn; forgetting them
[nebula] 0 entity object(s) were destroyed without a despawn; forgetting them
[nebula] 0 entity object(s) were destroyed without a despawn; forgetting them
[nebula] 0 entity object(s) were destroyed without a despawn; forgetting them
[nebula] 0 entity object(s) were destroyed without a despawn; forgetting them
[nebula] 0 entity object(s) were destroyed without a despawn; forgetting them
[nebula] 0 entity object(s) were destroyed without a despawn; forgetting them
[nebula] 0 entity object(s) were destroyed without a despawn; forgetting them
[nebula] 0 entity object(s) were destroyed without a despawn; forgetting them
[nebula] 0 entity object(s) were destroyed without a despawn; forgetting them
[nebula] 0 entity object(s) were destroyed without a despawn; forgetting them
[nebula] 0 entity object(s) were destroyed without a despawn; forgetting them
[nebula] 0 entity object(s) were destroyed without a despawn; forgetting them
[nebula] 0 entity object(s) were destroyed without a despawn; forgetting them
[nebula] 0 entity object(s) were destroyed without a despawn; forgetting them
[nebula] 0 entity object(s) were destroyed without a despawn; forgetting them
[nebula] 0 entity object(s) were destroyed without a despawn; forgetting them
[nebula] 0 entity object(s) were destroyed without a despawn; forgetting them
[nebula] 0 entity object(s) were destroyed without a despawn; forgetting them
[nebula] 0 entity object(s) were destroyed without a despawn; forgetting them
[nebula] 0 entity object(s) were destroyed without a despawn; forgetting them
[nebula] 0 entity object(s) were destroyed without a despawn; forgetting them
[nebula] 0 entity object(s) were destroyed without a despawn; forgetting them
[nebula] 0 entity object(s) were destroyed without a despawn; forgetting them
[nebula] 0 entity object(s) were destroyed without a despawn; forgetting them
[nebula] 0 entity object(s) were destroyed without a despawn; forgetting them
[nebula] 0 entity object(s) were destroyed without a despawn; forgetting them
[nebula] 0 entity object(s) were destroyed without a despawn; forgetting them
[nebula] 0 entity object(s) were destroyed without a despawn; forgetting them
[nebula] 0 entity object(s) were destroyed without a despawn; forgetting them
[nebula] 0 entity object(s) were destroyed without a despawn; forgetting them
[nebula] 0 entity object(s) were destroyed without a despawn; forgetting them
[nebula] 0 entity object(s) were destroyed without a despawn; forgetting them
[nebula] 0 entity object(s) were destroyed without a despawn; forgetting them
[nebula] 0 entity object(s) were destroyed without a despawn; forgetting them
[nebula] 0 entity object(s) were destroyed without a despawn; forgetting them
[nebula] profile 300 ticks/5s 300 frames avg 0.8ms max 1.2ms dup 0 skip 0 gc 38 auth 29 ghosts 0 | poll=0.00 ghosts=0.00 physics.sync=0.00 simulate=0.01 poses=0.04 containers=0.56 band=0.02 publish=0.01 gap=15.89 interest=0.01
[nebula] 0 entity object(s) were destroyed without a despawn; forgetting them
[nebula] 0 entity object(s) were destroyed without a despawn; forgetting them
[nebula] 0 entity object(s) were destroyed without a despawn; forgetting them
[nebula] 0 entity object(s) were destroyed without a despawn; forgetting them
[nebula] 0 entity object(s) were destroyed without a despawn; forgetting them
[nebula] 0 entity object(s) were destroyed without a despawn; forgetting them
[nebula] 0 entity object(s) were destroyed without a despawn; forgetting them
[nebula] 0 entity object(s) were destroyed without a despawn; forgetting them
[nebula] 0 entity object(s) were destroyed without a despawn; forgetting them
[nebula] 0 entity object(s) were destroyed without a despawn; forgetting them
[nebula] 0 entity object(s) were destroyed without a despawn; forgetting them
[nebula] 0 entity object(s) were destroyed without a despawn; forgetting them
[nebula] 0 entity object(s) were destroyed without a despawn; forgetting them
[nebula] 0 entity object(s) were destroyed without a despawn; forgetting them
[nebula] 0 entity object(s) were destroyed without a despawn; forgetting them
[nebula] 0 entity object(s) were destroyed without a despawn; forgetting them
[nebula] 0 entity object(s) were destroyed without a despawn; forgetting them
[nebula] 0 entity object(s) were destroyed without a despawn; forgetting them
[nebula] 0 entity object(s) were destroyed without a despawn; forgetting them
[nebula] 0 entity object(s) were destroyed without a despawn; forgetting them
[nebula] 0 entity object(s) were destroyed without a despawn; forgetting them
[nebula] 0 entity object(s) were destroyed without a despawn; forgetting them
[nebula] 0 entity object(s) were destroyed without a despawn; forgetting them
[nebula] 0 entity object(s) were destroyed without a despawn; forgetting them
[nebula] 0 entity object(s) were destroyed without a despawn; forgetting them
[nebula] 0 entity object(s) were destroyed without a despawn; forgetting them
[nebula] 0 entity object(s) were destroyed without a despawn; forgetting them
[nebula] 0 entity object(s) were destroyed without a despawn; forgetting them
[nebula] 0 entity object(s) were destroyed without a despawn; forgetting them
[nebula] 0 entity object(s) were destroyed without a despawn; forgetting them
[nebula] 0 entity object(s) were destroyed without a despawn; forgetting them
[nebula] 0 entity object(s) were destroyed without a despawn; forgetting them
[nebula] 0 entity object(s) were destroyed without a despawn; forgetting them
[nebula] 0 entity object(s) were destroyed without a despawn; forgetting them
[nebula] 0 entity object(s) were destroyed without a despawn; forgetting them
[nebula] 0 entity object(s) were destroyed without a despawn; forgetting them
[nebula] 0 entity object(s) were destroyed without a despawn; forgetting them
[nebula] 0 entity object(s) were destroyed without a despawn; forgetting them
[nebula] 0 entity object(s) were destroyed without a despawn; forgetting them
[nebula] 0 entity object(s) were destroyed without a despawn; forgetting them
[nebula] 0 entity object(s) were destroyed without a despawn; forgetting them
[nebula] 0 entity object(s) were destroyed without a despawn; forgetting them
[nebula] 0 entity object(s) were destroyed without a despawn; forgetting them
[nebula] 0 entity object(s) were destroyed without a despawn; forgetting them
[nebula] 0 entity object(s) were destroyed without a despawn; forgetting them
[nebula] 0 entity object(s) were destroyed without a despawn; forgetting them
[nebula] 0 entity object(s) were destroyed without a despawn; forgetting them
[nebula] 0 entity object(s) were destroyed without a despawn; forgetting them
[nebula] 0 entity object(s) were destroyed without a despawn; forgetting them
[nebula] 0 entity object(s) were destroyed without a despawn; forgetting them
[nebula] 0 entity object(s) were destroyed without a despawn; forgetting them
[nebula] 0 entity object(s) were destroyed without a despawn; forgetting them
[nebula] 0 entity object(s) were destroyed without a despawn; forgetting them
[nebula] 0 entity object(s) were destroyed without a despawn; forgetting them
[nebula] 0 entity object(s) were destroyed without a despawn; forgetting them
[nebula] 0 entity object(s) were destroyed without a despawn; forgetting them
[nebula] 0 entity object(s) were destroyed without a despawn; forgetting them
[nebula] 0 entity object(s) were destroyed without a despawn; forgetting them
[nebula] 0 entity object(s) were destroyed without a despawn; forgetting them
[nebula] 0 entity object(s) were destroyed without a despawn; forgetting them
[nebula] 0 entity object(s) were destroyed without a despawn; forgetting them
[nebula] 0 entity object(s) were destroyed without a despawn; forgetting them
[nebula] 0 entity object(s) were destroyed without a despawn; forgetting them
[nebula] 0 entity object(s) were destroyed without a despawn; forgetting them
[nebula] 0 entity object(s) were destroyed without a despawn; forgetting them
[nebula] 0 entity object(s) were destroyed without a despawn; forgetting them
[nebula] 0 entity object(s) were destroyed without a despawn; forgetting them
[nebula] 0 entity object(s) were destroyed without a despawn; forgetting them
[nebula] 0 entity object(s) were destroyed without a despawn; forgetting them
[nebula] 0 entity object(s) were destroyed without a despawn; forgetting them
[nebula] 0 entity object(s) were destroyed without a despawn; forgetting them
[nebula] 0 entity object(s) were destroyed without a despawn; forgetting them
[nebula] 0 entity object(s) were destroyed without a despawn; forgetting them
[nebula] 0 entity object(s) were destroyed without a despawn; forgetting them
[nebula] 0 entity object(s) were destroyed without a despawn; forgetting them
[nebula] 0 entity object(s) were destroyed without a despawn; forgetting them
[nebula] 0 entity object(s) were destroyed without a despawn; forgetting them
[nebula] 0 entity object(s) were destroyed without a despawn; forgetting them
[nebula] 0 entity object(s) were destroyed without a despawn; forgetting them
[nebula] 0 entity object(s) were destroyed without a despawn; forgetting them
[nebula] 0 entity object(s) were destroyed without a despawn; forgetting them
[nebula] 0 entity object(s) were destroyed without a despawn; forgetting them
[nebula] 0 entity object(s) were destroyed without a despawn; forgetting them
[nebula] 0 entity object(s) were destroyed without a despawn; forgetting them
[nebula] 0 entity object(s) were destroyed without a despawn; forgetting them
[nebula] 0 entity object(s) were destroyed without a despawn; forgetting them
[nebula] 0 entity object(s) were destroyed without a despawn; forgetting them
[nebula] 0 entity object(s) were destroyed without a despawn; forgetting them
[nebula] 0 entity object(s) were destroyed without a despawn; forgetting them
[nebula] 0 entity object(s) were destroyed without a despawn; forgetting them
[nebula] 0 entity object(s) were destroyed without a despawn; forgetting them
[nebula] 0 entity object(s) were destroyed without a despawn; forgetting them
[nebula] 0 entity object(s) were destroyed without a despawn; forgetting them
[nebula] 0 entity object(s) were destroyed without a despawn; forgetting them
[nebula] 0 entity object(s) were destroyed without a despawn; forgetting them
[nebula] 0 entity object(s) were destroyed without a despawn; forgetting them
[nebula] 0 entity object(s) were destroyed without a despawn; forgetting them
[nebula] 0 entity object(s) were destroyed without a despawn; forgetting them
[nebula] 0 entity object(s) were destroyed without a despawn; forgetting them
[nebula] 0 entity object(s) were destroyed without a despawn; forgetting them
[nebula] 0 entity object(s) were destroyed without a despawn; forgetting them
[nebula] 0 entity object(s) were destroyed without a despawn; forgetting them
[nebula] 0 entity object(s) were destroyed without a despawn; forgetting them
[nebula] 0 entity object(s) were destroyed without a despawn; forgetting them
[nebula] 0 entity object(s) were destroyed without a despawn; forgetting them
[nebula] 0 entity object(s) were destroyed without a despawn; forgetting them
[nebula] 0 entity object(s) were destroyed without a despawn; forgetting them
[nebula] 0 entity object(s) were destroyed without a despawn; forgetting them
[nebula] 0 entity object(s) were destroyed without a despawn; forgetting them
[nebula] 0 entity object(s) were destroyed without a despawn; forgetting them
[nebula] 0 entity object(s) were destroyed without a despawn; forgetting them
[nebula] 0 entity object(s) were destroyed without a despawn; forgetting them
[nebula] 0 entity object(s) were destroyed without a despawn; forgetting them
[nebula] 0 entity object(s) were destroyed without a despawn; forgetting them
[nebula] 0 entity object(s) were destroyed without a despawn; forgetting them
[nebula] 0 entity object(s) were destroyed without a despawn; forgetting them
[nebula] 0 entity object(s) were destroyed without a despawn; forgetting them
[nebula] 0 entity object(s) were destroyed without a despawn; forgetting them
[nebula] 0 entity object(s) were destroyed without a despawn; forgetting them
[nebula] 0 entity object(s) were destroyed without a despawn; forgetting them
[nebula] 0 entity object(s) were destroyed without a despawn; forgetting them
[nebula] 0 entity object(s) were destroyed without a despawn; forgetting them
[nebula] 0 entity object(s) were destroyed without a despawn; forgetting them
[nebula] 0 entity object(s) were destroyed without a despawn; forgetting them
[nebula] 0 entity object(s) were destroyed without a despawn; forgetting them
[nebula] 0 entity object(s) were destroyed without a despawn; forgetting them
[nebula] 0 entity object(s) were destroyed without a despawn; forgetting them
[nebula] 0 entity object(s) were destroyed without a despawn; forgetting them
[nebula] 0 entity object(s) were destroyed without a despawn; forgetting them
[nebula] 0 entity object(s) were destroyed without a despawn; forgetting them
[nebula] 0 entity object(s) were destroyed without a despawn; forgetting them
[nebula] 0 entity object(s) were destroyed without a despawn; forgetting them
[nebula] 0 entity object(s) were destroyed without a despawn; forgetting them
[nebula] 0 entity object(s) were destroyed without a despawn; forgetting them
[nebula] 0 entity object(s) were destroyed without a despawn; forgetting them
[nebula] 0 entity object(s) were destroyed without a despawn; forgetting them
[nebula] 0 entity object(s) were destroyed without a despawn; forgetting them
[nebula] 0 entity object(s) were destroyed without a despawn; forgetting them
[nebula] 0 entity object(s) were destroyed without a despawn; forgetting them
[nebula] 0 entity object(s) were destroyed without a despawn; forgetting them
[nebula] 0 entity object(s) were destroyed without a despawn; forgetting them
[nebula] 0 entity object(s) were destroyed without a despawn; forgetting them
[nebula] 0 entity object(s) were destroyed without a despawn; forgetting them
[nebula] 0 entity object(s) were destroyed without a despawn; forgetting them
[nebula] 0 entity object(s) were destroyed without a despawn; forgetting them
[nebula] 0 entity object(s) were destroyed without a despawn; forgetting them
[nebula] 0 entity object(s) were destroyed without a despawn; forgetting them
[nebula] 0 entity object(s) were destroyed without a despawn; forgetting them
[nebula] 0 entity object(s) were destroyed without a despawn; forgetting them
[nebula] 0 entity object(s) were destroyed without a despawn; forgetting them
[nebula] 0 entity object(s) were destroyed without a despawn; forgetting them
[nebula] 0 entity object(s) were destroyed without a despawn; forgetting them
[nebula] 0 entity object(s) were destroyed without a despawn; forgetting them
[nebula] 0 entity object(s) were destroyed without a despawn; forgetting them
[nebula] 0 entity object(s) were destroyed without a despawn; forgetting them
[nebula] 0 entity object(s) were destroyed without a despawn; forgetting them
[nebula] 0 entity object(s) were destroyed without a despawn; forgetting them
[nebula] 0 entity object(s) were destroyed without a despawn; forgetting them
[nebula] 0 entity object(s) were destroyed without a despawn; forgetting them
[nebula] 0 entity object(s) were destroyed without a despawn; forgetting them
[nebula] 0 entity object(s) were destroyed without a despawn; forgetting them
[nebula] 0 entity object(s) were destroyed without a despawn; forgetting them
[nebula] 0 entity object(s) were destroyed without a despawn; forgetting them
[nebula] 0 entity object(s) were destroyed without a despawn; forgetting them
[nebula] 0 entity object(s) were destroyed without a despawn; forgetting them
[nebula] 0 entity object(s) were destroyed without a despawn; forgetting them
[nebula] 0 entity object(s) were destroyed without a despawn; forgetting them
[nebula] 0 entity object(s) were destroyed without a despawn; forgetting them
[nebula] 0 entity object(s) were destroyed without a despawn; forgetting them
[nebula] 0 entity object(s) were destroyed without a despawn; forgetting them
[nebula] 0 entity object(s) were destroyed without a despawn; forgetting them
[nebula] 0 entity object(s) were destroyed without a despawn; forgetting them
[nebula] 0 entity object(s) were destroyed without a despawn; forgetting them
[nebula] 0 entity object(s) were destroyed without a despawn; forgetting them
[nebula] 0 entity object(s) were destroyed without a despawn; forgetting them
[nebula] 0 entity object(s) were destroyed without a despawn; forgetting them
[nebula] 0 entity object(s) were destroyed without a despawn; forgetting them
[nebula] 0 entity object(s) were destroyed without a despawn; forgetting them
[nebula] 0 entity object(s) were destroyed without a despawn; forgetting them
[nebula] 0 entity object(s) were destroyed without a despawn; forgetting them
[nebula] 0 entity object(s) were destroyed without a despawn; forgetting them
[nebula] 0 entity object(s) were destroyed without a despawn; forgetting them
[nebula] 0 entity object(s) were destroyed without a despawn; forgetting them
[nebula] 0 entity object(s) were destroyed without a despawn; forgetting them
[nebula] 0 entity object(s) were destroyed without a despawn; forgetting them
[nebula] 0 entity object(s) were destroyed without a despawn; forgetting them
[nebula] 0 entity object(s) were destroyed without a despawn; forgetting them
[nebula] 0 entity object(s) were destroyed without a despawn; forgetting them
[nebula] 0 entity object(s) were destroyed without a despawn; forgetting them
[nebula] 0 entity object(s) were destroyed without a despawn; forgetting them
[nebula] 0 entity object(s) were destroyed without a despawn; forgetting them
[nebula] 0 entity object(s) were destroyed without a despawn; forgetting them
[nebula] 0 entity object(s) were destroyed without a despawn; forgetting them
[nebula] 0 entity object(s) were destroyed without a despawn; forgetting them
[nebula] 0 entity object(s) were destroyed without a despawn; forgetting them
[nebula] 0 entity object(s) were destroyed without a despawn; forgetting them
[nebula] 0 entity object(s) were destroyed without a despawn; forgetting them
[nebula] 0 entity object(s) were destroyed without a despawn; forgetting them
[nebula] 0 entity object(s) were destroyed without a despawn; forgetting them
[nebula] 0 entity object(s) were destroyed without a despawn; forgetting them
[nebula] 0 entity object(s) were destroyed without a despawn; forgetting them
[nebula] 0 entity object(s) were destroyed without a despawn; forgetting them
[nebula] 0 entity object(s) were destroyed without a despawn; forgetting them
[nebula] 0 entity object(s) were destroyed without a despawn; forgetting them
[nebula] 0 entity object(s) were destroyed without a despawn; forgetting them
[nebula] 0 entity object(s) were destroyed without a despawn; forgetting them
[nebula] 0 entity object(s) were destroyed without a despawn; forgetting them
[nebula] 0 entity object(s) were destroyed without a despawn; forgetting them
[nebula] 0 entity object(s) were destroyed without a despawn; forgetting them
[nebula] 0 entity object(s) were destroyed without a despawn; forgetting them
[nebula] 0 entity object(s) were destroyed without a despawn; forgetting them
[nebula] 0 entity object(s) were destroyed without a despawn; forgetting them
[nebula] 0 entity object(s) were destroyed without a despawn; forgetting them
[nebula] 0 entity object(s) were destroyed without a despawn; forgetting them
[nebula] 0 entity object(s) were destroyed without a despawn; forgetting them
[nebula] 0 entity object(s) were destroyed without a despawn; forgetting them
[nebula] 0 entity object(s) were destroyed without a despawn; forgetting them
[nebula] 0 entity object(s) were destroyed without a despawn; forgetting them
[nebula] 0 entity object(s) were destroyed without a despawn; forgetting them
[nebula] 0 entity object(s) were destroyed without a despawn; forgetting them
[nebula] 0 entity object(s) were destroyed without a despawn; forgetting them
[nebula] 0 entity object(s) were destroyed without a despawn; forgetting them
[nebula] 0 entity object(s) were destroyed without a despawn; forgetting them
[nebula] 0 entity object(s) were destroyed without a despawn; forgetting them
[nebula] 0 entity object(s) were destroyed without a despawn; forgetting them
[nebula] 0 entity object(s) were destroyed without a despawn; forgetting them
[nebula] 0 entity object(s) were destroyed without a despawn; forgetting them
[nebula] 0 entity object(s) were destroyed without a despawn; forgetting them
[nebula] 0 entity object(s) were destroyed without a despawn; forgetting them
[nebula] 0 entity object(s) were destroyed without a despawn; forgetting them
[nebula] 0 entity object(s) were destroyed without a despawn; forgetting them
[nebula] 0 entity object(s) were destroyed without a despawn; forgetting them
[nebula] 0 entity object(s) were destroyed without a despawn; forgetting them
[nebula] 0 entity object(s) were destroyed without a despawn; forgetting them
[nebula] 0 entity object(s) were destroyed without a despawn; forgetting them
[nebula] 0 entity object(s) were destroyed without a despawn; forgetting them
[nebula] 0 entity object(s) were destroyed without a despawn; forgetting them
[nebula] 0 entity object(s) were destroyed without a despawn; forgetting them
[nebula] 0 entity object(s) were destroyed without a despawn; forgetting them
[nebula] 0 entity object(s) were destroyed without a despawn; forgetting them
[nebula] 0 entity object(s) were destroyed without a despawn; forgetting them
[nebula] 0 entity object(s) were destroyed without a despawn; forgetting them
[nebula] 0 entity object(s) were destroyed without a despawn; forgetting them
[nebula] 0 entity object(s) were destroyed without a despawn; forgetting them
[nebula] 0 entity object(s) were destroyed without a despawn; forgetting them
[nebula] 0 entity object(s) were destroyed without a despawn; forgetting them
[nebula] 0 entity object(s) were destroyed without a despawn; forgetting them
[nebula] 0 entity object(s) were destroyed without a despawn; forgetting them
[nebula] 0 entity object(s) were destroyed without a despawn; forgetting them
[nebula] 0 entity object(s) were destroyed without a despawn; forgetting them
[nebula] 0 entity object(s) were destroyed without a despawn; forgetting them
[nebula] 0 entity object(s) were destroyed without a despawn; forgetting them
[nebula] 0 entity object(s) were destroyed without a despawn; forgetting them
[nebula] 0 entity object(s) were destroyed without a despawn; forgetting them
[nebula] 0 entity object(s) were destroyed without a despawn; forgetting them
[nebula] 0 entity object(s) were destroyed without a despawn; forgetting them
[nebula] 0 entity object(s) were destroyed without a despawn; forgetting them
[nebula] 0 entity object(s) were destroyed without a despawn; forgetting them
[nebula] 0 entity object(s) were destroyed without a despawn; forgetting them
[nebula] 0 entity object(s) were destroyed without a despawn; forgetting them
[nebula] 0 entity object(s) were destroyed without a despawn; forgetting them
[nebula] 0 entity object(s) were destroyed without a despawn; forgetting them
[nebula] 0 entity object(s) were destroyed without a despawn; forgetting them
[nebula] 0 entity object(s) were destroyed without a despawn; forgetting them
[nebula] 0 entity object(s) were destroyed without a despawn; forgetting them
[nebula] 0 entity object(s) were destroyed without a despawn; forgetting them
[nebula] 0 entity object(s) were destroyed without a despawn; forgetting them
[nebula] 0 entity object(s) were destroyed without a despawn; forgetting them
[nebula] 0 entity object(s) were destroyed without a despawn; forgetting them
[nebula] 0 entity object(s) were destroyed without a despawn; forgetting them
[nebula] 0 entity object(s) were destroyed without a despawn; forgetting them
[nebula] 0 entity object(s) were destroyed without a despawn; forgetting them
[nebula] 0 entity object(s) were destroyed without a despawn; forgetting them
[nebula] 0 entity object(s) were destroyed without a despawn; forgetting them
[nebula] 0 entity object(s) were destroyed without a despawn; forgetting them
[nebula] 0 entity object(s) were destroyed without a despawn; forgetting them
[nebula] 0 entity object(s) were destroyed without a despawn; forgetting them
[nebula] 0 entity object(s) were destroyed without a despawn; forgetting them
[nebula] 0 entity object(s) were destroyed without a despawn; forgetting them
[nebula] 0 entity object(s) were destroyed without a despawn; forgetting them
[nebula] 0 entity object(s) were destroyed without a despawn; forgetting them
[nebula] 0 entity object(s) were destroyed without a despawn; forgetting them
[nebula] 0 entity object(s) were destroyed without a despawn; forgetting them
[nebula] 0 entity object(s) were destroyed without a despawn; forgetting them
[nebula] 0 entity object(s) were destroyed without a despawn; forgetting them
[nebula] 0 entity object(s) were destroyed without a despawn; forgetting them
[nebula] 0 entity object(s) were destroyed without a despawn; forgetting them
[nebula] 0 entity object(s) were destroyed without a despawn; forgetting them
[nebula] 0 entity object(s) were destroyed without a despawn; forgetting them
[nebula] 0 entity object(s) were destroyed without a despawn; forgetting them
[nebula] 0 entity object(s) were destroyed without a despawn; forgetting them
[nebula] 0 entity object(s) were destroyed without a despawn; forgetting them
[nebula] 0 entity object(s) were destroyed without a despawn; forgetting them
[nebula] 0 entity object(s) were destroyed without a despawn; forgetting them
[nebula] 0 entity object(s) were destroyed without a despawn; forgetting them
[nebula] 0 entity object(s) were destroyed without a despawn; forgetting them
[nebula] 0 entity object(s) were destroyed without a despawn; forgetting them
[nebula] 0 entity object(s) were destroyed without a despawn; forgetting them
[nebula] 0 entity object(s) were destroyed without a despawn; forgetting them
[nebula] origin shifted to cell (5, 0, 2) (delta (-320.00, 0.00, -128.00))
[nebula] 0 entity object(s) were destroyed without a despawn; forgetting them
[nebula] profile 300 ticks/5s 300 frames avg 0.7ms max 1.3ms dup 0 skip 0 gc 56 auth 22 ghosts 0 | poll=0.00 ghosts=0.00 physics.sync=0.00 simulate=0.01 poses=0.04 containers=0.52 band=0.02 publish=0.01 gap=15.94 interest=0.01
[nebula] 0 entity object(s) were destroyed without a despawn; forgetting them
[nebula] ghost Prop(Clone)#1125899906842655(e2,rt_35184372088835,auth) -> w4
[nebula] handover IN  Prop(Clone)#1125899906842655(e2,rt_35184372088835,auth) <- w4 (epoch 2, tick 1365047837)
[nebula] ghost Prop(Clone)#1125899906842656(e2,rt_35184372088835,auth) -> w4
[nebula] handover IN  Prop(Clone)#1125899906842656(e2,rt_35184372088835,auth) <- w4 (epoch 2, tick 1365047837)
[nebula] ghost Prop(Clone)#1125899906842657(e2,rt_35184372088835,auth) -> w4
[nebula] handover IN  Prop(Clone)#1125899906842657(e2,rt_35184372088835,auth) <- w4 (epoch 2, tick 1365047837)
[nebula] ghost Prop(Clone)#1125899906842658(e2,rt_35184372088835,auth) -> w4
[nebula] handover IN  Prop(Clone)#1125899906842658(e2,rt_35184372088835,auth) <- w4 (epoch 2, tick 1365047837)
[nebula] ghost Prop(Clone)#1125899906842659(e2,rt_39582418599939,auth) -> w4
[nebula] handover IN  Prop(Clone)#1125899906842659(e2,rt_39582418599939,auth) <- w4 (epoch 2, tick 1365047837)
[nebula] ghost Prop(Clone)#1125899906842660(e2,rt_39582418599939,auth) -> w4
[nebula] handover IN  Prop(Clone)#1125899906842660(e2,rt_39582418599939,auth) <- w4 (epoch 2, tick 1365047837)
[nebula] ghost Prop(Clone)#1125899906842661(e2,rt_39582418599939,auth) -> w4
[nebula] handover IN  Prop(Clone)#1125899906842661(e2,rt_39582418599939,auth) <- w4 (epoch 2, tick 1365047837)
[nebula] ghost Prop(Clone)#1125899906842662(e2,rt_43980465111043,auth) -> w4
[nebula] handover IN  Prop(Clone)#1125899906842662(e2,rt_43980465111043,auth) <- w4 (epoch 2, tick 1365047837)
[nebula] ghost Prop(Clone)#1125899906842663(e2,rt_43980465111043,auth) -> w4
[nebula] handover IN  Prop(Clone)#1125899906842663(e2,rt_43980465111043,auth) <- w4 (epoch 2, tick 1365047837)
[nebula] ghost Prop(Clone)#1125899906842664(e2,rt_43980465111043,auth) -> w4
[nebula] handover IN  Prop(Clone)#1125899906842664(e2,rt_43980465111043,auth) <- w4 (epoch 2, tick 1365047837)
[nebula] ghost Prop(Clone)#1125899906842665(e2,rt_43980465111043,auth) -> w4
[nebula] handover IN  Prop(Clone)#1125899906842665(e2,rt_43980465111043,auth) <- w4 (epoch 2, tick 1365047837)
[nebula] 0 entity object(s) were destroyed without a despawn; forgetting them
[nebula] 0 entity object(s) were destroyed without a despawn; forgetting them
[nebula] 0 entity object(s) were destroyed without a despawn; forgetting them
[nebula] 0 entity object(s) were destroyed without a despawn; forgetting them
[nebula] 0 entity object(s) were destroyed without a despawn; forgetting them
[nebula] 0 entity object(s) were destroyed without a despawn; forgetting them
[nebula] 0 entity object(s) were destroyed without a despawn; forgetting them
[nebula] 0 entity object(s) were destroyed without a despawn; forgetting them
[nebula] 0 entity object(s) were destroyed without a despawn; forgetting them
[nebula] 0 entity object(s) were destroyed without a despawn; forgetting them
[nebula] 0 entity object(s) were destroyed without a despawn; forgetting them
[nebula] 0 entity object(s) were destroyed without a despawn; forgetting them
[nebula] 0 entity object(s) were destroyed without a despawn; forgetting them
[nebula] 0 entity object(s) were destroyed without a despawn; forgetting them
[nebula] 0 entity object(s) were destroyed without a despawn; forgetting them
[nebula] 0 entity object(s) were destroyed without a despawn; forgetting them
[nebula] 0 entity object(s) were destroyed without a despawn; forgetting them
[nebula] 0 entity object(s) were destroyed without a despawn; forgetting them
[nebula] 0 entity object(s) were destroyed without a despawn; forgetting them
[nebula] 0 entity object(s) were destroyed without a despawn; forgetting them
[nebula] 0 entity object(s) were destroyed without a despawn; forgetting them
[nebula] 0 entity object(s) were destroyed without a despawn; forgetting them
[nebula] 0 entity object(s) were destroyed without a despawn; forgetting them
[nebula] 0 entity object(s) were destroyed without a despawn; forgetting them
[nebula] 0 entity object(s) were destroyed without a despawn; forgetting them
[nebula] 0 entity object(s) were destroyed without a despawn; forgetting them
[nebula] 0 entity object(s) were destroyed without a despawn; forgetting them
[nebula] 0 entity object(s) were destroyed without a despawn; forgetting them
[nebula] 0 entity object(s) were destroyed without a despawn; forgetting them
[nebula] 0 entity object(s) were destroyed without a despawn; forgetting them
[nebula] 0 entity object(s) were destroyed without a despawn; forgetting them
[nebula] 0 entity object(s) were destroyed without a despawn; forgetting them
[nebula] 0 entity object(s) were destroyed without a despawn; forgetting them
[nebula] 0 entity object(s) were destroyed without a despawn; forgetting them
[nebula] 0 entity object(s) were destroyed without a despawn; forgetting them
[nebula] 0 entity object(s) were destroyed without a despawn; forgetting them
[nebula] 0 entity object(s) were destroyed without a despawn; forgetting them
[nebula] 0 entity object(s) were destroyed without a despawn; forgetting them
[nebula] 0 entity object(s) were destroyed without a despawn; forgetting them
[nebula] 0 entity object(s) were destroyed without a despawn; forgetting them
[nebula] 0 entity object(s) were destroyed without a despawn; forgetting them
[nebula] 0 entity object(s) were destroyed without a despawn; forgetting them
[nebula] 0 entity object(s) were destroyed without a despawn; forgetting them
[nebula] 0 entity object(s) were destroyed without a despawn; forgetting them
[nebula] 0 entity object(s) were destroyed without a despawn; forgetting them
[nebula] 0 entity object(s) were destroyed without a despawn; forgetting them
[nebula] 0 entity object(s) were destroyed without a despawn; forgetting them
[nebula] 0 entity object(s) were destroyed without a despawn; forgetting them
[nebula] 0 entity object(s) were destroyed without a despawn; forgetting them
[nebula] 0 entity object(s) were destroyed without a despawn; forgetting them
[nebula] 0 entity object(s) were destroyed without a despawn; forgetting them
[nebula] 0 entity object(s) were destroyed without a despawn; forgetting them
[nebula] 0 entity object(s) were destroyed without a despawn; forgetting them
[nebula] 0 entity object(s) were destroyed without a despawn; forgetting them
[nebula] 0 entity object(s) were destroyed without a despawn; forgetting them
[nebula] 0 entity object(s) were destroyed without a despawn; forgetting them
[nebula] 0 entity object(s) were destroyed without a despawn; forgetting them
[nebula] 0 entity object(s) were destroyed without a despawn; forgetting them
[nebula] 0 entity object(s) were destroyed without a despawn; forgetting them
[nebula] 0 entity object(s) were destroyed without a despawn; forgetting them
[nebula] 0 entity object(s) were destroyed without a despawn; forgetting them
[nebula] 0 entity object(s) were destroyed without a despawn; forgetting them
[nebula] 0 entity object(s) were destroyed without a despawn; forgetting them
[nebula] 0 entity object(s) were destroyed without a despawn; forgetting them
[nebula] 0 entity object(s) were destroyed without a despawn; forgetting them
[nebula] 0 entity object(s) were destroyed without a despawn; forgetting them
[nebula] 0 entity object(s) were destroyed without a despawn; forgetting them
[nebula] 0 entity object(s) were destroyed without a despawn; forgetting them
[nebula] 0 entity object(s) were destroyed without a despawn; forgetting them
[nebula] 0 entity object(s) were destroyed without a despawn; forgetting them
[nebula] 0 entity object(s) were destroyed without a despawn; forgetting them
[nebula] 0 entity object(s) were destroyed without a despawn; forgetting them
[nebula] 0 entity object(s) were destroyed without a despawn; forgetting them
[nebula] 0 entity object(s) were destroyed without a despawn; forgetting them
[nebula] 0 entity object(s) were destroyed without a despawn; forgetting them
[nebula] 0 entity object(s) were destroyed without a despawn; forgetting them
[nebula] 0 entity object(s) were destroyed without a despawn; forgetting them
[nebula] 0 entity object(s) were destroyed without a despawn; forgetting them
[nebula] 0 entity object(s) were destroyed without a despawn; forgetting them
[nebula] 0 entity object(s) were destroyed without a despawn; forgetting them
[nebula] 0 entity object(s) were destroyed without a despawn; forgetting them
[nebula] 0 entity object(s) were destroyed without a despawn; forgetting them
[nebula] 0 entity object(s) were destroyed without a despawn; forgetting them
[nebula] 0 entity object(s) were destroyed without a despawn; forgetting them
[nebula] 0 entity object(s) were destroyed without a despawn; forgetting them
[nebula] 0 entity object(s) were destroyed without a despawn; forgetting them
[nebula] 0 entity object(s) were destroyed without a despawn; forgetting them
[nebula] 0 entity object(s) were destroyed without a despawn; forgetting them
[nebula] 0 entity object(s) were destroyed without a despawn; forgetting them
[nebula] 0 entity object(s) were destroyed without a despawn; forgetting them
[nebula] 0 entity object(s) were destroyed without a despawn; forgetting them
[nebula] 0 entity object(s) were destroyed without a despawn; forgetting them
[nebula] 0 entity object(s) were destroyed without a despawn; forgetting them
[nebula] 0 entity object(s) were destroyed without a despawn; forgetting them
[nebula] 0 entity object(s) were destroyed without a despawn; forgetting them
[nebula] 0 entity object(s) were destroyed without a despawn; forgetting them
[nebula] 0 entity object(s) were destroyed without a despawn; forgetting them
[nebula] 0 entity object(s) were destroyed without a despawn; forgetting them
[nebula] 0 entity object(s) were destroyed without a despawn; forgetting them
[nebula] 0 entity object(s) were destroyed without a despawn; forgetting them
[nebula] 0 entity object(s) were destroyed without a despawn; forgetting them
[nebula] 0 entity object(s) were destroyed without a despawn; forgetting them
[nebula] 0 entity object(s) were destroyed without a despawn; forgetting them
[nebula] 0 entity object(s) were destroyed without a despawn; forgetting them
[nebula] 0 entity object(s) were destroyed without a despawn; forgetting them
[nebula] 0 entity object(s) were destroyed without a despawn; forgetting them
[nebula] 0 entity object(s) were destroyed without a despawn; forgetting them
[nebula] 0 entity object(s) were destroyed without a despawn; forgetting them
[nebula] 0 entity object(s) were destroyed without a despawn; forgetting them
[nebula] 0 entity object(s) were destroyed without a despawn; forgetting them
[nebula] 0 entity object(s) were destroyed without a despawn; forgetting them
[nebula] 0 entity object(s) were destroyed without a despawn; forgetting them
[nebula] 0 entity object(s) were destroyed without a despawn; forgetting them
[nebula] 0 entity object(s) were destroyed without a despawn; forgetting them
[nebula] 0 entity object(s) were destroyed without a despawn; forgetting them
[nebula] 0 entity object(s) were destroyed without a despawn; forgetting them
[nebula] 0 entity object(s) were destroyed without a despawn; forgetting them
[nebula] 0 entity object(s) were destroyed without a despawn; forgetting them
[nebula] 0 entity object(s) were destroyed without a despawn; forgetting them
[nebula] 0 entity object(s) were destroyed without a despawn; forgetting them
[nebula] 0 entity object(s) were destroyed without a despawn; forgetting them
[nebula] 0 entity object(s) were destroyed without a despawn; forgetting them
[nebula] 0 entity object(s) were destroyed without a despawn; forgetting them
[nebula] 0 entity object(s) were destroyed without a despawn; forgetting them
[nebula] 0 entity object(s) were destroyed without a despawn; forgetting them
[nebula] 0 entity object(s) were destroyed without a despawn; forgetting them
[nebula] 0 entity object(s) were destroyed without a despawn; forgetting them
[nebula] 0 entity object(s) were destroyed without a despawn; forgetting them
[nebula] 0 entity object(s) were destroyed without a despawn; forgetting them
[nebula] 0 entity object(s) were destroyed without a despawn; forgetting them
[nebula] 0 entity object(s) were destroyed without a despawn; forgetting them
[nebula] 0 entity object(s) were destroyed without a despawn; forgetting them
[nebula] 0 entity object(s) were destroyed without a despawn; forgetting them
[nebula] 0 entity object(s) were destroyed without a despawn; forgetting them
[nebula] 0 entity object(s) were destroyed without a despawn; forgetting them
[nebula] 0 entity object(s) were destroyed without a despawn; forgetting them
[nebula] 0 entity object(s) were destroyed without a despawn; forgetting them
[nebula] 0 entity object(s) were destroyed without a despawn; forgetting them
[nebula] 0 entity object(s) were destroyed without a despawn; forgetting them
[nebula] 0 entity object(s) were destroyed without a despawn; forgetting them
[nebula] 0 entity object(s) were destroyed without a despawn; forgetting them
[nebula] 0 entity object(s) were destroyed without a despawn; forgetting them
[nebula] 0 entity object(s) were destroyed without a despawn; forgetting them
[nebula] 0 entity object(s) were destroyed without a despawn; forgetting them
[nebula] 0 entity object(s) were destroyed without a despawn; forgetting them
[nebula] 0 entity object(s) were destroyed without a despawn; forgetting them
[nebula] 0 entity object(s) were destroyed without a despawn; forgetting them
[nebula] 0 entity object(s) were destroyed without a despawn; forgetting them
[nebula] 0 entity object(s) were destroyed without a despawn; forgetting them
[nebula] 0 entity object(s) were destroyed without a despawn; forgetting them
[nebula] 0 entity object(s) were destroyed without a despawn; forgetting them
[nebula] 0 entity object(s) were destroyed without a despawn; forgetting them
[nebula] 0 entity object(s) were destroyed without a despawn; forgetting them
[nebula] 0 entity object(s) were destroyed without a despawn; forgetting them
[nebula] 0 entity object(s) were destroyed without a despawn; forgetting them
[nebula] 0 entity object(s) were destroyed without a despawn; forgetting them
[nebula] 0 entity object(s) were destroyed without a despawn; forgetting them
[nebula] 0 entity object(s) were destroyed without a despawn; forgetting them
[nebula] 0 entity object(s) were destroyed without a despawn; forgetting them
[nebula] 0 entity object(s) were destroyed without a despawn; forgetting them
[nebula] 0 entity object(s) were destroyed without a despawn; forgetting them
[nebula] 0 entity object(s) were destroyed without a despawn; forgetting them
[nebula] 0 entity object(s) were destroyed without a despawn; forgetting them
[nebula] 0 entity object(s) were destroyed without a despawn; forgetting them
[nebula] 0 entity object(s) were destroyed without a despawn; forgetting them
[nebula] 0 entity object(s) were destroyed without a despawn; forgetting them
[nebula] 0 entity object(s) were destroyed without a despawn; forgetting them
[nebula] 0 entity object(s) were destroyed without a despawn; forgetting them
[nebula] 0 entity object(s) were destroyed without a despawn; forgetting them
[nebula] 0 entity object(s) were destroyed without a despawn; forgetting them
[nebula] 0 entity object(s) were destroyed without a despawn; forgetting them
[nebula] 0 entity object(s) were destroyed without a despawn; forgetting them
[nebula] 0 entity object(s) were destroyed without a despawn; forgetting them
[nebula] 0 entity object(s) were destroyed without a despawn; forgetting them
[nebula] 0 entity object(s) were destroyed without a despawn; forgetting them
[nebula] 0 entity object(s) were destroyed without a despawn; forgetting them
[nebula] 0 entity object(s) were destroyed without a despawn; forgetting them
[nebula] 0 entity object(s) were destroyed without a despawn; forgetting them
[nebula] 0 entity object(s) were destroyed without a despawn; forgetting them
[nebula] 0 entity object(s) were destroyed without a despawn; forgetting them
[nebula] 0 entity object(s) were destroyed without a despawn; forgetting them
[nebula] 0 entity object(s) were destroyed without a despawn; forgetting them
[nebula] 0 entity object(s) were destroyed without a despawn; forgetting them
[nebula] 0 entity object(s) were destroyed without a despawn; forgetting them
[nebula] 0 entity object(s) were destroyed without a despawn; forgetting them
[nebula] 0 entity object(s) were destroyed without a despawn; forgetting them
[nebula] 0 entity object(s) were destroyed without a despawn; forgetting them
[nebula] 0 entity object(s) were destroyed without a despawn; forgetting them
[nebula] 0 entity object(s) were destroyed without a despawn; forgetting them
[nebula] 0 entity object(s) were destroyed without a despawn; forgetting them
[nebula] 0 entity object(s) were destroyed without a despawn; forgetting them
[nebula] 0 entity object(s) were destroyed without a despawn; forgetting them
[nebula] 0 entity object(s) were destroyed without a despawn; forgetting them
[nebula] 0 entity object(s) were destroyed without a despawn; forgetting them
[nebula] 0 entity object(s) were destroyed without a despawn; forgetting them
[nebula] 0 entity object(s) were destroyed without a despawn; forgetting them
[nebula] 0 entity object(s) were destroyed without a despawn; forgetting them
[nebula] 0 entity object(s) were destroyed without a despawn; forgetting them
[nebula] 0 entity object(s) were destroyed without a despawn; forgetting them
[nebula] 0 entity object(s) were destroyed without a despawn; forgetting them
[nebula] 0 entity object(s) were destroyed without a despawn; forgetting them
[nebula] 0 entity object(s) were destroyed without a despawn; forgetting them
[nebula] 0 entity object(s) were destroyed without a despawn; forgetting them
[nebula] 0 entity object(s) were destroyed without a despawn; forgetting them
[nebula] 0 entity object(s) were destroyed without a despawn; forgetting them
[nebula] 0 entity object(s) were destroyed without a despawn; forgetting them
[nebula] 0 entity object(s) were destroyed without a despawn; forgetting them
[nebula] 0 entity object(s) were destroyed without a despawn; forgetting them
[nebula] 0 entity object(s) were destroyed without a despawn; forgetting them
[nebula] 0 entity object(s) were destroyed without a despawn; forgetting them
[nebula] 0 entity object(s) were destroyed without a despawn; forgetting them
[nebula] 0 entity object(s) were destroyed without a despawn; forgetting them
[nebula] 0 entity object(s) were destroyed without a despawn; forgetting them
[nebula] 0 entity object(s) were destroyed without a despawn; forgetting them
[nebula] 0 entity object(s) were destroyed without a despawn; forgetting them
[nebula] 0 entity object(s) were destroyed without a despawn; forgetting them
[nebula] 0 entity object(s) were destroyed without a despawn; forgetting them
[nebula] 0 entity object(s) were destroyed without a despawn; forgetting them
[nebula] 0 entity object(s) were destroyed without a despawn; forgetting them
[nebula] 0 entity object(s) were destroyed without a despawn; forgetting them
[nebula] 0 entity object(s) were destroyed without a despawn; forgetting them
[nebula] 0 entity object(s) were destroyed without a despawn; forgetting them
[nebula] 0 entity object(s) were destroyed without a despawn; forgetting them
[nebula] 0 entity object(s) were destroyed without a despawn; forgetting them
[nebula] 0 entity object(s) were destroyed without a despawn; forgetting them
[nebula] 0 entity object(s) were destroyed without a despawn; forgetting them
[nebula] 0 entity object(s) were destroyed without a despawn; forgetting them
[nebula] 0 entity object(s) were destroyed without a despawn; forgetting them
[nebula] 0 entity object(s) were destroyed without a despawn; forgetting them
[nebula] 0 entity object(s) were destroyed without a despawn; forgetting them
[nebula] 0 entity object(s) were destroyed without a despawn; forgetting them
[nebula] 0 entity object(s) were destroyed without a despawn; forgetting them
[nebula] 0 entity object(s) were destroyed without a despawn; forgetting them
[nebula] 0 entity object(s) were destroyed without a despawn; forgetting them
[nebula] 0 entity object(s) were destroyed without a despawn; forgetting them
[nebula] 0 entity object(s) were destroyed without a despawn; forgetting them
[nebula] 0 entity object(s) were destroyed without a despawn; forgetting them
[nebula] 0 entity object(s) were destroyed without a despawn; forgetting them
[nebula] 0 entity object(s) were destroyed without a despawn; forgetting them
[nebula] 0 entity object(s) were destroyed without a despawn; forgetting them
[nebula] 0 entity object(s) were destroyed without a despawn; forgetting them
[nebula] 0 entity object(s) were destroyed without a despawn; forgetting them
[nebula] 0 entity object(s) were destroyed without a despawn; forgetting them
[nebula] 0 entity object(s) were destroyed without a despawn; forgetting them
[nebula] 0 entity object(s) were destroyed without a despawn; forgetting them
[nebula] 0 entity object(s) were destroyed without a despawn; forgetting them
[nebula] 0 entity object(s) were destroyed without a despawn; forgetting them
[nebula] 0 entity object(s) were destroyed without a despawn; forgetting them
[nebula] 0 entity object(s) were destroyed without a despawn; forgetting them
[nebula] 0 entity object(s) were destroyed without a despawn; forgetting them
[nebula] 0 entity object(s) were destroyed without a despawn; forgetting them
[nebula] 0 entity object(s) were destroyed without a despawn; forgetting them
[nebula] 0 entity object(s) were destroyed without a despawn; forgetting them
[nebula] 0 entity object(s) were destroyed without a despawn; forgetting them
[nebula] 0 entity object(s) were destroyed without a despawn; forgetting them
[nebula] 0 entity object(s) were destroyed without a despawn; forgetting them
[nebula] 0 entity object(s) were destroyed without a despawn; forgetting them
[nebula] 0 entity object(s) were destroyed without a despawn; forgetting them
[nebula] 0 entity object(s) were destroyed without a despawn; forgetting them
[nebula] 0 entity object(s) were destroyed without a despawn; forgetting them
[nebula] 0 entity object(s) were destroyed without a despawn; forgetting them
[nebula] 0 entity object(s) were destroyed without a despawn; forgetting them
[nebula] 0 entity object(s) were destroyed without a despawn; forgetting them
[nebula] 0 entity object(s) were destroyed without a despawn; forgetting them
[nebula] 0 entity object(s) were destroyed without a despawn; forgetting them
[nebula] 0 entity object(s) were destroyed without a despawn; forgetting them
[nebula] 0 entity object(s) were destroyed without a despawn; forgetting them
[nebula] 0 entity object(s) were destroyed without a despawn; forgetting them
[nebula] 0 entity object(s) were destroyed without a despawn; forgetting them
[nebula] 0 entity object(s) were destroyed without a despawn; forgetting them
[nebula] 0 entity object(s) were destroyed without a despawn; forgetting them
[nebula] 0 entity object(s) were destroyed without a despawn; forgetting them
[nebula] 0 entity object(s) were destroyed without a despawn; forgetting them
[nebula] 0 entity object(s) were destroyed without a despawn; forgetting them
[nebula] 0 entity object(s) were destroyed without a despawn; forgetting them
[nebula] 0 entity object(s) were destroyed without a despawn; forgetting them
[nebula] 0 entity object(s) were destroyed without a despawn; forgetting them
[nebula] 0 entity object(s) were destroyed without a despawn; forgetting them
[nebula] 0 entity object(s) were destroyed without a despawn; forgetting them
[nebula] 0 entity object(s) were destroyed without a despawn; forgetting them
[nebula] 0 entity object(s) were destroyed without a despawn; forgetting them
[nebula] 0 entity object(s) were destroyed without a despawn; forgetting them
[nebula] 0 entity object(s) were destroyed without a despawn; forgetting them
[nebula] 0 entity object(s) were destroyed without a despawn; forgetting them
[nebula] 0 entity object(s) were destroyed without a despawn; forgetting them
[nebula] 0 entity object(s) were destroyed without a despawn; forgetting them
[nebula] 0 entity object(s) were destroyed without a despawn; forgetting them
[nebula] 0 entity object(s) were destroyed without a despawn; forgetting them
[nebula] 0 entity object(s) were destroyed without a despawn; forgetting them
[nebula] 0 entity object(s) were destroyed without a despawn; forgetting them
[nebula] 0 entity object(s) were destroyed without a despawn; forgetting them
[nebula] 0 entity object(s) were destroyed without a despawn; forgetting them
[nebula] 0 entity object(s) were destroyed without a despawn; forgetting them
[nebula] 0 entity object(s) were destroyed without a despawn; forgetting them
[nebula] 0 entity object(s) were destroyed without a despawn; forgetting them
[nebula] 0 entity object(s) were destroyed without a despawn; forgetting them
[nebula] 0 entity object(s) were destroyed without a despawn; forgetting them
[nebula] 0 entity object(s) were destroyed without a despawn; forgetting them
[nebula] 0 entity object(s) were destroyed without a despawn; forgetting them
[nebula] profile 300 ticks/5s 300 frames avg 0.8ms max 3.0ms dup 0 skip 0 gc 58 auth 33 ghosts 0 | poll=0.00 ghosts=0.00 physics.sync=0.00 simulate=0.01 poses=0.05 containers=0.53 band=0.02 publish=0.01 gap=15.90 interest=0.01
[nebula] 0 entity object(s) were destroyed without a despawn; forgetting them
[nebula] 0 entity object(s) were destroyed without a despawn; forgetting them
[nebula] 0 entity object(s) were destroyed without a despawn; forgetting them
[nebula] 0 entity object(s) were destroyed without a despawn; forgetting them
[nebula] 0 entity object(s) were destroyed without a despawn; forgetting them
[nebula] 0 entity object(s) were destroyed without a despawn; forgetting them
[nebula] 0 entity object(s) were destroyed without a despawn; forgetting them
[nebula] 0 entity object(s) were destroyed without a despawn; forgetting them
[nebula] 0 entity object(s) were destroyed without a despawn; forgetting them
[nebula] 0 entity object(s) were destroyed without a despawn; forgetting them
[nebula] 0 entity object(s) were destroyed without a despawn; forgetting them
[nebula] 0 entity object(s) were destroyed without a despawn; forgetting them
[nebula] 0 entity object(s) were destroyed without a despawn; forgetting them
[nebula] 0 entity object(s) were destroyed without a despawn; forgetting them
[nebula] 0 entity object(s) were destroyed without a despawn; forgetting them
[nebula] 0 entity object(s) were destroyed without a despawn; forgetting them
[nebula] 0 entity object(s) were destroyed without a despawn; forgetting them
[nebula] 0 entity object(s) were destroyed without a despawn; forgetting them
[nebula] 0 entity object(s) were destroyed without a despawn; forgetting them
[nebula] 0 entity object(s) were destroyed without a despawn; forgetting them
[nebula] 0 entity object(s) were destroyed without a despawn; forgetting them
[nebula] 0 entity object(s) were destroyed without a despawn; forgetting them
[nebula] 0 entity object(s) were destroyed without a despawn; forgetting them
[nebula] 0 entity object(s) were destroyed without a despawn; forgetting them
[nebula] 0 entity object(s) were destroyed without a despawn; forgetting them
[nebula] 0 entity object(s) were destroyed without a despawn; forgetting them
[nebula] 0 entity object(s) were destroyed without a despawn; forgetting them
[nebula] 0 entity object(s) were destroyed without a despawn; forgetting them
[nebula] 0 entity object(s) were destroyed without a despawn; forgetting them
[nebula] 0 entity object(s) were destroyed without a despawn; forgetting them
[nebula] 0 entity object(s) were destroyed without a despawn; forgetting them
[nebula] 0 entity object(s) were destroyed without a despawn; forgetting them
[nebula] 0 entity object(s) were destroyed without a despawn; forgetting them
[nebula] 0 entity object(s) were destroyed without a despawn; forgetting them
[nebula] 0 entity object(s) were destroyed without a despawn; forgetting them
[nebula] 0 entity object(s) were destroyed without a despawn; forgetting them
[nebula] 0 entity object(s) were destroyed without a despawn; forgetting them
[nebula] 0 entity object(s) were destroyed without a despawn; forgetting them
[nebula] 0 entity object(s) were destroyed without a despawn; forgetting them
[nebula] 0 entity object(s) were destroyed without a despawn; forgetting them
[nebula] 0 entity object(s) were destroyed without a despawn; forgetting them
[nebula] 0 entity object(s) were destroyed without a despawn; forgetting them
[nebula] 0 entity object(s) were destroyed without a despawn; forgetting them
[nebula] 0 entity object(s) were destroyed without a despawn; forgetting them
[nebula] 0 entity object(s) were destroyed without a despawn; forgetting them
[nebula] 0 entity object(s) were destroyed without a despawn; forgetting them
[nebula] 0 entity object(s) were destroyed without a despawn; forgetting them
[nebula] 0 entity object(s) were destroyed without a despawn; forgetting them
[nebula] 0 entity object(s) were destroyed without a despawn; forgetting them
[nebula] 0 entity object(s) were destroyed without a despawn; forgetting them
[nebula] 0 entity object(s) were destroyed without a despawn; forgetting them
[nebula] 0 entity object(s) were destroyed without a despawn; forgetting them
[nebula] 0 entity object(s) were destroyed without a despawn; forgetting them
[nebula] 0 entity object(s) were destroyed without a despawn; forgetting them
[nebula] 0 entity object(s) were destroyed without a despawn; forgetting them
[nebula] 0 entity object(s) were destroyed without a despawn; forgetting them
[nebula] 0 entity object(s) were destroyed without a despawn; forgetting them
[nebula] 0 entity object(s) were destroyed without a despawn; forgetting them
[nebula] 0 entity object(s) were destroyed without a despawn; forgetting them
[nebula] 0 entity object(s) were destroyed without a despawn; forgetting them
[nebula] 0 entity object(s) were destroyed without a despawn; forgetting them
[nebula] 0 entity object(s) were destroyed without a despawn; forgetting them
[nebula] 0 entity object(s) were destroyed without a despawn; forgetting them
[nebula] 0 entity object(s) were destroyed without a despawn; forgetting them
[nebula] 0 entity object(s) were destroyed without a despawn; forgetting them
[nebula] 0 entity object(s) were destroyed without a despawn; forgetting them
[nebula] 0 entity object(s) were destroyed without a despawn; forgetting them
[nebula] 0 entity object(s) were destroyed without a despawn; forgetting them
[nebula] 0 entity object(s) were destroyed without a despawn; forgetting them
[nebula] 0 entity object(s) were destroyed without a despawn; forgetting them
[nebula] 0 entity object(s) were destroyed without a despawn; forgetting them
[nebula] 0 entity object(s) were destroyed without a despawn; forgetting them
[nebula] 0 entity object(s) were destroyed without a despawn; forgetting them
[nebula] 0 entity object(s) were destroyed without a despawn; forgetting them
[nebula] 0 entity object(s) were destroyed without a despawn; forgetting them
[nebula] 0 entity object(s) were destroyed without a despawn; forgetting them
[nebula] 0 entity object(s) were destroyed without a despawn; forgetting them
[nebula] 0 entity object(s) were destroyed without a despawn; forgetting them
[nebula] 0 entity object(s) were destroyed without a despawn; forgetting them
[nebula] 0 entity object(s) were destroyed without a despawn; forgetting them
[nebula] 0 entity object(s) were destroyed without a despawn; forgetting them
[nebula] 0 entity object(s) were destroyed without a despawn; forgetting them
[nebula] 0 entity object(s) were destroyed without a despawn; forgetting them
[nebula] 0 entity object(s) were destroyed without a despawn; forgetting them
[nebula] 0 entity object(s) were destroyed without a despawn; forgetting them
[nebula] 0 entity object(s) were destroyed without a despawn; forgetting them
[nebula] 0 entity object(s) were destroyed without a despawn; forgetting them
[nebula] 0 entity object(s) were destroyed without a despawn; forgetting them
[nebula] 0 entity object(s) were destroyed without a despawn; forgetting them
[nebula] 0 entity object(s) were destroyed without a despawn; forgetting them
[nebula] 0 entity object(s) were destroyed without a despawn; forgetting them
[nebula] 0 entity object(s) were destroyed without a despawn; forgetting them
[nebula] 0 entity object(s) were destroyed without a despawn; forgetting them
[nebula] 0 entity object(s) were destroyed without a despawn; forgetting them
[nebula] 0 entity object(s) were destroyed without a despawn; forgetting them
[nebula] 0 entity object(s) were destroyed without a despawn; forgetting them
[nebula] 0 entity object(s) were destroyed without a despawn; forgetting them
[nebula] 0 entity object(s) were destroyed without a despawn; forgetting them
[nebula] 0 entity object(s) were destroyed without a despawn; forgetting them
[nebula] 0 entity object(s) were destroyed without a despawn; forgetting them
[nebula] 0 entity object(s) were destroyed without a despawn; forgetting them
[nebula] 0 entity object(s) were destroyed without a despawn; forgetting them
[nebula] 0 entity object(s) were destroyed without a despawn; forgetting them
[nebula] 0 entity object(s) were destroyed without a despawn; forgetting them
[nebula] 0 entity object(s) were destroyed without a despawn; forgetting them
[nebula] 0 entity object(s) were destroyed without a despawn; forgetting them
[nebula] 0 entity object(s) were destroyed without a despawn; forgetting them
[nebula] 0 entity object(s) were destroyed without a despawn; forgetting them
[nebula] 0 entity object(s) were destroyed without a despawn; forgetting them
[nebula] 0 entity object(s) were destroyed without a despawn; forgetting them
[nebula] 0 entity object(s) were destroyed without a despawn; forgetting them
[nebula] 0 entity object(s) were destroyed without a despawn; forgetting them
[nebula] 0 entity object(s) were destroyed without a despawn; forgetting them
[nebula] 0 entity object(s) were destroyed without a despawn; forgetting them
[nebula] 0 entity object(s) were destroyed without a despawn; forgetting them
[nebula] 0 entity object(s) were destroyed without a despawn; forgetting them
[nebula] 0 entity object(s) were destroyed without a despawn; forgetting them
[nebula] 0 entity object(s) were destroyed without a despawn; forgetting them
[nebula] 0 entity object(s) were destroyed without a despawn; forgetting them
[nebula] 0 entity object(s) were destroyed without a despawn; forgetting them
[nebula] 0 entity object(s) were destroyed without a despawn; forgetting them
[nebula] 0 entity object(s) were destroyed without a despawn; forgetting them
[nebula] 0 entity object(s) were destroyed without a despawn; forgetting them
[nebula] 0 entity object(s) were destroyed without a despawn; forgetting them
[nebula] 0 entity object(s) were destroyed without a despawn; forgetting them
[nebula] 0 entity object(s) were destroyed without a despawn; forgetting them
[nebula] 0 entity object(s) were destroyed without a despawn; forgetting them
[nebula] 0 entity object(s) were destroyed without a despawn; forgetting them
[nebula] 0 entity object(s) were destroyed without a despawn; forgetting them
[nebula] 0 entity object(s) were destroyed without a despawn; forgetting them
[nebula] 0 entity object(s) were destroyed without a despawn; forgetting them
[nebula] 0 entity object(s) were destroyed without a despawn; forgetting them
[nebula] 0 entity object(s) were destroyed without a despawn; forgetting them
[nebula] 0 entity object(s) were destroyed without a despawn; forgetting them
[nebula] 0 entity object(s) were destroyed without a despawn; forgetting them
[nebula] 0 entity object(s) were destroyed without a despawn; forgetting them
[nebula] 0 entity object(s) were destroyed without a despawn; forgetting them
[nebula] 0 entity object(s) were destroyed without a despawn; forgetting them
[nebula] 0 entity object(s) were destroyed without a despawn; forgetting them
[nebula] 0 entity object(s) were destroyed without a despawn; forgetting them
[nebula] 0 entity object(s) were destroyed without a despawn; forgetting them
[nebula] 0 entity object(s) were destroyed without a despawn; forgetting them
[nebula] 0 entity object(s) were destroyed without a despawn; forgetting them
[nebula] 0 entity object(s) were destroyed without a despawn; forgetting them
[nebula] 0 entity object(s) were destroyed without a despawn; forgetting them
[nebula] 0 entity object(s) were destroyed without a despawn; forgetting them
[nebula] 0 entity object(s) were destroyed without a despawn; forgetting them
[nebula] 0 entity object(s) were destroyed without a despawn; forgetting them
[nebula] 0 entity object(s) were destroyed without a despawn; forgetting them
[nebula] 0 entity object(s) were destroyed without a despawn; forgetting them
[nebula] 0 entity object(s) were destroyed without a despawn; forgetting them
[nebula] 0 entity object(s) were destroyed without a despawn; forgetting them
[nebula] 0 entity object(s) were destroyed without a despawn; forgetting them
[nebula] 0 entity object(s) were destroyed without a despawn; forgetting them
[nebula] 0 entity object(s) were destroyed without a despawn; forgetting them
[nebula] 0 entity object(s) were destroyed without a despawn; forgetting them
[nebula] 0 entity object(s) were destroyed without a despawn; forgetting them
[nebula] 0 entity object(s) were destroyed without a despawn; forgetting them
[nebula] 0 entity object(s) were destroyed without a despawn; forgetting them
[nebula] 0 entity object(s) were destroyed without a despawn; forgetting them
[nebula] 0 entity object(s) were destroyed without a despawn; forgetting them
[nebula] 0 entity object(s) were destroyed without a despawn; forgetting them
[nebula] 0 entity object(s) were destroyed without a despawn; forgetting them
[nebula] 0 entity object(s) were destroyed without a despawn; forgetting them
[nebula] 0 entity object(s) were destroyed without a despawn; forgetting them
[nebula] 0 entity object(s) were destroyed without a despawn; forgetting them
[nebula] 0 entity object(s) were destroyed without a despawn; forgetting them
[nebula] 0 entity object(s) were destroyed without a despawn; forgetting them
[nebula] 0 entity object(s) were destroyed without a despawn; forgetting them
[nebula] 0 entity object(s) were destroyed without a despawn; forgetting them
[nebula] 0 entity object(s) were destroyed without a despawn; forgetting them
[nebula] 0 entity object(s) were destroyed without a despawn; forgetting them
[nebula] 0 entity object(s) were destroyed without a despawn; forgetting them
[nebula] 0 entity object(s) were destroyed without a despawn; forgetting them
[nebula] 0 entity object(s) were destroyed without a despawn; forgetting them
[nebula] 0 entity object(s) were destroyed without a despawn; forgetting them
[nebula] 0 entity object(s) were destroyed without a despawn; forgetting them
[nebula] 0 entity object(s) were destroyed without a despawn; forgetting them
[nebula] 0 entity object(s) were destroyed without a despawn; forgetting them
[nebula] 0 entity object(s) were destroyed without a despawn; forgetting them
[nebula] 0 entity object(s) were destroyed without a despawn; forgetting them
[nebula] 0 entity object(s) were destroyed without a despawn; forgetting them
[nebula] 0 entity object(s) were destroyed without a despawn; forgetting them
[nebula] 0 entity object(s) were destroyed without a despawn; forgetting them
[nebula] 0 entity object(s) were destroyed without a despawn; forgetting them
[nebula] 0 entity object(s) were destroyed without a despawn; forgetting them
[nebula] 0 entity object(s) were destroyed without a despawn; forgetting them
[nebula] 0 entity object(s) were destroyed without a despawn; forgetting them
[nebula] 0 entity object(s) were destroyed without a despawn; forgetting them
[nebula] 0 entity object(s) were destroyed without a despawn; forgetting them
[nebula] 0 entity object(s) were destroyed without a despawn; forgetting them
[nebula] 0 entity object(s) were destroyed without a despawn; forgetting them
[nebula] 0 entity object(s) were destroyed without a despawn; forgetting them
[nebula] 0 entity object(s) were destroyed without a despawn; forgetting them
[nebula] 0 entity object(s) were destroyed without a despawn; forgetting them
[nebula] 0 entity object(s) were destroyed without a despawn; forgetting them
[nebula] 0 entity object(s) were destroyed without a despawn; forgetting them
[nebula] 0 entity object(s) were destroyed without a despawn; forgetting them
[nebula] 0 entity object(s) were destroyed without a despawn; forgetting them
[nebula] 0 entity object(s) were destroyed without a despawn; forgetting them
[nebula] 0 entity object(s) were destroyed without a despawn; forgetting them
[nebula] 0 entity object(s) were destroyed without a despawn; forgetting them
[nebula] 0 entity object(s) were destroyed without a despawn; forgetting them
[nebula] 0 entity object(s) were destroyed without a despawn; forgetting them
[nebula] 0 entity object(s) were destroyed without a despawn; forgetting them
[nebula] 0 entity object(s) were destroyed without a despawn; forgetting them
[nebula] 0 entity object(s) were destroyed without a despawn; forgetting them
[nebula] 0 entity object(s) were destroyed without a despawn; forgetting them
[nebula] 0 entity object(s) were destroyed without a despawn; forgetting them
[nebula] 0 entity object(s) were destroyed without a despawn; forgetting them
[nebula] 0 entity object(s) were destroyed without a despawn; forgetting them
[nebula] 0 entity object(s) were destroyed without a despawn; forgetting them
[nebula] 0 entity object(s) were destroyed without a despawn; forgetting them
[nebula] 0 entity object(s) were destroyed without a despawn; forgetting them
[nebula] 0 entity object(s) were destroyed without a despawn; forgetting them
[nebula] 0 entity object(s) were destroyed without a despawn; forgetting them
[nebula] 0 entity object(s) were destroyed without a despawn; forgetting them
[nebula] 0 entity object(s) were destroyed without a despawn; forgetting them
[nebula] 0 entity object(s) were destroyed without a despawn; forgetting them
[nebula] 0 entity object(s) were destroyed without a despawn; forgetting them
[nebula] 0 entity object(s) were destroyed without a despawn; forgetting them
[nebula] 0 entity object(s) were destroyed without a despawn; forgetting them
[nebula] 0 entity object(s) were destroyed without a despawn; forgetting them
[nebula] 0 entity object(s) were destroyed without a despawn; forgetting them
[nebula] 0 entity object(s) were destroyed without a despawn; forgetting them
[nebula] 0 entity object(s) were destroyed without a despawn; forgetting them
[nebula] 0 entity object(s) were destroyed without a despawn; forgetting them
[nebula] 0 entity object(s) were destroyed without a despawn; forgetting them
[nebula] 0 entity object(s) were destroyed without a despawn; forgetting them
[nebula] 0 entity object(s) were destroyed without a despawn; forgetting them
[nebula] 0 entity object(s) were destroyed without a despawn; forgetting them
[nebula] 0 entity object(s) were destroyed without a despawn; forgetting them
[nebula] 0 entity object(s) were destroyed without a despawn; forgetting them
[nebula] 0 entity object(s) were destroyed without a despawn; forgetting them
[nebula] 0 entity object(s) were destroyed without a despawn; forgetting them
[nebula] 0 entity object(s) were destroyed without a despawn; forgetting them
[nebula] 0 entity object(s) were destroyed without a despawn; forgetting them
[nebula] 0 entity object(s) were destroyed without a despawn; forgetting them
[nebula] 0 entity object(s) were destroyed without a despawn; forgetting them
[nebula] 0 entity object(s) were destroyed without a despawn; forgetting them
[nebula] 0 entity object(s) were destroyed without a despawn; forgetting them
[nebula] 0 entity object(s) were destroyed without a despawn; forgetting them
[nebula] 0 entity object(s) were destroyed without a despawn; forgetting them
[nebula] 0 entity object(s) were destroyed without a despawn; forgetting them
[nebula] 0 entity object(s) were destroyed without a despawn; forgetting them
[nebula] 0 entity object(s) were destroyed without a despawn; forgetting them
[nebula] 0 entity object(s) were destroyed without a despawn; forgetting them
[nebula] 0 entity object(s) were destroyed without a despawn; forgetting them
[nebula] 0 entity object(s) were destroyed without a despawn; forgetting them
[nebula] 0 entity object(s) were destroyed without a despawn; forgetting them
[nebula] 0 entity object(s) were destroyed without a despawn; forgetting them
[nebula] 0 entity object(s) were destroyed without a despawn; forgetting them
[nebula] 0 entity object(s) were destroyed without a despawn; forgetting them
[nebula] 0 entity object(s) were destroyed without a despawn; forgetting them
[nebula] 0 entity object(s) were destroyed without a despawn; forgetting them
[nebula] 0 entity object(s) were destroyed without a despawn; forgetting them
[nebula] 0 entity object(s) were destroyed without a despawn; forgetting them
[nebula] 0 entity object(s) were destroyed without a despawn; forgetting them
[nebula] 0 entity object(s) were destroyed without a despawn; forgetting them
[nebula] 0 entity object(s) were destroyed without a despawn; forgetting them
[nebula] 0 entity object(s) were destroyed without a despawn; forgetting them
[nebula] 0 entity object(s) were destroyed without a despawn; forgetting them
[nebula] 0 entity object(s) were destroyed without a despawn; forgetting them
[nebula] 0 entity object(s) were destroyed without a despawn; forgetting them
[nebula] 0 entity object(s) were destroyed without a despawn; forgetting them
[nebula] 0 entity object(s) were destroyed without a despawn; forgetting them
[nebula] 0 entity object(s) were destroyed without a despawn; forgetting them
[nebula] 0 entity object(s) were destroyed without a despawn; forgetting them
[nebula] 0 entity object(s) were destroyed without a despawn; forgetting them
[nebula] 0 entity object(s) were destroyed without a despawn; forgetting them
[nebula] 0 entity object(s) were destroyed without a despawn; forgetting them
[nebula] 0 entity object(s) were destroyed without a despawn; forgetting them
[nebula] 0 entity object(s) were destroyed without a despawn; forgetting them
[nebula] 0 entity object(s) were destroyed without a despawn; forgetting them
[nebula] 0 entity object(s) were destroyed without a despawn; forgetting them
[nebula] 0 entity object(s) were destroyed without a despawn; forgetting them
[nebula] 0 entity object(s) were destroyed without a despawn; forgetting them
[nebula] 0 entity object(s) were destroyed without a despawn; forgetting them
[nebula] 0 entity object(s) were destroyed without a despawn; forgetting them
[nebula] 0 entity object(s) were destroyed without a despawn; forgetting them
[nebula] 0 entity object(s) were destroyed without a despawn; forgetting them
[nebula] 0 entity object(s) were destroyed without a despawn; forgetting them
[nebula] 0 entity object(s) were destroyed without a despawn; forgetting them
[nebula] 0 entity object(s) were destroyed without a despawn; forgetting them
[nebula] 0 entity object(s) were destroyed without a despawn; forgetting them
[nebula] 0 entity object(s) were destroyed without a despawn; forgetting them
[nebula] 0 entity object(s) were destroyed without a despawn; forgetting them
[nebula] 0 entity object(s) were destroyed without a despawn; forgetting them
[nebula] 0 entity object(s) were destroyed without a despawn; forgetting them
[nebula] 0 entity object(s) were destroyed without a despawn; forgetting them
[nebula] 0 entity object(s) were destroyed without a despawn; forgetting them
[nebula] 0 entity object(s) were destroyed without a despawn; forgetting them
[nebula] 0 entity object(s) were destroyed without a despawn; forgetting them
[nebula] 0 entity object(s) were destroyed without a despawn; forgetting them
[nebula] 0 entity object(s) were destroyed without a despawn; forgetting them
[nebula] 0 entity object(s) were destroyed without a despawn; forgetting them
[nebula] 0 entity object(s) were destroyed without a despawn; forgetting them
[nebula] 0 entity object(s) were destroyed without a despawn; forgetting them
[nebula] 0 entity object(s) were destroyed without a despawn; forgetting them
[nebula] 0 entity object(s) were destroyed without a despawn; forgetting them
[nebula] profile 300 ticks/5s 300 frames avg 0.8ms max 1.2ms dup 0 skip 0 gc 32 auth 33 ghosts 0 | poll=0.00 ghosts=0.00 physics.sync=0.00 simulate=0.01 poses=0.04 containers=0.54 band=0.02 publish=0.01 gap=15.90 interest=0.01
[nebula] 0 entity object(s) were destroyed without a despawn; forgetting them
[nebula] 0 entity object(s) were destroyed without a despawn; forgetting them
[nebula] 0 entity object(s) were destroyed without a despawn; forgetting them
[nebula] 0 entity object(s) were destroyed without a despawn; forgetting them
[nebula] 0 entity object(s) were destroyed without a despawn; forgetting them
[nebula] 0 entity object(s) were destroyed without a despawn; forgetting them
[nebula] 0 entity object(s) were destroyed without a despawn; forgetting them
[nebula] 0 entity object(s) were destroyed without a despawn; forgetting them
[nebula] 0 entity object(s) were destroyed without a despawn; forgetting them
[nebula] 0 entity object(s) were destroyed without a despawn; forgetting them
[nebula] 0 entity object(s) were destroyed without a despawn; forgetting them
[nebula] 0 entity object(s) were destroyed without a despawn; forgetting them
[nebula] 0 entity object(s) were destroyed without a despawn; forgetting them
[nebula] 0 entity object(s) were destroyed without a despawn; forgetting them
[nebula] 0 entity object(s) were destroyed without a despawn; forgetting them
[nebula] 0 entity object(s) were destroyed without a despawn; forgetting them
[nebula] 0 entity object(s) were destroyed without a despawn; forgetting them
[nebula] 0 entity object(s) were destroyed without a despawn; forgetting them
[nebula] 0 entity object(s) were destroyed without a despawn; forgetting them
[nebula] 0 entity object(s) were destroyed without a despawn; forgetting them
[nebula] 0 entity object(s) were destroyed without a despawn; forgetting them
[nebula] 0 entity object(s) were destroyed without a despawn; forgetting them
[nebula] 0 entity object(s) were destroyed without a despawn; forgetting them
[nebula] 0 entity object(s) were destroyed without a despawn; forgetting them
[nebula] 0 entity object(s) were destroyed without a despawn; forgetting them
[nebula] 0 entity object(s) were destroyed without a despawn; forgetting them
[nebula] 0 entity object(s) were destroyed without a despawn; forgetting them
[nebula] 0 entity object(s) were destroyed without a despawn; forgetting them
[nebula] 0 entity object(s) were destroyed without a despawn; forgetting them
[nebula] 0 entity object(s) were destroyed without a despawn; forgetting them
[nebula] 0 entity object(s) were destroyed without a despawn; forgetting them
[nebula] 0 entity object(s) were destroyed without a despawn; forgetting them
[nebula] 0 entity object(s) were destroyed without a despawn; forgetting them
[nebula] 0 entity object(s) were destroyed without a despawn; forgetting them
[nebula] 0 entity object(s) were destroyed without a despawn; forgetting them
[nebula] 0 entity object(s) were destroyed without a despawn; forgetting them
[nebula] 0 entity object(s) were destroyed without a despawn; forgetting them
[nebula] 0 entity object(s) were destroyed without a despawn; forgetting them
[nebula] 0 entity object(s) were destroyed without a despawn; forgetting them
[nebula] 0 entity object(s) were destroyed without a despawn; forgetting them
[nebula] 0 entity object(s) were destroyed without a despawn; forgetting them
[nebula] 0 entity object(s) were destroyed without a despawn; forgetting them
[nebula] 0 entity object(s) were destroyed without a despawn; forgetting them
[nebula] 0 entity object(s) were destroyed without a despawn; forgetting them
[nebula] 0 entity object(s) were destroyed without a despawn; forgetting them
[nebula] 0 entity object(s) were destroyed without a despawn; forgetting them
[nebula] 0 entity object(s) were destroyed without a despawn; forgetting them
[nebula] 0 entity object(s) were destroyed without a despawn; forgetting them
[nebula] 0 entity object(s) were destroyed without a despawn; forgetting them
[nebula] 0 entity object(s) were destroyed without a despawn; forgetting them
[nebula] 0 entity object(s) were destroyed without a despawn; forgetting them
[nebula] 0 entity object(s) were destroyed without a despawn; forgetting them
[nebula] 0 entity object(s) were destroyed without a despawn; forgetting them
[nebula] 0 entity object(s) were destroyed without a despawn; forgetting them
[nebula] 0 entity object(s) were destroyed without a despawn; forgetting them
[nebula] 0 entity object(s) were destroyed without a despawn; forgetting them
[nebula] 0 entity object(s) were destroyed without a despawn; forgetting them
[nebula] 0 entity object(s) were destroyed without a despawn; forgetting them
[nebula] 0 entity object(s) were destroyed without a despawn; forgetting them
[nebula] 0 entity object(s) were destroyed without a despawn; forgetting them
[nebula] 0 entity object(s) were destroyed without a despawn; forgetting them
[nebula] 0 entity object(s) were destroyed without a despawn; forgetting them
[nebula] 0 entity object(s) were destroyed without a despawn; forgetting them
[nebula] 0 entity object(s) were destroyed without a despawn; forgetting them
[nebula] 0 entity object(s) were destroyed without a despawn; forgetting them
[nebula] 0 entity object(s) were destroyed without a despawn; forgetting them
[nebula] 0 entity object(s) were destroyed without a despawn; forgetting them
[nebula] 0 entity object(s) were destroyed without a despawn; forgetting them
[nebula] 0 entity object(s) were destroyed without a despawn; forgetting them
[nebula] 0 entity object(s) were destroyed without a despawn; forgetting them
[nebula] 0 entity object(s) were destroyed without a despawn; forgetting them
[nebula] 0 entity object(s) were destroyed without a despawn; forgetting them
[nebula] 0 entity object(s) were destroyed without a despawn; forgetting them
[nebula] 0 entity object(s) were destroyed without a despawn; forgetting them
[nebula] 0 entity object(s) were destroyed without a despawn; forgetting them
[nebula] 0 entity object(s) were destroyed without a despawn; forgetting them
[nebula] 0 entity object(s) were destroyed without a despawn; forgetting them
[nebula] 0 entity object(s) were destroyed without a despawn; forgetting them
[nebula] 0 entity object(s) were destroyed without a despawn; forgetting them
[nebula] 0 entity object(s) were destroyed without a despawn; forgetting them
[nebula] 0 entity object(s) were destroyed without a despawn; forgetting them
[nebula] 0 entity object(s) were destroyed without a despawn; forgetting them
[nebula] 0 entity object(s) were destroyed without a despawn; forgetting them
[nebula] 0 entity object(s) were destroyed without a despawn; forgetting them
[nebula] 0 entity object(s) were destroyed without a despawn; forgetting them
[nebula] 0 entity object(s) were destroyed without a despawn; forgetting them
[nebula] 0 entity object(s) were destroyed without a despawn; forgetting them
[nebula] 0 entity object(s) were destroyed without a despawn; forgetting them
[nebula] 0 entity object(s) were destroyed without a despawn; forgetting them
[nebula] 0 entity object(s) were destroyed without a despawn; forgetting them
[nebula] 0 entity object(s) were destroyed without a despawn; forgetting them
[nebula] 0 entity object(s) were destroyed without a despawn; forgetting them
[nebula] 0 entity object(s) were destroyed without a despawn; forgetting them
[nebula] 0 entity object(s) were destroyed without a despawn; forgetting them
[nebula] 0 entity object(s) were destroyed without a despawn; forgetting them
[nebula] 0 entity object(s) were destroyed without a despawn; forgetting them
[nebula] 0 entity object(s) were destroyed without a despawn; forgetting them
[nebula] 0 entity object(s) were destroyed without a despawn; forgetting them
[nebula] 0 entity object(s) were destroyed without a despawn; forgetting them
[nebula] 0 entity object(s) were destroyed without a despawn; forgetting them
[nebula] 0 entity object(s) were destroyed without a despawn; forgetting them
[nebula] 0 entity object(s) were destroyed without a despawn; forgetting them
[nebula] 0 entity object(s) were destroyed without a despawn; forgetting them
[nebula] 0 entity object(s) were destroyed without a despawn; forgetting them
[nebula] 0 entity object(s) were destroyed without a despawn; forgetting them
[nebula] 0 entity object(s) were destroyed without a despawn; forgetting them
[nebula] 0 entity object(s) were destroyed without a despawn; forgetting them
[nebula] 0 entity object(s) were destroyed without a despawn; forgetting them
[nebula] 0 entity object(s) were destroyed without a despawn; forgetting them
[nebula] 0 entity object(s) were destroyed without a despawn; forgetting them
[nebula] 0 entity object(s) were destroyed without a despawn; forgetting them
[nebula] 0 entity object(s) were destroyed without a despawn; forgetting them
[nebula] 0 entity object(s) were destroyed without a despawn; forgetting them
[nebula] 0 entity object(s) were destroyed without a despawn; forgetting them
[nebula] 0 entity object(s) were destroyed without a despawn; forgetting them
[nebula] 0 entity object(s) were destroyed without a despawn; forgetting them
[nebula] 0 entity object(s) were destroyed without a despawn; forgetting them
[nebula] 0 entity object(s) were destroyed without a despawn; forgetting them
[nebula] 0 entity object(s) were destroyed without a despawn; forgetting them
[nebula] 0 entity object(s) were destroyed without a despawn; forgetting them
[nebula] 0 entity object(s) were destroyed without a despawn; forgetting them
[nebula] 0 entity object(s) were destroyed without a despawn; forgetting them
[nebula] 0 entity object(s) were destroyed without a despawn; forgetting them
[nebula] 0 entity object(s) were destroyed without a despawn; forgetting them
[nebula] 0 entity object(s) were destroyed without a despawn; forgetting them
[nebula] 0 entity object(s) were destroyed without a despawn; forgetting them
[nebula] 0 entity object(s) were destroyed without a despawn; forgetting them
[nebula] 0 entity object(s) were destroyed without a despawn; forgetting them
[nebula] 0 entity object(s) were destroyed without a despawn; forgetting them
[nebula] 0 entity object(s) were destroyed without a despawn; forgetting them
[nebula] 0 entity object(s) were destroyed without a despawn; forgetting them
[nebula] 0 entity object(s) were destroyed without a despawn; forgetting them
[nebula] 0 entity object(s) were destroyed without a despawn; forgetting them
[nebula] 0 entity object(s) were destroyed without a despawn; forgetting them
[nebula] 0 entity object(s) were destroyed without a despawn; forgetting them
[nebula] 0 entity object(s) were destroyed without a despawn; forgetting them
[nebula] 0 entity object(s) were destroyed without a despawn; forgetting them
[nebula] 0 entity object(s) were destroyed without a despawn; forgetting them
[nebula] 0 entity object(s) were destroyed without a despawn; forgetting them
[nebula] 0 entity object(s) were destroyed without a despawn; forgetting them
[nebula] 0 entity object(s) were destroyed without a despawn; forgetting them
[nebula] 0 entity object(s) were destroyed without a despawn; forgetting them
[nebula] 0 entity object(s) were destroyed without a despawn; forgetting them
[nebula] 0 entity object(s) were destroyed without a despawn; forgetting them
[nebula] 0 entity object(s) were destroyed without a despawn; forgetting them
[nebula] 0 entity object(s) were destroyed without a despawn; forgetting them
[nebula] 0 entity object(s) were destroyed without a despawn; forgetting them
[nebula] 0 entity object(s) were destroyed without a despawn; forgetting them
[nebula] 0 entity object(s) were destroyed without a despawn; forgetting them
[nebula] 0 entity object(s) were destroyed without a despawn; forgetting them
[nebula] 0 entity object(s) were destroyed without a despawn; forgetting them
[nebula] 0 entity object(s) were destroyed without a despawn; forgetting them
[nebula] 0 entity object(s) were destroyed without a despawn; forgetting them
[nebula] 0 entity object(s) were destroyed without a despawn; forgetting them
[nebula] 0 entity object(s) were destroyed without a despawn; forgetting them
[nebula] 0 entity object(s) were destroyed without a despawn; forgetting them
[nebula] 0 entity object(s) were destroyed without a despawn; forgetting them
[nebula] 0 entity object(s) were destroyed without a despawn; forgetting them
[nebula] 0 entity object(s) were destroyed without a despawn; forgetting them
[nebula] 0 entity object(s) were destroyed without a despawn; forgetting them
[nebula] 0 entity object(s) were destroyed without a despawn; forgetting them
[nebula] 0 entity object(s) were destroyed without a despawn; forgetting them
[nebula] 0 entity object(s) were destroyed without a despawn; forgetting them
[nebula] 0 entity object(s) were destroyed without a despawn; forgetting them
[nebula] 0 entity object(s) were destroyed without a despawn; forgetting them
[nebula] 0 entity object(s) were destroyed without a despawn; forgetting them
[nebula] 0 entity object(s) were destroyed without a despawn; forgetting them
[nebula] 0 entity object(s) were destroyed without a despawn; forgetting them
[nebula] 0 entity object(s) were destroyed without a despawn; forgetting them
[nebula] 0 entity object(s) were destroyed without a despawn; forgetting them
[nebula] 0 entity object(s) were destroyed without a despawn; forgetting them
[nebula] 0 entity object(s) were destroyed without a despawn; forgetting them
[nebula] 0 entity object(s) were destroyed without a despawn; forgetting them
[nebula] 0 entity object(s) were destroyed without a despawn; forgetting them
[nebula] 0 entity object(s) were destroyed without a despawn; forgetting them
[nebula] 0 entity object(s) were destroyed without a despawn; forgetting them
[nebula] 0 entity object(s) were destroyed without a despawn; forgetting them
[nebula] 0 entity object(s) were destroyed without a despawn; forgetting them
[nebula] 0 entity object(s) were destroyed without a despawn; forgetting them
[nebula] 0 entity object(s) were destroyed without a despawn; forgetting them
[nebula] 0 entity object(s) were destroyed without a despawn; forgetting them
[nebula] 0 entity object(s) were destroyed without a despawn; forgetting them
[nebula] 0 entity object(s) were destroyed without a despawn; forgetting them
[nebula] 0 entity object(s) were destroyed without a despawn; forgetting them
[nebula] 0 entity object(s) were destroyed without a despawn; forgetting them
[nebula] 0 entity object(s) were destroyed without a despawn; forgetting them
[nebula] 0 entity object(s) were destroyed without a despawn; forgetting them
[nebula] 0 entity object(s) were destroyed without a despawn; forgetting them
[nebula] 0 entity object(s) were destroyed without a despawn; forgetting them
[nebula] 0 entity object(s) were destroyed without a despawn; forgetting them
[nebula] 0 entity object(s) were destroyed without a despawn; forgetting them
[nebula] 0 entity object(s) were destroyed without a despawn; forgetting them
[nebula] 0 entity object(s) were destroyed without a despawn; forgetting them
[nebula] 0 entity object(s) were destroyed without a despawn; forgetting them
[nebula] 0 entity object(s) were destroyed without a despawn; forgetting them
[nebula] 0 entity object(s) were destroyed without a despawn; forgetting them
[nebula] 0 entity object(s) were destroyed without a despawn; forgetting them
[nebula] 0 entity object(s) were destroyed without a despawn; forgetting them
[nebula] 0 entity object(s) were destroyed without a despawn; forgetting them
[nebula] 0 entity object(s) were destroyed without a despawn; forgetting them
[nebula] 0 entity object(s) were destroyed without a despawn; forgetting them
[nebula] 0 entity object(s) were destroyed without a despawn; forgetting them
[nebula] 0 entity object(s) were destroyed without a despawn; forgetting them
[nebula] 0 entity object(s) were destroyed without a despawn; forgetting them
[nebula] 0 entity object(s) were destroyed without a despawn; forgetting them
[nebula] 0 entity object(s) were destroyed without a despawn; forgetting them
[nebula] 0 entity object(s) were destroyed without a despawn; forgetting them
[nebula] 0 entity object(s) were destroyed without a despawn; forgetting them
[nebula] 0 entity object(s) were destroyed without a despawn; forgetting them
[nebula] 0 entity object(s) were destroyed without a despawn; forgetting them
[nebula] 0 entity object(s) were destroyed without a despawn; forgetting them
[nebula] 0 entity object(s) were destroyed without a despawn; forgetting them
[nebula] 0 entity object(s) were destroyed without a despawn; forgetting them
[nebula] 0 entity object(s) were destroyed without a despawn; forgetting them
[nebula] 0 entity object(s) were destroyed without a despawn; forgetting them
[nebula] 0 entity object(s) were destroyed without a despawn; forgetting them
[nebula] 0 entity object(s) were destroyed without a despawn; forgetting them
[nebula] 0 entity object(s) were destroyed without a despawn; forgetting them
[nebula] 0 entity object(s) were destroyed without a despawn; forgetting them
[nebula] 0 entity object(s) were destroyed without a despawn; forgetting them
[nebula] 0 entity object(s) were destroyed without a despawn; forgetting them
[nebula] 0 entity object(s) were destroyed without a despawn; forgetting them
[nebula] 0 entity object(s) were destroyed without a despawn; forgetting them
[nebula] 0 entity object(s) were destroyed without a despawn; forgetting them
[nebula] 0 entity object(s) were destroyed without a despawn; forgetting them
[nebula] 0 entity object(s) were destroyed without a despawn; forgetting them
[nebula] 0 entity object(s) were destroyed without a despawn; forgetting them
[nebula] 0 entity object(s) were destroyed without a despawn; forgetting them
[nebula] 0 entity object(s) were destroyed without a despawn; forgetting them
[nebula] 0 entity object(s) were destroyed without a despawn; forgetting them
[nebula] 0 entity object(s) were destroyed without a despawn; forgetting them
[nebula] 0 entity object(s) were destroyed without a despawn; forgetting them
[nebula] 0 entity object(s) were destroyed without a despawn; forgetting them
[nebula] 0 entity object(s) were destroyed without a despawn; forgetting them
[nebula] 0 entity object(s) were destroyed without a despawn; forgetting them
[nebula] 0 entity object(s) were destroyed without a despawn; forgetting them
[nebula] 0 entity object(s) were destroyed without a despawn; forgetting them
[nebula] 0 entity object(s) were destroyed without a despawn; forgetting them
[nebula] 0 entity object(s) were destroyed without a despawn; forgetting them
[nebula] 0 entity object(s) were destroyed without a despawn; forgetting them
[nebula] 0 entity object(s) were destroyed without a despawn; forgetting them
[nebula] 0 entity object(s) were destroyed without a despawn; forgetting them
[nebula] 0 entity object(s) were destroyed without a despawn; forgetting them
[nebula] 0 entity object(s) were destroyed without a despawn; forgetting them
[nebula] 0 entity object(s) were destroyed without a despawn; forgetting them
[nebula] 0 entity object(s) were destroyed without a despawn; forgetting them
[nebula] 0 entity object(s) were destroyed without a despawn; forgetting them
[nebula] 0 entity object(s) were destroyed without a despawn; forgetting them
[nebula] 0 entity object(s) were destroyed without a despawn; forgetting them
[nebula] 0 entity object(s) were destroyed without a despawn; forgetting them
[nebula] 0 entity object(s) were destroyed without a despawn; forgetting them
[nebula] 0 entity object(s) were destroyed without a despawn; forgetting them
[nebula] 0 entity object(s) were destroyed without a despawn; forgetting them
[nebula] 0 entity object(s) were destroyed without a despawn; forgetting them
[nebula] 0 entity object(s) were destroyed without a despawn; forgetting them
[nebula] 0 entity object(s) were destroyed without a despawn; forgetting them
[nebula] 0 entity object(s) were destroyed without a despawn; forgetting them
[nebula] 0 entity object(s) were destroyed without a despawn; forgetting them
[nebula] 0 entity object(s) were destroyed without a despawn; forgetting them
[nebula] 0 entity object(s) were destroyed without a despawn; forgetting them
[nebula] 0 entity object(s) were destroyed without a despawn; forgetting them
[nebula] 0 entity object(s) were destroyed without a despawn; forgetting them
[nebula] 0 entity object(s) were destroyed without a despawn; forgetting them
[nebula] 0 entity object(s) were destroyed without a despawn; forgetting them
[nebula] 0 entity object(s) were destroyed without a despawn; forgetting them
[nebula] 0 entity object(s) were destroyed without a despawn; forgetting them
[nebula] 0 entity object(s) were destroyed without a despawn; forgetting them
[nebula] 0 entity object(s) were destroyed without a despawn; forgetting them
[nebula] 0 entity object(s) were destroyed without a despawn; forgetting them
[nebula] 0 entity object(s) were destroyed without a despawn; forgetting them
[nebula] 0 entity object(s) were destroyed without a despawn; forgetting them
[nebula] 0 entity object(s) were destroyed without a despawn; forgetting them
[nebula] 0 entity object(s) were destroyed without a despawn; forgetting them
[nebula] 0 entity object(s) were destroyed without a despawn; forgetting them
[nebula] 0 entity object(s) were destroyed without a despawn; forgetting them
[nebula] 0 entity object(s) were destroyed without a despawn; forgetting them
[nebula] 0 entity object(s) were destroyed without a despawn; forgetting them
[nebula] 0 entity object(s) were destroyed without a despawn; forgetting them
[nebula] 0 entity object(s) were destroyed without a despawn; forgetting them
[nebula] 0 entity object(s) were destroyed without a despawn; forgetting them
[nebula] 0 entity object(s) were destroyed without a despawn; forgetting them
[nebula] 0 entity object(s) were destroyed without a despawn; forgetting them
[nebula] 0 entity object(s) were destroyed without a despawn; forgetting them
[nebula] 0 entity object(s) were destroyed without a despawn; forgetting them
[nebula] 0 entity object(s) were destroyed without a despawn; forgetting them
[nebula] 0 entity object(s) were destroyed without a despawn; forgetting them
[nebula] 0 entity object(s) were destroyed without a despawn; forgetting them
[nebula] 0 entity object(s) were destroyed without a despawn; forgetting them
[nebula] 0 entity object(s) were destroyed without a despawn; forgetting them
[nebula] 0 entity object(s) were destroyed without a despawn; forgetting them
[nebula] 0 entity object(s) were destroyed without a despawn; forgetting them
[nebula] 0 entity object(s) were destroyed without a despawn; forgetting them
[nebula] 0 entity object(s) were destroyed without a despawn; forgetting them
[nebula] 0 entity object(s) were destroyed without a despawn; forgetting them
[nebula] 0 entity object(s) were destroyed without a despawn; forgetting them
[nebula] 0 entity object(s) were destroyed without a despawn; forgetting them
[nebula] 0 entity object(s) were destroyed without a despawn; forgetting them
[nebula] 0 entity object(s) were destroyed without a despawn; forgetting them
[nebula] 0 entity object(s) were destroyed without a despawn; forgetting them
[nebula] 0 entity object(s) were destroyed without a despawn; forgetting them
[nebula] profile 300 ticks/5s 300 frames avg 0.7ms max 1.2ms dup 0 skip 0 gc 39 auth 33 ghosts 0 | poll=0.00 ghosts=0.00 physics.sync=0.00 simulate=0.01 poses=0.04 containers=0.52 band=0.02 publish=0.01 gap=15.92 interest=0.01
[nebula] 0 entity object(s) were destroyed without a despawn; forgetting them
[nebula] 0 entity object(s) were destroyed without a despawn; forgetting them
[nebula] 0 entity object(s) were destroyed without a despawn; forgetting them
[nebula] 0 entity object(s) were destroyed without a despawn; forgetting them
[nebula] 0 entity object(s) were destroyed without a despawn; forgetting them
[nebula] 0 entity object(s) were destroyed without a despawn; forgetting them
[nebula] 0 entity object(s) were destroyed without a despawn; forgetting them
[nebula] 0 entity object(s) were destroyed without a despawn; forgetting them
[nebula] 0 entity object(s) were destroyed without a despawn; forgetting them
[nebula] 0 entity object(s) were destroyed without a despawn; forgetting them
[nebula] 0 entity object(s) were destroyed without a despawn; forgetting them
[nebula] 0 entity object(s) were destroyed without a despawn; forgetting them
[nebula] 0 entity object(s) were destroyed without a despawn; forgetting them
[nebula] 0 entity object(s) were destroyed without a despawn; forgetting them
[nebula] 0 entity object(s) were destroyed without a despawn; forgetting them
[nebula] 0 entity object(s) were destroyed without a despawn; forgetting them
[nebula] 0 entity object(s) were destroyed without a despawn; forgetting them
[nebula] 0 entity object(s) were destroyed without a despawn; forgetting them
[nebula] 0 entity object(s) were destroyed without a despawn; forgetting them
[nebula] 0 entity object(s) were destroyed without a despawn; forgetting them
[nebula] 0 entity object(s) were destroyed without a despawn; forgetting them
[nebula] 0 entity object(s) were destroyed without a despawn; forgetting them
[nebula] 0 entity object(s) were destroyed without a despawn; forgetting them
[nebula] 0 entity object(s) were destroyed without a despawn; forgetting them
[nebula] 0 entity object(s) were destroyed without a despawn; forgetting them
[nebula] 0 entity object(s) were destroyed without a despawn; forgetting them
[nebula] 0 entity object(s) were destroyed without a despawn; forgetting them
[nebula] 0 entity object(s) were destroyed without a despawn; forgetting them
[nebula] 0 entity object(s) were destroyed without a despawn; forgetting them
[nebula] 0 entity object(s) were destroyed without a despawn; forgetting them
[nebula] 0 entity object(s) were destroyed without a despawn; forgetting them
[nebula] 0 entity object(s) were destroyed without a despawn; forgetting them
[nebula] 0 entity object(s) were destroyed without a despawn; forgetting them
[nebula] 0 entity object(s) were destroyed without a despawn; forgetting them
[nebula] 0 entity object(s) were destroyed without a despawn; forgetting them
[nebula] 0 entity object(s) were destroyed without a despawn; forgetting them
[nebula] 0 entity object(s) were destroyed without a despawn; forgetting them
[nebula] 0 entity object(s) were destroyed without a despawn; forgetting them
[nebula] 0 entity object(s) were destroyed without a despawn; forgetting them
[nebula] 0 entity object(s) were destroyed without a despawn; forgetting them
[nebula] 0 entity object(s) were destroyed without a despawn; forgetting them
[nebula] 0 entity object(s) were destroyed without a despawn; forgetting them
[nebula] 0 entity object(s) were destroyed without a despawn; forgetting them
[nebula] 0 entity object(s) were destroyed without a despawn; forgetting them
[nebula] 0 entity object(s) were destroyed without a despawn; forgetting them
[nebula] 0 entity object(s) were destroyed without a despawn; forgetting them
[nebula] 0 entity object(s) were destroyed without a despawn; forgetting them
[nebula] 0 entity object(s) were destroyed without a despawn; forgetting them
[nebula] 0 entity object(s) were destroyed without a despawn; forgetting them
[nebula] 0 entity object(s) were destroyed without a despawn; forgetting them
[nebula] 0 entity object(s) were destroyed without a despawn; forgetting them
[nebula] 0 entity object(s) were destroyed without a despawn; forgetting them
[nebula] 0 entity object(s) were destroyed without a despawn; forgetting them
[nebula] 0 entity object(s) were destroyed without a despawn; forgetting them
[nebula] 0 entity object(s) were destroyed without a despawn; forgetting them
[nebula] 0 entity object(s) were destroyed without a despawn; forgetting them
[nebula] 0 entity object(s) were destroyed without a despawn; forgetting them
[nebula] 0 entity object(s) were destroyed without a despawn; forgetting them
[nebula] 0 entity object(s) were destroyed without a despawn; forgetting them
[nebula] 0 entity object(s) were destroyed without a despawn; forgetting them
[nebula] 0 entity object(s) were destroyed without a despawn; forgetting them
[nebula] 0 entity object(s) were destroyed without a despawn; forgetting them
[nebula] 0 entity object(s) were destroyed without a despawn; forgetting them
[nebula] 0 entity object(s) were destroyed without a despawn; forgetting them
[nebula] 0 entity object(s) were destroyed without a despawn; forgetting them
[nebula] 0 entity object(s) were destroyed without a despawn; forgetting them
[nebula] 0 entity object(s) were destroyed without a despawn; forgetting them
[nebula] 0 entity object(s) were destroyed without a despawn; forgetting them
[nebula] 0 entity object(s) were destroyed without a despawn; forgetting them
[nebula] 0 entity object(s) were destroyed without a despawn; forgetting them
[nebula] 0 entity object(s) were destroyed without a despawn; forgetting them
[nebula] 0 entity object(s) were destroyed without a despawn; forgetting them
[nebula] 0 entity object(s) were destroyed without a despawn; forgetting them
[nebula] 0 entity object(s) were destroyed without a despawn; forgetting them
[nebula] 0 entity object(s) were destroyed without a despawn; forgetting them
[nebula] 0 entity object(s) were destroyed without a despawn; forgetting them
[nebula] 0 entity object(s) were destroyed without a despawn; forgetting them
[nebula] 0 entity object(s) were destroyed without a despawn; forgetting them
[nebula] 0 entity object(s) were destroyed without a despawn; forgetting them
[nebula] 0 entity object(s) were destroyed without a despawn; forgetting them
[nebula] 0 entity object(s) were destroyed without a despawn; forgetting them
[nebula] 0 entity object(s) were destroyed without a despawn; forgetting them
[nebula] 0 entity object(s) were destroyed without a despawn; forgetting them
[nebula] 0 entity object(s) were destroyed without a despawn; forgetting them
[nebula] 0 entity object(s) were destroyed without a despawn; forgetting them
[nebula] 0 entity object(s) were destroyed without a despawn; forgetting them
[nebula] 0 entity object(s) were destroyed without a despawn; forgetting them
[nebula] 0 entity object(s) were destroyed without a despawn; forgetting them
[nebula] 0 entity object(s) were destroyed without a despawn; forgetting them
[nebula] 0 entity object(s) were destroyed without a despawn; forgetting them
[nebula] 0 entity object(s) were destroyed without a despawn; forgetting them
[nebula] 0 entity object(s) were destroyed without a despawn; forgetting them
[nebula] 0 entity object(s) were destroyed without a despawn; forgetting them
[nebula] 0 entity object(s) were destroyed without a despawn; forgetting them
[nebula] 0 entity object(s) were destroyed without a despawn; forgetting them
[nebula] 0 entity object(s) were destroyed without a despawn; forgetting them
[nebula] 0 entity object(s) were destroyed without a despawn; forgetting them
[nebula] 0 entity object(s) were destroyed without a despawn; forgetting them
[nebula] 0 entity object(s) were destroyed without a despawn; forgetting them
[nebula] 0 entity object(s) were destroyed without a despawn; forgetting them
[nebula] 0 entity object(s) were destroyed without a despawn; forgetting them
[nebula] 0 entity object(s) were destroyed without a despawn; forgetting them
[nebula] 0 entity object(s) were destroyed without a despawn; forgetting them
[nebula] 0 entity object(s) were destroyed without a despawn; forgetting them
[nebula] 0 entity object(s) were destroyed without a despawn; forgetting them
[nebula] 0 entity object(s) were destroyed without a despawn; forgetting them
[nebula] 0 entity object(s) were destroyed without a despawn; forgetting them
[nebula] 0 entity object(s) were destroyed without a despawn; forgetting them
[nebula] 0 entity object(s) were destroyed without a despawn; forgetting them
[nebula] 0 entity object(s) were destroyed without a despawn; forgetting them
[nebula] 0 entity object(s) were destroyed without a despawn; forgetting them
[nebula] 0 entity object(s) were destroyed without a despawn; forgetting them
[nebula] 0 entity object(s) were destroyed without a despawn; forgetting them
[nebula] 0 entity object(s) were destroyed without a despawn; forgetting them
[nebula] 0 entity object(s) were destroyed without a despawn; forgetting them
[nebula] 0 entity object(s) were destroyed without a despawn; forgetting them
[nebula] 0 entity object(s) were destroyed without a despawn; forgetting them
[nebula] 0 entity object(s) were destroyed without a despawn; forgetting them
[nebula] 0 entity object(s) were destroyed without a despawn; forgetting them
[nebula] 0 entity object(s) were destroyed without a despawn; forgetting them
[nebula] 0 entity object(s) were destroyed without a despawn; forgetting them
[nebula] 0 entity object(s) were destroyed without a despawn; forgetting them
[nebula] 0 entity object(s) were destroyed without a despawn; forgetting them
[nebula] 0 entity object(s) were destroyed without a despawn; forgetting them
[nebula] 0 entity object(s) were destroyed without a despawn; forgetting them
[nebula] 0 entity object(s) were destroyed without a despawn; forgetting them
[nebula] 0 entity object(s) were destroyed without a despawn; forgetting them
[nebula] 0 entity object(s) were destroyed without a despawn; forgetting them
[nebula] 0 entity object(s) were destroyed without a despawn; forgetting them
[nebula] 0 entity object(s) were destroyed without a despawn; forgetting them
[nebula] 0 entity object(s) were destroyed without a despawn; forgetting them
[nebula] 0 entity object(s) were destroyed without a despawn; forgetting them
[nebula] 0 entity object(s) were destroyed without a despawn; forgetting them
[nebula] 0 entity object(s) were destroyed without a despawn; forgetting them
[nebula] 0 entity object(s) were destroyed without a despawn; forgetting them
[nebula] 0 entity object(s) were destroyed without a despawn; forgetting them
[nebula] 0 entity object(s) were destroyed without a despawn; forgetting them
[nebula] 0 entity object(s) were destroyed without a despawn; forgetting them
[nebula] 0 entity object(s) were destroyed without a despawn; forgetting them
[nebula] 0 entity object(s) were destroyed without a despawn; forgetting them
[nebula] 0 entity object(s) were destroyed without a despawn; forgetting them
[nebula] 0 entity object(s) were destroyed without a despawn; forgetting them
[nebula] 0 entity object(s) were destroyed without a despawn; forgetting them
[nebula] 0 entity object(s) were destroyed without a despawn; forgetting them
[nebula] 0 entity object(s) were destroyed without a despawn; forgetting them
[nebula] 0 entity object(s) were destroyed without a despawn; forgetting them
[nebula] 0 entity object(s) were destroyed without a despawn; forgetting them
[nebula] 0 entity object(s) were destroyed without a despawn; forgetting them
[nebula] 0 entity object(s) were destroyed without a despawn; forgetting them
[nebula] 0 entity object(s) were destroyed without a despawn; forgetting them
[nebula] 0 entity object(s) were destroyed without a despawn; forgetting them
[nebula] 0 entity object(s) were destroyed without a despawn; forgetting them
[nebula] 0 entity object(s) were destroyed without a despawn; forgetting them
[nebula] 0 entity object(s) were destroyed without a despawn; forgetting them
[nebula] 0 entity object(s) were destroyed without a despawn; forgetting them
[nebula] 0 entity object(s) were destroyed without a despawn; forgetting them
[nebula] 0 entity object(s) were destroyed without a despawn; forgetting them
[nebula] 0 entity object(s) were destroyed without a despawn; forgetting them
[nebula] 0 entity object(s) were destroyed without a despawn; forgetting them
[nebula] 0 entity object(s) were destroyed without a despawn; forgetting them
[nebula] 0 entity object(s) were destroyed without a despawn; forgetting them
[nebula] 0 entity object(s) were destroyed without a despawn; forgetting them
[nebula] 0 entity object(s) were destroyed without a despawn; forgetting them
[nebula] 0 entity object(s) were destroyed without a despawn; forgetting them
[nebula] 0 entity object(s) were destroyed without a despawn; forgetting them
[nebula] 0 entity object(s) were destroyed without a despawn; forgetting them
[nebula] 0 entity object(s) were destroyed without a despawn; forgetting them
[nebula] 0 entity object(s) were destroyed without a despawn; forgetting them
[nebula] 0 entity object(s) were destroyed without a despawn; forgetting them
[nebula] 0 entity object(s) were destroyed without a despawn; forgetting them
[nebula] 0 entity object(s) were destroyed without a despawn; forgetting them
[nebula] 0 entity object(s) were destroyed without a despawn; forgetting them
[nebula] 0 entity object(s) were destroyed without a despawn; forgetting them
[nebula] 0 entity object(s) were destroyed without a despawn; forgetting them
[nebula] 0 entity object(s) were destroyed without a despawn; forgetting them
[nebula] 0 entity object(s) were destroyed without a despawn; forgetting them
[nebula] 0 entity object(s) were destroyed without a despawn; forgetting them
[nebula] 0 entity object(s) were destroyed without a despawn; forgetting them
[nebula] 0 entity object(s) were destroyed without a despawn; forgetting them
[nebula] 0 entity object(s) were destroyed without a despawn; forgetting them
[nebula] 0 entity object(s) were destroyed without a despawn; forgetting them
[nebula] 0 entity object(s) were destroyed without a despawn; forgetting them
[nebula] 0 entity object(s) were destroyed without a despawn; forgetting them
[nebula] 0 entity object(s) were destroyed without a despawn; forgetting them
[nebula] 0 entity object(s) were destroyed without a despawn; forgetting them
[nebula] 0 entity object(s) were destroyed without a despawn; forgetting them
[nebula] 0 entity object(s) were destroyed without a despawn; forgetting them
[nebula] 0 entity object(s) were destroyed without a despawn; forgetting them
[nebula] 0 entity object(s) were destroyed without a despawn; forgetting them
[nebula] 0 entity object(s) were destroyed without a despawn; forgetting them
[nebula] 0 entity object(s) were destroyed without a despawn; forgetting them
[nebula] 0 entity object(s) were destroyed without a despawn; forgetting them
[nebula] 0 entity object(s) were destroyed without a despawn; forgetting them
[nebula] 0 entity object(s) were destroyed without a despawn; forgetting them
[nebula] 0 entity object(s) were destroyed without a despawn; forgetting them
[nebula] 0 entity object(s) were destroyed without a despawn; forgetting them
[nebula] 0 entity object(s) were destroyed without a despawn; forgetting them
[nebula] 0 entity object(s) were destroyed without a despawn; forgetting them
[nebula] 0 entity object(s) were destroyed without a despawn; forgetting them
[nebula] 0 entity object(s) were destroyed without a despawn; forgetting them
[nebula] 0 entity object(s) were destroyed without a despawn; forgetting them
[nebula] 0 entity object(s) were destroyed without a despawn; forgetting them
[nebula] 0 entity object(s) were destroyed without a despawn; forgetting them
[nebula] 0 entity object(s) were destroyed without a despawn; forgetting them
[nebula] 0 entity object(s) were destroyed without a despawn; forgetting them
[nebula] 0 entity object(s) were destroyed without a despawn; forgetting them
[nebula] 0 entity object(s) were destroyed without a despawn; forgetting them
[nebula] 0 entity object(s) were destroyed without a despawn; forgetting them
[nebula] 0 entity object(s) were destroyed without a despawn; forgetting them
[nebula] 0 entity object(s) were destroyed without a despawn; forgetting them
[nebula] 0 entity object(s) were destroyed without a despawn; forgetting them
[nebula] 0 entity object(s) were destroyed without a despawn; forgetting them
[nebula] 0 entity object(s) were destroyed without a despawn; forgetting them
[nebula] 0 entity object(s) were destroyed without a despawn; forgetting them
[nebula] 0 entity object(s) were destroyed without a despawn; forgetting them
[nebula] 0 entity object(s) were destroyed without a despawn; forgetting them
[nebula] 0 entity object(s) were destroyed without a despawn; forgetting them
[nebula] 0 entity object(s) were destroyed without a despawn; forgetting them
[nebula] 0 entity object(s) were destroyed without a despawn; forgetting them
[nebula] 0 entity object(s) were destroyed without a despawn; forgetting them
[nebula] 0 entity object(s) were destroyed without a despawn; forgetting them
[nebula] 0 entity object(s) were destroyed without a despawn; forgetting them
[nebula] 0 entity object(s) were destroyed without a despawn; forgetting them
[nebula] 0 entity object(s) were destroyed without a despawn; forgetting them
[nebula] 0 entity object(s) were destroyed without a despawn; forgetting them
[nebula] 0 entity object(s) were destroyed without a despawn; forgetting them
[nebula] 0 entity object(s) were destroyed without a despawn; forgetting them
[nebula] 0 entity object(s) were destroyed without a despawn; forgetting them
[nebula] 0 entity object(s) were destroyed without a despawn; forgetting them
[nebula] 0 entity object(s) were destroyed without a despawn; forgetting them
[nebula] 0 entity object(s) were destroyed without a despawn; forgetting them
[nebula] 0 entity object(s) were destroyed without a despawn; forgetting them
[nebula] 0 entity object(s) were destroyed without a despawn; forgetting them
[nebula] 0 entity object(s) were destroyed without a despawn; forgetting them
[nebula] 0 entity object(s) were destroyed without a despawn; forgetting them
[nebula] 0 entity object(s) were destroyed without a despawn; forgetting them
[nebula] 0 entity object(s) were destroyed without a despawn; forgetting them
[nebula] 0 entity object(s) were destroyed without a despawn; forgetting them
[nebula] 0 entity object(s) were destroyed without a despawn; forgetting them
[nebula] 0 entity object(s) were destroyed without a despawn; forgetting them
[nebula] 0 entity object(s) were destroyed without a despawn; forgetting them
[nebula] 0 entity object(s) were destroyed without a despawn; forgetting them
[nebula] 0 entity object(s) were destroyed without a despawn; forgetting them
[nebula] 0 entity object(s) were destroyed without a despawn; forgetting them
[nebula] 0 entity object(s) were destroyed without a despawn; forgetting them
[nebula] 0 entity object(s) were destroyed without a despawn; forgetting them
[nebula] 0 entity object(s) were destroyed without a despawn; forgetting them
[nebula] 0 entity object(s) were destroyed without a despawn; forgetting them
[nebula] 0 entity object(s) were destroyed without a despawn; forgetting them
[nebula] 0 entity object(s) were destroyed without a despawn; forgetting them
[nebula] 0 entity object(s) were destroyed without a despawn; forgetting them
[nebula] 0 entity object(s) were destroyed without a despawn; forgetting them
[nebula] 0 entity object(s) were destroyed without a despawn; forgetting them
[nebula] 0 entity object(s) were destroyed without a despawn; forgetting them
[nebula] 0 entity object(s) were destroyed without a despawn; forgetting them
[nebula] 0 entity object(s) were destroyed without a despawn; forgetting them
[nebula] 0 entity object(s) were destroyed without a despawn; forgetting them
[nebula] 0 entity object(s) were destroyed without a despawn; forgetting them
[nebula] 0 entity object(s) were destroyed without a despawn; forgetting them
[nebula] 0 entity object(s) were destroyed without a despawn; forgetting them
[nebula] 0 entity object(s) were destroyed without a despawn; forgetting them
[nebula] 0 entity object(s) were destroyed without a despawn; forgetting them
[nebula] 0 entity object(s) were destroyed without a despawn; forgetting them
[nebula] 0 entity object(s) were destroyed without a despawn; forgetting them
[nebula] 0 entity object(s) were destroyed without a despawn; forgetting them
[nebula] 0 entity object(s) were destroyed without a despawn; forgetting them
[nebula] 0 entity object(s) were destroyed without a despawn; forgetting them
[nebula] 0 entity object(s) were destroyed without a despawn; forgetting them
[nebula] 0 entity object(s) were destroyed without a despawn; forgetting them
[nebula] 0 entity object(s) were destroyed without a despawn; forgetting them
[nebula] 0 entity object(s) were destroyed without a despawn; forgetting them
[nebula] 0 entity object(s) were destroyed without a despawn; forgetting them
[nebula] 0 entity object(s) were destroyed without a despawn; forgetting them
[nebula] 0 entity object(s) were destroyed without a despawn; forgetting them
[nebula] 0 entity object(s) were destroyed without a despawn; forgetting them
[nebula] 0 entity object(s) were destroyed without a despawn; forgetting them
[nebula] 0 entity object(s) were destroyed without a despawn; forgetting them
[nebula] 0 entity object(s) were destroyed without a despawn; forgetting them
[nebula] 0 entity object(s) were destroyed without a despawn; forgetting them
[nebula] 0 entity object(s) were destroyed without a despawn; forgetting them
[nebula] 0 entity object(s) were destroyed without a despawn; forgetting them
[nebula] 0 entity object(s) were destroyed without a despawn; forgetting them
[nebula] 0 entity object(s) were destroyed without a despawn; forgetting them
[nebula] 0 entity object(s) were destroyed without a despawn; forgetting them
[nebula] 0 entity object(s) were destroyed without a despawn; forgetting them
[nebula] 0 entity object(s) were destroyed without a despawn; forgetting them
[nebula] 0 entity object(s) were destroyed without a despawn; forgetting them
[nebula] 0 entity object(s) were destroyed without a despawn; forgetting them
[nebula] 0 entity object(s) were destroyed without a despawn; forgetting them
[nebula] 0 entity object(s) were destroyed without a despawn; forgetting them
[nebula] 0 entity object(s) were destroyed without a despawn; forgetting them
[nebula] 0 entity object(s) were destroyed without a despawn; forgetting them
[nebula] 0 entity object(s) were destroyed without a despawn; forgetting them
[nebula] 0 entity object(s) were destroyed without a despawn; forgetting them
[nebula] 0 entity object(s) were destroyed without a despawn; forgetting them
[nebula] 0 entity object(s) were destroyed without a despawn; forgetting them
[nebula] 0 entity object(s) were destroyed without a despawn; forgetting them
[nebula] 0 entity object(s) were destroyed without a despawn; forgetting them
[nebula] 0 entity object(s) were destroyed without a despawn; forgetting them
[nebula] 0 entity object(s) were destroyed without a despawn; forgetting them
[nebula] profile 300 ticks/5s 300 frames avg 0.7ms max 1.2ms dup 0 skip 0 gc 61 auth 33 ghosts 0 | poll=0.01 ghosts=0.00 physics.sync=0.00 simulate=0.01 poses=0.04 containers=0.52 band=0.02 publish=0.01 gap=15.93 interest=0.01
[nebula] 0 entity object(s) were destroyed without a despawn; forgetting them
[nebula] 0 entity object(s) were destroyed without a despawn; forgetting them
[nebula] 0 entity object(s) were destroyed without a despawn; forgetting them
[nebula] 0 entity object(s) were destroyed without a despawn; forgetting them
[nebula] 0 entity object(s) were destroyed without a despawn; forgetting them
[nebula] 0 entity object(s) were destroyed without a despawn; forgetting them
[nebula] 0 entity object(s) were destroyed without a despawn; forgetting them
[nebula] 0 entity object(s) were destroyed without a despawn; forgetting them
[nebula] 0 entity object(s) were destroyed without a despawn; forgetting them
[nebula] 0 entity object(s) were destroyed without a despawn; forgetting them
[nebula] 0 entity object(s) were destroyed without a despawn; forgetting them
[nebula] 0 entity object(s) were destroyed without a despawn; forgetting them
[nebula] 0 entity object(s) were destroyed without a despawn; forgetting them
[nebula] 0 entity object(s) were destroyed without a despawn; forgetting them
[nebula] 0 entity object(s) were destroyed without a despawn; forgetting them
[nebula] 0 entity object(s) were destroyed without a despawn; forgetting them
[nebula] 0 entity object(s) were destroyed without a despawn; forgetting them
[nebula] 0 entity object(s) were destroyed without a despawn; forgetting them
[nebula] 0 entity object(s) were destroyed without a despawn; forgetting them
[nebula] 0 entity object(s) were destroyed without a despawn; forgetting them
[nebula] 0 entity object(s) were destroyed without a despawn; forgetting them
[nebula] 0 entity object(s) were destroyed without a despawn; forgetting them
[nebula] 0 entity object(s) were destroyed without a despawn; forgetting them
[nebula] 0 entity object(s) were destroyed without a despawn; forgetting them
[nebula] 0 entity object(s) were destroyed without a despawn; forgetting them
[nebula] 0 entity object(s) were destroyed without a despawn; forgetting them
[nebula] 0 entity object(s) were destroyed without a despawn; forgetting them
[nebula] 0 entity object(s) were destroyed without a despawn; forgetting them
[nebula] 0 entity object(s) were destroyed without a despawn; forgetting them
[nebula] 0 entity object(s) were destroyed without a despawn; forgetting them
[nebula] 0 entity object(s) were destroyed without a despawn; forgetting them
[nebula] 0 entity object(s) were destroyed without a despawn; forgetting them
[nebula] 0 entity object(s) were destroyed without a despawn; forgetting them
[nebula] 0 entity object(s) were destroyed without a despawn; forgetting them
[nebula] 0 entity object(s) were destroyed without a despawn; forgetting them
[nebula] 0 entity object(s) were destroyed without a despawn; forgetting them
[nebula] 0 entity object(s) were destroyed without a despawn; forgetting them
[nebula] 0 entity object(s) were destroyed without a despawn; forgetting them
[nebula] 0 entity object(s) were destroyed without a despawn; forgetting them
[nebula] 0 entity object(s) were destroyed without a despawn; forgetting them
[nebula] 0 entity object(s) were destroyed without a despawn; forgetting them
[nebula] 0 entity object(s) were destroyed without a despawn; forgetting them
[nebula] 0 entity object(s) were destroyed without a despawn; forgetting them
[nebula] 0 entity object(s) were destroyed without a despawn; forgetting them
[nebula] 0 entity object(s) were destroyed without a despawn; forgetting them
[nebula] 0 entity object(s) were destroyed without a despawn; forgetting them
[nebula] 0 entity object(s) were destroyed without a despawn; forgetting them
[nebula] 0 entity object(s) were destroyed without a despawn; forgetting them
[nebula] 0 entity object(s) were destroyed without a despawn; forgetting them
[nebula] 0 entity object(s) were destroyed without a despawn; forgetting them
[nebula] 0 entity object(s) were destroyed without a despawn; forgetting them
[nebula] 0 entity object(s) were destroyed without a despawn; forgetting them
[nebula] 0 entity object(s) were destroyed without a despawn; forgetting them
[nebula] 0 entity object(s) were destroyed without a despawn; forgetting them
[nebula] 0 entity object(s) were destroyed without a despawn; forgetting them
[nebula] 0 entity object(s) were destroyed without a despawn; forgetting them
[nebula] 0 entity object(s) were destroyed without a despawn; forgetting them
[nebula] 0 entity object(s) were destroyed without a despawn; forgetting them
[nebula] 0 entity object(s) were destroyed without a despawn; forgetting them
[nebula] 0 entity object(s) were destroyed without a despawn; forgetting them
[nebula] 0 entity object(s) were destroyed without a despawn; forgetting them
[nebula] 0 entity object(s) were destroyed without a despawn; forgetting them
[nebula] 0 entity object(s) were destroyed without a despawn; forgetting them
[nebula] 0 entity object(s) were destroyed without a despawn; forgetting them
[nebula] 0 entity object(s) were destroyed without a despawn; forgetting them
[nebula] 0 entity object(s) were destroyed without a despawn; forgetting them
[nebula] 0 entity object(s) were destroyed without a despawn; forgetting them
[nebula] 0 entity object(s) were destroyed without a despawn; forgetting them
[nebula] 0 entity object(s) were destroyed without a despawn; forgetting them
[nebula] 0 entity object(s) were destroyed without a despawn; forgetting them
[nebula] 0 entity object(s) were destroyed without a despawn; forgetting them
[nebula] 0 entity object(s) were destroyed without a despawn; forgetting them
[nebula] 0 entity object(s) were destroyed without a despawn; forgetting them
[nebula] 0 entity object(s) were destroyed without a despawn; forgetting them
[nebula] 0 entity object(s) were destroyed without a despawn; forgetting them
[nebula] 0 entity object(s) were destroyed without a despawn; forgetting them
[nebula] 0 entity object(s) were destroyed without a despawn; forgetting them
[nebula] 0 entity object(s) were destroyed without a despawn; forgetting them
[nebula] 0 entity object(s) were destroyed without a despawn; forgetting them
[nebula] 0 entity object(s) were destroyed without a despawn; forgetting them
[nebula] 0 entity object(s) were destroyed without a despawn; forgetting them
[nebula] 0 entity object(s) were destroyed without a despawn; forgetting them
[nebula] 0 entity object(s) were destroyed without a despawn; forgetting them
[nebula] 0 entity object(s) were destroyed without a despawn; forgetting them
[nebula] 0 entity object(s) were destroyed without a despawn; forgetting them
[nebula] 0 entity object(s) were destroyed without a despawn; forgetting them
[nebula] 0 entity object(s) were destroyed without a despawn; forgetting them
[nebula] 0 entity object(s) were destroyed without a despawn; forgetting them
[nebula] 0 entity object(s) were destroyed without a despawn; forgetting them
[nebula] 0 entity object(s) were destroyed without a despawn; forgetting them
[nebula] 0 entity object(s) were destroyed without a despawn; forgetting them
[nebula] 0 entity object(s) were destroyed without a despawn; forgetting them
[nebula] 0 entity object(s) were destroyed without a despawn; forgetting them
[nebula] 0 entity object(s) were destroyed without a despawn; forgetting them
[nebula] 0 entity object(s) were destroyed without a despawn; forgetting them
[nebula] 0 entity object(s) were destroyed without a despawn; forgetting them
[nebula] 0 entity object(s) were destroyed without a despawn; forgetting them
[nebula] 0 entity object(s) were destroyed without a despawn; forgetting them
[nebula] 0 entity object(s) were destroyed without a despawn; forgetting them
[nebula] 0 entity object(s) were destroyed without a despawn; forgetting them
[nebula] 0 entity object(s) were destroyed without a despawn; forgetting them
[nebula] 0 entity object(s) were destroyed without a despawn; forgetting them
[nebula] 0 entity object(s) were destroyed without a despawn; forgetting them
[nebula] 0 entity object(s) were destroyed without a despawn; forgetting them
[nebula] 0 entity object(s) were destroyed without a despawn; forgetting them
[nebula] 0 entity object(s) were destroyed without a despawn; forgetting them
[nebula] 0 entity object(s) were destroyed without a despawn; forgetting them
[nebula] 0 entity object(s) were destroyed without a despawn; forgetting them
[nebula] 0 entity object(s) were destroyed without a despawn; forgetting them
[nebula] 0 entity object(s) were destroyed without a despawn; forgetting them
[nebula] 0 entity object(s) were destroyed without a despawn; forgetting them
[nebula] 0 entity object(s) were destroyed without a despawn; forgetting them
[nebula] 0 entity object(s) were destroyed without a despawn; forgetting them
[nebula] 0 entity object(s) were destroyed without a despawn; forgetting them
[nebula] 0 entity object(s) were destroyed without a despawn; forgetting them
[nebula] 0 entity object(s) were destroyed without a despawn; forgetting them
[nebula] 0 entity object(s) were destroyed without a despawn; forgetting them
[nebula] 0 entity object(s) were destroyed without a despawn; forgetting them
[nebula] 0 entity object(s) were destroyed without a despawn; forgetting them
[nebula] 0 entity object(s) were destroyed without a despawn; forgetting them
[nebula] 0 entity object(s) were destroyed without a despawn; forgetting them
[nebula] 0 entity object(s) were destroyed without a despawn; forgetting them
[nebula] 0 entity object(s) were destroyed without a despawn; forgetting them
[nebula] 0 entity object(s) were destroyed without a despawn; forgetting them
[nebula] 0 entity object(s) were destroyed without a despawn; forgetting them
[nebula] 0 entity object(s) were destroyed without a despawn; forgetting them
[nebula] 0 entity object(s) were destroyed without a despawn; forgetting them
[nebula] 0 entity object(s) were destroyed without a despawn; forgetting them
[nebula] 0 entity object(s) were destroyed without a despawn; forgetting them
[nebula] 0 entity object(s) were destroyed without a despawn; forgetting them
[nebula] 0 entity object(s) were destroyed without a despawn; forgetting them
[nebula] 0 entity object(s) were destroyed without a despawn; forgetting them
[nebula] 0 entity object(s) were destroyed without a despawn; forgetting them
[nebula] 0 entity object(s) were destroyed without a despawn; forgetting them
[nebula] 0 entity object(s) were destroyed without a despawn; forgetting them
[nebula] 0 entity object(s) were destroyed without a despawn; forgetting them
[nebula] 0 entity object(s) were destroyed without a despawn; forgetting them
[nebula] 0 entity object(s) were destroyed without a despawn; forgetting them
[nebula] 0 entity object(s) were destroyed without a despawn; forgetting them
[nebula] 0 entity object(s) were destroyed without a despawn; forgetting them
[nebula] 0 entity object(s) were destroyed without a despawn; forgetting them
[nebula] 0 entity object(s) were destroyed without a despawn; forgetting them
[nebula] 0 entity object(s) were destroyed without a despawn; forgetting them
[nebula] 0 entity object(s) were destroyed without a despawn; forgetting them
[nebula] 0 entity object(s) were destroyed without a despawn; forgetting them
[nebula] 0 entity object(s) were destroyed without a despawn; forgetting them
[nebula] 0 entity object(s) were destroyed without a despawn; forgetting them
[nebula] 0 entity object(s) were destroyed without a despawn; forgetting them
[nebula] 0 entity object(s) were destroyed without a despawn; forgetting them
[nebula] 0 entity object(s) were destroyed without a despawn; forgetting them
[nebula] 0 entity object(s) were destroyed without a despawn; forgetting them
[nebula] 0 entity object(s) were destroyed without a despawn; forgetting them
[nebula] 0 entity object(s) were destroyed without a despawn; forgetting them
[nebula] 0 entity object(s) were destroyed without a despawn; forgetting them
[nebula] 0 entity object(s) were destroyed without a despawn; forgetting them
[nebula] 0 entity object(s) were destroyed without a despawn; forgetting them
[nebula] 0 entity object(s) were destroyed without a despawn; forgetting them
[nebula] 0 entity object(s) were destroyed without a despawn; forgetting them
[nebula] 0 entity object(s) were destroyed without a despawn; forgetting them
[nebula] 0 entity object(s) were destroyed without a despawn; forgetting them
[nebula] 0 entity object(s) were destroyed without a despawn; forgetting them
[nebula] 0 entity object(s) were destroyed without a despawn; forgetting them
[nebula] 0 entity object(s) were destroyed without a despawn; forgetting them
[nebula] 0 entity object(s) were destroyed without a despawn; forgetting them
[nebula] 0 entity object(s) were destroyed without a despawn; forgetting them
[nebula] 0 entity object(s) were destroyed without a despawn; forgetting them
[nebula] 0 entity object(s) were destroyed without a despawn; forgetting them
[nebula] 0 entity object(s) were destroyed without a despawn; forgetting them
[nebula] 0 entity object(s) were destroyed without a despawn; forgetting them
[nebula] 0 entity object(s) were destroyed without a despawn; forgetting them
[nebula] 0 entity object(s) were destroyed without a despawn; forgetting them
[nebula] 0 entity object(s) were destroyed without a despawn; forgetting them
[nebula] 0 entity object(s) were destroyed without a despawn; forgetting them
[nebula] 0 entity object(s) were destroyed without a despawn; forgetting them
[nebula] 0 entity object(s) were destroyed without a despawn; forgetting them
[nebula] 0 entity object(s) were destroyed without a despawn; forgetting them
[nebula] 0 entity object(s) were destroyed without a despawn; forgetting them
[nebula] 0 entity object(s) were destroyed without a despawn; forgetting them
[nebula] 0 entity object(s) were destroyed without a despawn; forgetting them
[nebula] 0 entity object(s) were destroyed without a despawn; forgetting them
[nebula] 0 entity object(s) were destroyed without a despawn; forgetting them
[nebula] 0 entity object(s) were destroyed without a despawn; forgetting them
[nebula] 0 entity object(s) were destroyed without a despawn; forgetting them
[nebula] 0 entity object(s) were destroyed without a despawn; forgetting them
[nebula] 0 entity object(s) were destroyed without a despawn; forgetting them
[nebula] 0 entity object(s) were destroyed without a despawn; forgetting them
[nebula] 0 entity object(s) were destroyed without a despawn; forgetting them
[nebula] 0 entity object(s) were destroyed without a despawn; forgetting them
[nebula] 0 entity object(s) were destroyed without a despawn; forgetting them
[nebula] 0 entity object(s) were destroyed without a despawn; forgetting them
[nebula] 0 entity object(s) were destroyed without a despawn; forgetting them
[nebula] 0 entity object(s) were destroyed without a despawn; forgetting them
[nebula] 0 entity object(s) were destroyed without a despawn; forgetting them
[nebula] 0 entity object(s) were destroyed without a despawn; forgetting them
[nebula] 0 entity object(s) were destroyed without a despawn; forgetting them
[nebula] 0 entity object(s) were destroyed without a despawn; forgetting them
[nebula] 0 entity object(s) were destroyed without a despawn; forgetting them
[nebula] 0 entity object(s) were destroyed without a despawn; forgetting them
[nebula] 0 entity object(s) were destroyed without a despawn; forgetting them
[nebula] 0 entity object(s) were destroyed without a despawn; forgetting them
[nebula] 0 entity object(s) were destroyed without a despawn; forgetting them
[nebula] 0 entity object(s) were destroyed without a despawn; forgetting them
[nebula] 0 entity object(s) were destroyed without a despawn; forgetting them
[nebula] 0 entity object(s) were destroyed without a despawn; forgetting them
[nebula] 0 entity object(s) were destroyed without a despawn; forgetting them
[nebula] 0 entity object(s) were destroyed without a despawn; forgetting them
[nebula] 0 entity object(s) were destroyed without a despawn; forgetting them
[nebula] 0 entity object(s) were destroyed without a despawn; forgetting them
[nebula] 0 entity object(s) were destroyed without a despawn; forgetting them
[nebula] 0 entity object(s) were destroyed without a despawn; forgetting them
[nebula] 0 entity object(s) were destroyed without a despawn; forgetting them
[nebula] 0 entity object(s) were destroyed without a despawn; forgetting them
[nebula] 0 entity object(s) were destroyed without a despawn; forgetting them
[nebula] 0 entity object(s) were destroyed without a despawn; forgetting them
[nebula] 0 entity object(s) were destroyed without a despawn; forgetting them
[nebula] 0 entity object(s) were destroyed without a despawn; forgetting them
[nebula] 0 entity object(s) were destroyed without a despawn; forgetting them
[nebula] 0 entity object(s) were destroyed without a despawn; forgetting them
[nebula] 0 entity object(s) were destroyed without a despawn; forgetting them
[nebula] 0 entity object(s) were destroyed without a despawn; forgetting them
[nebula] 0 entity object(s) were destroyed without a despawn; forgetting them
[nebula] 0 entity object(s) were destroyed without a despawn; forgetting them
[nebula] 0 entity object(s) were destroyed without a despawn; forgetting them
[nebula] 0 entity object(s) were destroyed without a despawn; forgetting them
[nebula] 0 entity object(s) were destroyed without a despawn; forgetting them
[nebula] 0 entity object(s) were destroyed without a despawn; forgetting them
[nebula] 0 entity object(s) were destroyed without a despawn; forgetting them
[nebula] 0 entity object(s) were destroyed without a despawn; forgetting them
[nebula] 0 entity object(s) were destroyed without a despawn; forgetting them
[nebula] 0 entity object(s) were destroyed without a despawn; forgetting them
[nebula] 0 entity object(s) were destroyed without a despawn; forgetting them
[nebula] 0 entity object(s) were destroyed without a despawn; forgetting them
[nebula] 0 entity object(s) were destroyed without a despawn; forgetting them
[nebula] 0 entity object(s) were destroyed without a despawn; forgetting them
[nebula] 0 entity object(s) were destroyed without a despawn; forgetting them
[nebula] 0 entity object(s) were destroyed without a despawn; forgetting them
[nebula] 0 entity object(s) were destroyed without a despawn; forgetting them
[nebula] 0 entity object(s) were destroyed without a despawn; forgetting them
[nebula] 0 entity object(s) were destroyed without a despawn; forgetting them
[nebula] 0 entity object(s) were destroyed without a despawn; forgetting them
[nebula] 0 entity object(s) were destroyed without a despawn; forgetting them
[nebula] 0 entity object(s) were destroyed without a despawn; forgetting them
[nebula] 0 entity object(s) were destroyed without a despawn; forgetting them
[nebula] 0 entity object(s) were destroyed without a despawn; forgetting them
[nebula] 0 entity object(s) were destroyed without a despawn; forgetting them
[nebula] 0 entity object(s) were destroyed without a despawn; forgetting them
[nebula] 0 entity object(s) were destroyed without a despawn; forgetting them
[nebula] 0 entity object(s) were destroyed without a despawn; forgetting them
[nebula] 0 entity object(s) were destroyed without a despawn; forgetting them
[nebula] 0 entity object(s) were destroyed without a despawn; forgetting them
[nebula] 0 entity object(s) were destroyed without a despawn; forgetting them
[nebula] 0 entity object(s) were destroyed without a despawn; forgetting them
[nebula] 0 entity object(s) were destroyed without a despawn; forgetting them
[nebula] 0 entity object(s) were destroyed without a despawn; forgetting them
[nebula] 0 entity object(s) were destroyed without a despawn; forgetting them
[nebula] 0 entity object(s) were destroyed without a despawn; forgetting them
[nebula] 0 entity object(s) were destroyed without a despawn; forgetting them
[nebula] 0 entity object(s) were destroyed without a despawn; forgetting them
[nebula] 0 entity object(s) were destroyed without a despawn; forgetting them
[nebula] 0 entity object(s) were destroyed without a despawn; forgetting them
[nebula] 0 entity object(s) were destroyed without a despawn; forgetting them
[nebula] 0 entity object(s) were destroyed without a despawn; forgetting them
[nebula] 0 entity object(s) were destroyed without a despawn; forgetting them
[nebula] 0 entity object(s) were destroyed without a despawn; forgetting them
[nebula] 0 entity object(s) were destroyed without a despawn; forgetting them
[nebula] 0 entity object(s) were destroyed without a despawn; forgetting them
[nebula] 0 entity object(s) were destroyed without a despawn; forgetting them
[nebula] 0 entity object(s) were destroyed without a despawn; forgetting them
[nebula] 0 entity object(s) were destroyed without a despawn; forgetting them
[nebula] 0 entity object(s) were destroyed without a despawn; forgetting them
[nebula] 0 entity object(s) were destroyed without a despawn; forgetting them
[nebula] 0 entity object(s) were destroyed without a despawn; forgetting them
[nebula] 0 entity object(s) were destroyed without a despawn; forgetting them
[nebula] 0 entity object(s) were destroyed without a despawn; forgetting them
[nebula] 0 entity object(s) were destroyed without a despawn; forgetting them
[nebula] 0 entity object(s) were destroyed without a despawn; forgetting them
[nebula] 0 entity object(s) were destroyed without a despawn; forgetting them
[nebula] 0 entity object(s) were destroyed without a despawn; forgetting them
[nebula] 0 entity object(s) were destroyed without a despawn; forgetting them
[nebula] 0 entity object(s) were destroyed without a despawn; forgetting them
[nebula] 0 entity object(s) were destroyed without a despawn; forgetting them
[nebula] 0 entity object(s) were destroyed without a despawn; forgetting them
[nebula] 0 entity object(s) were destroyed without a despawn; forgetting them
[nebula] 0 entity object(s) were destroyed without a despawn; forgetting them
[nebula] 0 entity object(s) were destroyed without a despawn; forgetting them
[nebula] 0 entity object(s) were destroyed without a despawn; forgetting them
[nebula] 0 entity object(s) were destroyed without a despawn; forgetting them
[nebula] 0 entity object(s) were destroyed without a despawn; forgetting them
[nebula] 0 entity object(s) were destroyed without a despawn; forgetting them
[nebula] 0 entity object(s) were destroyed without a despawn; forgetting them
[nebula] 0 entity object(s) were destroyed without a despawn; forgetting them
[nebula] 0 entity object(s) were destroyed without a despawn; forgetting them
[nebula] 0 entity object(s) were destroyed without a despawn; forgetting them
[nebula] 0 entity object(s) were destroyed without a despawn; forgetting them
[nebula] 0 entity object(s) were destroyed without a despawn; forgetting them
[nebula] 0 entity object(s) were destroyed without a despawn; forgetting them
[nebula] 0 entity object(s) were destroyed without a despawn; forgetting them
[nebula] 0 entity object(s) were destroyed without a despawn; forgetting them
[nebula] 0 entity object(s) were destroyed without a despawn; forgetting them
[nebula] 0 entity object(s) were destroyed without a despawn; forgetting them
[nebula] profile 300 ticks/5s 300 frames avg 0.7ms max 1.2ms dup 0 skip 0 gc 41 auth 33 ghosts 0 | poll=0.00 ghosts=0.00 physics.sync=0.00 simulate=0.01 poses=0.04 containers=0.52 band=0.02 publish=0.01 gap=15.92 interest=0.01
[nebula] 0 entity object(s) were destroyed without a despawn; forgetting them
[nebula] 0 entity object(s) were destroyed without a despawn; forgetting them
[nebula] 0 entity object(s) were destroyed without a despawn; forgetting them
[nebula] 0 entity object(s) were destroyed without a despawn; forgetting them
[nebula] 0 entity object(s) were destroyed without a despawn; forgetting them
[nebula] 0 entity object(s) were destroyed without a despawn; forgetting them
[nebula] 0 entity object(s) were destroyed without a despawn; forgetting them
[nebula] 0 entity object(s) were destroyed without a despawn; forgetting them
[nebula] 0 entity object(s) were destroyed without a despawn; forgetting them
[nebula] 0 entity object(s) were destroyed without a despawn; forgetting them
[nebula] 0 entity object(s) were destroyed without a despawn; forgetting them
[nebula] 0 entity object(s) were destroyed without a despawn; forgetting them
[nebula] 0 entity object(s) were destroyed without a despawn; forgetting them
[nebula] 0 entity object(s) were destroyed without a despawn; forgetting them
[nebula] 0 entity object(s) were destroyed without a despawn; forgetting them
[nebula] 0 entity object(s) were destroyed without a despawn; forgetting them
[nebula] 0 entity object(s) were destroyed without a despawn; forgetting them
[nebula] 0 entity object(s) were destroyed without a despawn; forgetting them
[nebula] 0 entity object(s) were destroyed without a despawn; forgetting them
[nebula] 0 entity object(s) were destroyed without a despawn; forgetting them
[nebula] 0 entity object(s) were destroyed without a despawn; forgetting them
[nebula] 0 entity object(s) were destroyed without a despawn; forgetting them
[nebula] 0 entity object(s) were destroyed without a despawn; forgetting them
[nebula] 0 entity object(s) were destroyed without a despawn; forgetting them
[nebula] 0 entity object(s) were destroyed without a despawn; forgetting them
[nebula] 0 entity object(s) were destroyed without a despawn; forgetting them
[nebula] 0 entity object(s) were destroyed without a despawn; forgetting them
[nebula] 0 entity object(s) were destroyed without a despawn; forgetting them
[nebula] 0 entity object(s) were destroyed without a despawn; forgetting them
[nebula] 0 entity object(s) were destroyed without a despawn; forgetting them
[nebula] 0 entity object(s) were destroyed without a despawn; forgetting them
[nebula] 0 entity object(s) were destroyed without a despawn; forgetting them
[nebula] 0 entity object(s) were destroyed without a despawn; forgetting them
[nebula] 0 entity object(s) were destroyed without a despawn; forgetting them
[nebula] 0 entity object(s) were destroyed without a despawn; forgetting them
[nebula] 0 entity object(s) were destroyed without a despawn; forgetting them
[nebula] 0 entity object(s) were destroyed without a despawn; forgetting them
[nebula] 0 entity object(s) were destroyed without a despawn; forgetting them
[nebula] 0 entity object(s) were destroyed without a despawn; forgetting them
[nebula] 0 entity object(s) were destroyed without a despawn; forgetting them
[nebula] 0 entity object(s) were destroyed without a despawn; forgetting them
[nebula] 0 entity object(s) were destroyed without a despawn; forgetting them
[nebula] 0 entity object(s) were destroyed without a despawn; forgetting them
[nebula] 0 entity object(s) were destroyed without a despawn; forgetting them
[nebula] 0 entity object(s) were destroyed without a despawn; forgetting them
[nebula] 0 entity object(s) were destroyed without a despawn; forgetting them
[nebula] 0 entity object(s) were destroyed without a despawn; forgetting them
[nebula] 0 entity object(s) were destroyed without a despawn; forgetting them
[nebula] 0 entity object(s) were destroyed without a despawn; forgetting them
[nebula] 0 entity object(s) were destroyed without a despawn; forgetting them
[nebula] 0 entity object(s) were destroyed without a despawn; forgetting them
[nebula] 0 entity object(s) were destroyed without a despawn; forgetting them
[nebula] 0 entity object(s) were destroyed without a despawn; forgetting them
[nebula] 0 entity object(s) were destroyed without a despawn; forgetting them
[nebula] 0 entity object(s) were destroyed without a despawn; forgetting them
[nebula] 0 entity object(s) were destroyed without a despawn; forgetting them
[nebula] 0 entity object(s) were destroyed without a despawn; forgetting them
[nebula] 0 entity object(s) were destroyed without a despawn; forgetting them
[nebula] 0 entity object(s) were destroyed without a despawn; forgetting them
[nebula] 0 entity object(s) were destroyed without a despawn; forgetting them
[nebula] 0 entity object(s) were destroyed without a despawn; forgetting them
[nebula] 0 entity object(s) were destroyed without a despawn; forgetting them
[nebula] 0 entity object(s) were destroyed without a despawn; forgetting them
[nebula] 0 entity object(s) were destroyed without a despawn; forgetting them
[nebula] 0 entity object(s) were destroyed without a despawn; forgetting them
[nebula] 0 entity object(s) were destroyed without a despawn; forgetting them
[nebula] 0 entity object(s) were destroyed without a despawn; forgetting them
[nebula] 0 entity object(s) were destroyed without a despawn; forgetting them
[nebula] 0 entity object(s) were destroyed without a despawn; forgetting them
[nebula] 0 entity object(s) were destroyed without a despawn; forgetting them
[nebula] 0 entity object(s) were destroyed without a despawn; forgetting them
[nebula] 0 entity object(s) were destroyed without a despawn; forgetting them
[nebula] 0 entity object(s) were destroyed without a despawn; forgetting them
[nebula] 0 entity object(s) were destroyed without a despawn; forgetting them
[nebula] 0 entity object(s) were destroyed without a despawn; forgetting them
[nebula] 0 entity object(s) were destroyed without a despawn; forgetting them
[nebula] 0 entity object(s) were destroyed without a despawn; forgetting them
[nebula] 0 entity object(s) were destroyed without a despawn; forgetting them
[nebula] 0 entity object(s) were destroyed without a despawn; forgetting them
[nebula] 0 entity object(s) were destroyed without a despawn; forgetting them
[nebula] 0 entity object(s) were destroyed without a despawn; forgetting them
[nebula] 0 entity object(s) were destroyed without a despawn; forgetting them
[nebula] 0 entity object(s) were destroyed without a despawn; forgetting them
[nebula] 0 entity object(s) were destroyed without a despawn; forgetting them
[nebula] 0 entity object(s) were destroyed without a despawn; forgetting them
[nebula] 0 entity object(s) were destroyed without a despawn; forgetting them
[nebula] 0 entity object(s) were destroyed without a despawn; forgetting them
[nebula] 0 entity object(s) were destroyed without a despawn; forgetting them
[nebula] 0 entity object(s) were destroyed without a despawn; forgetting them
[nebula] 0 entity object(s) were destroyed without a despawn; forgetting them
[nebula] 0 entity object(s) were destroyed without a despawn; forgetting them
[nebula] 0 entity object(s) were destroyed without a despawn; forgetting them
[nebula] 0 entity object(s) were destroyed without a despawn; forgetting them
[nebula] 0 entity object(s) were destroyed without a despawn; forgetting them
[nebula] 0 entity object(s) were destroyed without a despawn; forgetting them
[nebula] 0 entity object(s) were destroyed without a despawn; forgetting them
[nebula] 0 entity object(s) were destroyed without a despawn; forgetting them
[nebula] 0 entity object(s) were destroyed without a despawn; forgetting them
[nebula] 0 entity object(s) were destroyed without a despawn; forgetting them
[nebula] 0 entity object(s) were destroyed without a despawn; forgetting them
[nebula] 0 entity object(s) were destroyed without a despawn; forgetting them
[nebula] 0 entity object(s) were destroyed without a despawn; forgetting them
[nebula] 0 entity object(s) were destroyed without a despawn; forgetting them
[nebula] 0 entity object(s) were destroyed without a despawn; forgetting them
[nebula] 0 entity object(s) were destroyed without a despawn; forgetting them
[nebula] 0 entity object(s) were destroyed without a despawn; forgetting them
[nebula] 0 entity object(s) were destroyed without a despawn; forgetting them
[nebula] 0 entity object(s) were destroyed without a despawn; forgetting them
[nebula] 0 entity object(s) were destroyed without a despawn; forgetting them
[nebula] 0 entity object(s) were destroyed without a despawn; forgetting them
[nebula] 0 entity object(s) were destroyed without a despawn; forgetting them
[nebula] 0 entity object(s) were destroyed without a despawn; forgetting them
[nebula] 0 entity object(s) were destroyed without a despawn; forgetting them
[nebula] 0 entity object(s) were destroyed without a despawn; forgetting them
[nebula] 0 entity object(s) were destroyed without a despawn; forgetting them
[nebula] 0 entity object(s) were destroyed without a despawn; forgetting them
[nebula] 0 entity object(s) were destroyed without a despawn; forgetting them
[nebula] 0 entity object(s) were destroyed without a despawn; forgetting them
[nebula] 0 entity object(s) were destroyed without a despawn; forgetting them
[nebula] 0 entity object(s) were destroyed without a despawn; forgetting them
[nebula] 0 entity object(s) were destroyed without a despawn; forgetting them
[nebula] 0 entity object(s) were destroyed without a despawn; forgetting them
[nebula] 0 entity object(s) were destroyed without a despawn; forgetting them
[nebula] 0 entity object(s) were destroyed without a despawn; forgetting them
[nebula] 0 entity object(s) were destroyed without a despawn; forgetting them
[nebula] 0 entity object(s) were destroyed without a despawn; forgetting them
[nebula] 0 entity object(s) were destroyed without a despawn; forgetting them
[nebula] 0 entity object(s) were destroyed without a despawn; forgetting them
[nebula] 0 entity object(s) were destroyed without a despawn; forgetting them
[nebula] 0 entity object(s) were destroyed without a despawn; forgetting them
[nebula] 0 entity object(s) were destroyed without a despawn; forgetting them
[nebula] 0 entity object(s) were destroyed without a despawn; forgetting them
[nebula] 0 entity object(s) were destroyed without a despawn; forgetting them
[nebula] 0 entity object(s) were destroyed without a despawn; forgetting them
[nebula] 0 entity object(s) were destroyed without a despawn; forgetting them
[nebula] 0 entity object(s) were destroyed without a despawn; forgetting them
[nebula] 0 entity object(s) were destroyed without a despawn; forgetting them
[nebula] 0 entity object(s) were destroyed without a despawn; forgetting them
[nebula] 0 entity object(s) were destroyed without a despawn; forgetting them
[nebula] 0 entity object(s) were destroyed without a despawn; forgetting them
[nebula] 0 entity object(s) were destroyed without a despawn; forgetting them
[nebula] 0 entity object(s) were destroyed without a despawn; forgetting them
[nebula] 0 entity object(s) were destroyed without a despawn; forgetting them
[nebula] 0 entity object(s) were destroyed without a despawn; forgetting them
[nebula] 0 entity object(s) were destroyed without a despawn; forgetting them
[nebula] 0 entity object(s) were destroyed without a despawn; forgetting them
[nebula] 0 entity object(s) were destroyed without a despawn; forgetting them
[nebula] 0 entity object(s) were destroyed without a despawn; forgetting them
[nebula] 0 entity object(s) were destroyed without a despawn; forgetting them
[nebula] 0 entity object(s) were destroyed without a despawn; forgetting them
[nebula] 0 entity object(s) were destroyed without a despawn; forgetting them
[nebula] 0 entity object(s) were destroyed without a despawn; forgetting them
[nebula] 0 entity object(s) were destroyed without a despawn; forgetting them
[nebula] 0 entity object(s) were destroyed without a despawn; forgetting them
[nebula] 0 entity object(s) were destroyed without a despawn; forgetting them
[nebula] 0 entity object(s) were destroyed without a despawn; forgetting them
[nebula] 0 entity object(s) were destroyed without a despawn; forgetting them
[nebula] 0 entity object(s) were destroyed without a despawn; forgetting them
[nebula] 0 entity object(s) were destroyed without a despawn; forgetting them
[nebula] 0 entity object(s) were destroyed without a despawn; forgetting them
[nebula] 0 entity object(s) were destroyed without a despawn; forgetting them
[nebula] 0 entity object(s) were destroyed without a despawn; forgetting them
[nebula] 0 entity object(s) were destroyed without a despawn; forgetting them
[nebula] 0 entity object(s) were destroyed without a despawn; forgetting them
[nebula] 0 entity object(s) were destroyed without a despawn; forgetting them
[nebula] 0 entity object(s) were destroyed without a despawn; forgetting them
[nebula] 0 entity object(s) were destroyed without a despawn; forgetting them
[nebula] 0 entity object(s) were destroyed without a despawn; forgetting them
[nebula] 0 entity object(s) were destroyed without a despawn; forgetting them
[nebula] 0 entity object(s) were destroyed without a despawn; forgetting them
[nebula] 0 entity object(s) were destroyed without a despawn; forgetting them
[nebula] 0 entity object(s) were destroyed without a despawn; forgetting them
[nebula] 0 entity object(s) were destroyed without a despawn; forgetting them
[nebula] 0 entity object(s) were destroyed without a despawn; forgetting them
[nebula] 0 entity object(s) were destroyed without a despawn; forgetting them
[nebula] 0 entity object(s) were destroyed without a despawn; forgetting them
[nebula] 0 entity object(s) were destroyed without a despawn; forgetting them
[nebula] 0 entity object(s) were destroyed without a despawn; forgetting them
[nebula] 0 entity object(s) were destroyed without a despawn; forgetting them
[nebula] 0 entity object(s) were destroyed without a despawn; forgetting them
[nebula] 0 entity object(s) were destroyed without a despawn; forgetting them
[nebula] 0 entity object(s) were destroyed without a despawn; forgetting them
[nebula] 0 entity object(s) were destroyed without a despawn; forgetting them
[nebula] 0 entity object(s) were destroyed without a despawn; forgetting them
[nebula] 0 entity object(s) were destroyed without a despawn; forgetting them
[nebula] 0 entity object(s) were destroyed without a despawn; forgetting them
[nebula] 0 entity object(s) were destroyed without a despawn; forgetting them
[nebula] 0 entity object(s) were destroyed without a despawn; forgetting them
[nebula] 0 entity object(s) were destroyed without a despawn; forgetting them
[nebula] 0 entity object(s) were destroyed without a despawn; forgetting them
[nebula] 0 entity object(s) were destroyed without a despawn; forgetting them
[nebula] 0 entity object(s) were destroyed without a despawn; forgetting them
[nebula] 0 entity object(s) were destroyed without a despawn; forgetting them
[nebula] 0 entity object(s) were destroyed without a despawn; forgetting them
[nebula] 0 entity object(s) were destroyed without a despawn; forgetting them
[nebula] 0 entity object(s) were destroyed without a despawn; forgetting them
[nebula] 0 entity object(s) were destroyed without a despawn; forgetting them
[nebula] 0 entity object(s) were destroyed without a despawn; forgetting them
[nebula] 0 entity object(s) were destroyed without a despawn; forgetting them
[nebula] 0 entity object(s) were destroyed without a despawn; forgetting them
[nebula] 0 entity object(s) were destroyed without a despawn; forgetting them
[nebula] 0 entity object(s) were destroyed without a despawn; forgetting them
[nebula] 0 entity object(s) were destroyed without a despawn; forgetting them
[nebula] 0 entity object(s) were destroyed without a despawn; forgetting them
[nebula] 0 entity object(s) were destroyed without a despawn; forgetting them
[nebula] 0 entity object(s) were destroyed without a despawn; forgetting them
[nebula] 0 entity object(s) were destroyed without a despawn; forgetting them
[nebula] 0 entity object(s) were destroyed without a despawn; forgetting them
[nebula] 0 entity object(s) were destroyed without a despawn; forgetting them
[nebula] 0 entity object(s) were destroyed without a despawn; forgetting them
[nebula] 0 entity object(s) were destroyed without a despawn; forgetting them
[nebula] 0 entity object(s) were destroyed without a despawn; forgetting them
[nebula] 0 entity object(s) were destroyed without a despawn; forgetting them
[nebula] 0 entity object(s) were destroyed without a despawn; forgetting them
[nebula] 0 entity object(s) were destroyed without a despawn; forgetting them
[nebula] 0 entity object(s) were destroyed without a despawn; forgetting them
[nebula] 0 entity object(s) were destroyed without a despawn; forgetting them
[nebula] 0 entity object(s) were destroyed without a despawn; forgetting them
[nebula] 0 entity object(s) were destroyed without a despawn; forgetting them
[nebula] 0 entity object(s) were destroyed without a despawn; forgetting them
[nebula] 0 entity object(s) were destroyed without a despawn; forgetting them
[nebula] 0 entity object(s) were destroyed without a despawn; forgetting them
[nebula] 0 entity object(s) were destroyed without a despawn; forgetting them
[nebula] 0 entity object(s) were destroyed without a despawn; forgetting them
[nebula] 0 entity object(s) were destroyed without a despawn; forgetting them
[nebula] 0 entity object(s) were destroyed without a despawn; forgetting them
[nebula] 0 entity object(s) were destroyed without a despawn; forgetting them
[nebula] 0 entity object(s) were destroyed without a despawn; forgetting them
[nebula] 0 entity object(s) were destroyed without a despawn; forgetting them
[nebula] 0 entity object(s) were destroyed without a despawn; forgetting them
[nebula] 0 entity object(s) were destroyed without a despawn; forgetting them
[nebula] 0 entity object(s) were destroyed without a despawn; forgetting them
[nebula] 0 entity object(s) were destroyed without a despawn; forgetting them
[nebula] 0 entity object(s) were destroyed without a despawn; forgetting them
[nebula] 0 entity object(s) were destroyed without a despawn; forgetting them
[nebula] 0 entity object(s) were destroyed without a despawn; forgetting them
[nebula] 0 entity object(s) were destroyed without a despawn; forgetting them
[nebula] 0 entity object(s) were destroyed without a despawn; forgetting them
[nebula] 0 entity object(s) were destroyed without a despawn; forgetting them
[nebula] 0 entity object(s) were destroyed without a despawn; forgetting them
[nebula] 0 entity object(s) were destroyed without a despawn; forgetting them
[nebula] 0 entity object(s) were destroyed without a despawn; forgetting them
[nebula] 0 entity object(s) were destroyed without a despawn; forgetting them
[nebula] 0 entity object(s) were destroyed without a despawn; forgetting them
[nebula] 0 entity object(s) were destroyed without a despawn; forgetting them
[nebula] 0 entity object(s) were destroyed without a despawn; forgetting them
[nebula] 0 entity object(s) were destroyed without a despawn; forgetting them
[nebula] 0 entity object(s) were destroyed without a despawn; forgetting them
[nebula] 0 entity object(s) were destroyed without a despawn; forgetting them
[nebula] 0 entity object(s) were destroyed without a despawn; forgetting them
[nebula] 0 entity object(s) were destroyed without a despawn; forgetting them
[nebula] 0 entity object(s) were destroyed without a despawn; forgetting them
[nebula] 0 entity object(s) were destroyed without a despawn; forgetting them
[nebula] 0 entity object(s) were destroyed without a despawn; forgetting them
[nebula] 0 entity object(s) were destroyed without a despawn; forgetting them
[nebula] 0 entity object(s) were destroyed without a despawn; forgetting them
[nebula] 0 entity object(s) were destroyed without a despawn; forgetting them
[nebula] 0 entity object(s) were destroyed without a despawn; forgetting them
[nebula] 0 entity object(s) were destroyed without a despawn; forgetting them
[nebula] 0 entity object(s) were destroyed without a despawn; forgetting them
[nebula] 0 entity object(s) were destroyed without a despawn; forgetting them
[nebula] 0 entity object(s) were destroyed without a despawn; forgetting them
[nebula] 0 entity object(s) were destroyed without a despawn; forgetting them
[nebula] 0 entity object(s) were destroyed without a despawn; forgetting them
[nebula] 0 entity object(s) were destroyed without a despawn; forgetting them
[nebula] 0 entity object(s) were destroyed without a despawn; forgetting them
[nebula] 0 entity object(s) were destroyed without a despawn; forgetting them
[nebula] 0 entity object(s) were destroyed without a despawn; forgetting them
[nebula] 0 entity object(s) were destroyed without a despawn; forgetting them
[nebula] 0 entity object(s) were destroyed without a despawn; forgetting them
[nebula] 0 entity object(s) were destroyed without a despawn; forgetting them
[nebula] 0 entity object(s) were destroyed without a despawn; forgetting them
[nebula] 0 entity object(s) were destroyed without a despawn; forgetting them
[nebula] 0 entity object(s) were destroyed without a despawn; forgetting them
[nebula] 0 entity object(s) were destroyed without a despawn; forgetting them
[nebula] 0 entity object(s) were destroyed without a despawn; forgetting them
[nebula] 0 entity object(s) were destroyed without a despawn; forgetting them
[nebula] 0 entity object(s) were destroyed without a despawn; forgetting them
[nebula] 0 entity object(s) were destroyed without a despawn; forgetting them
[nebula] 0 entity object(s) were destroyed without a despawn; forgetting them
[nebula] 0 entity object(s) were destroyed without a despawn; forgetting them
[nebula] 0 entity object(s) were destroyed without a despawn; forgetting them
[nebula] 0 entity object(s) were destroyed without a despawn; forgetting them
[nebula] 0 entity object(s) were destroyed without a despawn; forgetting them
[nebula] 0 entity object(s) were destroyed without a despawn; forgetting them
[nebula] 0 entity object(s) were destroyed without a despawn; forgetting them
[nebula] 0 entity object(s) were destroyed without a despawn; forgetting them
[nebula] 0 entity object(s) were destroyed without a despawn; forgetting them
[nebula] 0 entity object(s) were destroyed without a despawn; forgetting them
[nebula] 0 entity object(s) were destroyed without a despawn; forgetting them
[nebula] 0 entity object(s) were destroyed without a despawn; forgetting them
[nebula] 0 entity object(s) were destroyed without a despawn; forgetting them
[nebula] 0 entity object(s) were destroyed without a despawn; forgetting them
[nebula] 0 entity object(s) were destroyed without a despawn; forgetting them
[nebula] 0 entity object(s) were destroyed without a despawn; forgetting them
[nebula] 0 entity object(s) were destroyed without a despawn; forgetting them
[nebula] 0 entity object(s) were destroyed without a despawn; forgetting them
[nebula] 0 entity object(s) were destroyed without a despawn; forgetting them
[nebula] 0 entity object(s) were destroyed without a despawn; forgetting them
[nebula] 0 entity object(s) were destroyed without a despawn; forgetting them
[nebula] profile 300 ticks/5s 300 frames avg 0.7ms max 1.2ms dup 0 skip 0 gc 40 auth 33 ghosts 0 | poll=0.00 ghosts=0.00 physics.sync=0.00 simulate=0.01 poses=0.04 containers=0.51 band=0.02 publish=0.01 gap=15.93 interest=0.01
[nebula] 0 entity object(s) were destroyed without a despawn; forgetting them
[nebula] 0 entity object(s) were destroyed without a despawn; forgetting them
[nebula] 0 entity object(s) were destroyed without a despawn; forgetting them
[nebula] 0 entity object(s) were destroyed without a despawn; forgetting them
[nebula] 0 entity object(s) were destroyed without a despawn; forgetting them
[nebula] 0 entity object(s) were destroyed without a despawn; forgetting them
[nebula] 0 entity object(s) were destroyed without a despawn; forgetting them
[nebula] 0 entity object(s) were destroyed without a despawn; forgetting them
[nebula] 0 entity object(s) were destroyed without a despawn; forgetting them
[nebula] ghost Prop(Clone)#1125899906842666(e2,rt_48378511622147,auth) -> w4
[nebula] handover IN  Prop(Clone)#1125899906842666(e2,rt_48378511622147,auth) <- w4 (epoch 2, tick 1365049645)
[nebula] ghost Prop(Clone)#1125899906842667(e2,rt_48378511622147,auth) -> w4
[nebula] handover IN  Prop(Clone)#1125899906842667(e2,rt_48378511622147,auth) <- w4 (epoch 2, tick 1365049645)
[nebula] ghost Prop(Clone)#1125899906842668(e2,rt_48378511622147,auth) -> w4
[nebula] handover IN  Prop(Clone)#1125899906842668(e2,rt_48378511622147,auth) <- w4 (epoch 2, tick 1365049645)
[nebula] ghost Prop(Clone)#1125899906842669(e2,rt_52776558133251,auth) -> w4
[nebula] handover IN  Prop(Clone)#1125899906842669(e2,rt_52776558133251,auth) <- w4 (epoch 2, tick 1365049645)
[nebula] ghost Prop(Clone)#1125899906842670(e2,rt_52776558133251,auth) -> w4
[nebula] handover IN  Prop(Clone)#1125899906842670(e2,rt_52776558133251,auth) <- w4 (epoch 2, tick 1365049645)
[nebula] ghost Prop(Clone)#1125899906842671(e2,rt_52776558133251,auth) -> w4
[nebula] handover IN  Prop(Clone)#1125899906842671(e2,rt_52776558133251,auth) <- w4 (epoch 2, tick 1365049645)
[nebula] ghost Prop(Clone)#1125899906842672(e2,rt_52776558133251,auth) -> w4
[nebula] handover IN  Prop(Clone)#1125899906842672(e2,rt_52776558133251,auth) <- w4 (epoch 2, tick 1365049645)
[nebula] ghost Prop(Clone)#281474976710666(e4,rt_9223367638808264707,auth) -> w1
[nebula] handover IN  Prop(Clone)#281474976710666(e4,rt_9223367638808264707,auth) <- w1 (epoch 4, tick 1365049645)
[nebula] 0 entity object(s) were destroyed without a despawn; forgetting them
[nebula] 0 entity object(s) were destroyed without a despawn; forgetting them
[nebula] 0 entity object(s) were destroyed without a despawn; forgetting them
[nebula] 0 entity object(s) were destroyed without a despawn; forgetting them
[nebula] 0 entity object(s) were destroyed without a despawn; forgetting them
[nebula] 0 entity object(s) were destroyed without a despawn; forgetting them
[nebula] 0 entity object(s) were destroyed without a despawn; forgetting them
[nebula] 0 entity object(s) were destroyed without a despawn; forgetting them
[nebula] 0 entity object(s) were destroyed without a despawn; forgetting them
[nebula] 0 entity object(s) were destroyed without a despawn; forgetting them
[nebula] 0 entity object(s) were destroyed without a despawn; forgetting them
[nebula] 0 entity object(s) were destroyed without a despawn; forgetting them
[nebula] 0 entity object(s) were destroyed without a despawn; forgetting them
[nebula] 0 entity object(s) were destroyed without a despawn; forgetting them
[nebula] 0 entity object(s) were destroyed without a despawn; forgetting them
[nebula] 0 entity object(s) were destroyed without a despawn; forgetting them
[nebula] 0 entity object(s) were destroyed without a despawn; forgetting them
[nebula] 0 entity object(s) were destroyed without a despawn; forgetting them
[nebula] 0 entity object(s) were destroyed without a despawn; forgetting them
[nebula] 0 entity object(s) were destroyed without a despawn; forgetting them
[nebula] 0 entity object(s) were destroyed without a despawn; forgetting them
[nebula] 0 entity object(s) were destroyed without a despawn; forgetting them
[nebula] 0 entity object(s) were destroyed without a despawn; forgetting them
[nebula] 0 entity object(s) were destroyed without a despawn; forgetting them
[nebula] 0 entity object(s) were destroyed without a despawn; forgetting them
[nebula] 0 entity object(s) were destroyed without a despawn; forgetting them
[nebula] 0 entity object(s) were destroyed without a despawn; forgetting them
[nebula] 0 entity object(s) were destroyed without a despawn; forgetting them
[nebula] 0 entity object(s) were destroyed without a despawn; forgetting them
[nebula] 0 entity object(s) were destroyed without a despawn; forgetting them
[nebula] 0 entity object(s) were destroyed without a despawn; forgetting them
[nebula] 0 entity object(s) were destroyed without a despawn; forgetting them
[nebula] 0 entity object(s) were destroyed without a despawn; forgetting them
[nebula] 0 entity object(s) were destroyed without a despawn; forgetting them
[nebula] 0 entity object(s) were destroyed without a despawn; forgetting them
[nebula] 0 entity object(s) were destroyed without a despawn; forgetting them
[nebula] 0 entity object(s) were destroyed without a despawn; forgetting them
[nebula] 0 entity object(s) were destroyed without a despawn; forgetting them
[nebula] 0 entity object(s) were destroyed without a despawn; forgetting them
[nebula] 0 entity object(s) were destroyed without a despawn; forgetting them
[nebula] 0 entity object(s) were destroyed without a despawn; forgetting them
[nebula] 0 entity object(s) were destroyed without a despawn; forgetting them
[nebula] 0 entity object(s) were destroyed without a despawn; forgetting them
[nebula] 0 entity object(s) were destroyed without a despawn; forgetting them
[nebula] 0 entity object(s) were destroyed without a despawn; forgetting them
[nebula] 0 entity object(s) were destroyed without a despawn; forgetting them
[nebula] 0 entity object(s) were destroyed without a despawn; forgetting them
[nebula] 0 entity object(s) were destroyed without a despawn; forgetting them
[nebula] 0 entity object(s) were destroyed without a despawn; forgetting them
[nebula] 0 entity object(s) were destroyed without a despawn; forgetting them
[nebula] 0 entity object(s) were destroyed without a despawn; forgetting them
[nebula] 0 entity object(s) were destroyed without a despawn; forgetting them
[nebula] 0 entity object(s) were destroyed without a despawn; forgetting them
[nebula] 0 entity object(s) were destroyed without a despawn; forgetting them
[nebula] 0 entity object(s) were destroyed without a despawn; forgetting them
[nebula] 0 entity object(s) were destroyed without a despawn; forgetting them
[nebula] 0 entity object(s) were destroyed without a despawn; forgetting them
[nebula] 0 entity object(s) were destroyed without a despawn; forgetting them
[nebula] 0 entity object(s) were destroyed without a despawn; forgetting them
[nebula] 0 entity object(s) were destroyed without a despawn; forgetting them
[nebula] 0 entity object(s) were destroyed without a despawn; forgetting them
[nebula] 0 entity object(s) were destroyed without a despawn; forgetting them
[nebula] 0 entity object(s) were destroyed without a despawn; forgetting them
[nebula] 0 entity object(s) were destroyed without a despawn; forgetting them
[nebula] 0 entity object(s) were destroyed without a despawn; forgetting them
[nebula] 0 entity object(s) were destroyed without a despawn; forgetting them
[nebula] 0 entity object(s) were destroyed without a despawn; forgetting them
[nebula] 0 entity object(s) were destroyed without a despawn; forgetting them
[nebula] 0 entity object(s) were destroyed without a despawn; forgetting them
[nebula] 0 entity object(s) were destroyed without a despawn; forgetting them
[nebula] 0 entity object(s) were destroyed without a despawn; forgetting them
[nebula] 0 entity object(s) were destroyed without a despawn; forgetting them
[nebula] 0 entity object(s) were destroyed without a despawn; forgetting them
[nebula] 0 entity object(s) were destroyed without a despawn; forgetting them
[nebula] 0 entity object(s) were destroyed without a despawn; forgetting them
[nebula] 0 entity object(s) were destroyed without a despawn; forgetting them
[nebula] 0 entity object(s) were destroyed without a despawn; forgetting them
[nebula] 0 entity object(s) were destroyed without a despawn; forgetting them
[nebula] 0 entity object(s) were destroyed without a despawn; forgetting them
[nebula] 0 entity object(s) were destroyed without a despawn; forgetting them
[nebula] 0 entity object(s) were destroyed without a despawn; forgetting them
[nebula] 0 entity object(s) were destroyed without a despawn; forgetting them
[nebula] 0 entity object(s) were destroyed without a despawn; forgetting them
[nebula] 0 entity object(s) were destroyed without a despawn; forgetting them
[nebula] 0 entity object(s) were destroyed without a despawn; forgetting them
[nebula] 0 entity object(s) were destroyed without a despawn; forgetting them
[nebula] 0 entity object(s) were destroyed without a despawn; forgetting them
[nebula] 0 entity object(s) were destroyed without a despawn; forgetting them
[nebula] 0 entity object(s) were destroyed without a despawn; forgetting them
[nebula] 0 entity object(s) were destroyed without a despawn; forgetting them
[nebula] 0 entity object(s) were destroyed without a despawn; forgetting them
[nebula] 0 entity object(s) were destroyed without a despawn; forgetting them
[nebula] 0 entity object(s) were destroyed without a despawn; forgetting them
[nebula] 0 entity object(s) were destroyed without a despawn; forgetting them
[nebula] 0 entity object(s) were destroyed without a despawn; forgetting them
[nebula] 0 entity object(s) were destroyed without a despawn; forgetting them
[nebula] 0 entity object(s) were destroyed without a despawn; forgetting them
[nebula] 0 entity object(s) were destroyed without a despawn; forgetting them
[nebula] 0 entity object(s) were destroyed without a despawn; forgetting them
[nebula] 0 entity object(s) were destroyed without a despawn; forgetting them
[nebula] 0 entity object(s) were destroyed without a despawn; forgetting them
[nebula] 0 entity object(s) were destroyed without a despawn; forgetting them
[nebula] 0 entity object(s) were destroyed without a despawn; forgetting them
[nebula] 0 entity object(s) were destroyed without a despawn; forgetting them
[nebula] 0 entity object(s) were destroyed without a despawn; forgetting them
[nebula] 0 entity object(s) were destroyed without a despawn; forgetting them
[nebula] 0 entity object(s) were destroyed without a despawn; forgetting them
[nebula] 0 entity object(s) were destroyed without a despawn; forgetting them
[nebula] 0 entity object(s) were destroyed without a despawn; forgetting them
[nebula] 0 entity object(s) were destroyed without a despawn; forgetting them
[nebula] 0 entity object(s) were destroyed without a despawn; forgetting them
[nebula] 0 entity object(s) were destroyed without a despawn; forgetting them
[nebula] 0 entity object(s) were destroyed without a despawn; forgetting them
[nebula] 0 entity object(s) were destroyed without a despawn; forgetting them
[nebula] 0 entity object(s) were destroyed without a despawn; forgetting them
[nebula] 0 entity object(s) were destroyed without a despawn; forgetting them
[nebula] 0 entity object(s) were destroyed without a despawn; forgetting them
[nebula] 0 entity object(s) were destroyed without a despawn; forgetting them
[nebula] 0 entity object(s) were destroyed without a despawn; forgetting them
[nebula] 0 entity object(s) were destroyed without a despawn; forgetting them
[nebula] 0 entity object(s) were destroyed without a despawn; forgetting them
[nebula] 0 entity object(s) were destroyed without a despawn; forgetting them
[nebula] 0 entity object(s) were destroyed without a despawn; forgetting them
[nebula] 0 entity object(s) were destroyed without a despawn; forgetting them
[nebula] 0 entity object(s) were destroyed without a despawn; forgetting them
[nebula] 0 entity object(s) were destroyed without a despawn; forgetting them
[nebula] 0 entity object(s) were destroyed without a despawn; forgetting them
[nebula] 0 entity object(s) were destroyed without a despawn; forgetting them
[nebula] 0 entity object(s) were destroyed without a despawn; forgetting them
[nebula] 0 entity object(s) were destroyed without a despawn; forgetting them
[nebula] 0 entity object(s) were destroyed without a despawn; forgetting them
[nebula] 0 entity object(s) were destroyed without a despawn; forgetting them
[nebula] 0 entity object(s) were destroyed without a despawn; forgetting them
[nebula] 0 entity object(s) were destroyed without a despawn; forgetting them
[nebula] 0 entity object(s) were destroyed without a despawn; forgetting them
[nebula] 0 entity object(s) were destroyed without a despawn; forgetting them
[nebula] 0 entity object(s) were destroyed without a despawn; forgetting them
[nebula] 0 entity object(s) were destroyed without a despawn; forgetting them
[nebula] 0 entity object(s) were destroyed without a despawn; forgetting them
[nebula] 0 entity object(s) were destroyed without a despawn; forgetting them
[nebula] 0 entity object(s) were destroyed without a despawn; forgetting them
[nebula] 0 entity object(s) were destroyed without a despawn; forgetting them
[nebula] 0 entity object(s) were destroyed without a despawn; forgetting them
[nebula] 0 entity object(s) were destroyed without a despawn; forgetting them
[nebula] 0 entity object(s) were destroyed without a despawn; forgetting them
[nebula] 0 entity object(s) were destroyed without a despawn; forgetting them
[nebula] 0 entity object(s) were destroyed without a despawn; forgetting them
[nebula] 0 entity object(s) were destroyed without a despawn; forgetting them
[nebula] 0 entity object(s) were destroyed without a despawn; forgetting them
[nebula] 0 entity object(s) were destroyed without a despawn; forgetting them
[nebula] 0 entity object(s) were destroyed without a despawn; forgetting them
[nebula] 0 entity object(s) were destroyed without a despawn; forgetting them
[nebula] 0 entity object(s) were destroyed without a despawn; forgetting them
[nebula] 0 entity object(s) were destroyed without a despawn; forgetting them
[nebula] 0 entity object(s) were destroyed without a despawn; forgetting them
[nebula] 0 entity object(s) were destroyed without a despawn; forgetting them
[nebula] 0 entity object(s) were destroyed without a despawn; forgetting them
[nebula] 0 entity object(s) were destroyed without a despawn; forgetting them
[nebula] 0 entity object(s) were destroyed without a despawn; forgetting them
[nebula] 0 entity object(s) were destroyed without a despawn; forgetting them
[nebula] 0 entity object(s) were destroyed without a despawn; forgetting them
[nebula] 0 entity object(s) were destroyed without a despawn; forgetting them
[nebula] 0 entity object(s) were destroyed without a despawn; forgetting them
[nebula] 0 entity object(s) were destroyed without a despawn; forgetting them
[nebula] 0 entity object(s) were destroyed without a despawn; forgetting them
[nebula] 0 entity object(s) were destroyed without a despawn; forgetting them
[nebula] 0 entity object(s) were destroyed without a despawn; forgetting them
[nebula] 0 entity object(s) were destroyed without a despawn; forgetting them
[nebula] 0 entity object(s) were destroyed without a despawn; forgetting them
[nebula] 0 entity object(s) were destroyed without a despawn; forgetting them
[nebula] control plane: reading http://127.0.0.1:7180 failed: An error occurred while sending the request; mesh keeps running on its last known topology
[nebula] 0 entity object(s) were destroyed without a despawn; forgetting them
[nebula] 0 entity object(s) were destroyed without a despawn; forgetting them
